0.000144975,0.000172426,0.000194097,0.000214347,0.00022539,0.000222072,0.000223399,0.0002454,0.000256328,0.000231917,0.000175755,0.000130466
0.000201026,0.000163286,0.000178398,0.000160201,0.000212501,0.000211364,0.000206505,0.000254793,0.00021366,0.000189936,0.000170156,0.000181693
8.72299e-05,0.000121885,0.000127124,7.99238e-05,8.14526e-05,7.62801e-05,9.65132e-05,0.000109492,0.000162936,0.000130276,0.00013789,7.04449e-05
0.000121145,0.000141867,7.37635e-05,0.00011888,9.1251e-05,0.0001124,0.000127436,0.00016388,0.000174744,7.47318e-05,0.000114208,0.000150507
5.07998e-05,0.000135533,0.000110096,9.1084e-05,0.000100421,0.000134176,0.000138185,0.000132209,0.000163665,0.000143508,0.0001405,0.000116314
0.000109389,0.000138307,0.000139605,9.21463e-05,8.66053e-05,0.000131845,9.84568e-05,9.69742e-05,0.000104098,0.000100965,0.000109796,0.00011354
9.75059e-05,0.000102216,0.000107855,0.000137136,6.76374e-05,9.15881e-05,8.29671e-05,0.000119171,9.6293e-05,7.71764e-05,0.000131379,0.00011811
0.000108018,0.000122347,9.55838e-05,7.18726e-05,9.73291e-05,0.000121719,0.000114192,0.000116998,0.000122199,0.000108883,8.63321e-05,0.000106811
9.45517e-05,7.33836e-05,0.000107798,0.000117025,0.000125287,0.000134913,0.000139151,0.000117796,9.38423e-05,8.90113e-05,8.56452e-05,9.94511e-05
0.000102671,7.86441e-05,8.74236e-05,8.90046e-05,7.71175e-05,5.79544e-05,9.25756e-05,9.07192e-05,8.97184e-05,9.30348e-05,7.00859e-05,7.09757e-05
0.000109384,0.000101736,8.72147e-05,8.93984e-05,6.80148e-05,8.6623e-05,9.35636e-05,0.000112707,0.000112113,9.99562e-05,6.81829e-05,9.65788e-05
8.66331e-05,0.000114591,0.000124058,7.67354e-05,8.71168e-05,0.000113354,0.000133457,0.000181593,0.000165375,0.000113967,0.000120785,0.000108035
0.000159455,0.000125905,0.000125265,0.000119333,9.74783e-05,9.06802e-05,0.0001038,0.000131976,0.000112083,0.000149628,0.000155993,0.000159561
0.000151798,0.000116683,5.60583e-05,6.34373e-05,0.000128648,0.000111171,9.32716e-05,0.000103127,9.48058e-05,0.000100014,0.000107249,0.000112245
0.000130074,9.0063e-05,7.00842e-05,0.000107834,0.000165342,0.000132633,6.76655e-05,9.53856e-05,8.82567e-05,0.000103052,9.37488e-05,9.59903e-05
0.000132924,0.00011195,0.000115122,0.000148181,0.000163332,0.000177576,0.000142328,0.000107828,8.01565e-05,0.00014674,0.000212008,0.000156943
0.000266218,0.000468409,0.000451988,0.000252166,0.000252683,0.000285386,0.000358378,0.000651019,0.000541402,0.000530266,0.00074621,0.000538243
0.000327033,0.000499304,0.000771107,0.000391072,0.000495096,0.000714493,0.000838179,0.00110422,0.000642217,0.000847439,0.00100377,0.000590095
0.000316921,0.000254683,0.000463328,0.00025215,0.0003539,0.000485235,0.000788854,0.00148949,0.000729698,0.000839965,0.00146362,0.00113847
9.61513e-05,0.000314324,0.000648731,0.000483285,0.000267573,0.000516811,0.000896967,0.00188671,0.00100976,0.000751639,0.00181069,0.000924334
0.00049074,0.000582609,0.00112702,0.000679728,0.000404341,0.00052781,0.00103483,0.00265388,0.00180213,0.00179048,0.00407554,0.00277456
0.000346601,0.000639563,0.00115028,0.000643844,0.000387726,0.000373949,0.00284694,0.0053812,0.00329566,0.00121857,0.0020858,0.00139276
0.000550602,0.000336597,0.000780384,0.000662395,0.000339741,0.000743874,0.00439123,0.008424,0.00524286,0.00268028,0.00453448,0.00182569
0.000394025,0.00101313,0.00234343,0.00141699,0.000438026,0.000655843,0.00381259,0.00864428,0.00607223,0.00177012,0.00213136,0.00106492
0.000488198,0.000965903,0.00252671,0.00142505,0.000371903,0.000809386,0.00360698,0.00762537,0.00464263,0.00109114,0.00140067,0.00111514
0.000259511,0.000792688,0.0021205,0.00131498,0.000564361,0.000887667,0.00386776,0.0057404,0.00284963,0.000552138,0.000592226,0.00039967
0.000325614,0.000548256,0.00105183,0.000571188,0.000363285,0.000695712,0.00247458,0.00504615,0.00304544,0.00117354,0.001072,0.000636783
0.000371978,0.00058826,0.001198,0.000652667,0.000276606,0.000482236,0.00296184,0.00578635,0.00320488,0.000999637,0.000840265,0.000531403
0.000280148,0.000522914,0.0010774,0.000568702,0.000307385,0.000375008,0.00225019,0.00483254,0.00293793,0.000651598,0.000799017,0.000606259
0.000485781,0.000446983,0.000735525,0.000427398,0.000267534,0.000537217,0.00163715,0.00370166,0.00202944,0.000530059,0.00068643,0.000860592
0.000411364,0.000539307,0.00112809,0.000673842,0.000346195,0.000376223,0.00219178,0.00394039,0.00170404,0.000901185,0.000862437,0.000877696
0.000558109,0.000839294,0.00125421,0.000801417,0.000599867,0.000891713,0.00220622,0.00325436,0.00302075,0.00400033,0.00248831,0.000847446
0.000615017,0.00107588,0.00182779,0.000817532,0.000567174,0.000669915,0.00151421,0.00276729,0.00257835,0.00423402,0.00254564,0.000659471
0.000685615,0.00212329,0.0031037,0.0017468,0.000907402,0.000774971,0.00145089,0.00222507,0.00201796,0.00289365,0.00176233,0.000319521
0.000944809,0.00247853,0.00448823,0.0023554,0.000946706,0.00126216,0.00232227,0.00223061,0.00137934,0.00281608,0.00161962,0.000873267
0.000913938,0.00227791,0.00532606,0.00315503,0.000568173,0.00146025,0.00288573,0.00200031,0.00335673,0.00611823,0.00224686,0.000861623
0.000621193,0.00288335,0.00697671,0.00378252,0.00074781,0.00103277,0.00260521,0.00204558,0.00152784,0.00319683,0.00229618,0.000758593
0.000722169,0.00394031,0.00801695,0.0040479,0.000738043,0.00105,0.002861,0.00240491,0.0018605,0.00333573,0.00221462,0.000921821
0.000473357,0.00333475,0.00773254,0.00383836,0.000625777,0.000773804,0.00202881,0.00145787,0.00173603,0.0032693,0.001905,0.000623726
0.000747774,0.00321282,0.00766045,0.00410975,0.000813627,0.00078493,0.00128564,0.00104682,0.00289373,0.00632481,0.00349208,0.000603795
0.000486633,0.00230555,0.00601834,0.00353119,0.000511061,0.000636971,0.000908462,0.00124225,0.00164936,0.00255015,0.00171931,0.000449209
0.000407406,0.00188052,0.00453293,0.00274483,0.000656399,0.000756907,0.00157494,0.00113601,0.00166633,0.00277048,0.00169479,0.000357339
0.000471273,0.00204817,0.00406699,0.00239985,0.000469866,0.00069712,0.00110503,0.000669868,0.000951701,0.00164104,0.00125068,0.000528442
0.000633792,0.00182391,0.00332849,0.00178887,0.000555601,0.000513429,0.000874717,0.00069575,0.000956955,0.00118035,0.000375692,0.000477071
0.000515406,0.00160715,0.00323316,0.00178599,0.000713045,0.000674843,0.000950888,0.000757212,0.000481962,0.000994665,0.000713526,0.000472488
0.000462424,0.00155651,0.0030659,0.00169978,0.000786259,0.000780796,0.000814949,0.000630182,0.000706521,0.00122996,0.000869913,0.000505668
0.000395209,0.00116497,0.00258833,0.00167193,0.000601686,0.000510084,0.00064474,0.00058944,0.000731768,0.00132909,0.000636835,0.000295412
0.000256569,0.000895702,0.00210586,0.00165235,0.000714624,0.000390419,0.000734782,0.000531389,0.000936242,0.00165439,0.000876736,0.000236333
0.00022141,0.000742098,0.00182012,0.00140445,0.000806122,0.000688447,0.000673163,0.000388367,0.00106924,0.00226378,0.00130418,0.000329341
0.000252352,0.000848291,0.00185341,0.00101135,0.00066018,0.000686801,0.000563307,0.000471023,0.000626621,0.00145015,0.000881283,0.000275574
0.000192335,0.000739031,0.00167527,0.00103764,0.00059911,0.000502478,0.000323873,0.000189934,0.000293324,0.000502928,0.00039557,0.000194909
0.000250801,0.000712985,0.00130039,0.0008288,0.000561581,0.000469662,0.000361908,0.000153269,0.000219932,0.000400387,0.000289683,0.000185214
0.000272505,0.00063044,0.00110447,0.000583925,0.000400786,0.000544321,0.000389211,0.000169247,0.000250749,0.000512206,0.000373701,0.000196427
0.000243065,0.000496493,0.000850944,0.000559063,0.000387295,0.000299514,0.000266257,0.000250127,0.000259573,0.000305523,0.000208933,0.000226447
0.000262171,0.000415683,0.000859707,0.000535788,0.000294724,0.000196879,0.000217228,0.000273326,0.000284001,0.000308461,0.000297333,0.000221475
0.000237761,0.000363111,0.000744636,0.000487104,0.000236426,0.000213792,0.000170198,0.000169928,0.000273466,0.000318666,0.000218173,0.000250795
0.000161288,0.000333674,0.000665732,0.000500807,0.000226726,0.000239487,0.000308585,0.000330985,0.000381483,0.000377252,0.000252566,0.000201486
0.000191971,0.000359618,0.000542049,0.000303772,0.000326049,0.00032591,0.00029274,0.000326967,0.000305731,0.000411087,0.000419072,0.000187243
0.000412033,0.00044422,0.000689767,0.000580633,0.000380718,0.00031073,0.000624367,0.000900167,0.000986416,0.000757082,0.000409511,0.000471906
0.00137477,0.000778209,0.00160046,0.00106776,0.000617846,0.00112693,0.00121176,0.00176024,0.0010073,0.00197787,0.0049466,0.00386131
0.000834605,0.00153936,0.00328049,0.00170441,0.000664054,0.0016698,0.00191589,0.00237381,0.00137184,0.0011222,0.00326388,0.00314104
0.000864495,0.00203701,0.00421174,0.0023016,0.000620817,0.000920378,0.00209951,0.00469245,0.00290446,0.00358868,0.00795374,0.00428527
0.00119412,0.00226943,0.00434041,0.00243603,0.00081351,0.00215252,0.00335457,0.00630667,0.00454839,0.00232971,0.00593306,0.00415474
0.000788896,0.00167643,0.00326327,0.00182302,0.00135529,0.00283417,0.00434426,0.0102378,0.00717036,0.00414798,0.00657842,0.00271627
0.00127981,0.00231132,0.00383625,0.00218967,0.00108047,0.00226885,0.00620266,0.0153947,0.0101428,0.00466486,0.00544696,0.00286352
0.00146254,0.0021484,0.00538915,0.00306932,0.00119405,0.00218671,0.0090788,0.0191159,0.0115641,0.00293191,0.00377001,0.00368451
0.00109843,0.00162165,0.00302591,0.00167446,0.000857751,0.00237435,0.00965908,0.0200072,0.0126441,0.00312705,0.00247654,0.00210039
0.000873874,0.000986278,0.00259968,0.00150443,0.000661864,0.00207321,0.00784123,0.0159737,0.0111329,0.00373388,0.00328504,0.00265629
0.000699603,0.0015727,0.0038482,0.0021379,0.000894909,0.00206882,0.00704474,0.012321,0.00779035,0.00318872,0.00345603,0.0023823
0.000517038,0.0015297,0.00355394,0.00205955,0.000756683,0.00177857,0.00586385,0.00834519,0.0027642,0.00172749,0.00209551,0.0016988
0.000797734,0.000849743,0.00212352,0.00144153,0.000671543,0.00159434,0.00457061,0.00727713,0.00420115,0.0015591,0.00157705,0.00116823
0.000520238,0.00127045,0.00297666,0.00198714,0.000819307,0.00125866,0.00474318,0.00702216,0.00287763,0.0011747,0.0016424,0.00150583
0.000665505,0.00165359,0.0037524,0.00222902,0.000651738,0.000771299,0.00389436,0.00608802,0.00278676,0.000824383,0.00064258,0.00101738
0.00117272,0.00203454,0.0036839,0.002319,0.00121421,0.00127275,0.00372355,0.00551261,0.00211393,0.00221847,0.00195351,0.000866033
0.00118223,0.0019711,0.00294945,0.00169358,0.000791499,0.00102915,0.00480274,0.00620608,0.00313118,0.00397601,0.00291704,0.00114984
0.00182051,0.00274473,0.00366494,0.00225003,0.00134878,0.00200006,0.0047318,0.00555236,0.00456044,0.00682791,0.00393912,0.00115643
0.000577424,0.00269401,0.00518186,0.00338395,0.00127014,0.00149048,0.00475483,0.00501688,0.00589824,0.00995929,0.00588844,0.00114779
0.00149202,0.00372398,0.00739312,0.00487997,0.00187894,0.00135406,0.00352367,0.00528842,0.00418867,0.00603551,0.00326241,0.00147279
0.000652899,0.0044273,0.00952103,0.00567056,0.00188228,0.00123685,0.00350799,0.00433406,0.00546155,0.0102489,0.00518379,0.0008729
0.0012338,0.00617152,0.0118495,0.00643842,0.00132225,0.0014894,0.00346931,0.00358856,0.00350442,0.00731375,0.00484593,0.000818835
0.00129891,0.00540822,0.0109866,0.006603,0.00185974,0.00201386,0.00430647,0.00324404,0.00308902,0.00800536,0.00505889,0.00090986
0.000914644,0.00448212,0.00949277,0.00519864,0.000924725,0.00185186,0.00390274,0.00299554,0.00331742,0.00722372,0.00450721,0.00125681
0.000705195,0.00489088,0.00889307,0.00448927,0.00104783,0.000957546,0.00250474,0.00236732,0.00251694,0.00411051,0.00239871,0.000449741
0.000642811,0.00383097,0.00696791,0.00318807,0.000949469,0.0009495,0.00291918,0.00309257,0.00172341,0.00170821,0.000914162,0.000470045
0.00116342,0.00393377,0.00649666,0.00338933,0.000886936,0.000754442,0.00167127,0.00188037,0.00256418,0.00467736,0.002356,0.000594004
0.000557903,0.00274341,0.00541647,0.00288565,0.00067235,0.00086693,0.00205389,0.00174543,0.00253208,0.0051963,0.00272767,0.000605594
0.000604417,0.00232073,0.0042154,0.0025048,0.0007722,0.000807245,0.00184719,0.00173438,0.00156759,0.00268176,0.00166567,0.000573727
0.00117892,0.0017936,0.00285601,0.00188651,0.000800367,0.000902001,0.00179234,0.00130462,0.000804217,0.00178575,0.00127487,0.00117543
0.000691352,0.000986337,0.00158802,0.00114468,0.000656997,0.000955495,0.00166261,0.00104579,0.0010049,0.001435,0.000457907,0.000434281
0.000624259,0.000969032,0.00158605,0.00103861,0.000524537,0.000364031,0.000927498,0.00074849,0.000415101,0.000772826,0.000549022,0.000410843
0.000648354,0.000971616,0.00150441,0.000990941,0.000549716,0.00045952,0.00101991,0.000890693,0.00103921,0.00188581,0.000916359,0.000581797
0.000267491,0.00081914,0.00153333,0.00108539,0.000463594,0.000465269,0.000923491,0.000795059,0.00085414,0.00118643,0.000721724,0.000507442
0.000382917,0.000881587,0.00211257,0.00141938,0.000531374,0.000436508,0.000439608,0.000704233,0.00110473,0.00153596,0.00105457,0.000496917
0.000277622,0.00093535,0.00198201,0.00129149,0.000549618,0.000378155,0.000695739,0.000839978,0.000766944,0.00145081,0.000812541,0.000210043
0.000387601,0.000831355,0.00202154,0.00125471,0.000331392,0.000250636,0.000544761,0.000542605,0.000610203,0.00117651,0.000752147,0.000374897
0.000312738,0.000766079,0.001728,0.00106352,0.000179778,0.000253841,0.00043762,0.000796497,0.000653049,0.000674848,0.000362769,0.000259613
0.000175597,0.000591913,0.00136513,0.000754842,0.000183869,0.000207441,0.000552941,0.000618005,0.000667558,0.00101083,0.000539066,0.000267251
0.000267027,0.000582323,0.00119449,0.00073916,0.000205488,0.000248777,0.000381818,0.000591267,0.000450621,0.000993441,0.000605945,0.000201068
0.000194655,0.000381085,0.000680636,0.000502562,0.000241645,0.000213035,0.000360295,0.000356076,0.000315588,0.000681835,0.000456456,0.000184257
9.68718e-05,0.000280058,0.000514286,0.000313294,0.00022313,0.000263417,0.000291143,0.000265645,0.000304833,0.000558781,0.000312104,0.000148582
0.000640111,0.000505916,0.00036295,0.000303191,0.000174376,0.000334777,0.00055143,0.000424056,0.00028426,0.000349829,0.000284426,0.00039778
0.00174557,0.00112659,0.000848076,0.0005643,0.000529312,0.000953523,0.00172729,0.00075709,0.000579872,0.000526793,0.000595809,0.00137939
0.00304128,0.00325444,0.00260232,0.00151757,0.000790893,0.00168556,0.002805,0.00147992,0.00115074,0.000818022,0.000962196,0.00121526
0.00448768,0.00556042,0.00616856,0.00302459,0.00115239,0.00146023,0.00303362,0.00250992,0.00145599,0.00377389,0.00319955,0.00171956
0.00598634,0.00805064,0.00820679,0.00396285,0.00159561,0.00178858,0.00373752,0.00274106,0.00199691,0.00450215,0.00366477,0.00278216
0.00797633,0.00716519,0.00734858,0.00352457,0.00124026,0.00236643,0.00450346,0.00292332,0.00273759,0.00476398,0.00346105,0.00368417
0.00726567,0.00979098,0.010165,0.00478641,0.00107729,0.00313824,0.00747965,0.00478531,0.00518154,0.0102323,0.00658264,0.00287509
0.00867907,0.00916072,0.00842065,0.00436848,0.00167293,0.00362682,0.00654783,0.00511849,0.00395653,0.00572328,0.00491878,0.00357383
0.00534277,0.00766278,0.0101159,0.00471015,0.00218645,0.0045757,0.00848844,0.00462836,0.00296633,0.0072453,0.00863199,0.00352023
0.00569207,0.00799082,0.0110428,0.00523524,0.00159961,0.00315652,0.00484607,0.00332316,0.00245387,0.00352795,0.0057675,0.00389954
0.00376483,0.00526785,0.0141775,0.00907398,0.0015703,0.00233456,0.00361831,0.00228752,0.00188965,0.0027146,0.00538267,0.0047288
0.0019842,0.00636671,0.0164503,0.0109437,0.00211052,0.00200959,0.00307135,0.00175268,0.00167927,0.00383328,0.00540814,0.00405386
0.00667394,0.00584221,0.0106851,0.00701009,0.000949448,0.00222125,0.00381138,0.00267912,0.00116346,0.00330685,0.00316222,0.00273576
0.00556307,0.00632346,0.00737616,0.00484695,0.00118863,0.00279814,0.00410465,0.00231838,0.0020502,0.00523856,0.00601224,0.00469682
0.0027674,0.00370509,0.00872656,0.00521009,0.000996387,0.00235618,0.00388531,0.00215955,0.00133948,0.00355213,0.00414555,0.00176507
0.00228481,0.00277679,0.00578152,0.00467918,0.00133594,0.00183872,0.00365085,0.00233305,0.00098713,0.00134245,0.00166506,0.00131581
0.00228541,0.00406549,0.0073614,0.00541685,0.00142826,0.00187307,0.00310455,0.00165515,0.00154842,0.00231765,0.00341548,0.00273063
0.00238192,0.00568089,0.0085674,0.00492138,0.0026066,0.00258623,0.00323248,0.00195763,0.00284456,0.00476677,0.00381393,0.00148797
0.00269791,0.00387054,0.00749134,0.00648201,0.00209324,0.0014565,0.00247584,0.0017729,0.00298133,0.0058998,0.00431904,0.00200764
0.00680317,0.00776167,0.0129058,0.0132337,0.00536399,0.00184033,0.00287707,0.00205816,0.0031069,0.00542739,0.00435107,0.00372744
0.0100083,0.0111392,0.0146924,0.0116759,0.00337985,0.00162403,0.00257047,0.00172424,0.00193983,0.00372601,0.00486133,0.00455106
0.002044,0.00797174,0.013471,0.0104396,0.0031129,0.00112518,0.00308613,0.00253019,0.00224315,0.00254676,0.00184061,0.00135989
0.00520584,0.0075452,0.010601,0.00832875,0.00274223,0.00184629,0.0034476,0.00159835,0.00188687,0.00308467,0.00255129,0.00176866
0.0031304,0.00581947,0.00934497,0.00768249,0.00263809,0.00201215,0.00383864,0.00232909,0.00191623,0.00354772,0.00337028,0.00203223
0.00394375,0.00577552,0.00856574,0.00710981,0.00225351,0.00191423,0.00390902,0.00228968,0.000918229,0.00207028,0.00234367,0.00173991
0.00222136,0.00461109,0.0065787,0.00507261,0.00187351,0.00163879,0.00323918,0.00202449,0.000911893,0.00184284,0.00155636,0.000996282
0.00196219,0.00323858,0.00609804,0.00446953,0.00140388,0.00075519,0.00206696,0.00160563,0.000858951,0.00175503,0.00117429,0.00116372
0.00197395,0.00319708,0.00660344,0.00574259,0.00189833,0.00116557,0.00231313,0.00145491,0.00107141,0.0014622,0.00108272,0.00078668
0.00258428,0.00382585,0.00634601,0.00510853,0.00132158,0.000628927,0.0012774,0.00101447,0.000949081,0.00130565,0.000684416,0.00114534
0.00114346,0.00288657,0.00573475,0.00445953,0.00150347,0.000660823,0.000808119,0.000494568,0.000675897,0.000882146,0.000526091,0.000543568
0.00111867,0.00252609,0.0044967,0.00306107,0.00103595,0.0003285,0.000655912,0.000367423,0.000535308,0.000913138,0.000849763,0.000717516
0.0022825,0.00300572,0.00411408,0.00273889,0.000873061,0.000441091,0.000637533,0.000886994,0.00104848,0.00120863,0.000829896,0.000933539
0.00162665,0.00258668,0.00268079,0.0013863,0.000601712,0.000469681,0.000741019,0.000536268,0.000476056,0.000804854,0.000597923,0.000577359
0.000767789,0.00183708,0.00270431,0.00177612,0.000564545,0.000400137,0.000649199,0.000570905,0.000735526,0.00100584,0.000575612,0.000373194
0.000728968,0.00138695,0.00270862,0.00196984,0.000436884,0.000224972,0.000639661,0.000609481,0.000506947,0.000739666,0.000473947,0.000372652
0.0009246,0.00119843,0.00200721,0.00168689,0.00055833,0.000545543,0.000820296,0.000581096,0.000521436,0.000665503,0.000476826,0.000473719
0.000523656,0.000837168,0.00182494,0.00161674,0.000552596,0.000303606,0.000633845,0.000476234,0.000377636,0.000335244,0.000355845,0.000334429
0.000434719,0.000759234,0.00158485,0.0014195,0.000468349,0.000201211,0.000339096,0.000278144,0.000251644,0.000215528,0.000256089,0.000301696
0.000384866,0.000510332,0.00115744,0.00104197,0.000379238,0.000194497,0.000314722,0.000357744,0.00037136,0.000446633,0.000351239,0.000242995
0.000189651,0.00038144,0.000779721,0.000787117,0.000264588,0.000263255,0.000345558,0.000266606,0.000344699,0.00042573,0.000317158,0.000124687
0.00033176,0.000403664,0.000589544,0.000565147,0.000293215,0.000201903,0.00040455,0.000350641,0.000287855,0.000426994,0.000351402,0.00022
0.000557496,0.000562939,0.000611313,0.000596677,0.000248307,0.000146464,0.00030297,0.000393814,0.000320645,0.000257607,0.000221086,0.000196132
0.000461709,0.000583701,0.00119679,0.000651031,0.000363576,0.000421647,0.000550949,0.0005813,0.000550851,0.000904904,0.000655213,0.000458432
0.000681974,0.00148802,0.00261549,0.00117055,0.00103423,0.000771436,0.000893783,0.000735171,0.00150571,0.00276682,0.00159228,0.000596282
0.000857006,0.0023965,0.00343706,0.00149857,0.00135429,0.00163709,0.00268728,0.00195492,0.00195052,0.00251388,0.00161877,0.00106695
0.000698495,0.00318865,0.0054684,0.00297288,0.00127968,0.00120284,0.0020438,0.00140316,0.00265614,0.00442974,0.00227768,0.00094506
0.00088599,0.00608021,0.0115893,0.00581935,0.00167085,0.00185001,0.00306416,0.00213826,0.00273427,0.00258791,0.00133138,0.000798907
0.00119803,0.00631197,0.0141644,0.00792615,0.0024399,0.00275998,0.00553383,0.0032226,0.00402176,0.00691269,0.00332358,0.000689105
0.00129848,0.00533149,0.0124909,0.00718994,0.00302675,0.00508613,0.00957247,0.00479064,0.00504403,0.0106789,0.00566796,0.00108775
0.000723152,0.00394371,0.00781692,0.00464468,0.00236626,0.00301418,0.00656629,0.00355819,0.00301945,0.00782124,0.00568149,0.00193757
0.00167195,0.00537754,0.00894663,0.00446338,0.00180541,0.00144059,0.00367169,0.0039598,0.00519126,0.0139231,0.00966618,0.00369442
0.00129383,0.00396176,0.00925323,0.00462536,0.001354,0.0022783,0.00534836,0.00456756,0.0034352,0.0118833,0.0103643,0.00401375
0.000810266,0.00361953,0.00802615,0.00445913,0.00142408,0.00246692,0.00319279,0.00280248,0.00202909,0.00393092,0.0036661,0.00258568
0.00105181,0.00275859,0.00663723,0.0034363,0.00172907,0.00277608,0.00417658,0.00372115,0.00276089,0.00430102,0.00619705,0.00377513
0.00107919,0.00275512,0.0064907,0.00338887,0.000958199,0.00194776,0.00442601,0.00482227,0.00195955,0.00272345,0.00788761,0.00590122
0.000722783,0.00324724,0.00713735,0.00338324,0.00111146,0.00167737,0.00324937,0.00462055,0.00253765,0.00622207,0.0112665,0.00645972
0.00145202,0.00379735,0.00739305,0.00365819,0.000677118,0.00116567,0.0029572,0.00374971,0.00265478,0.00422302,0.00479164,0.00189348
0.00440091,0.00434203,0.00614384,0.00296735,0.00146907,0.00120363,0.00161567,0.00160324,0.0016674,0.00359191,0.00379658,0.00324012
0.00694136,0.00652143,0.00586651,0.00277062,0.000736261,0.00141177,0.00247349,0.00256302,0.00302778,0.00572846,0.00554124,0.00339638
0.0100781,0.0102713,0.00709952,0.00307899,0.00169642,0.00165988,0.00192777,0.00171319,0.00329996,0.00334005,0.0024136,0.00330416
0.010011,0.0100066,0.00678993,0.00446606,0.00168274,0.00137388,0.0016846,0.00198776,0.00561943,0.0110473,0.00651024,0.0027472
0.00461066,0.00860742,0.0116728,0.00729142,0.00219111,0.00146862,0.00243288,0.00326481,0.00552438,0.0100951,0.00618242,0.00190211
0.00747616,0.00852989,0.0103922,0.00654561,0.00159634,0.00140883,0.0018928,0.00204657,0.00696612,0.0124065,0.00579901,0.00214201
0.014034,0.0130166,0.00779019,0.00452016,0.00159464,0.00111185,0.00218204,0.00271903,0.0062162,0.0106632,0.00469718,0.00377607
0.0187935,0.015256,0.00638782,0.00334709,0.000955953,0.00122824,0.00237426,0.00221543,0.00364993,0.00711457,0.00446899,0.00502045
0.0112558,0.00925958,0.00551973,0.00282585,0.000854832,0.000971899,0.0016466,0.00123928,0.00281532,0.00581217,0.0031387,0.00350167
0.00320211,0.00365264,0.00446609,0.00301909,0.0010133,0.000553098,0.00120311,0.00184414,0.00324636,0.00507019,0.00262911,0.0011826
0.00651185,0.00650412,0.00528611,0.00289854,0.000713288,0.000784913,0.00101789,0.00096102,0.00234213,0.00404847,0.00244292,0.00229941
0.00504968,0.00546567,0.00518236,0.00282787,0.000830486,0.000733223,0.000778893,0.00100187,0.00191697,0.00388896,0.00205921,0.001846
0.00338734,0.00386067,0.00473128,0.00283098,0.000531261,0.000361305,0.000738908,0.00109324,0.00180003,0.00312547,0.00165724,0.000911544
0.00484854,0.00452889,0.00376067,0.00188151,0.000525133,0.000472857,0.000549753,0.00055685,0.00186738,0.0035576,0.00202319,0.00143245
0.0051811,0.00502252,0.00360185,0.0019981,0.000701788,0.000584336,0.000476618,0.000723498,0.00131484,0.00289549,0.00161473,0.00126623
0.00472424,0.0041767,0.00215397,0.0012135,0.000665097,0.00100459,0.000800498,0.00125511,0.00171978,0.0028058,0.00177883,0.00192931
0.00347406,0.00318357,0.00204489,0.000985926,0.000754364,0.000973931,0.00171185,0.00244703,0.00203343,0.00242133,0.00197058,0.00200679
0.00205133,0.00197638,0.00260693,0.00182993,0.00146426,0.00126943,0.00224603,0.00481758,0.00403648,0.00273418,0.00176743,0.00144139
0.0016846,0.0018516,0.00308496,0.00198579,0.00167831,0.00217032,0.0030619,0.0061907,0.00526345,0.00355543,0.00369041,0.00261963
0.0014206,0.00290283,0.00432409,0.00188757,0.0013089,0.00183754,0.00318568,0.00629907,0.00431213,0.00349889,0.00418781,0.00257424
0.00153536,0.00300243,0.0052785,0.00283301,0.00188161,0.00247567,0.00349271,0.00599316,0.00305543,0.00316819,0.00503242,0.00295139
0.00142364,0.00306157,0.00581453,0.00301029,0.00178074,0.0025599,0.00459448,0.00757316,0.00411458,0.00370217,0.00571263,0.00401131
0.00116642,0.00202565,0.00590447,0.00370373,0.0013423,0.00219361,0.00484419,0.00953869,0.00469025,0.00215458,0.00408355,0.00392657
0.00157743,0.0025568,0.0062177,0.00385318,0.00204937,0.00266938,0.00696672,0.0114682,0.00641362,0.00261307,0.00342205,0.00337865
0.00102644,0.00340101,0.00726174,0.00354882,0.00139012,0.00185436,0.00923399,0.01736,0.00808068,0.00338828,0.0060874,0.00456319
0.0009425,0.00427504,0.00836833,0.00401328,0.00219701,0.00365459,0.010111,0.0190418,0.010558,0.00372212,0.0056816,0.00467504
0.000948041,0.00405838,0.00815359,0.00392024,0.00215498,0.00366369,0.00945331,0.0207936,0.012296,0.00300117,0.00671165,0.0052845
0.00097501,0.00297241,0.00774372,0.00423739,0.00230202,0.00433909,0.0104861,0.0220448,0.0119255,0.00246957,0.00566248,0.00469994
0.0013088,0.00298159,0.00711288,0.00381794,0.00227379,0.00408873,0.0123706,0.0234906,0.0111851,0.00315248,0.00529455,0.00449434
0.000811663,0.003301,0.00747498,0.00415556,0.00150862,0.00289979,0.013603,0.0237599,0.0106121,0.00216772,0.00499182,0.00334516
0.000806514,0.00274282,0.00714487,0.00428681,0.00142643,0.00281892,0.0115352,0.0210198,0.00885467,0.0032514,0.00346841,0.00223735
0.000712129,0.00271559,0.0055885,0.00284383,0.00100812,0.0023829,0.0130934,0.0227837,0.0107221,0.00270302,0.00353458,0.00221934
0.000515292,0.0018882,0.00454381,0.00294361,0.00165616,0.00285441,0.013912,0.0248485,0.0119128,0.00223066,0.00091913,0.00158304
0.000694996,0.00124753,0.00358375,0.00208842,0.00124116,0.00280606,0.0107545,0.0197843,0.0094659,0.00150044,0.0029581,0.0027307
0.000510763,0.00162916,0.00377994,0.00220895,0.00107061,0.00218268,0.00986987,0.0181589,0.00945565,0.00188756,0.00211435,0.00139888
0.000560654,0.00145488,0.0038401,0.00235462,0.00131728,0.00222203,0.00989957,0.0179214,0.00893474,0.00195164,0.00115759,0.0012662
0.000676875,0.00126503,0.00290987,0.00193191,0.000891684,0.00154844,0.00843518,0.0158396,0.00769444,0.00127792,0.00110704,0.00136799
0.000513782,0.000815012,0.00192046,0.00117261,0.000834308,0.00152822,0.00721352,0.0140976,0.00708068,0.00135389,0.00233912,0.00169543
0.000342115,0.000707824,0.00164932,0.0010711,0.00073815,0.00137102,0.00647268,0.0125841,0.00695938,0.00185553,0.00201283,0.00130921
0.000330736,0.000567946,0.001488,0.00111953,0.00053436,0.00140353,0.00609913,0.00964397,0.00452662,0.00151659,0.0011461,0.000709207
0.000455478,0.000768628,0.00145134,0.000789413,0.000643872,0.00155149,0.00539031,0.00847816,0.0037485,0.00143678,0.0012159,0.00103606
0.000575982,0.00059769,0.00118205,0.000803269,0.000628677,0.000995598,0.00308507,0.0057652,0.00370442,0.00146077,0.000895573,0.00106829
0.000773204,0.000865602,0.00140192,0.000604114,0.000473422,0.000670023,0.00263016,0.00564433,0.00347534,0.000964442,0.00108636,0.000954249
0.000363561,0.00103527,0.00187232,0.000985392,0.000312088,0.000559679,0.00185388,0.00321337,0.00135399,0.000574418,0.000445212,0.00048789
0.000317367,0.000829219,0.00184806,0.000949574,0.000425117,0.000703318,0.0013475,0.00289312,0.00162877,0.000824214,0.000747419,0.000492242
0.000293713,0.000844078,0.00199744,0.0011904,0.000326459,0.000426754,0.000968693,0.00231053,0.00119838,0.000465836,0.000582549,0.000715765
0.00034322,0.000854268,0.00186205,0.00123103,0.000421718,0.000344162,0.00102674,0.00230476,0.00126005,0.000487553,0.000676266,0.000565875
0.000334794,0.000526261,0.00114012,0.000733818,0.000269607,0.000333875,0.00102543,0.00223483,0.00147977,0.000449063,0.000609978,0.000655689
0.000264045,0.00044968,0.00122814,0.000868115,0.000198538,0.0003075,0.000759129,0.00124845,0.000895171,0.000535221,0.000425767,0.000410714
0.000262239,0.000577681,0.00122373,0.000670638,0.000187863,0.000288688,0.000619237,0.00121757,0.000770935,0.000462434,0.000275064,0.000391147
0.000260746,0.000435765,0.000946224,0.000658116,0.000223153,0.00028373,0.000622637,0.000932316,0.000385217,0.000344897,0.000522467,0.000497433
0.000287411,0.000418212,0.000723181,0.000501388,0.000309669,0.000301296,0.000540886,0.00076496,0.000474979,0.000214194,0.000300415,0.000325481
0.000158663,0.000402735,0.000844104,0.000443338,0.000195161,0.000225884,0.000333447,0.000510774,0.000371385,0.000320197,0.000374036,0.000319448
0.000167299,0.000337514,0.000618291,0.000328604,0.000136316,0.000170667,0.000426591,0.000771192,0.000571248,0.000238746,0.000185677,0.00027281
0.000204216,0.000276395,0.000460944,0.000179693,0.000138709,0.00018384,0.000356052,0.000799324,0.000541211,0.000254649,0.000288663,0.000303638
0.000160384,0.00015907,0.000321581,0.000279169,0.000161316,0.000151105,0.000254179,0.000640629,0.000483813,0.00021806,0.000386883,0.000229372
0.00021434,0.000228997,0.000360423,0.000204225,0.00011998,0.000169494,0.000310019,0.000536557,0.000390476,0.000177073,0.000254719,0.000247568
0.000864853,0.000539137,0.000366077,0.000366051,0.000164877,0.000198457,0.000337134,0.000528924,0.000352048,0.000219847,0.000295081,0.00047957
0.000679013,0.00111662,0.00120968,0.000804835,0.000377114,0.000502848,0.000637738,0.000711918,0.000509237,0.000401353,0.000466794,0.000299403
0.000654765,0.00195176,0.00300673,0.00139612,0.000571801,0.00111703,0.00152212,0.000808299,0.000345922,0.00104545,0.000954707,0.00057842
0.002892,0.00261377,0.0028216,0.00157467,0.00114486,0.000683874,0.000837073,0.000750876,0.00102423,0.00197684,0.00137026,0.00147327
0.00350454,0.00264768,0.00269123,0.0016297,0.00140084,0.001037,0.00159378,0.00112696,0.0009384,0.00124279,0.00103041,0.00184524
0.00308918,0.00414649,0.00435338,0.00258306,0.00133347,0.000668964,0.0010274,0.000982526,0.00058723,0.00125142,0.000964371,0.00125689
0.00144772,0.00298271,0.00489861,0.00318345,0.00141738,0.0012854,0.00192665,0.00094125,0.0011189,0.00238852,0.00196496,0.00115451
0.00603098,0.00570441,0.00633653,0.00383903,0.000961358,0.000727111,0.00187724,0.00133115,0.00169376,0.00348097,0.0020967,0.00197826
0.00413563,0.00522731,0.00727315,0.00425723,0.00113959,0.000963541,0.0026649,0.00132888,0.00178109,0.00528417,0.00335075,0.0022489
0.00324414,0.00520819,0.00812519,0.00458257,0.00116637,0.00118984,0.00245208,0.00174723,0.00232253,0.00504193,0.00296171,0.00185878
0.00646767,0.00715335,0.00957129,0.0053314,0.00137507,0.00139941,0.00285669,0.001991,0.00208263,0.00605507,0.00454273,0.00195398
0.00675038,0.0080719,0.0112795,0.00607483,0.00173039,0.00146693,0.00217273,0.00137773,0.00455063,0.0113442,0.00624087,0.00340991
0.0102991,0.0101682,0.0120269,0.00609428,0.00114278,0.00142205,0.00306914,0.00238102,0.00302292,0.00764782,0.00524459,0.00421245
0.0125996,0.0107518,0.0106079,0.00618596,0.00169897,0.00173186,0.00427049,0.00262375,0.00417183,0.0100706,0.00558461,0.00537122
0.0109326,0.0101685,0.00990646,0.00558612,0.00167309,0.00092284,0.00199636,0.0023688,0.00624062,0.0129267,0.00748308,0.00388573
0.00433676,0.00511668,0.00720488,0.00489528,0.00115341,0.00191088,0.00358313,0.00309306,0.00524469,0.00784036,0.00388439,0.00207781
0.00273611,0.00428886,0.00802308,0.0051895,0.00137487,0.00139847,0.00333856,0.00412613,0.00282293,0.00245477,0.00309356,0.00219929
0.00467754,0.00646267,0.00914314,0.00520027,0.00128386,0.00154528,0.00266328,0.00113962,0.00326807,0.00520589,0.00337935,0.00263771
0.0051828,0.00708697,0.00996565,0.00599941,0.00128203,0.00156552,0.00324825,0.00326772,0.00305097,0.00348354,0.00434341,0.00319387
0.00397138,0.00678772,0.0111797,0.00652721,0.00130855,0.00123854,0.00292871,0.00266752,0.00344141,0.00698349,0.00670067,0.00290658
0.00437086,0.00675484,0.0114762,0.00714776,0.00160607,0.00127515,0.00290991,0.00403894,0.00425368,0.00784056,0.00449492,0.00292605
0.00376469,0.00593119,0.010314,0.00654972,0.00165176,0.001284,0.00205904,0.00311534,0.00342792,0.00459114,0.00606112,0.00164641
0.00195932,0.003565,0.00839319,0.00509776,0.00130972,0.00116672,0.00272881,0.00377487,0.0023652,0.00403705,0.00878302,0.00614735
0.00224288,0.00414206,0.00748587,0.00423976,0.00113313,0.00119127,0.00206419,0.00352168,0.00144992,0.00398114,0.0101844,0.00587667
0.00171686,0.00216993,0.00646557,0.00376188,0.000933268,0.00122159,0.00341148,0.00461399,0.00326539,0.00295213,0.00785756,0.00612774
0.00161281,0.00235056,0.00535825,0.00297144,0.000592751,0.00145659,0.00414432,0.00798472,0.00480521,0.00233664,0.00486791,0.00374532
0.00155949,0.00343593,0.00653366,0.00420701,0.00171525,0.00222763,0.00472326,0.00834606,0.00451881,0.00318366,0.00670935,0.00526632
0.000860158,0.00271017,0.0052636,0.00276004,0.0012782,0.00164081,0.00295872,0.00399397,0.0020763,0.00156524,0.00558033,0.00518415
0.00116638,0.00266924,0.00514584,0.00278606,0.000922028,0.00149422,0.00119955,0.00468667,0.0031001,0.00290996,0.00869328,0.00661119
0.000683349,0.00179128,0.00369994,0.00191625,0.000968407,0.00119441,0.00238378,0.00518793,0.00305433,0.00172684,0.00549135,0.00392343
0.000816954,0.0016793,0.00334722,0.00202432,0.000810918,0.00197412,0.00517846,0.0061256,0.00303516,0.00378171,0.00695335,0.00430051
0.000682481,0.00163055,0.00354197,0.00218257,0.00122834,0.00167312,0.00285888,0.00241154,0.00137955,0.00417505,0.0069009,0.00368505
0.00108147,0.0020166,0.00245979,0.00180952,0.0010214,0.00162195,0.00267872,0.00247357,0.00186339,0.0031784,0.00588581,0.00336282
0.000713243,0.00122121,0.00214515,0.00137199,0.000467644,0.00191554,0.00375612,0.00319087,0.00157252,0.00382278,0.0039422,0.00215989
0.000747212,0.00127626,0.00246394,0.00163743,0.000698687,0.0011175,0.00278913,0.00223556,0.00272396,0.00688019,0.00529482,0.00146081
0.000538876,0.00113771,0.00190255,0.00119414,0.00115461,0.00137451,0.00219764,0.00189201,0.0023188,0.00616452,0.00493334,0.00141696
0.000591949,0.00121457,0.00184079,0.000878415,0.000541608,0.000790702,0.00108161,0.00118886,0.00187215,0.00521475,0.0036967,0.00168322
0.000275721,0.000670165,0.00114523,0.000751486,0.000599703,0.000616274,0.00121988,0.000978672,0.0013485,0.00460375,0.00246364,0.000836728
0.000285643,0.000739335,0.00109747,0.00054313,0.000669772,0.000633553,0.001516,0.00119782,0.001771,0.004574,0.00251972,0.000696154
0.000241472,0.000481108,0.000666299,0.000513524,0.000335336,0.000741655,0.00169259,0.00135067,0.00118723,0.00391443,0.00258577,0.000749665
0.000224887,0.000423283,0.000548556,0.000510351,0.000558192,0.000717341,0.000897657,0.000887986,0.000728625,0.00229177,0.00174666,0.000713039
0.000254999,0.000440024,0.000449604,0.000261739,0.000304175,0.000342953,0.000866743,0.00106438,0.000753587,0.00110978,0.00100532,0.000761133
0.000240651,0.000429477,0.000700009,0.00050821,0.000405835,0.00047346,0.000921331,0.000918328,0.00104055,0.00210041,0.00143232,0.00047233
0.000264176,0.000388706,0.000689706,0.00045067,0.000284104,0.000447138,0.000591756,0.000508367,0.000866021,0.00164692,0.00102166,0.000326125
0.000619058,0.000814855,0.00124189,0.00076612,0.000839388,0.000704189,0.000922973,0.000829866,0.000658712,0.0010242,0.00107477,0.000770768
0.00114765,0.00216046,0.00261934,0.0014801,0.000861196,0.000704187,0.00131184,0.000753038,0.00115211,0.00191289,0.0011693,0.000719385
0.0018728,0.00344546,0.00417067,0.00211492,0.00139065,0.000861278,0.00140198,0.00127612,0.00135446,0.00284356,0.00144755,0.00113976
0.00163437,0.0032913,0.00463938,0.00219393,0.0011113,0.00130649,0.0018663,0.00150898,0.00149239,0.00311614,0.00165246,0.00136186
0.00113818,0.00319365,0.00495979,0.00242039,0.000984228,0.00156075,0.00368677,0.0016381,0.00176368,0.00347483,0.0018029,0.000815775
0.00108678,0.00369576,0.00553815,0.00242574,0.00104511,0.00157048,0.00299193,0.00166018,0.00128241,0.00269247,0.00141393,0.000775728
0.00401799,0.00592148,0.0065034,0.00300167,0.00108904,0.00150642,0.00385842,0.00216114,0.00143871,0.00234104,0.00145529,0.00181171
0.00307537,0.00588703,0.00769145,0.00342165,0.000931743,0.00102933,0.00187579,0.00168614,0.00190582,0.00336967,0.00172613,0.0014802
0.00285771,0.00638943,0.00922847,0.00402664,0.00117339,0.00192875,0.00368735,0.00201476,0.00109592,0.00315496,0.00199939,0.000971296
0.00364958,0.00679603,0.0103094,0.00447751,0.00107049,0.00235139,0.00504522,0.00299111,0.00143738,0.00367523,0.002031,0.00160271
0.00441049,0.00737551,0.0111272,0.00509695,0.00118261,0.00229101,0.00560575,0.00296128,0.00149317,0.00396134,0.00218105,0.00164294
0.00391043,0.00821158,0.0118848,0.00568831,0.00114224,0.00213987,0.0041933,0.00226562,0.00216415,0.00531078,0.00329865,0.00204028
0.00488805,0.00916767,0.0129637,0.00626873,0.00104101,0.00150509,0.00299137,0.00165725,0.00251349,0.00592265,0.00335473,0.00166573
0.00551159,0.00960671,0.0129871,0.00640493,0.00109338,0.00175579,0.00321694,0.00152055,0.0022829,0.00587191,0.00369341,0.00223768
0.00589745,0.00940523,0.0119029,0.00583176,0.000999782,0.00104136,0.00298803,0.00155263,0.00225132,0.00583112,0.00353886,0.00175851
0.00565543,0.00842905,0.0106257,0.00534502,0.000965525,0.00125445,0.00298873,0.00195841,0.00324782,0.00717975,0.0039355,0.00230243
0.00297364,0.00597633,0.0100547,0.00542555,0.000949529,0.0014509,0.0031193,0.00156261,0.00307035,0.00789416,0.00423364,0.00158625
0.00166505,0.00404367,0.00881705,0.00516222,0.00092032,0.00208113,0.00379051,0.00180186,0.00267415,0.00737655,0.00441191,0.00101483
0.00309965,0.00494072,0.00792605,0.00483599,0.00107484,0.000947438,0.00228234,0.00136739,0.00450849,0.010254,0.00512987,0.0014108
0.00323426,0.00434592,0.00718534,0.00425755,0.000780148,0.000937263,0.00250769,0.00142385,0.00273704,0.00690532,0.00384041,0.00113139
0.00142192,0.00339723,0.00676449,0.00391501,0.000871145,0.00131676,0.00286804,0.0016234,0.00181907,0.00446721,0.00227389,0.000966906
0.0017887,0.00420065,0.00705249,0.00367126,0.000828052,0.000702417,0.00162336,0.000887895,0.00286494,0.00614298,0.00272933,0.00108777
0.00160727,0.00391109,0.00685054,0.00381649,0.00102725,0.000880319,0.00130412,0.000748074,0.00170481,0.00360492,0.00169974,0.000837545
0.0012973,0.00345662,0.00673004,0.0037388,0.000847612,0.000628296,0.000932438,0.000770797,0.00191266,0.00404989,0.00193747,0.000512588
0.00171937,0.00297172,0.00593206,0.00312178,0.00100886,0.000523226,0.000824307,0.000793259,0.00082743,0.00189542,0.000898557,0.000842792
0.00322656,0.00380269,0.00472956,0.00277815,0.000893585,0.000930263,0.00124265,0.0008003,0.00121632,0.00268754,0.0013995,0.00136766
0.000937248,0.00197387,0.00338419,0.00163424,0.000590865,0.000486758,0.000796077,0.000467556,0.00108877,0.00241142,0.00120207,0.000693933
0.00104501,0.00197075,0.00295075,0.00171801,0.000656779,0.000367376,0.00101108,0.000844972,0.000932489,0.00156488,0.000852874,0.000538239
0.000512376,0.00123905,0.0020987,0.00112539,0.000544072,0.000506922,0.000503677,0.000524884,0.0011984,0.00271852,0.0013871,0.000491739
0.000634684,0.0011399,0.00153442,0.000962018,0.000451654,0.000482439,0.000773861,0.000641827,0.000963806,0.0017551,0.00109288,0.000640154
0.000861597,0.0011754,0.00154635,0.00107607,0.00065719,0.000574883,0.000746259,0.000415599,0.00101353,0.00218614,0.0011558,0.000600246
0.000422847,0.000780841,0.00148694,0.000919646,0.000420826,0.00021592,0.000582383,0.000540196,0.00071332,0.00180296,0.00108734,0.000354613
0.00039358,0.000766512,0.0015081,0.00106411,0.000589978,0.000587469,0.000653523,0.000479148,0.000768102,0.00183338,0.000965866,0.000313776
0.000597495,0.000528813,0.00124313,0.00110625,0.000688422,0.000458999,0.000578248,0.000549532,0.000565517,0.00117754,0.000679862,0.000397137
0.000636121,0.00103627,0.00147781,0.00101641,0.000523927,0.000217865,0.000476071,0.000282132,0.000530963,0.0008108,0.000346213,0.000322057
0.000521098,0.000759113,0.00140083,0.00111668,0.000649109,0.000451495,0.000387537,0.000462689,0.000419042,0.000610536,0.000325229,0.000195589
0.00046834,0.000721566,0.00137532,0.000911368,0.000420656,0.000205496,0.00032182,0.000400376,0.000375778,0.000626025,0.00043952,0.000223008
0.000249891,0.000407733,0.000899786,0.00063703,0.000261396,0.000310978,0.000369975,0.00026389,0.000452757,0.000822074,0.000515798,0.000211113
0.000221873,0.000267645,0.000544968,0.000488236,0.000366893,0.00033447,0.000439809,0.000417655,0.000361197,0.000706928,0.000484172,0.000166608
0.000295651,0.000323078,0.000375084,0.000409007,0.000455815,0.00028723,0.000488648,0.00077152,0.000628195,0.000602688,0.000300772,0.00017781
0.000284555,0.000427413,0.000436346,0.000337876,0.000384961,0.000488629,0.000971678,0.00167627,0.00116324,0.000546883,0.000370292,0.000287201
0.000391295,0.000910974,0.00120212,0.000601957,0.0005218,0.000351565,0.00140508,0.0028242,0.00196199,0.000727716,0.000469557,0.000408088
0.000335142,0.00109543,0.00192491,0.00106091,0.000446545,0.000744594,0.00247663,0.00422602,0.00238292,0.000627838,0.000462673,0.000521247
0.000982003,0.00125012,0.00180942,0.00110361,0.000675736,0.000912811,0.00288795,0.00593445,0.0038647,0.00128983,0.000812782,0.00131441
0.000763915,0.0011217,0.00253739,0.00127729,0.000625354,0.0013919,0.00369239,0.00684405,0.00364397,0.00152785,0.00205406,0.00170333
0.000606438,0.00111819,0.00293862,0.00195812,0.000862191,0.00197653,0.005334,0.00860797,0.00421939,0.0016453,0.0026107,0.00169873
0.000508998,0.0016581,0.00375257,0.00195873,0.000879072,0.00178444,0.00524556,0.0098579,0.00539254,0.00208612,0.00185102,0.0010575
0.000694781,0.00253465,0.00562027,0.0029928,0.0010899,0.00191118,0.00541543,0.00970853,0.00542402,0.00190829,0.00257088,0.0018819
0.00089424,0.00265293,0.00585407,0.00296537,0.000917636,0.00123758,0.00484685,0.0108327,0.00607598,0.00223235,0.00274347,0.00181415
0.000646195,0.00354721,0.00757302,0.003791,0.00134896,0.00197494,0.00515154,0.0113109,0.00662359,0.00285669,0.00454086,0.00196942
0.000798545,0.0028227,0.00600817,0.00313016,0.00124124,0.00206398,0.00553759,0.0116168,0.00638352,0.00320762,0.00592557,0.00370889
0.00067067,0.00288059,0.00816455,0.0047079,0.00151828,0.00234959,0.00541935,0.0117371,0.00638949,0.00269195,0.00294927,0.00140236
0.000536203,0.00309209,0.00816947,0.00463448,0.00145022,0.00181312,0.00535391,0.0121747,0.00727475,0.00271825,0.00343479,0.00163083
0.000781924,0.00311551,0.00976261,0.00601672,0.00123449,0.00221711,0.00567041,0.0126438,0.00744856,0.00333963,0.00395422,0.00173573
0.000564767,0.003603,0.0107073,0.00678319,0.00117815,0.00194869,0.00561172,0.0116912,0.00662532,0.00390931,0.00554946,0.00214439
0.000924955,0.00389124,0.0116469,0.00732592,0.00130243,0.00284065,0.00594861,0.0110239,0.00549924,0.00388274,0.01085,0.00649512
0.00104496,0.00405073,0.0110058,0.00654545,0.00136598,0.00298717,0.00519768,0.0109656,0.00642305,0.00395057,0.00867678,0.00600832
0.00396559,0.00348401,0.00777374,0.00404914,0.00188236,0.00312723,0.00444182,0.0093045,0.00580926,0.00487386,0.00979448,0.00558072
0.00640609,0.00550054,0.00705656,0.00424842,0.00161126,0.00149291,0.00352754,0.00814386,0.00539385,0.00419184,0.00547476,0.00327802
0.00600099,0.00604199,0.00706428,0.00383151,0.00123735,0.00193433,0.00289049,0.00597835,0.00491119,0.00542999,0.00529999,0.00305569
0.00548763,0.00509106,0.0057934,0.00336879,0.00116439,0.0015219,0.00248494,0.00553458,0.00504214,0.00605304,0.00505521,0.00433811
0.00707482,0.00543171,0.00675687,0.00418395,0.00109363,0.00116104,0.00170702,0.00502177,0.00278026,0.00384315,0.00346886,0.00201528
0.00836614,0.00719688,0.00735644,0.00472012,0.00142009,0.00102619,0.00192171,0.00465115,0.00381165,0.00519149,0.0058264,0.00481761
0.00829712,0.00726934,0.00649341,0.00353835,0.000996932,0.00104949,0.00178032,0.00425237,0.00322787,0.0034876,0.00419699,0.00293858
0.00952773,0.00795916,0.00480888,0.00326297,0.00101264,0.000822144,0.0016264,0.00291711,0.0062555,0.00674633,0.00265153,0.00258813
0.00959356,0.00827505,0.00573143,0.00284041,0.00121395,0.00168402,0.00292417,0.00510023,0.00754452,0.0115184,0.00692474,0.00343526
0.00604992,0.00562895,0.00506886,0.00309206,0.00129088,0.0015678,0.00369218,0.00702092,0.00737294,0.0125288,0.00857297,0.00244075
0.00516262,0.00522748,0.00380127,0.00170707,0.000703288,0.000973471,0.00371854,0.00766948,0.00790661,0.0084876,0.0046824,0.00167953
0.00837347,0.00668721,0.00331767,0.0020912,0.00108133,0.000911133,0.0029598,0.00697854,0.00793249,0.0088282,0.00367592,0.0029271
0.00711063,0.00606749,0.00284151,0.00154081,0.00104713,0.000846874,0.00289201,0.00624308,0.00601124,0.00547749,0.00267974,0.00192585
0.00726563,0.00540231,0.00211784,0.00126018,0.00057571,0.000658293,0.00324202,0.00674191,0.00503695,0.00473885,0.00380736,0.003537
0.00664267,0.00510203,0.00192756,0.00072798,0.000666983,0.000572346,0.00277841,0.0059569,0.00401948,0.00581469,0.00406652,0.00203877
0.00461161,0.00303854,0.00204465,0.000895316,0.000577066,0.000671257,0.00325131,0.0062529,0.00377395,0.00332772,0.00191844,0.00315849
0.00333727,0.00235448,0.00192571,0.00143457,0.000894947,0.000877869,0.00303567,0.0060529,0.00440904,0.00387245,0.0054519,0.00400556
0.00137737,0.00147896,0.001341,0.000982355,0.00059666,0.000873463,0.00267541,0.0057916,0.00377216,0.00165117,0.00215854,0.00217406
0.00108605,0.000997249,0.00104986,0.000540706,0.00033079,0.00092815,0.002212,0.00503082,0.00351769,0.00201464,0.00146694,0.00155984
0.00145344,0.00116477,0.00101229,0.000476605,0.000331568,0.000616993,0.00179498,0.00433138,0.00303558,0.00178622,0.00305506,0.00149388
0.00200453,0.00147097,0.00112206,0.000655014,0.000287088,0.000428515,0.00187523,0.00398386,0.00244441,0.00147062,0.00386192,0.00278707
0.00155816,0.0011447,0.00103342,0.000689462,0.000250672,0.000486539,0.00199489,0.00393074,0.00268854,0.00183088,0.0033998,0.00132969
0.00078154,0.000705568,0.00100879,0.00068506,0.000150416,0.000434139,0.0019965,0.00353052,0.00208756,0.00148953,0.00151783,0.000869678
0.000521191,0.00058423,0.000798696,0.000420789,0.00025699,0.000282153,0.00189007,0.00345984,0.0021774,0.00158913,0.00158302,0.000727479
0.000988098,0.000821095,0.000689053,0.000426708,0.000213981,0.000423552,0.00184268,0.00323075,0.00162959,0.000673897,0.00106396,0.000801754
0.00151524,0.00111622,0.000618607,0.000314538,0.000227782,0.000365304,0.00182653,0.00302016,0.00147063,0.000562184,0.000776441,0.000896739
0.000552059,0.000493304,0.000627717,0.000388724,0.000214181,0.000374853,0.00151931,0.00254625,0.00111819,0.000492388,0.000825228,0.000551578
0.000431634,0.000415433,0.000533894,0.000342118,0.000207027,0.000529945,0.0012535,0.00208718,0.00130768,0.000589134,0.000863143,0.00051791
0.000524771,0.000530734,0.000809226,0.00046442,0.000275875,0.000582558,0.000886764,0.002142,0.00190577,0.000795018,0.000882196,0.000475733
0.000985133,0.0014198,0.00210742,0.00111752,0.000584498,0.00110804,0.00296535,0.0044468,0.00250493,0.000954797,0.00131731,0.00115772
0.000994207,0.0023079,0.00492174,0.00260797,0.000821598,0.00167829,0.00484256,0.00714396,0.00333367,0.0011265,0.00201147,0.00177099
0.000572488,0.00289998,0.00729065,0.00399173,0.000705616,0.00160177,0.00517888,0.00795575,0.00362398,0.00169289,0.00180678,0.000994513
0.000631155,0.00287936,0.00770559,0.00440783,0.000986828,0.00214716,0.00503202,0.00798568,0.00366724,0.00146042,0.00260997,0.00170098
0.000794391,0.00332135,0.00876635,0.00502246,0.0008774,0.00131517,0.00388961,0.00713183,0.0038854,0.00158449,0.00233306,0.00199927
0.000745906,0.00325722,0.00870579,0.00487199,0.000994941,0.00150312,0.0040432,0.00831408,0.00456238,0.0024155,0.00425921,0.00301311
0.000893919,0.00388595,0.0111775,0.00643105,0.00104789,0.00140834,0.0037485,0.00880577,0.00488134,0.00199519,0.00372385,0.00293169
0.000971503,0.00313506,0.00883989,0.00516197,0.00115229,0.00202853,0.00401902,0.00860162,0.00426566,0.00174936,0.00317212,0.00236491
0.000761532,0.0038408,0.00910428,0.00534735,0.00160467,0.00242005,0.00492847,0.00947379,0.00437226,0.00239675,0.00430095,0.00252886
0.000818776,0.00424596,0.011687,0.00687469,0.00103908,0.0015446,0.00428872,0.00838371,0.00400768,0.00223322,0.00414846,0.00263566
0.00104845,0.00333808,0.00880518,0.0050471,0.00114921,0.00201765,0.00583935,0.0105354,0.00521806,0.00166478,0.00334808,0.00302122
0.00115678,0.00337155,0.0107051,0.00673944,0.00113212,0.00202226,0.00612819,0.0113852,0.00603357,0.00224392,0.00337644,0.0026987
0.00115342,0.00377798,0.0107927,0.00629116,0.00142264,0.00200945,0.00575848,0.0101751,0.0051485,0.00260278,0.00450761,0.00395824
0.000726187,0.00333109,0.0086429,0.00502997,0.00128263,0.00178087,0.00525161,0.010254,0.00563389,0.00238843,0.00526756,0.00380059
0.000911384,0.00217777,0.00689493,0.00444322,0.00155165,0.00196049,0.00551046,0.0121579,0.00693838,0.00308826,0.00456929,0.00329719
0.000635033,0.00193533,0.00521094,0.00323531,0.00107678,0.00126302,0.00566489,0.0132769,0.00809465,0.00279399,0.00289411,0.0021122
0.000805232,0.00232628,0.00616433,0.00348177,0.000836128,0.0017425,0.00625276,0.0136767,0.00869143,0.00376325,0.0063346,0.00454786
0.000590177,0.0021046,0.00650699,0.00387073,0.000855716,0.00133927,0.0063125,0.0137367,0.008297,0.00255814,0.00433753,0.0032331
0.000679409,0.00228284,0.00601353,0.00351286,0.000548269,0.000868065,0.00588437,0.0121693,0.00711779,0.00212032,0.00310696,0.00242816
0.000878317,0.00210815,0.00580485,0.0034377,0.000408984,0.00077429,0.00528996,0.0104763,0.00560483,0.0013943,0.00276139,0.00258014
0.00085636,0.0021411,0.00553954,0.00303151,0.000346156,0.00104135,0.00422619,0.00807551,0.00430934,0.00113267,0.00379953,0.00314178
0.000855488,0.00201293,0.0055461,0.00306925,0.000306933,0.00103739,0.00318848,0.00567195,0.00348267,0.00134867,0.00208569,0.00237986
0.000619809,0.00152362,0.00449027,0.00272582,0.000513399,0.000550592,0.00219376,0.00338394,0.00217922,0.00152091,0.00358847,0.00269521
0.000462679,0.00207986,0.00570028,0.00322525,0.00043018,0.00086748,0.00199106,0.00171131,0.00141436,0.00145182,0.00206066,0.00132206
0.000599804,0.00198274,0.00475659,0.00267921,0.00041048,0.000724,0.00241069,0.00369362,0.00243969,0.00128431,0.00193422,0.00140227
0.000409957,0.00171705,0.00411873,0.00232079,0.000670863,0.00109479,0.00357927,0.006649,0.00403627,0.00134091,0.00222413,0.00152613
0.000721252,0.000955717,0.00244107,0.00150706,0.000493722,0.00152923,0.00533254,0.00895384,0.00466055,0.0017668,0.00271022,0.00232653
0.000686505,0.000509671,0.00109554,0.000855173,0.00096698,0.00194605,0.00566,0.0091266,0.00495159,0.00151303,0.00207431,0.00165808
0.000547589,0.000529647,0.000929272,0.000944557,0.000755279,0.00117675,0.00394733,0.00873954,0.00651386,0.00188286,0.00154533,0.0016316
0.000519473,0.000686577,0.00147717,0.000871158,0.00050509,0.000803336,0.00288513,0.0068557,0.00491335,0.00174315,0.00160147,0.00134221
0.000422671,0.00101738,0.00235638,0.00146637,0.000467743,0.000733189,0.00235071,0.00504189,0.00308684,0.000910873,0.00147583,0.00103402
0.000379686,0.000656163,0.00158769,0.00100089,0.000215197,0.000517734,0.00164654,0.00277135,0.00152341,0.000633582,0.000864813,0.000802063
0.000300261,0.000589593,0.00153193,0.000893757,0.000269129,0.000336734,0.00104221,0.00136115,0.000810743,0.000567632,0.000784793,0.000728682
0.000251892,0.000829692,0.00191633,0.00116461,0.000369405,0.000319971,0.000958443,0.00123241,0.000863454,0.000830272,0.000913477,0.000773242
0.000382263,0.000643187,0.00175747,0.000999746,0.00025115,0.000294685,0.000762613,0.00113498,0.000719894,0.00072751,0.000834312,0.000825013
0.000240131,0.000643847,0.00161836,0.000889241,0.00021033,0.000244616,0.000730677,0.000742662,0.000373654,0.000547086,0.000346087,0.000368459
0.000245988,0.00056887,0.0013219,0.000676317,0.000179719,0.000354992,0.000823463,0.000914298,0.000563468,0.000391911,0.00058389,0.000480059
0.00017092,0.000368708,0.000984877,0.000585412,0.000237789,0.000248448,0.000612208,0.000947442,0.000633493,0.000669241,0.000562672,0.00042134
0.000155575,0.000276754,0.000751869,0.000461966,0.000222647,0.000164381,0.000557869,0.000919909,0.000587689,0.000784208,0.000569074,0.000431421
0.00022653,0.000428474,0.00067841,0.000356466,0.000228031,0.000290642,0.000540948,0.000884054,0.000567836,0.00035817,0.000383904,0.000326695
0.000209956,0.000247033,0.00041791,0.000197426,0.000200445,0.000231151,0.000440253,0.000885292,0.000785561,0.000502271,0.000353036,0.000297921
0.000205727,0.000192283,0.000436944,0.000371816,0.000206868,0.000156949,0.000435519,0.000765127,0.000611421,0.000306089,0.000269803,0.000197682
0.000138227,0.000221782,0.000418565,0.00026906,0.00012689,0.000211681,0.000267782,0.000445073,0.000465987,0.000476477,0.000398892,0.000151577
0.000768288,0.000503582,0.00078332,0.00074364,0.000484028,0.00030609,0.000508685,0.000859252,0.000549639,0.000369305,0.000523533,0.000800789
0.00172974,0.00122298,0.000602029,0.000974151,0.000815757,0.000438364,0.000842741,0.00146034,0.00125439,0.00158638,0.00157527,0.00106431
0.00243275,0.00152673,0.000961594,0.00114122,0.00127004,0.00090994,0.00119491,0.00185493,0.00117072,0.00145855,0.00139329,0.00141243
0.00199688,0.00155464,0.00144367,0.00186232,0.00115788,0.00055621,0.00112755,0.00256871,0.00183818,0.0008769,0.000760838,0.00132542
0.0024948,0.00192449,0.00156269,0.00153575,0.00112184,0.000729335,0.00106323,0.00245195,0.00138779,0.00103157,0.001324,0.00164001
0.00429401,0.00265797,0.000882958,0.00188544,0.0020222,0.000905603,0.00108087,0.0020086,0.00108002,0.00127241,0.00129964,0.00191671
0.00557948,0.00279021,0.00151394,0.00136042,0.000838406,0.000552036,0.00143583,0.00393445,0.00222649,0.00142209,0.00106897,0.00257974
0.00487885,0.00283621,0.00104576,0.00164814,0.00084321,0.000557812,0.0015062,0.00334171,0.0017823,0.00117722,0.000812986,0.00155803
0.00705858,0.00426827,0.00186554,0.00390569,0.00270093,0.00075893,0.000955188,0.00206573,0.00136889,0.000913104,0.000655223,0.0026351
0.0042356,0.00342414,0.00270684,0.00326292,0.00157459,0.00065695,0.00121655,0.00227164,0.00133521,0.000738751,0.000739303,0.00267401
0.00650058,0.00326165,0.00215854,0.00413615,0.00209191,0.000473621,0.00191097,0.0039529,0.00197011,0.00108424,0.00127907,0.00332428
0.0140196,0.00938401,0.0022476,0.00198612,0.00120206,0.000382355,0.0011842,0.00296785,0.00168442,0.00180902,0.00221199,0.00464871
0.0058966,0.00569308,0.00260357,0.00535365,0.00277086,0.000403858,0.00150386,0.00432799,0.00259209,0.00105674,0.00123139,0.0035203
0.0124349,0.00739151,0.00263537,0.00449349,0.00216438,0.000387836,0.00151505,0.00427249,0.00253306,0.00133965,0.00134161,0.00464703
0.0114143,0.00718051,0.00341464,0.00615072,0.00302418,0.00082411,0.00191349,0.00388238,0.00220336,0.00122948,0.0014472,0.00396716
0.00849446,0.00666645,0.00322417,0.00413758,0.00220701,0.000935976,0.00200914,0.00415959,0.00246936,0.00143806,0.00164082,0.00314973
0.00461984,0.00369342,0.00273362,0.00251461,0.00122945,0.00091695,0.00153501,0.00295358,0.00156905,0.00181791,0.00217815,0.00269099
0.00453927,0.00435673,0.00384141,0.00286549,0.00166153,0.00100853,0.00192215,0.00338109,0.00178001,0.00239916,0.00377581,0.00228853
0.00598965,0.00451388,0.00178261,0.00271949,0.00197735,0.000771867,0.00188642,0.00427404,0.00269066,0.00238433,0.00470649,0.00379087
0.00662843,0.00580778,0.0037618,0.00373184,0.00240537,0.001002,0.00160689,0.00433228,0.00304812,0.00293042,0.00395052,0.00330861
0.00416805,0.00333736,0.00260091,0.00295808,0.00181067,0.00111643,0.00175094,0.003576,0.00240196,0.00270557,0.00325097,0.0020655
0.00462524,0.00233035,0.00127641,0.0011526,0.00111071,0.000938458,0.00118386,0.00382486,0.00230047,0.00156189,0.00333055,0.00276958
0.00705144,0.00343581,0.00352339,0.00314393,0.00168602,0.00104754,0.00141425,0.00333075,0.00202764,0.00261081,0.00469698,0.00334351
0.00748576,0.00650264,0.00676663,0.00410423,0.00106131,0.000493705,0.00149188,0.00398861,0.00261007,0.00290642,0.0064577,0.00523236
0.00579797,0.00613755,0.00746447,0.00459397,0.00103211,0.00091966,0.00144257,0.00374614,0.00262048,0.00216024,0.00328605,0.00336265
0.00747522,0.00606329,0.00750263,0.00411232,0.00120428,0.000517079,0.00160587,0.00418876,0.00285734,0.0033524,0.00568828,0.00442822
0.00739634,0.00749105,0.00897236,0.00634714,0.00201314,0.00174677,0.00244202,0.00462974,0.00336659,0.003268,0.00494631,0.00388203
0.00752122,0.00555552,0.00797347,0.00576359,0.00287732,0.00243872,0.00252837,0.00433254,0.00358453,0.00522901,0.00720626,0.00576571
0.00767494,0.00429112,0.0050997,0.00520903,0.00324481,0.00232602,0.00245079,0.00294906,0.00284255,0.00517615,0.00683515,0.00524167
0.00658396,0.00490808,0.00568963,0.00292925,0.00248829,0.00199578,0.00219931,0.00249911,0.00268036,0.0056605,0.00907319,0.00539942
0.0057214,0.00523099,0.0079371,0.00583216,0.0028828,0.00255211,0.00179016,0.00238204,0.00218422,0.0056127,0.00992407,0.0058112
0.00549635,0.00457458,0.00610182,0.00454498,0.00238716,0.00136909,0.00135726,0.00305511,0.00252678,0.00561161,0.00771748,0.00392633
0.00622991,0.004491,0.00452376,0.00260931,0.00215858,0.00145756,0.00156463,0.00370324,0.00199307,0.00466102,0.00740536,0.00425739
0.00892664,0.00665105,0.00400352,0.00281906,0.00274288,0.00182154,0.00185291,0.00453855,0.00311363,0.00324438,0.00510306,0.00360211
0.0121412,0.00827091,0.00427706,0.00308152,0.00256992,0.00122638,0.00129046,0.00379882,0.00451461,0.00665725,0.00551027,0.00389467
0.0104115,0.00688537,0.00379976,0.00234343,0.00191122,0.00141608,0.00170479,0.00384105,0.00363206,0.00795015,0.00749837,0.00554289
0.00858274,0.0049054,0.00379886,0.00268115,0.00254923,0.00143397,0.0015747,0.00380455,0.00361359,0.00834531,0.00701407,0.00335963
0.00888687,0.00621949,0.00377981,0.00274734,0.00223544,0.0014068,0.00124408,0.0030645,0.00550327,0.0114319,0.00693738,0.00343636
0.00895667,0.0059745,0.00243507,0.00119696,0.00176541,0.00137298,0.00131216,0.00235369,0.00529517,0.0109049,0.00694027,0.00228673
0.0100844,0.00579259,0.00137315,0.00121049,0.00252048,0.00141159,0.000862076,0.00205666,0.00537094,0.0111679,0.00696418,0.00399974
0.00861233,0.00627386,0.00237047,0.000420891,0.00219227,0.00123771,0.00115022,0.00263174,0.00544841,0.0117042,0.00689939,0.00224356
0.0098655,0.00560092,0.00178421,0.00135733,0.00147282,0.000792339,0.000994529,0.00268785,0.00481716,0.0111365,0.00749434,0.00401686
0.00997284,0.00585277,0.00171998,0.00179444,0.00145499,0.000580666,0.0013699,0.00355147,0.00451111,0.00872987,0.00516368,0.00343713
0.00697715,0.0040255,0.00147357,0.0012802,0.00174557,0.000776464,0.001329,0.00325496,0.00445561,0.0085883,0.00457759,0.00232533
0.00613101,0.00432912,0.00137006,0.00104043,0.00136626,0.000818867,0.00131665,0.00252532,0.00214478,0.00602252,0.00290339,0.00163995
0.00575292,0.00406586,0.000897169,0.000695686,0.000938119,0.000661977,0.00113251,0.00297007,0.0021068,0.00342833,0.00244044,0.00164036
0.0053159,0.00357932,0.000827962,0.000598901,0.00107271,0.000779561,0.00103167,0.00284621,0.00278866,0.00442164,0.00324297,0.00140424
0.00506356,0.00337629,0.00057482,0.000561907,0.000852765,0.000397249,0.000980022,0.00297123,0.0020001,0.00378028,0.00269007,0.00112618
0.00616494,0.00377258,0.000730313,0.000858833,0.00150758,0.00082399,0.000987177,0.00264602,0.00237422,0.00272629,0.00160354,0.00150437
0.00622407,0.00395885,0.000957314,0.00100598,0.00121951,0.00067248,0.000691859,0.00224034,0.00201356,0.00336172,0.00182051,0.00142622
0.0060732,0.00353145,0.0010013,0.000655199,0.000786595,0.000506565,0.000968355,0.00198109,0.0021041,0.00331764,0.00182379,0.00164503
0.00517372,0.0031992,0.00149325,0.000786991,0.00106606,0.000759395,0.00126824,0.00172942,0.00235398,0.00325226,0.00173569,0.00109911
0.00365664,0.00209957,0.00191398,0.000778272,0.00124904,0.000948406,0.00104636,0.00141033,0.00187422,0.00365507,0.0018926,0.00118473
0.00338138,0.00283791,0.00179955,0.000839395,0.00114744,0.00083874,0.00180851,0.00145839,0.00155481,0.00342002,0.00181129,0.00127283
0.00337767,0.00280885,0.00143225,0.000539419,0.000471628,0.000823233,0.00176217,0.0011769,0.00161533,0.00274837,0.00141955,0.0010687
0.0033995,0.00307494,0.00157155,0.000758743,0.0011246,0.00129463,0.00239689,0.00131625,0.00145623,0.00294777,0.0018821,0.00103892
0.00341131,0.00277058,0.00240111,0.00164534,0.00172913,0.00110099,0.002459,0.00157268,0.0015346,0.00335318,0.00193432,0.00162854
0.00384976,0.00388419,0.00404271,0.00200536,0.00196666,0.00241656,0.00320679,0.00197861,0.00181296,0.00412515,0.00229148,0.00147336
0.00336504,0.00305365,0.00426004,0.00260292,0.00142815,0.00149769,0.00335631,0.0018583,0.0021975,0.00455801,0.00244393,0.00132148
0.00446431,0.00431765,0.00392499,0.00239205,0.00104917,0.000790304,0.00331235,0.00215496,0.00208022,0.00443489,0.0024499,0.00162435
0.00311546,0.00232075,0.00303473,0.00221613,0.000800846,0.00142935,0.00378538,0.00290223,0.00175774,0.00319308,0.00192879,0.00136156
0.00399585,0.00392119,0.00502269,0.00272947,0.00121457,0.000950009,0.00382676,0.00307589,0.00187254,0.00366935,0.00225275,0.00209802
0.00429478,0.00610522,0.00713314,0.0031851,0.00146396,0.00183436,0.00514294,0.00340674,0.00203906,0.00306612,0.00180714,0.00169193
0.00330257,0.00389128,0.00608747,0.00307961,0.00184635,0.0026001,0.00616004,0.00280542,0.00216557,0.00376428,0.00228497,0.00140703
0.00442142,0.0031562,0.00416531,0.00238824,0.00172764,0.00295304,0.00676213,0.00304158,0.00189629,0.00377262,0.00270478,0.00184398
0.00563546,0.00534577,0.00451104,0.00267797,0.00157565,0.000850996,0.00395342,0.00377179,0.00317369,0.00406988,0.00232804,0.00169044
0.00747483,0.00686384,0.00545877,0.00308429,0.00136934,0.00170606,0.00525586,0.00339513,0.00254855,0.00491122,0.00267417,0.00262797
0.00827416,0.00658561,0.00622475,0.00315601,0.00111392,0.0027448,0.00761145,0.00571405,0.00253057,0.00468926,0.00277605,0.00346643
0.00904754,0.00807269,0.00654701,0.00258694,0.000785374,0.0019149,0.00600698,0.0047696,0.0023839,0.00531796,0.00335531,0.00400233
0.008329,0.00740203,0.005763,0.0025636,0.00125798,0.00122439,0.00344829,0.00299718,0.00299193,0.00680174,0.00374288,0.00332224
0.00954922,0.00757194,0.00601938,0.00295904,0.00141024,0.00179717,0.00402129,0.00324211,0.00348271,0.00652607,0.00344816,0.00429258
0.00659017,0.0067113,0.00585291,0.00300972,0.00146763,0.00221349,0.00533631,0.00480723,0.00346798,0.00559165,0.00321187,0.00249695
0.00989916,0.00843389,0.00692138,0.0035815,0.0019462,0.00140602,0.00681325,0.00451661,0.00302961,0.00509673,0.00281337,0.00409337
0.0117595,0.0108304,0.00857954,0.00435384,0.00192897,0.00261183,0.00614469,0.00445495,0.00283439,0.00416015,0.0020544,0.00452827
0.0120471,0.00949893,0.00874836,0.00499521,0.00192808,0.00184744,0.00426951,0.00301532,0.0033037,0.0055019,0.00303951,0.00441776
0.00932985,0.00967238,0.00992086,0.00513938,0.00196325,0.00150636,0.00302527,0.00360583,0.00385293,0.00571754,0.00316739,0.00350559
0.00820804,0.00659906,0.00897288,0.00509342,0.00169379,0.00187861,0.00604896,0.00448334,0.00366922,0.00560559,0.00292483,0.00393882
0.00759064,0.0075993,0.0101395,0.0046218,0.000963945,0.00242606,0.00753699,0.00576752,0.00350284,0.00605682,0.00359464,0.00305395
0.0102002,0.00974258,0.00996033,0.00478287,0.000659429,0.002154,0.00668168,0.00379844,0.00245624,0.0054054,0.00302772,0.00388619
0.0138897,0.0114555,0.00887148,0.00415437,0.000645956,0.00299273,0.00887513,0.00514389,0.00241729,0.00501978,0.002788,0.00510872
0.0140893,0.0100729,0.00732359,0.00307219,0.00062834,0.00295839,0.00865875,0.00484167,0.00220219,0.00427676,0.00228281,0.00428661
0.0151542,0.0119837,0.00666379,0.00332487,0.000946091,0.00187887,0.00637638,0.00436631,0.00266338,0.00298365,0.00151454,0.00496851
0.0159195,0.0121623,0.00815541,0.00402919,0.000824332,0.00206599,0.0072124,0.00548338,0.00316026,0.00426536,0.00213481,0.006223
0.0138349,0.0107074,0.0097268,0.00414223,0.000738299,0.00291154,0.00797201,0.00492448,0.00236908,0.00404232,0.0022924,0.00548582
0.0101929,0.00716454,0.00865117,0.0043481,0.000977517,0.00275337,0.00816152,0.00482067,0.00225901,0.00472659,0.00259124,0.00390392
0.00955376,0.0090099,0.00948084,0.00432723,0.000923147,0.00232532,0.00630071,0.00389383,0.00257259,0.00525525,0.00285903,0.00366803
0.014469,0.012362,0.00882373,0.00419977,0.000960745,0.000854737,0.00363252,0.00290579,0.00251834,0.00536128,0.00298502,0.00533607
0.0136179,0.00873743,0.00763336,0.00386215,0.000589635,0.00158193,0.00498359,0.00335327,0.00343483,0.005258,0.00270862,0.00578608
0.0151142,0.0119536,0.00798468,0.00351778,0.000602337,0.00181828,0.00483083,0.00324053,0.00343398,0.00451054,0.00255467,0.00578847
0.014334,0.0109887,0.00813331,0.00356493,0.000806764,0.00164921,0.00454878,0.00193966,0.00246926,0.00434465,0.00223926,0.00447542
0.0135667,0.00932256,0.00810913,0.00422441,0.000580669,0.000762698,0.0021112,0.0028877,0.00299756,0.00440219,0.00253503,0.00442589
0.0155138,0.0127136,0.00981579,0.00445109,0.000955143,0.000676181,0.00264429,0.00262594,0.00234328,0.00359915,0.00199458,0.00580594
0.0165008,0.0106975,0.00825707,0.00401763,0.00103299,0.00149105,0.00355352,0.00298548,0.00213341,0.0028317,0.00156326,0.0065387
0.0155508,0.0099823,0.00658616,0.00364632,0.000945054,0.00135821,0.00395631,0.00314553,0.0019857,0.00238015,0.00118232,0.00519282
0.0111036,0.00937993,0.00724782,0.00329569,0.000560427,0.000855664,0.00276371,0.0024192,0.00177585,0.00264101,0.00177369,0.00390995
0.0118589,0.00977676,0.00746174,0.00357928,0.000536909,0.0015218,0.00389265,0.00311281,0.00198496,0.00228214,0.00135451,0.00435503
0.0106486,0.00627787,0.0060882,0.00346556,0.00091082,0.00106809,0.00279139,0.00211911,0.00175233,0.00239927,0.00125726,0.0039393
0.00700908,0.00491094,0.00624348,0.00335662,0.000607092,0.00132134,0.00301889,0.00252254,0.00189842,0.00241366,0.00129195,0.00316477
0.00473161,0.00631885,0.00666547,0.00282337,0.000371046,0.00054062,0.0016569,0.00185039,0.00157403,0.00163696,0.000972736,0.0020633
0.00368403,0.00392781,0.00530861,0.00255761,0.000418452,0.000422182,0.00110662,0.000750843,0.00108298,0.00149028,0.000907904,0.00145892
0.00434219,0.00282296,0.0042004,0.00221053,0.000622825,0.000436661,0.000986744,0.00122348,0.00128691,0.00154715,0.000974653,0.00171186
0.00361705,0.00385397,0.00431975,0.00183675,0.000250458,0.000679686,0.00138975,0.00149853,0.00115565,0.00123525,0.000909076,0.00163006
0.0028998,0.00357816,0.00413815,0.00173096,0.000319981,0.000651481,0.00150498,0.00082675,0.000641873,0.000704386,0.00060993,0.00135441
0.00190189,0.00326076,0.004901,0.00239003,0.000568143,0.000566805,0.0015091,0.000703499,0.000917081,0.00120097,0.000823383,0.000862747
0.0023766,0.00304845,0.00541683,0.00286996,0.000538394,0.000552988,0.00102541,0.000663802,0.000748996,0.00174227,0.00105644,0.000986115
0.00219989,0.00352368,0.00569147,0.0027351,0.000391375,0.00058172,0.00108102,0.000775479,0.000846989,0.0021518,0.00130499,0.000781971
0.00221755,0.00381276,0.00610249,0.00269949,0.000354586,0.00046228,0.000756587,0.000701378,0.000983924,0.00196409,0.00112779,0.000887311
0.001256,0.00258421,0.00569457,0.00283879,0.000567146,0.000511464,0.000921671,0.000804656,0.000820029,0.00153069,0.00102267,0.000512463
0.00130474,0.00350247,0.00576107,0.0030585,0.000712825,0.000549622,0.00106182,0.00111862,0.00105828,0.00129285,0.000660307,0.000585211
0.000988765,0.00267472,0.00552211,0.00296153,0.000630002,0.000480281,0.00133069,0.000713744,0.000618878,0.00117283,0.000771237,0.000684249
0.00106148,0.00225243,0.00471359,0.00251069,0.000380071,0.000589405,0.00121411,0.000664052,0.000542687,0.00107024,0.000638119,0.000644036
0.000906294,0.00235811,0.00446089,0.00253039,0.000450438,0.000505688,0.000792531,0.00052356,0.000724686,0.00131932,0.000870404,0.000393736
0.000945614,0.00175096,0.00393448,0.00238251,0.000409784,0.000299641,0.000576464,0.000498649,0.000502358,0.000872713,0.000629555,0.000458154
0.000930711,0.00148981,0.00312997,0.00188206,0.000418673,0.000263155,0.000549765,0.000379138,0.000569066,0.00118621,0.00066655,0.00048859
0.000889729,0.000812597,0.00238623,0.00139075,0.000231115,0.000300899,0.000588662,0.000339858,0.000426045,0.000829689,0.000567402,0.000329352
0.000803453,0.00086734,0.00180328,0.0010488,0.000166991,0.000186696,0.000352485,0.000205532,0.000303641,0.000612862,0.000377286,0.000455073
0.000737459,0.000734609,0.00135602,0.000757392,0.000227594,0.000149883,0.000363992,0.000374168,0.000456157,0.0007745,0.00048134,0.000471009
0.000441881,0.000748258,0.00148158,0.000864017,0.000308945,0.000327767,0.000561469,0.000402101,0.000417493,0.000709817,0.000406353,0.000320491
0.000275508,0.000655293,0.00144138,0.000846435,0.000285017,0.000285664,0.000417943,0.000295083,0.000264252,0.000339716,0.000189659,0.000212018
0.00028263,0.00064448,0.00120993,0.000641423,0.000214611,0.000247744,0.000365905,0.000221028,0.000246997,0.000471151,0.000308746,0.000230753
0.000264433,0.000559515,0.000988056,0.000627955,0.000211188,0.000163706,0.000372368,0.000366275,0.000234195,0.000361932,0.000304138,0.00021766
0.000462644,0.000366047,0.000690507,0.000474527,0.000218563,0.000274301,0.000311918,0.000273171,0.000222385,0.000402889,0.000297393,0.00025705
0.000319042,0.000329669,0.00071752,0.000591012,0.00021875,0.000193845,0.00021334,0.000191242,0.000274035,0.000461394,0.000379072,0.000403032
0.000333777,0.000362141,0.000840041,0.000509813,0.000180261,0.000200324,0.000341504,0.000240296,0.000222873,0.000375006,0.000371218,0.000272401
0.000354172,0.000503263,0.000925272,0.000650221,0.000227095,0.000221468,0.000264501,0.000305288,0.000357461,0.000290218,0.000211489,0.00018589
0.000299223,0.000473413,0.000986253,0.000588893,0.000234219,0.000246308,0.00026119,0.000288745,0.000325946,0.000398127,0.000374406,0.000291912
0.000291914,0.00054171,0.0010417,0.000666136,0.000208976,0.000145996,0.000233179,0.000466328,0.00043775,0.000484495,0.000390219,0.000293864
0.000179609,0.000415451,0.000930193,0.000534933,7.1024e-05,0.000131321,0.000366904,0.000554355,0.00035225,0.000329389,0.000358291,0.000257138
0.000236763,0.000486449,0.00092651,0.000510405,0.000148784,0.000141757,0.000394244,0.000552185,0.000394827,0.000348398,0.000793834,0.0005685
0.000238649,0.00039994,0.000639047,0.000309809,0.00013087,0.000133383,0.000429234,0.000752147,0.000444389,0.00041963,0.000793462,0.000424317
0.000216611,0.000365177,0.000535011,0.00027357,0.00011242,0.000128879,0.000472396,0.000822897,0.000397965,0.000500533,0.00104226,0.00060336
0.000278553,0.000280271,0.00039819,0.000171598,9.1028e-05,0.000203709,0.000388564,0.000537507,0.00036663,0.000259989,0.000426435,0.000358878
0.000319652,0.000308696,0.000381816,0.000251569,0.000150537,0.000254421,0.00054626,0.00100525,0.000561579,0.000620638,0.00122632,0.000750478
0.000163834,0.00034389,0.000426044,0.000193516,0.000120103,0.000174758,0.000540795,0.00121962,0.000759627,0.000560934,0.00121396,0.000735108
0.00029538,0.0003521,0.000518697,0.00026214,0.000165802,0.000126707,0.000444502,0.000808468,0.000448914,0.000851718,0.00173897,0.00100756
0.000198211,0.00037034,0.000548257,0.000287419,0.000121216,0.000124298,0.000520499,0.00110131,0.000544764,0.00048925,0.00118843,0.000727204
0.000221513,0.000318258,0.000435912,0.000254962,0.000139653,0.000109786,0.000478248,0.000944027,0.000423578,0.000880493,0.00194301,0.00109535
0.000256053,0.00029937,0.00041012,0.000202391,8.7818e-05,0.000170063,0.000784765,0.00180999,0.000884892,0.000376945,0.000849107,0.000511506
0.00033281,0.000282237,0.000346657,0.000203748,7.08794e-05,0.000144974,0.000641007,0.00144677,0.000820888,0.000718728,0.00179133,0.0010821
0.000154774,0.000253212,0.000342676,0.00021339,0.000157401,0.000199707,0.0010537,0.00227845,0.00138098,0.00195464,0.00355953,0.00177295
0.000158471,0.000134543,0.000239324,0.000138932,0.000120337,0.000340534,0.000780891,0.00113704,0.00085214,0.00133124,0.0020299,0.00090269
0.000188143,0.00021262,0.000258452,0.000155504,0.000199724,0.000240382,0.000700944,0.00104855,0.000886502,0.00229191,0.00264804,0.000925548
0.00017089,0.000250281,0.000237891,0.000163077,0.000237232,0.000406514,0.000769208,0.00135516,0.000540865,0.00188652,0.00161142,0.00042268
0.000199208,0.000238458,0.000238385,0.000202198,0.000131926,0.00069532,0.00157822,0.000783658,0.000705223,0.00187993,0.00107861,0.000362974
0.000372035,0.000429143,0.000224194,0.000195967,0.000234701,0.0007923,0.00179589,0.000901088,0.000969549,0.00191002,0.00118117,0.000249374
0.000552996,0.00041926,0.000598438,0.000618399,0.000597485,0.00110495,0.00171081,0.00124833,0.0010817,0.00158599,0.0011441,0.00085947
0.000454598,0.000401413,0.000395497,0.000322745,0.000275812,0.00114094,0.00256318,0.00157673,0.00131564,0.00241722,0.00155069,0.000748143
0.000330349,0.000388077,0.000502127,0.000419339,0.000221824,0.000840419,0.00178601,0.00121419,0.00170663,0.00291793,0.00182811,0.000615951
0.000218949,0.000350578,0.000444578,0.000346685,0.0002632,0.00125059,0.00251906,0.00135147,0.00157991,0.00248879,0.001516,0.000554844
0.000194991,0.000313122,0.000404363,0.000413501,0.000343799,0.000983874,0.00229951,0.00118523,0.0016132,0.00388167,0.00236187,0.000490981
0.000293906,0.000344091,0.000292962,0.000300691,0.000255919,0.00183034,0.00432255,0.00236838,0.00141715,0.00321237,0.00178878,0.000248782
0.000238138,0.00012534,0.000295924,0.000293797,0.000282428,0.00158856,0.00356734,0.00170141,0.000784097,0.00201933,0.00140924,0.000354749
0.000185173,0.000266855,0.000543938,0.000551692,0.00034073,0.00160994,0.00342214,0.00227572,0.00162255,0.00356982,0.00181745,0.000326953
0.000217087,0.000205794,0.000429348,0.000429601,0.000343708,0.00115475,0.00244997,0.00177055,0.0018226,0.0040435,0.00210366,0.000400857
0.00028027,0.000224723,0.000312305,0.000553997,0.00044321,0.000536703,0.00217084,0.00220997,0.000835359,0.00208773,0.00104013,0.000407062
0.000357644,0.000426511,0.000669443,0.00114494,0.000744438,0.000736868,0.0020986,0.00177868,0.00144903,0.00328635,0.00201843,0.000616248
0.000323967,0.000273129,0.000524355,0.00114338,0.000665932,0.000811237,0.0013964,0.000966817,0.00121607,0.00231309,0.00169031,0.000828582
0.000234404,0.000187969,0.000425193,0.00110967,0.000711902,0.000388934,0.00108754,0.00132553,0.0011104,0.00180807,0.00165462,0.000654173
0.000200083,0.000207281,0.000427709,0.00106924,0.000793996,0.000423453,0.00105725,0.00202086,0.00127578,0.000641984,0.000948503,0.000511498
0.000234441,0.000306302,0.000704352,0.00148565,0.000818141,0.000316781,0.000608753,0.00237787,0.00151613,0.000990492,0.00195561,0.00114768
0.00031204,0.00022595,0.000444358,0.00111479,0.00106879,0.000397412,0.000660562,0.00199718,0.00100137,0.00116948,0.00139819,0.000963316
0.000369764,0.000304597,0.000802951,0.00181235,0.00117553,0.000246056,0.00104296,0.0029667,0.00186393,0.00116535,0.00128521,0.000759449
0.000382011,0.000330252,0.000920351,0.00254256,0.00170982,0.000472634,0.00101532,0.00284177,0.00164851,0.000565402,0.00127309,0.000798246
0.000311249,0.000423524,0.00104211,0.00324565,0.00215694,0.000289813,0.00155637,0.00416952,0.00275931,0.00141274,0.00177446,0.000950666
0.000137332,0.000166318,0.00111089,0.00403088,0.00283833,0.000382875,0.00153347,0.00362056,0.00208432,0.00107061,0.00244015,0.00174763
0.000236681,0.000250073,0.000571079,0.0022131,0.0017962,0.000378956,0.00226825,0.00641761,0.00374486,0.000966338,0.00246271,0.00205776
0.00040592,0.000309481,0.00109453,0.00309212,0.00213042,0.000502195,0.00270123,0.00437087,0.00154284,0.000937571,0.00218802,0.00164831
0.000414891,0.000738786,0.00098253,0.00166221,0.00149508,0.00150352,0.00227675,0.00304987,0.00226431,0.000656734,0.00185782,0.00163978
0.000328049,0.000408899,0.000862736,0.0012684,0.00109175,0.00109547,0.0044308,0.00408792,0.00118594,0.000566163,0.0013383,0.000925241
0.000382403,0.0011206,0.00216717,0.0018202,0.00110314,0.00128764,0.00403635,0.00319226,0.00152462,0.000646582,0.00100538,0.00076373
0.00015373,0.000870201,0.00146211,0.00137009,0.00100467,0.00202644,0.00591084,0.00363456,0.000740446,0.000806886,0.000459256,0.000167665
0.000349998,0.00142962,0.00386402,0.00248664,0.000359921,0.00156332,0.00528563,0.00284369,0.000543504,0.000653979,0.000943733,0.000823468
0.000228894,0.00126368,0.00375409,0.00219094,0.000608963,0.00186967,0.00489962,0.00205937,0.000785649,0.000810326,0.000501231,0.000375755
0.000271144,0.000699881,0.00194278,0.00155483,0.000723437,0.00155118,0.00424616,0.00244872,0.000748042,0.00110656,0.000494536,0.000212138
0.000436278,0.000969516,0.00197605,0.00111791,0.000426303,0.00168782,0.00461215,0.0028425,0.000488049,0.000431069,0.000272102,0.000263976
0.000386812,0.00111787,0.00264808,0.00156961,0.000509484,0.002312,0.00626113,0.00313206,0.000714555,0.000329328,0.000217965,0.000249661
0.000201862,0.00114489,0.00207947,0.000901661,0.000155251,0.00123836,0.00384896,0.00266237,0.000654398,0.000446695,0.000379024,0.000234348
0.000224354,0.00118962,0.00272292,0.00136202,0.000395195,0.00184643,0.00576565,0.00384845,0.000795591,0.000900406,0.000616481,0.000317873
0.000410304,0.000865435,0.00233983,0.00130895,0.000296729,0.00164098,0.00397878,0.00219833,0.000843543,0.00104438,0.000498057,0.000661909
0.000160161,0.000762988,0.00168469,0.00137467,0.000688581,0.000494016,0.000741178,0.000783916,0.000518589,0.000708752,0.000502699,0.000226256
0.00042394,0.00155324,0.00321355,0.00193788,0.000806379,0.00123838,0.00307919,0.00176348,0.000595344,0.000905984,0.000734922,0.000885426
0.00049529,0.00183559,0.00491699,0.00383246,0.00125275,0.000526027,0.00138923,0.00108287,0.000321588,0.000848616,0.00118706,0.000807117
0.000491063,0.000580803,0.00122208,0.00254977,0.0015889,0.000827725,0.00194567,0.0013187,0.000444645,0.000620741,0.000704467,0.000583479
0.00286361,0.00174531,0.00161976,0.00253093,0.00154117,0.000393047,0.00121165,0.000949712,0.000337292,0.000611493,0.000772053,0.00146623
0.00258169,0.00152938,0.00324225,0.00402916,0.0016984,0.000193777,0.000684198,0.000562669,0.000293432,0.000826561,0.00142581,0.00162478
0.00363614,0.00248091,0.00120049,0.00275429,0.0017978,0.000662922,0.00145695,0.0010469,0.000316785,0.000286827,0.000648264,0.00167172
0.00513706,0.00281338,0.00222489,0.00216719,0.000951154,0.000397278,0.000982648,0.000993193,0.00073311,0.000784515,0.000528099,0.00204017
0.000885137,0.000786836,0.00228005,0.00322607,0.00147472,0.000183578,0.000450165,0.000790056,0.000638379,0.00045241,0.00103382,0.000920511
0.0013401,0.00089147,0.00073434,0.0013392,0.00091966,0.000253055,0.000524186,0.000315938,9.81279e-05,0.000451325,0.00105443,0.00102264
0.00339337,0.00213536,0.00151154,0.00241268,0.00120651,0.000426144,0.00106701,0.00122852,0.000579789,0.000350134,0.000743191,0.0019134
0.00318614,0.00245533,0.00109384,0.00312185,0.00214326,0.00031819,0.000593603,0.000819173,0.000470819,0.000603842,0.00139046,0.00143597
0.00335297,0.00239191,0.00136346,0.00421786,0.00266169,0.000518355,0.00111037,0.00158582,0.00084089,0.00039717,0.00129675,0.00131756
0.00578618,0.00330501,0.00145141,0.00444514,0.00277004,0.000408499,0.000903438,0.00155088,0.000913159,0.000649865,0.0014045,0.00260897
0.00672636,0.00419809,0.00114365,0.00246329,0.00172265,0.000380467,0.000551354,0.000570204,0.000339054,0.000416477,0.000844182,0.00273757
0.00933239,0.00530839,0.00228491,0.00181726,0.00136503,0.000271802,0.00109142,0.00192717,0.00106114,0.000623146,0.000640896,0.00422065
0.00391182,0.00304504,0.00297725,0.00342869,0.00154602,0.000398098,0.000670509,0.000703399,0.000454973,0.000886168,0.00101171,0.00121824
0.00391984,0.00250637,0.00347107,0.00234958,0.000833353,0.000597222,0.000837734,0.000735484,0.000718814,0.00174299,0.00215511,0.0027199
0.00424665,0.00242187,0.00275128,0.00128723,0.000968767,0.000581359,0.000563788,0.000455635,0.000415707,0.00220171,0.00495965,0.00241853
0.00464475,0.0023686,0.00621778,0.00480478,0.00130212,0.000522299,0.000562331,0.000362596,0.000283658,0.00168894,0.00393834,0.00333621
0.00228595,0.00340959,0.00630885,0.0036484,0.000435127,0.000343854,0.000525291,0.000665442,0.000677032,0.00318771,0.00563857,0.00306312
0.00219011,0.00206404,0.00314849,0.00178418,0.000619211,0.000485121,0.000522657,0.000606995,0.000474785,0.00270734,0.00488207,0.00285392
0.0018932,0.00167472,0.00393185,0.00291339,0.000650127,0.000547617,0.00045166,0.000673378,0.000411491,0.00181143,0.00438398,0.00238098
0.00247955,0.00184174,0.00212923,0.00169692,0.000742494,0.000698378,0.000417233,0.00043841,0.000238241,0.00189908,0.00391685,0.00287199
0.00185868,0.00107423,0.000571956,0.000278316,0.000349231,0.000206694,0.000270806,0.000344189,0.000253229,0.00236739,0.00456973,0.00141961
0.00061891,0.00158612,0.00419421,0.00299144,0.000620798,0.000609292,0.000462639,0.000397659,0.000480839,0.00312468,0.00671442,0.00350283
0.00137774,0.00157521,0.00569665,0.00370685,0.000570712,0.000383287,0.000364958,0.000348475,0.000404134,0.0025672,0.00623985,0.00405609
0.000702667,0.002039,0.005914,0.00344658,0.00041712,0.000598552,0.000417533,0.000186116,0.000400848,0.003839,0.00929981,0.00575007
0.000658843,0.00160196,0.00486038,0.00313106,0.000424866,0.000708345,0.000501022,0.00017408,0.000233055,0.00462378,0.0123949,0.00719093
0.000464787,0.00110949,0.00212235,0.0013783,0.000368515,0.000448121,0.000472455,0.000300062,0.000542579,0.00410124,0.00980725,0.00526045
0.000710785,0.00161942,0.00431112,0.00256749,0.000617904,0.00093183,0.000577259,0.000310227,0.000553409,0.00268278,0.0055867,0.00323412
0.002596,0.0014419,0.00311438,0.00230165,0.000485576,0.000244029,0.000180841,0.000249504,0.000766564,0.00206555,0.00375644,0.00329742
0.00471471,0.00409496,0.00610774,0.00334801,0.000809997,0.000520915,0.000412204,0.000503173,0.00142605,0.0035274,0.00407126,0.00209618
0.00692161,0.00392528,0.00376384,0.00239608,0.000801853,0.000602182,0.000578909,0.000479815,0.000902498,0.00300325,0.00321013,0.00343488
0.00728192,0.0046358,0.00307861,0.00177961,0.000464657,0.000843266,0.00150817,0.0013245,0.00117097,0.00221002,0.00312827,0.0044357
0.00214722,0.00145017,0.00253047,0.00145148,0.000422986,0.000684636,0.00151262,0.00125813,0.000894309,0.00205849,0.00329116,0.00243767
0.00732759,0.00449222,0.00424984,0.00250256,0.000803971,0.000883473,0.0017269,0.00130465,0.000721085,0.00195858,0.0021683,0.00317064
0.00875822,0.00548596,0.00581411,0.00308284,0.000626316,0.000824201,0.00158811,0.00122984,0.000777943,0.000908459,0.00199383,0.00326363
0.00816479,0.00634664,0.0054922,0.00300026,0.000783622,0.000644299,0.0011097,0.00122474,0.00139273,0.00284636,0.00211373,0.00321153
0.00730929,0.00700437,0.00542306,0.00242039,0.000506887,0.000776985,0.00184367,0.00135819,0.000729815,0.00207754,0.00106664,0.00275089
0.00598283,0.0056978,0.00456408,0.00203542,0.000458479,0.000970923,0.00285184,0.00214413,0.00108802,0.00225637,0.00149343,0.00206823
0.00505029,0.00502626,0.00419491,0.00174548,0.00050968,0.00118948,0.00330541,0.00238423,0.00127693,0.00294016,0.00193678,0.00204183
0.00414851,0.0033718,0.00323419,0.00188003,0.000239832,0.0022762,0.00620625,0.00395621,0.00275866,0.00664728,0.00383136,0.00229655
0.00480465,0.00322625,0.00285561,0.00194648,0.000634232,0.00105469,0.00461337,0.00291059,0.00223765,0.00452746,0.00209538,0.00178925
0.00503341,0.00327158,0.00464192,0.00217725,0.000960496,0.00206756,0.00476937,0.00335038,0.002156,0.00430276,0.0028413,0.00260718
0.00414531,0.00365492,0.00554803,0.00258578,0.000978006,0.00212545,0.00654843,0.00434814,0.00172696,0.00406766,0.00271605,0.00246167
0.00421206,0.00432657,0.00356829,0.00220209,0.00159691,0.0032741,0.00774284,0.00519576,0.00390018,0.00907879,0.00534767,0.00143397
0.00718962,0.004677,0.00306013,0.00156243,0.00232067,0.00318771,0.00621667,0.00363425,0.00393775,0.00789267,0.00432168,0.00342706
0.00724725,0.00600262,0.00419606,0.00175394,0.00105394,0.00159211,0.00407225,0.00363221,0.00391048,0.00803239,0.00493212,0.00228002
0.0102123,0.00661768,0.00316026,0.00263919,0.00261439,0.00195009,0.00415108,0.00307373,0.00224456,0.00270934,0.00237432,0.00470124
0.00762079,0.00480305,0.00328071,0.00379441,0.00173815,0.00108073,0.00182474,0.00188923,0.00324032,0.00699856,0.00460206,0.0024575
0.00948664,0.00720786,0.00371414,0.00383921,0.00236001,0.00198852,0.00425849,0.00347125,0.002852,0.0080992,0.00433992,0.00317855
0.011284,0.00669428,0.00232595,0.00356306,0.0023907,0.000789114,0.0031114,0.00390456,0.00275434,0.00611147,0.00373636,0.00433348
0.0126008,0.00808489,0.00333977,0.00424218,0.0034507,0.00177627,0.0031566,0.00405678,0.00335618,0.00616519,0.00370576,0.00439566
0.01351,0.00773108,0.000877225,0.00292456,0.00329488,0.00149902,0.00237673,0.00351943,0.00241381,0.00361644,0.00183887,0.00509846
0.018278,0.00995696,0.00162212,0.00449954,0.00373949,0.00153825,0.00318282,0.00510156,0.00378528,0.00587043,0.00416961,0.00705834
0.0105953,0.00686529,0.00292451,0.0057034,0.00451792,0.00159483,0.00228414,0.00438548,0.00386165,0.00555121,0.00327348,0.00511458
0.0130867,0.00775717,0.00306836,0.00661303,0.00500622,0.00128616,0.00175425,0.00353223,0.00406627,0.00638465,0.00389445,0.00565867
0.019193,0.0109867,0.00296882,0.00632232,0.00468949,0.00135642,0.00263234,0.00542872,0.00593284,0.00887971,0.00556282,0.00762673
0.0084201,0.00531796,0.00252394,0.00615674,0.00402998,0.00104355,0.00221516,0.00388738,0.00451282,0.0090519,0.00612654,0.00535898
0.0102234,0.00657313,0.00187646,0.00484625,0.00366937,0.00125643,0.00128336,0.00308216,0.00339463,0.00629268,0.00414703,0.00518557
0.0111302,0.00628052,0.00239548,0.0034933,0.00288769,0.00233702,0.00227778,0.00357332,0.00456883,0.00804457,0.00509588,0.0055918
0.0119259,0.00579135,0.00266262,0.00264516,0.00216548,0.00271717,0.00183826,0.00243413,0.00325584,0.00806734,0.00728858,0.00519047
0.0118553,0.00815824,0.00400225,0.0028901,0.00197184,0.00178816,0.00192339,0.00162771,0.0031708,0.00807184,0.00766831,0.00559695
0.00997772,0.0068654,0.00350862,0.00181433,0.00186604,0.00259725,0.00174248,0.00134815,0.00244496,0.00474594,0.00500231,0.00343947
0.00829554,0.00467971,0.00264691,0.00112007,0.00214098,0.00346787,0.00216255,0.00128946,0.00268085,0.00705632,0.00733404,0.00304497
0.00917006,0.00547435,0.0029346,0.00150122,0.00187109,0.00433975,0.00258307,0.0012154,0.00154366,0.00401743,0.00641553,0.00441962
0.00762182,0.00573118,0.00378834,0.00195155,0.00294395,0.00509766,0.00260361,0.00153091,0.00226549,0.0053446,0.00613325,0.00400841
0.0076937,0.00505299,0.00423885,0.00235827,0.00293736,0.00515571,0.00279973,0.000910766,0.00156008,0.00511369,0.0073634,0.00426996
0.0103819,0.00607669,0.00441684,0.00241867,0.00263453,0.00508772,0.00263224,0.000674225,0.00174484,0.0053111,0.00798419,0.00611848
0.00846453,0.00573885,0.0038685,0.00199326,0.00217978,0.00488994,0.00265178,0.000979931,0.00127555,0.0044216,0.007438,0.00564024
0.00541118,0.00379908,0.00418277,0.0016061,0.00284778,0.00553364,0.00202836,0.00132051,0.00153455,0.00379441,0.00704319,0.00461673
0.00723023,0.00560773,0.00443217,0.00180794,0.00268709,0.00527524,0.00205182,0.00148782,0.00300433,0.00586006,0.00643305,0.00333164
0.00785183,0.00501945,0.00361777,0.00175472,0.00219905,0.00456167,0.00242297,0.00111731,0.00155331,0.00482093,0.00477618,0.00368173
0.00689954,0.00461739,0.00443668,0.00276306,0.0037612,0.00468538,0.00221779,0.00199143,0.00289962,0.00415627,0.00330268,0.00192138
0.00662314,0.00454297,0.00171334,0.00146431,0.00305246,0.00232863,0.00177739,0.00297422,0.00310538,0.00994174,0.00871448,0.00407319
0.00746338,0.00490006,0.00165226,0.00121569,0.00229078,0.00187136,0.00150906,0.00287806,0.00613795,0.0115587,0.00906183,0.00459596
0.00853208,0.00527643,0.00140486,0.00106372,0.00134797,0.000869443,0.00132348,0.0026445,0.00699846,0.0164732,0.0117273,0.00447748
0.00974337,0.00555941,0.00114056,0.00165794,0.00282071,0.000976344,0.00127651,0.00206039,0.00583327,0.0160835,0.00889231,0.00406135
0.00827356,0.00518587,0.00102241,0.00202069,0.00482729,0.00317783,0.00206198,0.00333472,0.00787828,0.0160527,0.00884453,0.00374083
0.00685748,0.00454967,0.00117911,0.00155186,0.00381694,0.002043,0.00285671,0.00435402,0.00705507,0.0154127,0.00855283,0.00234985
0.00753771,0.00476399,0.00124321,0.00171759,0.00270911,0.00256818,0.00314724,0.00560176,0.00661664,0.0108731,0.00642081,0.00286362
0.0069496,0.00403059,0.00191995,0.000970668,0.00167666,0.00230575,0.00422559,0.00713003,0.00695774,0.00997547,0.00661655,0.0035595
0.00642821,0.00356159,0.00120361,0.0020385,0.00250445,0.00256311,0.00375815,0.00688911,0.00621393,0.0114894,0.00738307,0.00347651
0.00878912,0.00525278,0.00137672,0.00110378,0.00115647,0.00137038,0.00359826,0.00713776,0.00633703,0.0102151,0.00760888,0.00488759
0.00576969,0.00283677,0.00172356,0.00165042,0.00164244,0.00211899,0.00520577,0.011258,0.00734929,0.00877603,0.00600576,0.00309819
0.00788574,0.00477735,0.00252917,0.00150394,0.000928582,0.00187447,0.00523128,0.0130322,0.00881398,0.00458822,0.00380791,0.00454275
0.00774972,0.00538617,0.00322106,0.00216211,0.000837072,0.00213488,0.00531863,0.0125825,0.00816451,0.00734401,0.00563254,0.00576744
0.00722398,0.00453637,0.00432547,0.00275875,0.00109082,0.00205144,0.0053511,0.0123589,0.00640313,0.00675378,0.00486714,0.00350369
0.00723344,0.00538663,0.0036582,0.00293753,0.00160649,0.00243722,0.00560994,0.0128541,0.00908608,0.00602393,0.00459501,0.00270892
0.00602718,0.00556846,0.00385435,0.0016148,0.00167344,0.00421004,0.0100898,0.0146743,0.00891158,0.00578564,0.00335867,0.00259889
0.00302737,0.00304438,0.00443522,0.00225563,0.00248758,0.00375424,0.00762039,0.0103972,0.00856087,0.00992579,0.00582383,0.00248614
0.00484861,0.00469767,0.00372901,0.00209393,0.00183151,0.00302627,0.00876046,0.00925599,0.00837488,0.00680258,0.00340395,0.00244463
0.00413102,0.00319277,0.00259166,0.00216813,0.00263133,0.00581003,0.0120545,0.00960983,0.00755334,0.00921944,0.00421426,0.0021483
0.0052466,0.00287641,0.00257768,0.00196617,0.00164192,0.00492114,0.0147244,0.0100986,0.00266194,0.00657977,0.00346424,0.00288432
0.00704163,0.00582704,0.00285976,0.00218009,0.00203732,0.00627099,0.0159855,0.0123269,0.00584471,0.00573627,0.00315729,0.00304987
0.00532312,0.0038631,0.00226054,0.00188832,0.00174582,0.00527584,0.0110014,0.00799178,0.00345566,0.00417909,0.00349762,0.00274143
0.00339249,0.00413892,0.00262495,0.00195687,0.00311866,0.0051798,0.00997736,0.00654293,0.00345433,0.00608407,0.00426394,0.00237074
0.00260831,0.00266354,0.00209274,0.00142183,0.00245249,0.00421845,0.00953279,0.00660735,0.00449977,0.00685655,0.00278983,0.00177207
0.00322936,0.00371545,0.00191635,0.00121112,0.002925,0.00664064,0.0119403,0.00647638,0.00430537,0.00705612,0.00373036,0.00160634
0.00183256,0.00220969,0.00117296,0.00146716,0.00248262,0.00777401,0.0155533,0.00916645,0.00526832,0.00568946,0.00278297,0.00133882
0.00284455,0.00281903,0.00132918,0.000965978,0.00187011,0.00813507,0.0163981,0.00904625,0.00427307,0.00591625,0.00389974,0.00111653
0.0024568,0.00267118,0.00179601,0.000630989,0.00142436,0.00533647,0.0109768,0.00734043,0.00228041,0.00413396,0.00266587,0.00109348
0.00399498,0.00285893,0.00142998,0.00202686,0.00234403,0.00713773,0.0127669,0.00807699,0.00322711,0.00430403,0.00244883,0.00151293
0.00468017,0.00346856,0.0030662,0.00419579,0.00380138,0.00737937,0.0118853,0.00467112,0.00298482,0.00363601,0.001693,0.00264425
0.00279572,0.00289503,0.00379457,0.00476292,0.00303062,0.00416049,0.00848194,0.00432399,0.00206469,0.00423562,0.00338859,0.00111317
0.00268592,0.00201276,0.00354042,0.00508481,0.0033441,0.00425431,0.00663163,0.00351763,0.00324929,0.00365794,0.00211879,0.00192269
0.00189957,0.00262733,0.00456685,0.00671775,0.00426103,0.00292715,0.00558288,0.0038949,0.0019891,0.00266161,0.00283299,0.0015106
0.00131602,0.00181691,0.00580243,0.0099418,0.00484326,0.0022185,0.00621633,0.00476547,0.00146095,0.0013027,0.00249792,0.00190717
0.00194598,0.00186124,0.00440556,0.01084,0.00574353,0.00230092,0.00542786,0.00493322,0.00219832,0.00156515,0.00211637,0.0024624
0.00112266,0.00158996,0.00513122,0.010966,0.00598815,0.00202317,0.00316916,0.00239928,0.00142264,0.00240424,0.00323755,0.00223952
0.0020153,0.00126106,0.00517613,0.0113912,0.00654746,0.00234813,0.00417659,0.00347663,0.000923326,0.00370233,0.00377288,0.00246988
0.00133859,0.000563456,0.00448468,0.0109051,0.00609389,0.00209248,0.00296695,0.00215135,0.00136097,0.0026869,0.00331294,0.00229373
0.0015028,0.00165796,0.00486937,0.0112323,0.00664773,0.000884169,0.00285334,0.00334866,0.00151435,0.00238958,0.00321478,0.00232475
0.00094652,0.00052038,0.00462414,0.0112745,0.00638005,0.00131038,0.00253698,0.00213229,0.00124247,0.00227399,0.00259783,0.00136313
0.00104796,0.00124172,0.00487435,0.0116364,0.00666731,0.00115846,0.00167933,0.00304961,0.00231668,0.00237407,0.00315321,0.00212507
0.000822834,0.00111116,0.00477387,0.0112327,0.00631694,0.00146647,0.00148586,0.00285972,0.00183239,0.00344545,0.00389312,0.00204913
0.000713842,0.00120064,0.00531097,0.0122742,0.00692261,0.00145599,0.00196603,0.00228945,0.00129915,0.00190637,0.00238285,0.001098
0.000886652,0.00124729,0.0042493,0.00772717,0.00422357,0.00116394,0.00111296,0.00125444,0.00089158,0.000903229,0.00123047,0.00125768
0.0013879,0.000793592,0.00305529,0.00431967,0.00293233,0.0012287,0.00110372,0.00131101,0.00145142,0.00173042,0.00150551,0.00113321
0.00108161,0.00252532,0.00307931,0.00327229,0.00215327,0.000783796,0.000771386,0.00147345,0.00209712,0.0026804,0.0018657,0.00112937
0.00145555,0.00267789,0.00390655,0.00359881,0.0020978,0.00110213,0.00180309,0.00153281,0.00222191,0.00331978,0.00228436,0.0017148
0.0025805,0.00267995,0.00320989,0.0019072,0.000921909,0.00100599,0.00149439,0.00137925,0.00119043,0.0017785,0.00135483,0.00164691
0.0014145,0.00241622,0.00313675,0.00179361,0.0015537,0.000935258,0.0021132,0.00137826,0.00149128,0.00245129,0.00179502,0.000816426
0.00214186,0.00347717,0.00423717,0.00178174,0.00208605,0.00139849,0.00233571,0.00177872,0.00128747,0.001434,0.00162448,0.00137739
0.00101376,0.00266272,0.00531036,0.00371684,0.00163144,0.00119746,0.00164601,0.00129933,0.00137371,0.00176771,0.00177301,0.00134257
0.00361081,0.00427907,0.00623184,0.00545845,0.00229653,0.00106106,0.00132994,0.000869793,0.00147717,0.00205773,0.00100995,0.00171153
0.00287098,0.00499531,0.00686278,0.00410175,0.00200641,0.00127332,0.0027661,0.00203418,0.00118085,0.00172105,0.00127317,0.00161918
0.00258546,0.00427405,0.00546263,0.00179817,0.00131564,0.00170026,0.00262266,0.00184932,0.00112309,0.00182414,0.00142586,0.00100932
0.00505021,0.00654825,0.00694816,0.00408902,0.00105234,0.00103676,0.00195008,0.00103677,0.00079878,0.00137853,0.000911587,0.00156236
0.00570958,0.00726673,0.00733105,0.00367833,0.000997013,0.000973165,0.00178525,0.00126094,0.00129242,0.00251541,0.00170377,0.00238383
0.00210656,0.00544487,0.00618495,0.00309376,0.00101621,0.00123065,0.00242536,0.0015198,0.00113193,0.00222715,0.0010565,0.00179485
0.00675591,0.00768832,0.00571746,0.00272214,0.000763659,0.00117035,0.00231703,0.000888798,0.00108046,0.00247823,0.00140288,0.00182548
0.00356124,0.00621283,0.00648044,0.00258254,0.000821607,0.00157365,0.00294757,0.00163326,0.00211142,0.00366309,0.00175991,0.00134408
0.00301636,0.00574538,0.00661387,0.00313863,0.000875839,0.0013584,0.00292067,0.00200775,0.0017462,0.00343453,0.00253106,0.00100233
0.00235576,0.00421335,0.00540101,0.00274186,0.000807925,0.00111069,0.00239904,0.00170349,0.00137276,0.00279422,0.00330501,0.00176621
0.00255377,0.00447827,0.00566285,0.00255591,0.000902425,0.00153177,0.00322077,0.00220878,0.00157579,0.00172898,0.00199519,0.000901498
0.00249917,0.00477487,0.00664429,0.00300757,0.000306085,0.0016857,0.00391638,0.00218511,0.00173803,0.00188561,0.00165927,0.00101861
0.000502544,0.00327686,0.00668421,0.00377664,0.000910601,0.00185841,0.00428669,0.00400387,0.00309315,0.00242771,0.00246293,0.00112496
0.000570871,0.0027252,0.0057729,0.00255062,0.000852303,0.00185544,0.00310048,0.00251364,0.00208847,0.00280913,0.00268039,0.00157601
0.00093342,0.00323002,0.0052712,0.00240912,0.000867148,0.00146099,0.00355106,0.00376429,0.00222284,0.00318849,0.00449753,0.00210918
0.00108124,0.00378586,0.00529701,0.00212265,0.000387841,0.0014506,0.00372562,0.003373,0.00283058,0.00367162,0.00444608,0.00245749
0.000612784,0.00296537,0.00462607,0.00226303,0.000499641,0.00171699,0.00471094,0.00372624,0.00199435,0.00318946,0.00502225,0.00233253
0.00108283,0.00284834,0.00471628,0.0027657,0.000867131,0.00163767,0.0038116,0.00313057,0.00159834,0.00267859,0.00369193,0.00219502
0.000644682,0.00368096,0.00575903,0.00283403,0.0007277,0.00102802,0.00267981,0.0026122,0.00170756,0.00173688,0.00417373,0.00288602
0.00110881,0.00363717,0.00551273,0.00236317,0.000375185,0.000887679,0.00251473,0.00326453,0.00305203,0.00262583,0.00371799,0.00211994
0.000932986,0.00249457,0.00418159,0.00254309,0.00057136,0.000952864,0.00269779,0.00420162,0.00282912,0.00218696,0.00460251,0.00287195
0.00104914,0.00254975,0.00401574,0.00246813,0.00105745,0.000755781,0.00246711,0.00370213,0.00281193,0.00162041,0.00183281,0.00110349
0.000953409,0.00242804,0.00370112,0.00193602,0.000668923,0.00109513,0.0031011,0.00233092,0.0016959,0.00195648,0.00158357,0.00107103
0.00129818,0.00269291,0.00375993,0.00166025,0.000616571,0.00152225,0.00449493,0.0028683,0.000913349,0.00385422,0.0039475,0.00187839
0.00126996,0.00213462,0.0034971,0.00178396,0.00039845,0.00152516,0.00464535,0.00263458,0.00153279,0.00260839,0.00197678,0.00156647
0.00061142,0.00194181,0.00335007,0.00165717,0.000449086,0.00206309,0.00450939,0.00254895,0.000677752,0.00245232,0.00374848,0.00184666
0.000529031,0.00182585,0.003054,0.00163239,0.000682899,0.00196733,0.00544052,0.00332718,0.000942359,0.00291218,0.00219734,0.000990335
0.00107888,0.00255061,0.0034249,0.00169874,0.000754443,0.00181653,0.0047145,0.00289236,0.00118341,0.00395298,0.00315551,0.0010966
0.000687539,0.00288045,0.0044535,0.00203031,0.000600577,0.0018789,0.00533669,0.0030655,0.0013017,0.00323464,0.00247207,0.00102002
0.00120477,0.0027566,0.00487116,0.0027969,0.000995328,0.00231809,0.00606873,0.00330969,0.00106548,0.00296031,0.00125338,0.000961191
0.000727602,0.00349146,0.00664605,0.00345046,0.000671291,0.00235307,0.00594142,0.00362943,0.00170227,0.00345608,0.00150806,0.000684686
0.000718569,0.00450247,0.00876704,0.00432983,0.000821234,0.00173733,0.00620066,0.00389548,0.00137565,0.00351325,0.00196679,0.000553648
0.000605031,0.00421183,0.00944237,0.00505719,0.000983018,0.00134503,0.00387418,0.0024031,0.00185602,0.00432074,0.0022801,0.000736628
0.000524327,0.00415381,0.0100123,0.00541588,0.000597567,0.00139253,0.00392288,0.00265211,0.00128699,0.00445064,0.00276594,0.000460763
0.000635058,0.00454448,0.0105938,0.00569455,0.000682411,0.00113484,0.00321029,0.00177061,0.00153441,0.0036113,0.00228196,0.000791597
0.000635262,0.00523989,0.0115333,0.00613091,0.000745138,0.00152132,0.0038454,0.00210965,0.00124208,0.00306863,0.00182265,0.000477938
0.000514765,0.00443925,0.0103886,0.00560457,0.000493792,0.00126302,0.00299552,0.00172121,0.00128396,0.00333858,0.00241609,0.000382743
0.000586673,0.00363906,0.00990302,0.00598907,0.000914249,0.00117217,0.0033597,0.00243089,0.00173951,0.00417948,0.00270359,0.000717555
0.00113816,0.00470457,0.0102327,0.0062594,0.00136586,0.000859739,0.0021989,0.00156603,0.00139049,0.00301003,0.00206924,0.000729325
0.00105569,0.0032685,0.00823683,0.00462629,0.000801322,0.000922005,0.00254359,0.00309407,0.00221966,0.00274764,0.00168057,0.00141413
0.000832682,0.00324988,0.00803002,0.00471584,0.00110717,0.000802882,0.00232505,0.00363738,0.00154667,0.00206145,0.00179631,0.000624312
0.000824542,0.00350829,0.00774295,0.00442543,0.000831233,0.00131636,0.00425133,0.00515088,0.00226999,0.00209766,0.00138426,0.000803206
0.000616026,0.00425005,0.00820289,0.00405744,0.000657177,0.00130872,0.00382766,0.0034888,0.00166647,0.00185969,0.00173639,0.000959489
0.00087318,0.00368045,0.00830077,0.00453029,0.00115549,0.00139275,0.00282809,0.00204174,0.00151694,0.00170421,0.00190319,0.00161422
0.00104775,0.00436353,0.00951303,0.00606163,0.00140856,0.00127396,0.00322125,0.00287271,0.0013409,0.00151614,0.00155629,0.00137225
0.000469732,0.00462059,0.00999493,0.00503892,0.000615498,0.000673131,0.0020702,0.00327969,0.00194485,0.00226499,0.00183594,0.000867
0.000568673,0.00475049,0.0108452,0.00591372,0.000931508,0.000559956,0.00238418,0.00425758,0.00244623,0.00208312,0.00267938,0.00190492
0.00109672,0.00482584,0.0113545,0.00680951,0.00149479,0.0010446,0.00244132,0.00288796,0.00147913,0.0016791,0.00169025,0.00129085
0.00112838,0.00489385,0.0120098,0.00696679,0.00153525,0.000807361,0.00284634,0.00403862,0.00152495,0.00230179,0.00192755,0.00112001
0.000460992,0.00488966,0.011579,0.00665996,0.00132125,0.000848938,0.003246,0.00476964,0.00249736,0.00224705,0.00261746,0.00112619
0.000758346,0.0042717,0.00981496,0.00644645,0.00204492,0.00113659,0.00462021,0.00629761,0.00292718,0.00253843,0.00241487,0.000935993
0.000843158,0.00361326,0.00744093,0.00431577,0.00137411,0.000743785,0.00392118,0.00651267,0.00332068,0.00306131,0.00261928,0.000865864
0.000571289,0.00310605,0.00744867,0.00446031,0.00119116,0.00122569,0.00499808,0.00526449,0.00178552,0.00294033,0.00227381,0.00121046
0.000551238,0.00386422,0.00910999,0.00464769,0.00119848,0.0019408,0.0058103,0.00366663,0.00104943,0.00253005,0.00189265,0.00100326
0.000833119,0.00404913,0.00915229,0.00521184,0.00105164,0.00222329,0.00575219,0.00338945,0.00172299,0.00291434,0.00204318,0.00108171
0.000403179,0.00291344,0.00763643,0.00489211,0.00100576,0.00191699,0.00447557,0.00236738,0.000882744,0.00216937,0.00155636,0.000682728
0.000721096,0.00286643,0.0067924,0.00454196,0.00116319,0.00355551,0.00863942,0.00471037,0.000860689,0.00205298,0.00148206,0.000621862
0.000952476,0.00381246,0.00874531,0.00488592,0.000975368,0.00262851,0.00692596,0.00421992,0.00122132,0.00293903,0.00162349,0.000658754
0.000685535,0.00491591,0.0131345,0.00791304,0.00114396,0.00155033,0.00481759,0.00332291,0.00120073,0.00271953,0.00195683,0.000615178
0.00111821,0.00461182,0.0128055,0.00782495,0.00079175,0.0014785,0.00392565,0.00278978,0.00090974,0.00292223,0.00211043,0.000810501
0.00075934,0.00456261,0.0122839,0.00759537,0.00103751,0.00270086,0.00699706,0.00361958,0.00135817,0.00348393,0.00238272,0.000653567
0.000499441,0.00393068,0.0113533,0.00728327,0.00105735,0.00195854,0.00593678,0.00388581,0.00168186,0.00333383,0.00236114,0.000486415
0.000687255,0.00391033,0.0110046,0.00749593,0.00122286,0.00115679,0.00388447,0.00279755,0.00139078,0.00301491,0.00147649,0.000563938
0.000595238,0.00356391,0.011386,0.0077348,0.00126176,0.00332658,0.0086932,0.00466025,0.00131467,0.00265661,0.00166192,0.000610132
0.000921676,0.00322447,0.010137,0.00669556,0.000942425,0.00259151,0.00606323,0.00358719,0.00124494,0.00205411,0.00139409,0.000550962
0.000373283,0.00367353,0.00971977,0.00572916,0.000993204,0.00105384,0.00313838,0.0019155,0.00115437,0.00306704,0.00223618,0.000718252
0.00193625,0.00358877,0.00941329,0.00666196,0.0009983,0.00120454,0.00294473,0.00253466,0.00150095,0.00340825,0.0025549,0.00112687
0.00390197,0.0041623,0.00801728,0.00568861,0.001033,0.00109109,0.00374979,0.00294631,0.00134733,0.00289739,0.00226746,0.00261845
0.00366888,0.00432658,0.00804962,0.00609639,0.00179345,0.00110581,0.00277208,0.00230882,0.00111702,0.00206212,0.0020249,0.00183676
0.00379257,0.00348916,0.00695755,0.00562035,0.00214167,0.00064167,0.00191912,0.00164182,0.000631439,0.0021632,0.00192845,0.00197531
0.00485481,0.00347018,0.00652758,0.0062769,0.00207093,0.000791751,0.00207679,0.00183721,0.0012747,0.00266077,0.00207427,0.00255705
0.00500332,0.00517655,0.00794507,0.00770122,0.00321936,0.000948605,0.00166284,0.000766984,0.0012783,0.0028065,0.00213882,0.00215832
0.0033479,0.00347173,0.00609242,0.00537672,0.00185427,0.000807994,0.0011679,0.000799475,0.00088291,0.00201771,0.00188236,0.00177554
0.00510638,0.0046709,0.00713751,0.00741148,0.00266389,0.000394285,0.000916262,0.000765614,0.00081847,0.00190682,0.00162757,0.0022841
0.0051871,0.00587399,0.00880184,0.00716532,0.00169443,0.000437971,0.000711545,0.000975227,0.00109638,0.00199226,0.00216157,0.00245103
0.00580117,0.00533913,0.00714478,0.00702503,0.00282736,0.00061388,0.00118528,0.00128097,0.000722277,0.00133487,0.00114942,0.00227905
0.00920563,0.00811465,0.00773571,0.0063232,0.00172899,0.000650178,0.00113865,0.00174249,0.00142992,0.00139391,0.0016784,0.00322553
0.00891273,0.00813131,0.00825379,0.00666526,0.00214719,0.000650601,0.00122954,0.00138794,0.000874783,0.00121905,0.00156164,0.00344528
0.00501422,0.00534006,0.00796575,0.00644798,0.00257869,0.000573481,0.000940205,0.00122226,0.000772444,0.000565921,0.00115103,0.00238207
0.00403807,0.0045632,0.00660291,0.00685502,0.00301269,0.00128903,0.000987854,0.00106623,0.000885585,0.0010745,0.000826007,0.00113321
0.00143631,0.00265685,0.00472862,0.00540031,0.00238011,0.00100475,0.00124381,0.00141374,0.00110403,0.00129406,0.0024471,0.001928
0.00523115,0.00427679,0.00480887,0.00640108,0.00304985,0.000791087,0.00128997,0.00178634,0.00127988,0.00147852,0.0027184,0.00271111
0.0038375,0.00280131,0.00373044,0.00476204,0.00254491,0.00109081,0.00121633,0.0029901,0.00206748,0.00198347,0.00272701,0.00261669
0.00297308,0.00279328,0.00438551,0.00410168,0.00105498,0.000948443,0.00129268,0.00273122,0.00192822,0.00249841,0.00358829,0.00239162
0.00252446,0.00276351,0.0059998,0.0037519,0.00104497,0.0014096,0.00151227,0.00243712,0.00147088,0.00151605,0.00446374,0.00320214
0.0016257,0.00264912,0.00606222,0.00379796,0.0012866,0.000674615,0.00135101,0.00247043,0.00145692,0.00220071,0.00541649,0.00351236
0.00191468,0.0025389,0.00407663,0.00321585,0.0013243,0.000504696,0.00144794,0.00231292,0.00105345,0.00217693,0.00492146,0.00312651
0.0010385,0.00118178,0.00331785,0.0021295,0.00115287,0.00180913,0.00207941,0.00272371,0.00178595,0.00225521,0.00359433,0.00277804
0.00121468,0.00185295,0.00508068,0.00319831,0.00089978,0.00125018,0.00140398,0.00341366,0.00246411,0.00246616,0.00424949,0.0027227
0.00101841,0.00147621,0.00495195,0.0032056,0.000848922,0.0018898,0.00243267,0.00462395,0.00277451,0.00307774,0.00769123,0.00409241
0.000880325,0.00189422,0.00523231,0.00317813,0.000928233,0.00222305,0.00323587,0.00575646,0.00356194,0.00209261,0.00606503,0.00367389
0.000864608,0.00199149,0.00514769,0.00266627,0.000688789,0.00241809,0.00337475,0.00654565,0.00453951,0.00195396,0.00468735,0.00369932
0.000793919,0.00205714,0.00494301,0.00264194,0.000655356,0.0014719,0.00260583,0.00481243,0.00319044,0.00267506,0.00553139,0.00293921
0.000604385,0.00266175,0.00605374,0.00313163,0.000792749,0.00170226,0.00315239,0.00808239,0.00504301,0.00513315,0.00722588,0.00299813
0.000470065,0.00299151,0.00833829,0.00466434,0.000951416,0.00186305,0.00457752,0.0125481,0.00889015,0.00481748,0.00811648,0.00409424
0.000915618,0.00410769,0.00941263,0.00469573,0.00137994,0.00408825,0.00727175,0.0109452,0.00813028,0.00304778,0.00348788,0.00223932
0.000958497,0.00371958,0.00784712,0.00450771,0.00060844,0.00384794,0.00964739,0.0131696,0.00827126,0.00403385,0.0045496,0.00259425
0.0011182,0.00353965,0.00555244,0.00295401,0.000870576,0.00361407,0.00740224,0.00752138,0.00483429,0.00309492,0.0064999,0.00478902
0.00165588,0.00174411,0.00399498,0.00214929,0.00092584,0.00469153,0.0114843,0.00929435,0.00327624,0.00383054,0.0046353,0.00312924
0.000777611,0.00263229,0.00656079,0.00372519,0.000626755,0.00354711,0.0104614,0.00904141,0.00370313,0.00315785,0.00302305,0.00211891
0.000751023,0.00430823,0.00825672,0.00403287,0.000730107,0.00362773,0.00913747,0.00610361,0.0026001,0.00406101,0.00470382,0.00269622
0.00163778,0.00340332,0.00896918,0.0047359,0.0018188,0.00433633,0.0106347,0.00947046,0.00312207,0.00365525,0.0058429,0.00387625
0.00167702,0.00511385,0.0109621,0.0061454,0.00159149,0.00283974,0.00815713,0.00544231,0.0034764,0.00317866,0.00474283,0.0034004
0.000941301,0.00435851,0.010004,0.0051049,0.00165055,0.00241823,0.00568396,0.00384099,0.00413912,0.00660323,0.00474073,0.00178416
0.00110164,0.00325183,0.00566514,0.00296398,0.0018417,0.00213477,0.0052601,0.00428061,0.002756,0.00481202,0.00497847,0.00332564
0.000933687,0.00221272,0.00206679,0.00139455,0.000989994,0.0030685,0.00839392,0.00666218,0.00389067,0.00641445,0.00522107,0.00314382
0.00125133,0.00266666,0.00365977,0.00180227,0.00143331,0.00259249,0.00849726,0.00734814,0.00619685,0.00855474,0.00560512,0.00224474
0.000994038,0.00368627,0.00611908,0.00396122,0.00206796,0.00373338,0.0136531,0.0121631,0.00461792,0.00378199,0.00304378,0.00280117
0.00193876,0.00562678,0.00928739,0.00473869,0.00154778,0.00508605,0.0154145,0.0125473,0.00444992,0.00508877,0.00527335,0.00296269
0.00114828,0.00460148,0.00860165,0.00425689,0.0023362,0.00488669,0.0126723,0.0103778,0.00511012,0.00589128,0.00592636,0.00296789
0.00141067,0.00367143,0.00899996,0.00891812,0.00446556,0.00282949,0.00797077,0.0074936,0.00382684,0.00362976,0.00428796,0.00329572
0.000914867,0.002482,0.00575609,0.00998016,0.0057079,0.00294618,0.00571719,0.0081902,0.00555612,0.00346753,0.00427239,0.00364823
0.00161754,0.00234732,0.00596323,0.0108736,0.00640843,0.0012681,0.00591629,0.00638154,0.00376522,0.00449647,0.00512937,0.0020585
0.00123302,0.00248606,0.00688719,0.0131734,0.00723225,0.00268548,0.00751435,0.00727899,0.00295277,0.00233783,0.00377623,0.00233448
0.000682837,0.00135011,0.00597251,0.0128512,0.00771756,0.00148503,0.00521304,0.00579471,0.00244661,0.00132648,0.00341246,0.00288096
0.0014678,0.00214358,0.00977257,0.0167295,0.00876832,0.00172495,0.00444081,0.00619766,0.00317708,0.00260473,0.00581562,0.00318157
0.000921711,0.00314221,0.00998647,0.0167669,0.00879248,0.00166217,0.00301454,0.00311685,0.00148356,0.00285768,0.00567586,0.00305313
0.000657523,0.00301561,0.0101133,0.0171022,0.00909081,0.00153098,0.00375893,0.00325499,0.00167857,0.00239262,0.00370762,0.00237434
0.000994605,0.00273823,0.00972341,0.0176626,0.010227,0.00153219,0.00445725,0.00530449,0.00246424,0.00228153,0.00473434,0.00293355
0.00119695,0.00192311,0.0101862,0.0192762,0.0105134,0.00197406,0.00248502,0.00361823,0.00214903,0.0023753,0.00531806,0.00318169
0.000615094,0.00232308,0.0101886,0.0184116,0.0116648,0.00188328,0.00167696,0.00427534,0.0030397,0.00344777,0.00532613,0.00295169
0.00114392,0.00135728,0.00945156,0.0227697,0.0131175,0.00234472,0.00312453,0.00709919,0.00437211,0.00212408,0.00614095,0.00391585
0.00125019,0.00385363,0.0136273,0.0240832,0.0128976,0.00153261,0.00272791,0.00567543,0.00358075,0.00367356,0.0060361,0.00345908
0.00125812,0.00627583,0.0173193,0.0211653,0.00970351,0.00215392,0.0021786,0.00415538,0.00259669,0.00189485,0.0030145,0.00232579
0.00126037,0.00576213,0.014296,0.00969572,0.00307872,0.00138816,0.00173845,0.0030821,0.00200161,0.00235624,0.00385143,0.00275836
0.0011917,0.00505839,0.0114883,0.00761511,0.00203156,0.00158217,0.00342656,0.00289146,0.001302,0.00271375,0.00478085,0.00310286
0.00108144,0.00540402,0.0116615,0.0100911,0.0040772,0.00204773,0.00338155,0.00287007,0.00193226,0.00386705,0.0070295,0.00482355
0.00158365,0.00385007,0.00879943,0.00873029,0.0034611,0.001748,0.00306378,0.00242316,0.00221784,0.00452371,0.00632855,0.00413787
0.00138644,0.00454654,0.00743082,0.00433195,0.0031403,0.00138286,0.00217439,0.00177334,0.00272135,0.00530698,0.00522024,0.00286133
0.00294139,0.00415963,0.00782137,0.00537881,0.00248921,0.00216876,0.00388795,0.0030272,0.0039191,0.00420677,0.00192574,0.00275703
0.00253913,0.00473876,0.0113772,0.0104678,0.00499271,0.00289112,0.00282228,0.00194145,0.00261003,0.00339399,0.00458717,0.0033956
0.0038403,0.00653069,0.0140692,0.00957533,0.00303611,0.00252152,0.00244642,0.00283997,0.003065,0.00267714,0.00349041,0.00256966
0.00511075,0.00519826,0.0111905,0.00901554,0.00398172,0.00338557,0.00401524,0.0036072,0.00281642,0.0033891,0.00451394,0.00256363
0.00425133,0.0067275,0.0124963,0.00933638,0.00319062,0.00280308,0.00434731,0.00331352,0.00236691,0.00316836,0.00430796,0.00266609
0.00612124,0.006346,0.011834,0.0112043,0.00472363,0.0018223,0.00247868,0.0040913,0.00339412,0.00235698,0.00275333,0.00256045
0.00497724,0.00469938,0.00964466,0.00888949,0.00383997,0.00217786,0.00238057,0.00396242,0.00312746,0.00297234,0.00580111,0.00476197
0.00527799,0.00673675,0.00865082,0.00511666,0.00271962,0.00200492,0.00299947,0.00677682,0.00542347,0.00449089,0.00556742,0.00366142
0.00568055,0.00415815,0.00842043,0.00627253,0.00285887,0.00158966,0.00302612,0.00615095,0.00494923,0.00384447,0.00613008,0.00304847
0.00459133,0.00420367,0.00885006,0.00625531,0.00140622,0.00150583,0.00207231,0.00494767,0.003796,0.0032604,0.00797159,0.00480281
0.00453664,0.00516605,0.0100266,0.00563938,0.00116558,0.00262572,0.00318145,0.00230548,0.00207066,0.00452447,0.0101063,0.00772361
0.00244116,0.00336788,0.00802638,0.00497429,0.00201938,0.00469109,0.00358728,0.00311971,0.00289854,0.00371487,0.0116126,0.0074571
0.00502247,0.0034835,0.00474229,0.00273633,0.00253942,0.00495037,0.00258654,0.00226527,0.00174181,0.00410396,0.0124902,0.00928217
0.00522625,0.00498625,0.00616697,0.00408817,0.00210063,0.00608376,0.00509712,0.00201531,0.00110063,0.00391718,0.0120231,0.00768104
0.00461246,0.00431304,0.00644507,0.00403863,0.00235858,0.00562737,0.00390374,0.00166425,0.00189245,0.00485845,0.0124589,0.00859531
0.00238377,0.00340577,0.00785334,0.00542837,0.00281409,0.00690652,0.00457423,0.00168748,0.00185091,0.00453083,0.0119315,0.00820705
0.0031493,0.00304371,0.0079594,0.00494602,0.00198407,0.00614759,0.00433348,0.00211568,0.00158318,0.00629325,0.0164628,0.0108249
0.00217866,0.00299782,0.00714989,0.00467074,0.00258905,0.00717097,0.00466822,0.0014844,0.00186851,0.00629925,0.0170221,0.0109494
0.00350939,0.00377325,0.00772717,0.00479327,0.00261487,0.008446,0.00577718,0.00157435,0.00153412,0.00438462,0.0119153,0.00805773
0.00333052,0.00323766,0.00700834,0.0042467,0.00296531,0.00926145,0.006775,0.0016979,0.00184893,0.003406,0.0115807,0.00815343
0.00285626,0.00308584,0.00792013,0.00466749,0.00248196,0.00823598,0.00578171,0.00187749,0.00189774,0.00400766,0.0128012,0.00813368
0.00248437,0.00210151,0.00429381,0.00308808,0.00272199,0.00899086,0.00644544,0.00160655,0.00178172,0.00704229,0.015225,0.00901345
0.0023022,0.00142294,0.00287314,0.00212629,0.00336529,0.00971895,0.00656072,0.00144563,0.00283236,0.00916081,0.0140599,0.0064893
0.00312737,0.00272098,0.00246685,0.00154961,0.00301979,0.00841793,0.00543093,0.0015248,0.00254803,0.0089223,0.012794,0.00602091
0.00312627,0.0037524,0.00451427,0.00314487,0.00237508,0.00517098,0.00311041,0.00137192,0.00262447,0.00576781,0.0096693,0.00539154
0.00381329,0.00346412,0.004457,0.00321531,0.00166243,0.00347328,0.00291938,0.00118976,0.00205045,0.00505824,0.00667815,0.00457999
0.0026626,0.00214256,0.0040002,0.00271837,0.00335697,0.00290945,0.00208819,0.00191643,0.00285726,0.00620256,0.00737315,0.00425614
0.00345355,0.00332956,0.00297325,0.00265255,0.00318348,0.00286201,0.0017797,0.0016247,0.00262365,0.00551094,0.00443401,0.00289309
0.00297129,0.0037671,0.00411171,0.00227521,0.00207584,0.00151671,0.00118418,0.00149929,0.00263914,0.00626171,0.00612496,0.00305371
0.00271972,0.00384413,0.00432975,0.00268668,0.00242724,0.00135366,0.00190765,0.00170763,0.00208245,0.00357601,0.00349633,0.00337526
0.00280848,0.00320481,0.00330575,0.00207429,0.00200313,0.00277882,0.0015827,0.00167921,0.00238199,0.00487187,0.00448982,0.00348405
0.00297422,0.0024521,0.00209477,0.00143761,0.0019711,0.00130517,0.00197633,0.00179979,0.00195842,0.0054359,0.00516984,0.00411953
0.002548,0.00275836,0.00238106,0.00135537,0.00257516,0.00234746,0.00125758,0.00189303,0.00186072,0.0049198,0.00375975,0.00271152
0.00232351,0.00189826,0.00286763,0.00247439,0.00356985,0.0024802,0.00125673,0.00167078,0.00285936,0.00569365,0.00426351,0.00223874
0.00266641,0.0023699,0.00232712,0.00146251,0.0026845,0.00169415,0.00136126,0.00204854,0.00353412,0.00757073,0.00592954,0.00289857
0.00171269,0.00131778,0.00271919,0.00178544,0.00202246,0.00162971,0.00125334,0.00181145,0.00392704,0.00731242,0.00589177,0.00324202
0.00159694,0.00134085,0.00183385,0.00225997,0.00406211,0.00284255,0.00133835,0.00105245,0.00157883,0.00447255,0.00328279,0.00140066
0.00150543,0.00123306,0.00189927,0.00218873,0.0023309,0.00137426,0.00144074,0.00216114,0.00200643,0.00280453,0.00330833,0.00202642
0.00118049,0.0015169,0.00307654,0.00195108,0.00180889,0.00157808,0.00187918,0.00324466,0.0026748,0.00398334,0.00416239,0.00224577
0.00130009,0.00179748,0.00367775,0.00208413,0.000993008,0.00202738,0.00302961,0.00493465,0.00301096,0.00307536,0.00360901,0.00236369
0.000902972,0.00107749,0.00260654,0.00140422,0.00180903,0.00263802,0.00295338,0.00366972,0.00181276,0.00441374,0.00532236,0.00341656
0.00131289,0.00100447,0.00262182,0.00213773,0.000717412,0.00214198,0.00339416,0.00446235,0.0028429,0.0037124,0.00201743,0.00211568
0.00159659,0.00179301,0.00317427,0.00245421,0.00151642,0.000883966,0.00287962,0.00606599,0.00437212,0.00388314,0.00346009,0.00252658
0.00121543,0.00130815,0.00302647,0.00161061,0.0010302,0.00124052,0.00331227,0.00682486,0.00495671,0.00377283,0.00428166,0.00265514
0.00127059,0.00106123,0.00312531,0.00179704,0.000852016,0.00139007,0.00332013,0.00785712,0.00531721,0.00494476,0.00544607,0.00319004
0.00144584,0.00162599,0.0032511,0.00209331,0.00188499,0.0029228,0.0048101,0.00904554,0.0058852,0.00370264,0.00313174,0.00389826
0.00136433,0.00185636,0.00335571,0.00171598,0.00111947,0.00169032,0.00505178,0.0114148,0.00698123,0.00340936,0.00443979,0.00348563
0.00146576,0.00165976,0.00372757,0.00212584,0.00138691,0.00168875,0.00593912,0.0133245,0.00761219,0.00308385,0.00446254,0.00369239
0.000881991,0.00167709,0.00368676,0.00243203,0.00159642,0.00207505,0.0055513,0.0137037,0.00777708,0.00257583,0.00207638,0.0017715
0.000848791,0.00181417,0.0044752,0.00262144,0.000882993,0.00191441,0.0066459,0.0135448,0.00748178,0.00352057,0.0034086,0.00225836
0.000817195,0.00157435,0.00476713,0.00285721,0.00111377,0.00151831,0.0060763,0.0137914,0.00745757,0.00276665,0.0028869,0.0023468
0.000581731,0.00173483,0.00415147,0.00217342,0.00070027,0.00139567,0.00602024,0.0135221,0.00716493,0.00296026,0.00217932,0.00126595
0.000999997,0.00178131,0.00411881,0.00250908,0.000814188,0.00173709,0.00544469,0.0120238,0.00755635,0.00268649,0.00215285,0.00165572
0.00112989,0.00146079,0.004195,0.00264758,0.00088594,0.00113599,0.00463485,0.0105822,0.00666448,0.0030343,0.00321995,0.00258178
0.00115563,0.00176566,0.00429077,0.00236423,0.00116821,0.00154428,0.0045606,0.00968207,0.0057981,0.00150952,0.00288771,0.00297908
0.00106027,0.00180622,0.00457889,0.00268214,0.000789475,0.00109355,0.00397691,0.00899863,0.00545665,0.00219657,0.00342311,0.0028743
0.00102238,0.00188075,0.00488394,0.00288447,0.000791396,0.00138681,0.00381532,0.00833147,0.00541108,0.00188673,0.00254387,0.00267064
0.00108004,0.00169583,0.00430848,0.00248588,0.000837977,0.00141327,0.00305036,0.00700556,0.00462941,0.00175767,0.00164762,0.00185819
0.00102703,0.00132765,0.00350117,0.00223879,0.000713165,0.000839002,0.00234605,0.00571575,0.00361968,0.0013545,0.0016279,0.0018345
0.000777717,0.00131322,0.00344931,0.00204932,0.000721476,0.00080699,0.00160882,0.00458603,0.00300153,0.00151508,0.00161158,0.00146423
0.000742163,0.00153119,0.00413199,0.00261068,0.000763006,0.000824574,0.00152002,0.00392234,0.0025939,0.00148256,0.00168029,0.0017759
0.00081932,0.00150907,0.00412775,0.00253582,0.000472326,0.000763941,0.00173984,0.00410591,0.00251252,0.00127603,0.00181679,0.00181646
0.000817438,0.00152433,0.00420117,0.00253619,0.000678662,0.000917939,0.00214282,0.00474581,0.00306967,0.00138243,0.00178721,0.00166351
0.000563676,0.00162737,0.00453335,0.00260015,0.000706092,0.0010089,0.00204862,0.00461417,0.00293508,0.000747108,0.00117765,0.0013706
0.000532801,0.00161636,0.00421519,0.00253485,0.000511005,0.000611045,0.00185735,0.00427769,0.00273359,0.00139918,0.00148255,0.0014451
0.000373135,0.00143666,0.00356139,0.00208836,0.000415563,0.000479381,0.00179977,0.0038606,0.00223871,0.00113208,0.0011552,0.000733729
0.000364619,0.00136666,0.00311913,0.0018156,0.000394562,0.000474745,0.00178125,0.00342366,0.00184998,0.00120355,0.00152457,0.000757611
0.000278908,0.000869004,0.00247149,0.00145965,0.000324503,0.000441418,0.00154559,0.00301971,0.00165898,0.000992607,0.0013583,0.000764456
0.000343273,0.000805358,0.00213792,0.00130144,0.000250203,0.000357887,0.00113678,0.00240557,0.00128374,0.000693324,0.0010684,0.000721832
0.000204092,0.000766448,0.00186572,0.00107868,0.000277577,0.000332686,0.00105827,0.0020377,0.00131373,0.000684019,0.00070356,0.000466472
0.000371089,0.000698191,0.00152055,0.000818068,0.000205011,0.000436908,0.000968225,0.00178443,0.00122097,0.000309878,0.000331586,0.000607073
0.000269759,0.000555638,0.00135902,0.000851207,0.000149693,0.000246189,0.000868217,0.00196817,0.001347,0.000501696,0.000469029,0.000322027
0.000359794,0.000454896,0.00131569,0.000899629,0.000186413,0.000265581,0.00081756,0.00168983,0.000954429,0.000384739,0.000574956,0.000668864
0.000411435,0.000378081,0.000911333,0.000640297,0.000189719,0.000237737,0.000629475,0.00126493,0.000675255,0.000335693,0.000607017,0.00063892
0.000308632,0.000294087,0.000644493,0.000402011,0.00017042,0.000226742,0.000610465,0.00125533,0.000771826,0.000287373,0.000421287,0.000500501
0.000219934,0.000189074,0.000340636,0.000279192,0.000107167,0.000112748,0.000472263,0.000990379,0.000567943,0.000333747,0.000368639,0.000287599
0.00018045,0.000231262,0.000470797,0.000339155,0.0001676,0.000184774,0.000365533,0.000860566,0.000534968,0.000180701,0.000397032,0.000372242
0.0001744,0.000355556,0.000718404,0.000447599,0.000141066,0.000143709,0.000421307,0.000852229,0.000515278,0.000276165,0.000365841,0.00030515
0.000181593,0.00040565,0.000738433,0.000456261,0.000164733,0.000232611,0.000321401,0.000784606,0.000512185,0.00020847,0.000308858,0.000253515
0.000205996,0.000243976,0.00059184,0.000386879,0.000119944,0.000220694,0.000363875,0.000472023,0.000270612,0.000231325,0.000204832,0.000166234
0.000142132,0.00025402,0.000459948,0.000261925,0.000130868,0.000204298,0.000212556,0.00043366,0.000510747,0.000349893,0.000279867,0.000189353
7.22289e-05,0.000137663,0.000362988,0.000250548,0.000130326,0.000159082,0.000285411,0.000572349,0.000418122,0.000204717,0.000132754,0.000158151
0.000187894,0.000189988,0.000372,0.000273044,0.000113554,0.000101248,0.000230803,0.000538457,0.000404066,0.00011485,0.000106408,0.000106074
0.000207632,0.000188552,0.000420075,0.000264356,8.44868e-05,5.69062e-05,0.000235235,0.000427624,0.000242817,0.000169476,0.000222901,0.000227593
0.000180463,0.00019783,0.000366381,0.00030837,0.00011984,0.000118859,0.000154247,0.000338415,0.000232531,0.000201096,0.000200848,0.000203413
0.00012861,0.000160599,0.000337862,0.000267342,0.00010986,0.000144669,0.000249418,0.000389635,0.000323009,0.000231654,0.000232449,0.000120073
0.000161489,0.000190741,0.000306292,0.00019668,6.63353e-05,0.000133306,0.000186201,0.000290463,0.000343246,0.000331506,0.000246045,0.000202571
0.000160099,0.000205457,0.000295709,0.000189463,0.000170101,0.000159345,0.000212655,0.000265568,0.000283279,0.000263399,0.000198097,0.000158573
0.000182375,0.000150343,0.000170272,0.000129922,0.000129452,0.000124827,0.000127426,0.00020178,0.000187511,0.000132917,0.000201397,0.000151204
0.000229402,0.000198561,0.000219664,0.000152536,9.95249e-05,0.000137815,0.00015689,0.000230502,0.000204178,0.000236666,0.000219301,0.000166463
0.000245397,0.000165273,0.000128971,0.00014189,0.000138159,0.000200948,0.000162639,0.000160927,0.000223334,0.00017879,0.000201695,0.0001838
0.00019285,0.000109157,8.32792e-05,0.000153427,0.000237367,0.000190754,0.000166712,0.000197604,0.00013457,0.000240901,0.000191265,0.000141092
9.83493e-05,8.35939e-05,0.00011704,0.000122329,0.000191199,0.000196929,0.000192822,0.000239175,0.000251096,0.000263952,0.000183466,7.07517e-05
0.000130063,9.60634e-05,0.000144558,0.00012065,0.000121991,0.000218332,0.000140676,0.000148546,0.000113012,0.00013809,0.000138878,0.000110482
0.000183321,0.000163526,0.000147749,0.000174061,0.000106721,0.000173967,0.000161375,0.000143862,0.00013981,0.000101823,0.000100987,0.000104742
0.000129481,9.55844e-05,9.98771e-05,7.61027e-05,0.000132854,0.000155223,0.000160144,0.000168527,0.000126331,0.00016107,0.000116666,5.86071e-05
0.000133323,9.61695e-05,0.000129824,0.000118913,0.000194473,0.000256251,0.000185255,0.000130669,0.000191069,0.000191001,9.43704e-05,0.00011181
0.000122947,0.000111133,9.86567e-05,0.000108579,0.000138531,0.000173144,0.000130482,0.000160122,0.00012684,0.000153783,0.000131908,9.82472e-05
0.00010313,0.000107206,8.58805e-05,9.53983e-05,0.000138612,0.000168967,0.000170871,0.000135544,0.000146581,0.000170548,0.00013067,8.49703e-05
0.000242483,0.000192455,0.000222864,0.000230197,0.000161275,0.000170944,0.000201042,0.000409955,0.000356058,0.000186704,0.000257527,0.000328323
0.000270131,0.00046556,0.000794328,0.000323841,0.000281987,0.000304935,0.000600465,0.00159321,0.00112372,0.000496596,0.000419673,0.000422747
0.000312889,0.000543414,0.0010926,0.000628383,0.000404467,0.000616189,0.000936743,0.00234895,0.00158236,0.00125651,0.00111998,0.000591251
0.000311289,0.00126695,0.00256043,0.00129383,0.00039132,0.000681725,0.00114478,0.00288372,0.00173608,0.00139921,0.000993734,0.000380134
0.000401594,0.00155129,0.00321659,0.00161681,0.000276525,0.000392126,0.00168008,0.00476686,0.00340542,0.00185595,0.00127988,0.000654167
0.000388883,0.00160414,0.00358714,0.00177878,0.000424841,0.000734071,0.00225544,0.00497345,0.00411792,0.00267618,0.00261135,0.00127656
0.000258954,0.00181039,0.00461923,0.00241348,0.000538118,0.000852318,0.00357022,0.00903253,0.00605465,0.00197079,0.00151125,0.000615623
0.000555758,0.00246242,0.00608269,0.0031097,0.000574926,0.00102809,0.00467745,0.0121901,0.00779789,0.00145018,0.00169657,0.00114468
0.00106665,0.00312375,0.00665152,0.00328388,0.000485911,0.00075954,0.00511872,0.0116817,0.00774445,0.00357442,0.00506255,0.00235481
0.00165494,0.00284075,0.00540348,0.00279923,0.000318706,0.000838298,0.00614129,0.0132391,0.00809262,0.00231609,0.00437267,0.00338732
0.00241232,0.0023896,0.00326474,0.00178289,0.000554655,0.00109706,0.00539237,0.0137282,0.00896876,0.0028168,0.0019533,0.00183935
0.00289461,0.0027177,0.00299291,0.00156817,0.000318326,0.0010265,0.00490495,0.0109488,0.00701325,0.00199749,0.000912653,0.00175876
0.0041025,0.00344808,0.00242709,0.00117997,0.000280468,0.000929347,0.00464728,0.00871333,0.00482325,0.00269152,0.00178729,0.0019804
0.00534493,0.00409742,0.00189622,0.000691058,0.000248994,0.000676775,0.00363498,0.00736413,0.00382803,0.00149686,0.00096225,0.00200847
0.00695987,0.00514351,0.0017407,0.000622923,0.000571985,0.000826322,0.00314327,0.00706249,0.00440405,0.00180793,0.00106559,0.00231383
0.00520338,0.00424179,0.00182581,0.00108438,0.000435281,0.000885747,0.00228941,0.0035825,0.00237865,0.00237684,0.0019264,0.00203577
0.00286324,0.0027472,0.003994,0.00228669,0.000480707,0.000541153,0.00186787,0.00413079,0.00217382,0.00195004,0.00147562,0.00180008
0.0014536,0.00102286,0.00416095,0.0026365,0.000696183,0.000740673,0.0028369,0.00613505,0.00366376,0.00240008,0.00178601,0.000842493
0.00123255,0.00222523,0.00666583,0.003564,0.00148464,0.00197769,0.00377717,0.00624019,0.00498345,0.00257786,0.00167177,0.00141126
0.00129154,0.0034744,0.00849999,0.00478932,0.0016776,0.00285664,0.00664477,0.0109183,0.00625165,0.00208509,0.0025417,0.00177793
0.00163702,0.00567335,0.0127487,0.00674648,0.00177498,0.00311187,0.00761203,0.0130732,0.00710343,0.00242224,0.00268812,0.00198678
0.00263202,0.0047594,0.0137329,0.00780346,0.00215205,0.00276579,0.00751224,0.0147478,0.00868582,0.00227999,0.00153232,0.00197306
0.000953638,0.00361184,0.0104498,0.00611413,0.00220464,0.00286229,0.00800954,0.0151184,0.00867341,0.00440543,0.00431427,0.00218102
0.00103164,0.00547931,0.0139784,0.00793298,0.00142256,0.00206067,0.00805215,0.016143,0.00945903,0.0028053,0.00256454,0.00176901
0.000766148,0.00438802,0.0110819,0.00653874,0.00117541,0.0016272,0.00739271,0.0156397,0.00985246,0.00346722,0.00318313,0.00237197
0.00115104,0.00330362,0.00751593,0.00343881,0.00137976,0.00201785,0.00640777,0.0140994,0.00888327,0.00240516,0.00134116,0.0015419
0.00081298,0.00332345,0.00825283,0.00464512,0.00139685,0.00195613,0.0061641,0.013118,0.00798275,0.00238628,0.0016573,0.00135843
0.0013578,0.00241088,0.00663457,0.00402941,0.000854042,0.0014434,0.00500231,0.010226,0.00647732,0.00229872,0.00171708,0.00180942
0.000924891,0.00276776,0.0058389,0.00328659,0.000968416,0.00152103,0.00377316,0.00728542,0.00392205,0.00139142,0.00166029,0.0014593
0.000410845,0.0021396,0.00501554,0.00282403,0.000581175,0.000831374,0.00269375,0.00530444,0.00323197,0.00204146,0.00166512,0.000641925
0.00049789,0.00146385,0.00403835,0.00245033,0.000705065,0.000762951,0.00211978,0.00387507,0.00207894,0.000644578,0.000386849,0.000375535
0.000523712,0.00114779,0.0024625,0.00120541,0.000323856,0.000618147,0.00194246,0.00349871,0.00169944,0.00111131,0.000946707,0.000437404
0.000488502,0.000981095,0.00206693,0.00129389,0.000416008,0.000445664,0.00163949,0.00297874,0.00143193,0.00120378,0.00102598,0.000504718
0.000297899,0.000941722,0.00186902,0.00125119,0.000480614,0.000539579,0.00164132,0.00291342,0.00186269,0.00112562,0.000977325,0.00048243
0.000457864,0.000735567,0.00166857,0.00108738,0.000347465,0.000504664,0.00156207,0.00222493,0.00129497,0.000856792,0.000505008,0.000366371
0.000490391,0.000555077,0.00144021,0.000938684,0.000310605,0.000266887,0.00141832,0.00236957,0.00142549,0.000874483,0.000701191,0.000286805
0.000372008,0.00056735,0.00118804,0.000634284,0.00026393,0.00032692,0.00131637,0.00225534,0.00102495,0.000527907,0.000537453,0.000288802
0.000228041,0.000483351,0.00101849,0.000587447,0.000189632,0.000265769,0.00139041,0.00237251,0.00111418,0.000338452,0.000477246,0.000391402
0.000366541,0.000526087,0.00100263,0.00051748,0.000212862,0.000353181,0.00103821,0.00208676,0.00121932,0.000522017,0.000309532,0.000350248
0.000273538,0.0005285,0.00113663,0.000600038,0.000175687,0.000235955,0.000926097,0.00181996,0.000930977,0.00040778,0.000326917,0.000307897
0.000347443,0.000556046,0.000980189,0.000598185,0.000204075,0.000266195,0.000964153,0.00172953,0.000790582,0.000420913,0.000345277,0.000194799
0.000342574,0.000500005,0.000928928,0.000535427,0.000196385,0.000258399,0.000985254,0.00163457,0.000861553,0.000372632,0.000256679,0.00021031
0.000257066,0.000423149,0.000911668,0.00054574,0.000119386,0.000181402,0.000764609,0.00129022,0.000671701,0.000287547,0.000248376,0.000204255
0.000141648,0.000440509,0.000966888,0.000490999,0.000136874,0.000134645,0.00049836,0.000985532,0.000499337,0.000255035,0.000314359,0.000270836
9.70723e-05,0.000312206,0.000753884,0.000397101,0.00015413,0.000180505,0.000391548,0.000811881,0.000548236,0.000429406,0.000201963,0.000131873
0.000247675,0.000252139,0.000594284,0.000328476,0.00015902,0.000191338,0.000323022,0.000712299,0.000539659,0.000220338,0.000192392,0.000209721
0.000283602,0.000409156,0.000663675,0.000311574,0.000179232,0.000264684,0.000295224,0.000473704,0.000470977,0.000306506,0.000306783,0.000322544
0.000469089,0.00027713,0.000732926,0.000546312,0.000285193,0.000231017,0.000344347,0.000844871,0.0013474,0.000805816,0.000316777,0.000509995
0.00128599,0.000845964,0.000600754,0.00110907,0.000712747,0.000352702,0.00069909,0.000948619,0.0017396,0.0011708,0.00056162,0.000822464
0.00369288,0.00220175,0.00120373,0.00306626,0.0020535,0.000514685,0.000764985,0.000605316,0.00224582,0.0018637,0.00119653,0.00244327
0.00530016,0.00303458,0.00265745,0.00537442,0.00309577,0.000932856,0.00121103,0.00184546,0.00254382,0.00131534,0.00180002,0.00335472
0.00790898,0.00378674,0.00309732,0.00690913,0.00328823,0.000461968,0.000764897,0.00208513,0.00230552,0.000591701,0.00196946,0.00441213
0.00626232,0.0042391,0.00263424,0.00726302,0.0044461,0.000850226,0.00167125,0.00479953,0.00330054,0.001694,0.0020144,0.00362951
0.0084401,0.00457607,0.00291158,0.00758244,0.00420414,0.000623603,0.00213868,0.00523565,0.00223047,0.00169374,0.00167216,0.00469364
0.0146228,0.00943328,0.00380476,0.00804776,0.00456721,0.00101816,0.00166472,0.00406252,0.0067834,0.00459847,0.00264134,0.00586115
0.0158527,0.0095717,0.00349086,0.00760104,0.00375413,0.000322799,0.00192835,0.00493136,0.00541496,0.00364155,0.00188999,0.00630921
0.017863,0.0122868,0.00403944,0.00464727,0.0030623,0.000434803,0.00112458,0.00307101,0.0028402,0.00161137,0.00202702,0.00729933
0.0119906,0.00694123,0.00592738,0.0055327,0.00215305,0.000567762,0.00127922,0.00320893,0.00279901,0.00347713,0.00596572,0.00766236
0.00595514,0.00523922,0.00526862,0.00352901,0.00102679,0.000428688,0.00102706,0.00338032,0.00398663,0.00344557,0.00441776,0.00476379
0.00792722,0.0051696,0.00347896,0.00434547,0.00177041,0.000380825,0.0010901,0.00256931,0.00208259,0.00295941,0.00620856,0.0054016
0.0098067,0.00559479,0.00805794,0.00769435,0.00224033,0.000399205,0.000852506,0.0020226,0.00184164,0.0026549,0.00338633,0.00512497
0.00939089,0.00546363,0.00452911,0.00501997,0.00177782,0.000433451,0.000804744,0.00186963,0.00131671,0.00203745,0.00316775,0.00521557
0.00944951,0.00641683,0.0049137,0.00568952,0.00176014,0.000504826,0.000866797,0.00145868,0.00125711,0.00319857,0.00474146,0.00492916
0.00970035,0.00644179,0.00357327,0.00387601,0.00204855,0.00066725,0.00104784,0.00142434,0.00120234,0.00184842,0.00256685,0.00362595
0.00914819,0.00576011,0.00147031,0.00264692,0.0020698,0.000556527,0.00111612,0.00208363,0.00152008,0.00157109,0.00322254,0.00336759
0.00711862,0.0041635,0.0017843,0.00297078,0.00219199,0.000527728,0.00185947,0.0035697,0.00248019,0.00149863,0.00260457,0.0032638
0.00800027,0.00470984,0.00285096,0.00431493,0.00226618,0.000522338,0.00111682,0.0024004,0.00175481,0.00186964,0.00290898,0.00394299
0.00692119,0.00452085,0.00216155,0.00281552,0.00219413,0.000578498,0.00107378,0.00202182,0.0014649,0.00184475,0.00313196,0.00417339
0.00958707,0.00497834,0.00171332,0.00220205,0.00132405,0.00022112,0.00133784,0.00253393,0.00100032,0.00145894,0.00393662,0.00535663
0.0101512,0.00502868,0.00248757,0.00691627,0.00410325,0.000473093,0.00109077,0.00222837,0.00155093,0.00187595,0.00439708,0.00539844
0.0134783,0.00814908,0.00253725,0.00669439,0.00407391,0.000577498,0.000914099,0.00222514,0.00124342,0.00130082,0.00239049,0.00555434
0.0094071,0.00560827,0.00235432,0.0033117,0.00174324,0.000444525,0.00136883,0.0026134,0.00119433,0.00135086,0.00338045,0.00465633
0.00895249,0.00530245,0.00188264,0.00468015,0.0031373,0.000523856,0.0011681,0.00260255,0.00142211,0.000864107,0.00183441,0.00362722
0.00801593,0.00455119,0.000940813,0.00345502,0.00243011,0.000469494,0.00127428,0.00252257,0.00135732,0.000911331,0.00169635,0.00325169
0.00570183,0.00304089,0.00149422,0.00348177,0.00252751,0.000648988,0.000789277,0.00177695,0.00122226,0.000767356,0.001405,0.00254993
0.00404985,0.00242012,0.00149002,0.00177894,0.000801287,0.000198241,0.000611851,0.00124747,0.00062211,0.000435007,0.000593066,0.00127138
0.00440671,0.0025844,0.00082283,0.000840656,0.000852239,0.000311415,0.000537516,0.0010026,0.000742699,0.000695379,0.000973236,0.00112627
0.00340599,0.00203797,0.00129418,0.00171666,0.00101015,0.000234693,0.000391638,0.000666789,0.00040225,0.000367453,0.00118338,0.00157416
0.00266464,0.00129053,0.000923299,0.00148618,0.000876288,0.000253529,0.000430812,0.000842324,0.000483672,0.000371538,0.000680856,0.00123413
0.00316974,0.00186503,0.000993991,0.00170928,0.000972643,0.000184751,0.00037417,0.000785698,0.000552826,0.0002124,0.000391539,0.00089191
0.00290806,0.00150642,0.000348525,0.000686397,0.00040909,0.00017234,0.000230298,0.00054132,0.000374194,0.000408836,0.00085302,0.00146969
0.00232924,0.00116419,0.000515866,0.00098547,0.000663812,0.000233465,0.000261395,0.000565619,0.00035744,0.000251088,0.000361902,0.000989109
0.00255461,0.00145644,0.000627867,0.00138249,0.000905734,0.000260556,0.000315715,0.000589345,0.000389276,0.000312173,0.000619293,0.00104847
0.00211614,0.00105906,0.000519227,0.00104529,0.000634384,0.000259595,0.000294642,0.000462593,0.000409373,0.000468801,0.000538343,0.00107382
0.00181918,0.000916614,0.000358378,0.000717499,0.000506495,0.000205559,0.000269823,0.000584909,0.000276793,0.000155349,0.000309944,0.000799133
0.00168434,0.00100362,0.000273963,0.000395295,0.000198032,0.000221328,0.000324579,0.000492874,0.000294746,0.000378324,0.00040248,0.000803754
0.0015179,0.000774801,0.000189064,0.000380359,0.000290561,0.000178909,0.00021092,0.000486405,0.000400752,0.000280621,0.00030137,0.000650586
0.00145045,0.000763271,0.000290782,0.000324651,0.000228656,0.000188524,0.00024677,0.000400576,0.000236481,0.000138684,0.000285387,0.000681952
0.00120417,0.000765936,0.000475413,0.000574341,0.000291805,0.000189605,0.000249196,0.000247045,0.000203962,0.000163004,0.00025431,0.000544102
0.00130728,0.000830195,0.00042366,0.000386855,0.000263418,0.000319989,0.000390008,0.000473622,0.000481061,0.00041825,0.000275384,0.000778354
0.00095043,0.000553923,0.000196915,0.000278363,0.000281551,0.000236174,0.000273957,0.000435269,0.000397084,0.000276489,0.000233736,0.000393659
0.000966004,0.000654667,0.000201205,0.000177112,0.000263213,0.000163524,0.000249089,0.000380138,0.000302437,0.000246251,0.000259261,0.000478808
0.000741756,0.000471283,0.000176322,0.000294692,0.000290666,0.000210126,0.000181255,0.000210185,0.000204876,0.000161138,0.000240949,0.000344016
0.000678864,0.000680208,0.00069419,0.000389507,0.000220455,0.000264204,0.000433927,0.000774505,0.000537271,0.000368249,0.000524122,0.000618334
0.000688032,0.000519808,0.00113232,0.000677983,0.000151142,0.000346683,0.000590995,0.00110445,0.000492751,0.000578874,0.000687369,0.000778629
0.000835935,0.00126547,0.00240367,0.00139337,0.00030776,0.00050736,0.00126684,0.00223692,0.00152769,0.00130253,0.00185611,0.00137302
0.000880814,0.00122581,0.00303165,0.0018362,0.000814341,0.000927642,0.00241405,0.00509668,0.0032747,0.00236733,0.00291169,0.00135212
0.000648342,0.00250382,0.00625819,0.00346633,0.000720339,0.00130857,0.00478896,0.00984955,0.00596735,0.00218056,0.00372741,0.00210026
0.000704415,0.00214907,0.00603834,0.00319528,0.001156,0.00213524,0.00651266,0.0175994,0.0105948,0.00356109,0.00517758,0.00324097
0.000540784,0.00349278,0.00942474,0.00541465,0.00114629,0.00239969,0.00783354,0.0214521,0.0138958,0.00450366,0.00552143,0.00292761
0.000886338,0.00370636,0.0085436,0.00444777,0.00181907,0.00328732,0.010034,0.0236087,0.0146021,0.00466031,0.00718186,0.00444823
0.0013725,0.00319891,0.00734928,0.00397658,0.000991789,0.00200138,0.00980629,0.0271988,0.0174213,0.00531272,0.00849524,0.00587832
0.0031854,0.00310916,0.00700588,0.00332565,0.000791816,0.00247782,0.0101352,0.0268665,0.0186885,0.0065805,0.00691821,0.00315266
0.00640412,0.00551669,0.00555148,0.00346031,0.000499206,0.00114864,0.00848858,0.0214553,0.0148353,0.00790063,0.00353832,0.00261413
0.0129234,0.00838211,0.00520599,0.00248992,0.000472232,0.000820332,0.00775365,0.0166685,0.0103623,0.00579224,0.00369898,0.00549352
0.0129005,0.00716813,0.00410541,0.00237421,0.00113228,0.00121498,0.00577734,0.0125446,0.00641236,0.00635968,0.00585371,0.00466777
0.00824841,0.00569678,0.00403615,0.00234417,0.000699955,0.00130932,0.00632761,0.0125228,0.00876605,0.00725707,0.00300024,0.00397297
0.0191802,0.0124463,0.00488171,0.00224755,0.000407894,0.00141628,0.00468097,0.0102046,0.00810702,0.0099294,0.00733545,0.00778475
0.0180166,0.00881939,0.00357465,0.00236199,0.000625907,0.00058234,0.00339755,0.0092446,0.00685878,0.00554029,0.00420362,0.00740117
0.0118127,0.00583525,0.00219902,0.00101005,0.000697972,0.00131212,0.0027438,0.00666734,0.00613158,0.00542939,0.00346879,0.00589688
0.00227612,0.0029481,0.00386748,0.00209766,0.00109843,0.00125058,0.00326174,0.00750816,0.00566396,0.00541176,0.00421383,0.002044
0.0043427,0.00383785,0.00723154,0.00457028,0.000936758,0.00161165,0.00458921,0.00781328,0.00429571,0.00294549,0.00298521,0.00175213
0.00445093,0.00261379,0.00752868,0.00397267,0.000877988,0.00128299,0.00519469,0.00914765,0.00534962,0.00290498,0.00180819,0.00314751
0.0041701,0.00291501,0.0061483,0.00314718,0.00165782,0.00286502,0.00647343,0.0113609,0.00614332,0.00318611,0.00408463,0.00379126
0.00391829,0.00452279,0.00732362,0.00347198,0.00137021,0.00185188,0.00717834,0.014015,0.00777617,0.00535178,0.00552112,0.00264584
0.0046512,0.00511041,0.00746298,0.00444487,0.00118733,0.00220591,0.00784494,0.0150974,0.00811398,0.00361915,0.00598081,0.00490561
0.00557578,0.0048977,0.00507669,0.00304262,0.000884417,0.00156765,0.00771832,0.0150101,0.00754828,0.00337878,0.00494058,0.00508042
0.00198998,0.00333809,0.00494723,0.00288643,0.000951747,0.0013684,0.00732233,0.0143264,0.00779567,0.001933,0.0028145,0.0023786
0.00225987,0.00242326,0.00832098,0.00526026,0.000829459,0.00178801,0.00725651,0.014518,0.00862786,0.00355914,0.00215907,0.00335974
0.00179528,0.00373129,0.00890048,0.00494096,0.00124093,0.00174621,0.00694877,0.0139757,0.00797074,0.00183767,0.00174055,0.0022811
0.0020845,0.00359162,0.00674732,0.00351728,0.00101916,0.00139949,0.0056709,0.0119766,0.00692809,0.00198234,0.00250499,0.00236319
0.00139028,0.00331276,0.00869692,0.00505819,0.000750176,0.00107488,0.00471104,0.00988213,0.00584542,0.00230021,0.00192209,0.00144494
0.000844968,0.00307914,0.00612297,0.00322651,0.000642922,0.000827088,0.00422555,0.0082665,0.0045195,0.00135539,0.00181932,0.00111413
0.00111971,0.00318768,0.00743751,0.00426921,0.000623878,0.000561352,0.00354034,0.00715066,0.00397431,0.00164377,0.00203117,0.00150333
0.00170096,0.00308281,0.00733687,0.00459267,0.000799895,0.000606624,0.00275486,0.00550518,0.00315173,0.00103496,0.00135093,0.00150757
0.00068126,0.00169514,0.00383364,0.00237263,0.000654338,0.000646784,0.00225513,0.0037684,0.00177908,0.00100368,0.000485248,0.000899197
0.000861,0.00174674,0.00406145,0.0023746,0.0005263,0.000820205,0.00247686,0.00379276,0.00177417,0.000807449,0.000971838,0.00117909
0.000684624,0.0015749,0.00362457,0.00190088,0.000324943,0.000428241,0.00199319,0.00331249,0.00142084,0.00106035,0.00106136,0.000649686
0.000825869,0.00163168,0.00418739,0.00240976,0.00043434,0.000346607,0.00141906,0.00306692,0.00208716,0.00107471,0.00109257,0.000876403
0.000586005,0.00141388,0.00349426,0.00201441,0.000412574,0.000326065,0.00139744,0.00279673,0.00151295,0.000608424,0.000615922,0.000758053
0.000745076,0.00105815,0.00219275,0.00135339,0.000310862,0.000280587,0.0014474,0.00285372,0.0018016,0.000669926,0.000491721,0.000686063
0.000438625,0.000741278,0.00208335,0.00122773,0.000404872,0.00031074,0.000986269,0.00195402,0.000991068,0.000559394,0.000548302,0.000633411
0.000435378,0.000578279,0.00174112,0.00117426,0.000428708,0.000320525,0.000746912,0.00165115,0.00146694,0.00111434,0.000732505,0.00040117
0.000307988,0.000627081,0.00166695,0.00105318,0.000404026,0.000323202,0.000515668,0.00112955,0.000927162,0.000429571,0.000277478,0.000275574
0.000405999,0.00071661,0.00164319,0.000961736,0.000323594,0.000190174,0.000678512,0.00132875,0.000812336,0.000360735,0.000368601,0.000352391
0.000360251,0.000531721,0.00113955,0.000701088,0.000257759,0.00029219,0.000611451,0.00101687,0.000649015,0.000363872,0.000224631,0.000299787
0.000336703,0.000473838,0.00118758,0.000712172,0.000187577,0.00019212,0.000510132,0.000882371,0.000659975,0.000343173,0.00030406,0.000352863
0.000180064,0.000346345,0.000910231,0.000521899,0.000171567,0.000172053,0.000457053,0.000872904,0.000712695,0.000396884,0.000250144,0.000233696
0.000282862,0.000358601,0.000871699,0.000577216,0.000200982,0.000155039,0.000327346,0.000646586,0.000526003,0.000251198,0.000172024,0.000225997
0.000225358,0.000236778,0.000394479,0.000267716,0.000139367,0.000177697,0.000326895,0.00055896,0.000397871,0.000198308,0.000199983,0.000268946
0.000213601,0.000227479,0.000523355,0.000391243,0.000158496,0.000128191,0.000253574,0.00050355,0.000371447,0.000237968,0.000232484,0.000251387
0.00042575,0.000597382,0.000992268,0.000653487,0.000332246,0.000310691,0.000616428,0.000656187,0.000456505,0.000749064,0.000827834,0.000467374
0.000548792,0.000910065,0.00170449,0.00104879,0.000346657,0.000480741,0.000720213,0.000574693,0.0015359,0.00288154,0.00151553,0.000616054
0.000718176,0.00107227,0.00247482,0.00139606,0.000660194,0.000504626,0.000649195,0.000771783,0.00150463,0.00398718,0.00228909,0.000566298
0.00133749,0.0022772,0.00343963,0.00157434,0.000568162,0.00067409,0.00131825,0.00115023,0.00239811,0.0049123,0.00272959,0.000846813
0.00102036,0.00288053,0.00529392,0.00288529,0.000805037,0.00128653,0.00324659,0.00243563,0.00353299,0.00677813,0.00335025,0.000766469
0.000884256,0.0035027,0.00773865,0.00465456,0.00124541,0.00134275,0.00304221,0.00190062,0.0047653,0.00885646,0.0047719,0.000916691
0.00121019,0.00380153,0.00889426,0.00527494,0.00118345,0.00189119,0.00449099,0.00368295,0.00757939,0.0124879,0.00559892,0.00113755
0.00101983,0.00433483,0.00988332,0.00623182,0.00190419,0.0016303,0.00257274,0.00109513,0.00810146,0.016214,0.00790217,0.00100191
0.00136177,0.007359,0.0155154,0.00899467,0.00178492,0.00330258,0.00813725,0.00447767,0.00800079,0.0167132,0.00938449,0.00134183
0.00112486,0.00909247,0.0217517,0.0121335,0.00194088,0.00214182,0.00356022,0.00340046,0.00408856,0.0103124,0.00689225,0.00207448
0.0014162,0.00938027,0.0231434,0.0137782,0.00366725,0.00359829,0.0062628,0.00373348,0.00376641,0.00961983,0.0121346,0.00504161
0.000625014,0.00901666,0.0215063,0.0122779,0.00223989,0.00179794,0.00139687,0.0040932,0.00504907,0.00939723,0.0100071,0.00404414
0.000842794,0.00753857,0.0186827,0.0102567,0.00170116,0.00306482,0.00355267,0.00424576,0.00667245,0.00962867,0.00787366,0.0046494
0.000958992,0.00748218,0.0169066,0.00953087,0.0018371,0.0025036,0.00490534,0.00553869,0.00541584,0.00733669,0.00400478,0.00245971
0.000745211,0.00596432,0.0138175,0.00741921,0.00119645,0.00167965,0.00361222,0.0059023,0.00397408,0.00640919,0.00881752,0.00410933
0.00147968,0.0045492,0.0113006,0.00623285,0.00105893,0.00159267,0.00463436,0.00800876,0.00509238,0.00634441,0.00623543,0.00292034
0.000872442,0.00452545,0.0114441,0.00647496,0.0014075,0.00149906,0.00252281,0.0036012,0.00300569,0.00422738,0.00344677,0.00136731
0.00547709,0.00695745,0.012476,0.00701396,0.00121575,0.00162471,0.00278492,0.00439351,0.00294884,0.0031619,0.00319129,0.00201633
0.0060631,0.00516865,0.0113533,0.0063003,0.00132946,0.00103878,0.00173025,0.00279144,0.00278366,0.00444045,0.00492239,0.00252363
0.00578721,0.00753285,0.0107418,0.00645905,0.00133417,0.00146608,0.00303898,0.00395491,0.00424978,0.0047213,0.00480932,0.00380546
0.00620849,0.006125,0.0081624,0.00467977,0.00130086,0.00164561,0.00302733,0.00237287,0.00229873,0.00371034,0.00422992,0.0029036
0.0135677,0.0108537,0.00555392,0.00352118,0.00149959,0.00160609,0.00285306,0.00219282,0.00355814,0.00726826,0.0042399,0.00504959
0.00905961,0.00666316,0.00404227,0.00262971,0.00112426,0.00186864,0.00418578,0.00404542,0.00371246,0.0102546,0.00679821,0.00325099
0.00826155,0.00673167,0.00479755,0.00294785,0.000982443,0.00054291,0.00237582,0.00272596,0.0030687,0.00663075,0.00498616,0.00309068
0.00961929,0.00787477,0.0064448,0.00363353,0.0010459,0.00108333,0.00227135,0.00133864,0.0040736,0.00835218,0.00494995,0.0041986
0.012739,0.00979289,0.00698097,0.003707,0.000708898,0.000873648,0.00251617,0.0021622,0.00274947,0.00530807,0.00338526,0.00526151
0.00602034,0.0057008,0.00684598,0.00366954,0.000689614,0.00092804,0.00216376,0.00206157,0.00227841,0.00415305,0.00301216,0.0031346
0.00397007,0.0050969,0.00651069,0.00323827,0.000686898,0.000661247,0.00168254,0.00163331,0.00124421,0.0028645,0.00138771,0.00142177
0.00275053,0.00473983,0.00669075,0.00344592,0.000607424,0.000825813,0.00192862,0.00135198,0.00172255,0.00386403,0.00165325,0.00111445
0.00497584,0.00420309,0.00585216,0.00279336,0.000605275,0.00108024,0.0022265,0.00155255,0.00155256,0.00365298,0.00195852,0.00261162
0.00710379,0.00607874,0.00545335,0.0030342,0.000696557,0.000921162,0.00240273,0.00190678,0.00120578,0.00213412,0.00162361,0.00277073
0.00438907,0.00419306,0.00493251,0.00271954,0.00051685,0.000860151,0.00210546,0.00172964,0.000878494,0.00159074,0.00110923,0.00152777
0.00333782,0.00340202,0.00439528,0.0026062,0.000398921,0.000522868,0.00143031,0.00124476,0.000893871,0.00182056,0.000934652,0.00117993
0.00221278,0.00228674,0.00335502,0.00201553,0.00061959,0.000498438,0.00110049,0.00103868,0.00116116,0.00200967,0.000896486,0.00120091
0.00261364,0.00204237,0.00227897,0.00138586,0.000568684,0.000309478,0.000429603,0.000683845,0.0012011,0.00232547,0.00147869,0.000898979
0.00145741,0.00157884,0.00208197,0.00116954,0.000419971,0.000337364,0.000627929,0.000751526,0.000674758,0.00107296,0.000679497,0.000621115
0.00100842,0.00110305,0.00124028,0.000740424,0.000197168,0.000343907,0.000612777,0.000510696,0.000574602,0.00142275,0.000700875,0.000331974
0.00162526,0.00168058,0.00172553,0.000911662,0.000267069,0.000351887,0.000551406,0.00046325,0.000721398,0.00124937,0.000881849,0.000602645
0.0018649,0.00177823,0.00173178,0.000849331,0.000222676,0.00025118,0.000507316,0.000576035,0.000682503,0.00108734,0.00074376,0.000541435
0.00125947,0.00130408,0.00152518,0.000788866,0.000176153,0.000120347,0.00031123,0.000406094,0.000641325,0.001035,0.000531878,0.000559392
0.000966051,0.00104339,0.00145947,0.000802323,0.00014305,0.00016039,0.000245209,0.000193688,0.000599694,0.0011454,0.000631474,0.000514817
0.000954568,0.000886057,0.00127956,0.000667432,0.000110895,0.000125402,0.00029878,0.000394261,0.000435225,0.00100816,0.000674482,0.000504676
0.000702111,0.000845466,0.00144328,0.000747219,0.000131935,0.000156596,0.000335597,0.000296372,0.00046433,0.00070043,0.000358352,0.00039825
0.000556323,0.000684524,0.00129434,0.00067407,0.000119984,0.000206223,0.000339001,0.000403527,0.000543053,0.000692423,0.000369042,0.000272974
0.000479071,0.000747106,0.00122442,0.000650878,0.000158275,0.000130671,0.000216739,0.000331071,0.000340611,0.000978334,0.00061672,0.000260178
0.000391806,0.000597151,0.000972721,0.000527441,0.000114785,7.56213e-05,0.000153064,0.000307927,0.00035449,0.000885454,0.00046466,0.000264938
0.000316109,0.000444408,0.000889801,0.000462426,0.000102317,0.000115666,0.000180495,0.000333661,0.000389006,0.000641486,0.000390285,0.000151386
0.0002315,0.000375344,0.000605687,0.000347886,8.62957e-05,0.000120697,0.000186871,0.000292938,0.000406271,0.00080531,0.000536087,0.000161945
0.000269288,0.00026496,0.000454934,0.000236674,0.000154932,0.000140499,0.000165357,0.000256572,0.000354315,0.000596994,0.000442121,0.000147961
0.000211711,0.000311159,0.000456627,0.000271204,0.000218933,0.000181053,0.000249801,0.000339568,0.000456874,0.000695746,0.000349607,0.000116286
0.000377149,0.000318574,0.000586861,0.000435008,0.000361626,0.000415992,0.0006122,0.000842478,0.000750764,0.000813588,0.000441812,0.000683766
0.000545159,0.000953739,0.00179252,0.00105919,0.000294456,0.000516725,0.00122721,0.0018911,0.00107119,0.000850552,0.000665596,0.000784186
0.000659843,0.00135769,0.00186924,0.000747869,0.000318467,0.000556097,0.0021018,0.00313786,0.00164234,0.000767966,0.000868471,0.000996906
0.000645093,0.000880511,0.00166448,0.000927021,0.00058281,0.0012377,0.0025309,0.00399331,0.00229911,0.00160643,0.00179768,0.00132055
0.000716951,0.00128956,0.00255349,0.00145249,0.000739241,0.0011596,0.00358026,0.00528709,0.00269062,0.00221213,0.0026194,0.00196944
0.000767074,0.00117015,0.00217881,0.00120854,0.000642644,0.00112321,0.00354129,0.00612515,0.00247999,0.00139939,0.00264332,0.0015059
0.000422173,0.00148767,0.00243659,0.000993921,0.000867333,0.00122641,0.0035765,0.00686416,0.00337603,0.00137712,0.00266176,0.00184949
0.000561397,0.00176099,0.00355312,0.0017171,0.00102523,0.00194196,0.00468473,0.00851719,0.00460475,0.0024194,0.00260621,0.00135767
0.000622944,0.00237168,0.00594721,0.00321999,0.000886783,0.00159498,0.0047208,0.00897312,0.0051004,0.00190424,0.00360536,0.00238431
0.000549887,0.00258128,0.00558722,0.0030374,0.00129226,0.00152748,0.00522466,0.0100424,0.00513781,0.00321935,0.00455435,0.0020584
0.000477242,0.00204962,0.00484566,0.00293091,0.0015495,0.00237773,0.00534507,0.0107743,0.00508086,0.00322874,0.00415008,0.00213393
0.000374291,0.00158685,0.00392233,0.00196034,0.00105397,0.00194267,0.00622839,0.0121262,0.00635094,0.00257405,0.00237245,0.00101063
0.000443743,0.00150369,0.00352033,0.00196156,0.00119174,0.00227637,0.00612998,0.0111061,0.00534918,0.00214867,0.00354598,0.00223808
0.000523839,0.00147526,0.00287351,0.00146605,0.00137838,0.00242779,0.00505103,0.00981711,0.00540799,0.00327718,0.00410836,0.00135931
0.00094705,0.00129005,0.00264024,0.00172836,0.00202177,0.00353747,0.00619682,0.0115809,0.00558852,0.00254947,0.00409116,0.00221553
0.000695236,0.000927559,0.00179566,0.00147901,0.00184452,0.00314934,0.00495459,0.0105982,0.00563646,0.00144446,0.00250362,0.00126201
0.00117705,0.0011081,0.00226893,0.00172086,0.00233241,0.00324035,0.00633786,0.0118771,0.00623181,0.00247346,0.00476315,0.002332
0.00081787,0.0013079,0.00297997,0.00172312,0.00180575,0.00325494,0.00638149,0.0106706,0.00558417,0.00228452,0.00458154,0.00257757
0.000595523,0.00196131,0.00482414,0.00257876,0.00150316,0.00196064,0.00473575,0.0103999,0.00610276,0.00381284,0.00587981,0.00305742
0.000851567,0.0023329,0.00586182,0.00299024,0.0016046,0.00227679,0.00570195,0.0116567,0.00578004,0.00178003,0.00247885,0.0017201
0.000735068,0.00269374,0.00626795,0.00350875,0.00129795,0.00170391,0.0058816,0.0110726,0.00568936,0.00135288,0.00215058,0.00201101
0.000909369,0.00284999,0.00668434,0.00361196,0.00103343,0.00147093,0.00576539,0.0108463,0.00528866,0.000943383,0.000925237,0.00107271
0.000639104,0.00348792,0.00748817,0.00375092,0.00110354,0.00157532,0.00592798,0.0107721,0.00529178,0.00115844,0.00121588,0.000661233
0.000720746,0.00286938,0.00707775,0.00371772,0.00114372,0.00172037,0.00523536,0.00939646,0.00448007,0.0012349,0.00197562,0.00140194
0.000590735,0.00282727,0.00688541,0.00367224,0.000889331,0.00139227,0.00531859,0.00979366,0.00435332,0.00119296,0.00222491,0.00165888
0.000758408,0.0026409,0.00642458,0.00341578,0.000721661,0.00121183,0.00434459,0.00908105,0.0048766,0.00148119,0.00204408,0.00165291
0.000403327,0.00264162,0.00624297,0.00349785,0.000660188,0.00136115,0.00443216,0.00904858,0.00544379,0.00128899,0.000798251,0.00080461
0.000634647,0.00202306,0.00524165,0.00282371,0.000650214,0.00130487,0.00405538,0.00736266,0.00372481,0.00153636,0.0013278,0.00116956
0.000482883,0.00177233,0.00448609,0.00251135,0.000645674,0.000871105,0.00298453,0.00546232,0.00226977,0.000624967,0.00112572,0.000990762
0.000336468,0.00133757,0.00358339,0.00223891,0.00049984,0.000548287,0.00251352,0.00543938,0.00303177,0.00102247,0.0011206,0.000749133
0.000287409,0.00108149,0.0023702,0.00113716,0.000467686,0.000723096,0.002199,0.00468319,0.00287101,0.000903155,0.00109291,0.000689161
0.000280548,0.00081983,0.00212867,0.00122656,0.000384087,0.000398449,0.0020993,0.00482354,0.00300463,0.000719471,0.000752365,0.000464189
0.000288102,0.000930109,0.00205306,0.0010569,0.000292725,0.000536823,0.00224976,0.00510854,0.00300128,0.000682753,0.000562045,0.000488962
0.00022793,0.000906173,0.00193435,0.0010895,0.000338861,0.000584545,0.0024045,0.00443728,0.00254781,0.000435293,0.000416054,0.00033791
0.000310636,0.000740965,0.00159579,0.000895555,0.000297739,0.000873999,0.00266652,0.00409435,0.00250628,0.000936128,0.000563085,0.000434167
0.000220388,0.000563277,0.00123941,0.000630083,0.000406063,0.000941155,0.00174376,0.00260622,0.001454,0.000666103,0.000622119,0.000366404
0.000260013,0.000586631,0.0012616,0.000673654,0.000280775,0.00061073,0.00119398,0.00124424,0.000770175,0.000307983,0.000475383,0.000324861
0.000199142,0.000509388,0.00128013,0.0007526,0.000211054,0.000422927,0.00079047,0.00100729,0.000563794,0.000319264,0.00024714,0.000313961
0.000235094,0.000659242,0.0012408,0.000656269,0.000208909,0.000242626,0.000598249,0.00113879,0.000782203,0.000229733,0.00022632,0.000338057
0.000200772,0.000455994,0.000985884,0.000541365,0.00020907,0.000282452,0.000484616,0.00101469,0.000912915,0.000446329,0.000294834,0.000265775
0.000162598,0.000411848,0.00087352,0.000511012,0.000311466,0.000214671,0.000284021,0.000719761,0.000718864,0.00045924,0.000425711,0.000256356
0.000232687,0.000255124,0.000654793,0.000443575,0.000358685,0.000290371,0.000238034,0.00076112,0.000655472,0.000292,0.000341549,0.000285794
0.000200465,0.000280651,0.000539779,0.000349568,0.000172179,0.00018749,0.000453822,0.000871112,0.000559323,0.000155672,0.00011527,0.00016535
0.000148806,0.000119388,0.000427869,0.000313555,0.00023436,0.000161033,0.00044186,0.000778854,0.000502441,0.000304147,0.00019057,0.000163997
0.000191214,0.000207006,0.000396272,0.000242727,0.000174921,0.000172853,0.000376095,0.000631156,0.00046277,0.000262548,0.000144328,0.000133289
0.000140168,0.000225598,0.000343422,0.000236066,0.000202933,0.000170796,0.000221186,0.000688933,0.000506223,0.00019458,0.00015947,0.00017155
0.000173616,0.000215248,0.000269803,0.000199215,0.000186714,0.000212677,0.00032458,0.000701262,0.000561376,0.000215561,0.000151709,0.000132137
0.000122881,0.000145347,0.000234035,0.000128482,0.000137077,0.000247444,0.000478186,0.000687696,0.000509656,0.000253668,0.000174905,0.00011189
0.000147129,8.95829e-05,0.000216038,0.000209326,0.000136077,0.000151583,0.000298717,0.000485038,0.000325544,0.000163694,0.000164516,0.000137271
0.000120137,0.00013158,0.000267495,0.000211483,0.000151798,0.000180955,0.000303554,0.000457891,0.000257054,0.00016664,0.000184866,0.000161311
0.000166253,0.00032862,0.000287999,0.000143308,0.000222157,0.00018613,0.000222426,0.000334252,0.000251283,0.000148693,0.00011652,9.54368e-05
0.000174714,0.000541721,0.000686042,0.000202427,0.000149108,0.00017049,0.00025462,0.000314545,0.000253577,0.000279021,0.000272768,0.000156851
0.000370002,0.0010017,0.0015965,0.000691568,0.000240528,0.000466923,0.000584645,0.000927687,0.00052559,0.00052134,0.00070399,0.000692922
0.000447406,0.00152476,0.00309346,0.00128327,0.000408073,0.000742669,0.000675414,0.00128262,0.000720734,0.000938989,0.00126896,0.00127153
0.000529334,0.00149738,0.00275209,0.00131076,0.000453752,0.000915808,0.00107481,0.00160188,0.00126153,0.00218508,0.00265025,0.00172344
0.000415957,0.00154088,0.00293315,0.00123156,0.000411787,0.000929176,0.00111142,0.00235764,0.00206172,0.00222284,0.00310558,0.00153838
0.000485067,0.00249857,0.00426269,0.00186553,0.000483016,0.000778839,0.0020904,0.00419563,0.00319515,0.00265376,0.003307,0.00173257
0.00098776,0.00282167,0.00501188,0.00204623,0.000600266,0.00110012,0.00375282,0.0083345,0.00533588,0.00347902,0.00540369,0.00359207
0.000964822,0.00280726,0.00492509,0.00214348,0.000741454,0.000953138,0.00297147,0.00701349,0.00497529,0.00363689,0.00696828,0.00444556
0.000879607,0.0020585,0.00403899,0.00200562,0.000835753,0.00138054,0.00225142,0.00648726,0.00559495,0.00351231,0.00688609,0.00467488
0.00107431,0.00226138,0.00491966,0.00246447,0.000615081,0.00133445,0.00344143,0.011575,0.00877365,0.00447777,0.00821859,0.00598728
0.00624106,0.00377175,0.00265466,0.00139763,0.000534616,0.000715493,0.00368117,0.0122827,0.0090797,0.00324014,0.00476855,0.00337506
0.00437961,0.00222992,0.00229141,0.000937823,0.000434009,0.000892754,0.00281616,0.00932606,0.00757836,0.00334543,0.00295025,0.00297702
0.00565361,0.00408458,0.00180452,0.00112125,0.000524658,0.000750399,0.00218542,0.00710442,0.0048235,0.00454253,0.00354197,0.00221291
0.0113025,0.00764871,0.00224369,0.000900087,0.000955248,0.00132996,0.00164268,0.00358086,0.00313634,0.00764468,0.00552648,0.00404636
0.0128051,0.00692452,0.00108106,0.000844724,0.000910276,0.00120509,0.00168246,0.00379429,0.00506962,0.00663725,0.00370653,0.00524583
0.00783718,0.00441962,0.00169489,0.000922106,0.000857303,0.000900655,0.000990693,0.00337625,0.00350544,0.00822242,0.00553352,0.00362726
0.00473149,0.00233159,0.00195686,0.000690611,0.00090191,0.000945219,0.00136014,0.00402115,0.00387612,0.0110229,0.00829161,0.00420801
0.00249162,0.00221629,0.00209996,0.00103708,0.000492955,0.000786124,0.00196907,0.00297895,0.00229838,0.00309484,0.0022591,0.00163038
0.00223039,0.00254937,0.0052984,0.00324026,0.000777783,0.00120688,0.00224852,0.00316961,0.00298217,0.00434806,0.00504745,0.00245896
0.00322794,0.00432943,0.00617807,0.00315795,0.00117853,0.00235561,0.0038836,0.00595935,0.0037748,0.00473665,0.00715445,0.00373325
0.00225602,0.00490116,0.00878613,0.0042228,0.00109295,0.00135592,0.00410033,0.00722851,0.00460263,0.00570472,0.00769934,0.00307612
0.00161946,0.00363243,0.00886341,0.00498769,0.00110558,0.0011636,0.00434977,0.00871425,0.00542745,0.0054756,0.00801747,0.00412148
0.000765426,0.0041567,0.00845077,0.00431134,0.00112209,0.00245805,0.00546071,0.00885385,0.00578051,0.00465996,0.00623807,0.00422157
0.00139114,0.00391445,0.0103827,0.00587898,0.00101763,0.00201944,0.00595714,0.00972706,0.00676473,0.00590944,0.00774657,0.00463169
0.000745551,0.00464345,0.0116443,0.00657117,0.0012535,0.00236891,0.00441705,0.00864359,0.00532272,0.00321767,0.0049992,0.0027451
0.00091661,0.0036254,0.0100892,0.00609809,0.00095574,0.00132734,0.00346605,0.00849133,0.00635973,0.00644523,0.00706544,0.00343238
0.00116614,0.00244593,0.00759046,0.00523236,0.001283,0.00121568,0.00301307,0.00763592,0.00525397,0.00345467,0.0040404,0.00326314
0.000711536,0.00365719,0.00997749,0.00562127,0.000738366,0.00115768,0.00314832,0.00720042,0.00472558,0.0023832,0.00371157,0.00288925
0.00114546,0.00371205,0.00860068,0.00477694,0.000634705,0.00101659,0.00297308,0.00641621,0.00444975,0.00406649,0.0055046,0.00305602
0.000810094,0.00317399,0.00661836,0.00371272,0.000640339,0.000519731,0.00203148,0.00467232,0.0036934,0.005634,0.00898548,0.00472164
0.00094993,0.00277209,0.00660155,0.00369305,0.000476614,0.000607121,0.00193823,0.0035563,0.00257789,0.00184839,0.00358016,0.00290981
0.00106647,0.00228981,0.00605454,0.00336295,0.000718004,0.00119458,0.0023268,0.00317695,0.00200969,0.00118484,0.00185162,0.00177203
0.000870968,0.00290452,0.00611199,0.00327247,0.000685288,0.00122475,0.0019487,0.00289721,0.00214034,0.00226366,0.00289717,0.00157154
0.000897843,0.00214914,0.00544362,0.00301824,0.000348542,0.000426398,0.00122182,0.00200842,0.00120827,0.000963599,0.00166394,0.00176534
0.000294165,0.00186767,0.00439656,0.00244261,0.000388862,0.000466258,0.000881566,0.00117485,0.000720781,0.0012785,0.00200958,0.00117103
0.000293096,0.00144954,0.00376954,0.00200718,0.000109773,0.000339818,0.000846191,0.00181609,0.0013155,0.00106702,0.00117788,0.000685458
0.000425391,0.00102155,0.0022879,0.00149802,0.000352437,0.000288503,0.00101459,0.00198234,0.00143796,0.00164309,0.00127519,0.000504419
0.000449332,0.000714426,0.00196441,0.00128849,0.00035403,0.000280167,0.000981879,0.00218782,0.00157994,0.00114899,0.000818442,0.000614571
0.000372154,0.000909277,0.00212352,0.00112568,0.000183415,0.000228468,0.000823979,0.00161619,0.00102479,0.00106591,0.00109883,0.00073981
0.000242577,0.000970757,0.0026555,0.0015497,0.000242918,0.000303355,0.000716025,0.00105798,0.00063991,0.000505332,0.000539272,0.000491856
0.000326324,0.000902696,0.00214924,0.00125202,0.000283737,0.000301256,0.000694614,0.000967356,0.000611386,0.000435947,0.000481726,0.000451695
0.00029898,0.000652904,0.0016595,0.000989322,0.000272385,0.000226726,0.000605956,0.000946947,0.000535484,0.000358171,0.000499106,0.000301342
0.000250161,0.000687803,0.0013958,0.000777506,0.000110231,0.000199834,0.000336839,0.000753594,0.000622917,0.000540819,0.00037943,0.00021823
0.000248659,0.000528785,0.00115738,0.000728709,0.000206144,0.000226183,0.000313257,0.000634775,0.000448173,0.000178984,0.000467741,0.000354359
0.000308516,0.00050118,0.000890793,0.000425144,7.49224e-05,0.000169019,0.000289,0.000518067,0.000329229,0.000390338,0.000553463,0.000462564
0.000458787,0.000445705,0.000853176,0.000433884,0.000118972,7.78699e-05,0.00026375,0.000597161,0.000434495,0.00036578,0.000317573,0.000400525
0.000644639,0.000559826,0.000823414,0.000427915,0.000120275,0.000155591,0.000199246,0.000521384,0.00034831,0.00026423,0.000418826,0.000557393
0.000729473,0.000462958,0.000609201,0.000374652,0.000155947,0.000163467,0.000192104,0.000446593,0.000332128,0.000190808,0.000313915,0.000678019
0.00121625,0.00082758,0.000846659,0.000861687,0.000645484,0.00039978,0.000832941,0.00139919,0.000578497,0.000586248,0.00102845,0.000954093
0.00206672,0.0010271,0.00112526,0.00157504,0.000884707,0.00048785,0.000734059,0.00209744,0.00205921,0.000957691,0.000889681,0.00161808
0.00477191,0.00233765,0.00153536,0.00264453,0.00147232,0.0005656,0.000856576,0.00275309,0.00381313,0.00184588,0.00109408,0.00260247
0.00722434,0.00367086,0.00233247,0.0033013,0.00139243,0.000553084,0.00152424,0.00378189,0.00402209,0.00160828,0.00082734,0.00342275
0.00809641,0.00354535,0.0019017,0.00257314,0.00158976,0.000696656,0.00260814,0.00677001,0.00832452,0.00351713,0.000913471,0.00389726
0.0111949,0.00493051,0.00330818,0.00512098,0.00232146,0.000421667,0.0021183,0.00550908,0.00901666,0.00584366,0.00286394,0.00500242
0.0136264,0.00662659,0.00253916,0.00450848,0.00295475,0.00123945,0.00243992,0.00509435,0.00770184,0.0040539,0.00290022,0.00669837
0.0191047,0.010147,0.00263153,0.00591405,0.00326538,0.000876984,0.00254159,0.00736864,0.00706543,0.00341664,0.0037556,0.00813203
0.016489,0.0092317,0.00236432,0.00707249,0.00460015,0.00140905,0.00253906,0.00599757,0.00520271,0.0065649,0.00543166,0.00878291
0.0139688,0.00579439,0.00616244,0.00463593,0.00263521,0.00135745,0.00229186,0.00514516,0.00305622,0.00585983,0.0129864,0.0104183
0.0147966,0.00858806,0.00860232,0.0074523,0.00250536,0.00120487,0.00186048,0.00536348,0.00451659,0.00417529,0.00843197,0.00977643
0.00997508,0.00647841,0.00749136,0.00347899,0.00109028,0.00128237,0.00297498,0.00571932,0.00422052,0.00253754,0.00362719,0.00578815
0.00902534,0.00643528,0.00714334,0.00502795,0.00141576,0.000903461,0.00257638,0.00699614,0.00668488,0.0057767,0.00989426,0.00722502
0.00713858,0.0048311,0.00737556,0.00564937,0.00242972,0.00195958,0.00249482,0.00530063,0.00335098,0.00298667,0.0112635,0.00960834
0.00922892,0.0054251,0.00422611,0.00331556,0.00144345,0.00123904,0.00145892,0.00563376,0.00587691,0.00199289,0.00964621,0.012583
0.00892805,0.00541539,0.00518752,0.00352106,0.00190408,0.00124403,0.00159285,0.00186847,0.0022801,0.00284888,0.00812672,0.00977427
0.0103871,0.00673986,0.00397627,0.00259803,0.000783963,0.000867446,0.00115397,0.00213187,0.00242584,0.00269101,0.00528478,0.00524878
0.012814,0.00721857,0.00321217,0.00262201,0.00124335,0.00127126,0.00132123,0.00316405,0.00375323,0.00233558,0.0047409,0.0060778
0.016016,0.00801791,0.00213171,0.00335095,0.0023921,0.00121698,0.00177977,0.00223525,0.00299096,0.00211025,0.00126387,0.00647505
0.0192935,0.0111244,0.00421974,0.0047481,0.00280577,0.000851605,0.00125378,0.00304363,0.00317148,0.00170808,0.00221393,0.00714028
0.0187622,0.0107939,0.00330166,0.00485123,0.00242552,0.000959708,0.00149218,0.0036962,0.00325998,0.00146426,0.00157434,0.00566477
0.0162865,0.00928839,0.00361198,0.00891969,0.00518766,0.000464184,0.00128354,0.00244839,0.00184527,0.0024558,0.00755656,0.00810534
0.0120961,0.00633134,0.00198625,0.0053923,0.00381419,0.000646634,0.00086752,0.00197326,0.00129326,0.00107296,0.000894469,0.00479662
0.0103331,0.00584904,0.00318147,0.00611698,0.00343,0.000728501,0.000901181,0.00165007,0.00130465,0.000766417,0.00104763,0.00372897
0.00573061,0.00305212,0.00240298,0.00461449,0.00210319,0.000666739,0.00101934,0.00235905,0.00156889,0.00072147,0.00148816,0.00239754
0.00476517,0.00328761,0.00243606,0.00459546,0.00209255,0.000646567,0.00123183,0.00267321,0.00151027,0.00114131,0.00202412,0.000559082
0.00574977,0.00398289,0.00159221,0.00373938,0.00258821,0.000731716,0.00070563,0.00201476,0.00161179,0.000893446,0.00164705,0.00166316
0.00603601,0.00337062,0.0019037,0.0028641,0.00163349,0.000367725,0.000607487,0.00136771,0.000791139,0.00084292,0.00149379,0.00235382
0.00674432,0.00352805,0.00157942,0.00282438,0.00228203,0.000989817,0.000632987,0.00105758,0.000704484,0.000953641,0.00173251,0.00302026
0.00643833,0.0038863,0.00109765,0.00182101,0.00115825,0.000463009,0.000604187,0.00111538,0.000911636,0.000630095,0.00086196,0.00251055
0.00409162,0.00206465,0.00110321,0.00251976,0.0017172,0.000607587,0.000646398,0.000813492,0.000399028,0.00043873,0.000654388,0.0017592
0.0035014,0.00198486,0.00118772,0.00181496,0.00152842,0.000573532,0.000540599,0.00105725,0.000783789,0.000351504,0.000952485,0.00160366
0.00297214,0.00178455,0.00102343,0.00190907,0.00136802,0.000528784,0.000452698,0.000787329,0.000466451,0.000411078,0.000858385,0.00162463
0.00314072,0.00172659,0.00047021,0.00119044,0.000823749,0.000419798,0.000562304,0.00108691,0.000665117,0.000346691,0.00048506,0.00114891
0.00338148,0.00207531,0.0007879,0.000919612,0.000746347,0.000403864,0.000512623,0.00090735,0.000520518,0.000405209,0.000312769,0.0010375
0.00286014,0.0016078,0.000383204,0.000877445,0.000962516,0.000458966,0.00039336,0.000754659,0.000481542,0.000375614,0.000565607,0.000995626
0.00242443,0.00139785,0.000282455,0.00068757,0.000543136,0.000495824,0.00036191,0.000531016,0.000407105,0.000294038,0.000358495,0.000954887
0.00205302,0.00113437,0.000407693,0.000452784,0.000453208,0.000333097,0.000280983,0.000549455,0.000377004,0.000320075,0.00033116,0.000694428
0.00218266,0.00117252,0.000454199,0.000584699,0.000510502,0.000195901,0.000283076,0.000602977,0.000375955,0.00020584,0.000236334,0.000865026
0.00183953,0.00116418,0.000349674,0.000316319,0.000285508,0.000191161,0.000236815,0.000505881,0.000362028,0.000215168,0.000203991,0.000720498
0.00131213,0.000792661,0.00027144,0.000305941,0.00022262,0.000149925,0.000153715,0.000380637,0.000315093,0.000200688,0.000234084,0.000448403
0.0010422,0.000565669,0.00030228,0.00052673,0.000446318,0.00022013,0.000169783,0.000269418,0.000290337,0.000259524,0.00023537,0.000475413
0.000769685,0.000419785,0.00026146,0.00040343,0.000391253,0.000258802,0.000278238,0.000305123,0.000181454,0.000245991,0.000309933,0.000376045
0.00062657,0.000480376,0.0003894,0.000421937,0.000346521,0.000246696,0.00016831,0.000261235,0.000374014,0.000250856,0.000202096,0.000351838
0.00043161,0.000190798,0.00022087,0.000226242,0.000274607,0.000215802,0.000169183,0.000265727,0.000398906,0.000250787,0.000224255,0.00039481
0.000549916,0.000297753,0.00020649,0.000180394,0.00019943,0.000115222,0.00015348,0.000322187,0.000354829,0.000326761,0.000324705,0.000418152
0.000506949,0.000312679,0.000331792,0.000363071,0.000233644,0.000230049,0.000325814,0.000297603,0.000320641,0.000314388,0.000254175,0.000326956
0.00048525,0.000645962,0.000645505,0.000399202,0.000292035,0.000578986,0.000788052,0.00109319,0.000568021,0.000513289,0.000560204,0.000473651
0.000424521,0.00065629,0.00139819,0.000869147,0.00090305,0.00143643,0.00139679,0.00260539,0.00175494,0.00157193,0.00109041,0.000980658
0.000675752,0.000731129,0.00150896,0.000920999,0.000667783,0.00125587,0.00207286,0.00387639,0.00298967,0.00199382,0.00145121,0.00125953
0.000635001,0.000815483,0.00209207,0.00126849,0.000720627,0.00129305,0.00301874,0.00667216,0.00472152,0.00263384,0.00276321,0.00132528
0.000686574,0.00204231,0.00436847,0.00208507,0.000691657,0.00212863,0.00532354,0.0104999,0.00619843,0.00204916,0.00280868,0.00156688
0.000417249,0.00175018,0.0035915,0.00199547,0.000780343,0.00163715,0.00670322,0.014429,0.00791823,0.00373753,0.00639396,0.00299268
0.000829832,0.0014232,0.00493601,0.00298485,0.00103386,0.00195034,0.00699658,0.0170687,0.009876,0.00515942,0.00739916,0.00328071
0.000905362,0.00193351,0.00437183,0.00211905,0.001901,0.00373715,0.00797433,0.017187,0.0109979,0.00224371,0.00465537,0.00300888
0.000956942,0.0021887,0.00438388,0.00237462,0.0019395,0.00452011,0.00828991,0.0163073,0.0103453,0.00413518,0.00726667,0.00368811
0.0138387,0.0107538,0.00664232,0.00291224,0.000880461,0.0022265,0.00736715,0.0162168,0.0100965,0.00349595,0.00354958,0.00766298
0.0152466,0.0137798,0.00657038,0.00238671,0.00113688,0.00196719,0.0076075,0.0155505,0.0112665,0.00727641,0.00436993,0.00418031
0.00712071,0.00968223,0.00487258,0.00217518,0.000753421,0.00166884,0.00544931,0.013804,0.00876951,0.00213355,0.00326086,0.00340719
0.0137995,0.0127318,0.00516643,0.00198391,0.00113664,0.00129811,0.00548206,0.0119219,0.0104332,0.00764591,0.00380972,0.00346204
0.00627961,0.00566698,0.0039981,0.00227621,0.00122432,0.00137041,0.00347776,0.00758043,0.0064079,0.00765144,0.00451756,0.00236064
0.0082846,0.00587251,0.00236758,0.00189018,0.00104457,0.000900406,0.00309452,0.00765658,0.00405552,0.00437101,0.00335348,0.00235715
0.0093252,0.00593375,0.00274652,0.00148949,0.00112645,0.00123353,0.00240029,0.00636056,0.00403229,0.00420782,0.00314196,0.00477482
0.00741443,0.00499422,0.00208673,0.00128485,0.000996503,0.000866372,0.00185789,0.00486389,0.00359954,0.00309031,0.00260989,0.00324528
0.00275585,0.00240094,0.00270953,0.00180909,0.000768324,0.000906012,0.00173542,0.00402204,0.00258991,0.00389713,0.005392,0.00289513
0.00573437,0.00597455,0.0044777,0.00161417,0.000882943,0.00114417,0.00329976,0.00583535,0.00386681,0.00606955,0.00556428,0.00291694
0.00418138,0.00271155,0.00425455,0.00196805,0.00137627,0.00241712,0.00388615,0.00638269,0.00402729,0.00266831,0.00313133,0.00228997
0.00268626,0.00279167,0.00658437,0.00394965,0.00112908,0.00183221,0.002728,0.00441279,0.00372584,0.00538187,0.00523266,0.00401991
0.00198616,0.00368125,0.00816448,0.00411082,0.00122059,0.0021672,0.00176396,0.0040917,0.0030673,0.00457403,0.00532621,0.00403204
0.0020125,0.0033014,0.00527153,0.00314472,0.00166637,0.00262385,0.00314946,0.00426408,0.00283972,0.00372522,0.00690058,0.00481756
0.00262572,0.00322273,0.00755744,0.00393408,0.00126982,0.00190027,0.00312013,0.00416072,0.00243317,0.00282845,0.00701678,0.00533435
0.00205794,0.00485397,0.00945085,0.00439496,0.000649768,0.00151975,0.0037789,0.00527814,0.00255244,0.00407575,0.00824576,0.0051622
0.00144319,0.00415643,0.00657807,0.00350379,0.000645252,0.00107969,0.00369771,0.00541695,0.00282341,0.00161237,0.00325001,0.00257648
0.000784563,0.00262247,0.00431858,0.00226688,0.000911559,0.00175854,0.00362627,0.00591427,0.00316832,0.00283604,0.00241159,0.0011272
0.00113065,0.00252145,0.00418433,0.00227407,0.000691322,0.00125467,0.00367898,0.00563533,0.00306439,0.00208195,0.00170524,0.00129513
0.000736772,0.0021844,0.00404588,0.00211367,0.000562094,0.000899409,0.00300786,0.00567997,0.00342726,0.00178196,0.00351377,0.00206564
0.000971857,0.00146857,0.00364162,0.00213566,0.000571972,0.000921689,0.00279811,0.0053184,0.00278441,0.00155021,0.00320734,0.00252188
0.00086898,0.00178722,0.00371135,0.00203288,0.000362004,0.000931508,0.00259389,0.00416287,0.00215571,0.00144447,0.0030185,0.00204471
0.000799901,0.00129458,0.00234457,0.00120686,0.000369428,0.000705956,0.00146217,0.00260253,0.00126546,0.00095456,0.00217048,0.00134083
0.000993921,0.00134505,0.00259602,0.00142312,0.000206861,0.000529137,0.00140654,0.00197153,0.000990501,0.000915009,0.00174117,0.000730206
0.000707547,0.00132603,0.0029579,0.00177976,0.000365597,0.000650223,0.00147374,0.00200488,0.00157263,0.000969809,0.00132208,0.00114704
0.000429033,0.00107526,0.0024439,0.00135042,0.000250031,0.000375711,0.00132297,0.00236719,0.00128816,0.000724981,0.00149902,0.00136377
0.000496754,0.00117672,0.00248809,0.00134074,0.000330412,0.000248246,0.00134387,0.0025636,0.00124351,0.000645243,0.00130461,0.00107724
0.000429656,0.000755022,0.00169147,0.000924765,0.000351186,0.000319529,0.000944801,0.00236337,0.00146749,0.00051487,0.00117707,0.000933247
0.000538225,0.000935501,0.00174511,0.000910376,0.000192995,0.000243792,0.000791983,0.00173912,0.000940237,0.000409986,0.000912953,0.000745763
0.000299173,0.000735492,0.00144235,0.00074188,0.00018417,0.000218194,0.000641424,0.00148039,0.000895917,0.000304941,0.000702852,0.000598869
0.000461505,0.000651893,0.00124739,0.000716199,0.000266911,0.00020031,0.000253886,0.000652385,0.000499369,0.000402297,0.000486784,0.000444374
0.000293802,0.000487259,0.000947509,0.000519413,0.000158725,0.00019858,0.000347051,0.000674465,0.000480444,0.000330403,0.000472297,0.000292151
0.000234662,0.000485204,0.00107552,0.000594399,0.000182822,0.000225758,0.000297676,0.000488602,0.000290368,0.000205249,0.000278893,0.000310973
0.000227482,0.000489342,0.000863574,0.000488119,0.000183368,0.000161253,0.00021407,0.000510949,0.000446272,0.000297064,0.000271409,0.000177721
0.000179157,0.000357337,0.000563779,0.000317326,0.000161031,0.000155038,0.000248266,0.000424186,0.000256392,0.000219607,0.000211955,0.000210348
0.000155075,0.000231931,0.000479898,0.000296257,0.000143741,0.000173794,0.000200469,0.000270855,9.24475e-05,8.99822e-05,0.000303436,0.000321228
0.00020776,0.00017873,0.000333029,0.000230404,0.000111741,0.000100251,0.000160197,0.000334736,0.000277707,0.000168788,0.000231479,0.000269686
0.000175061,0.000199488,0.000262003,0.000175104,0.000114835,0.00014827,0.000197419,0.000285557,0.000241823,0.000114547,0.000311504,0.000290369
0.000113773,0.000120524,0.000205604,0.000206903,0.000198449,0.000215655,8.61854e-05,0.000164748,0.000154269,0.000126556,0.000179559,0.000186779
0.000153171,0.000185855,0.000201524,0.000120317,0.00014836,0.000157529,0.000186303,0.000234776,0.000196282,0.000197986,0.000157247,0.000166433
0.000760736,0.000654807,0.000711855,0.000435157,0.000734311,0.000504916,0.000602221,0.000698983,0.00053189,0.000491545,0.000406404,0.000427046
0.000956291,0.000865113,0.00134917,0.000827984,0.000684002,0.000814557,0.00108744,0.000770525,0.000790392,0.00102969,0.000768819,0.000453716
0.000988912,0.00168173,0.00220567,0.00136114,0.00106412,0.00106903,0.00226274,0.00144289,0.000974201,0.00201919,0.00113854,0.000619497
0.00114048,0.0025553,0.0035532,0.00165071,0.00113321,0.00120395,0.00252005,0.00178885,0.000875849,0.00164974,0.00116952,0.000772302
0.00104353,0.00257756,0.00372168,0.00212238,0.00127578,0.00193521,0.00411219,0.00264094,0.000781137,0.00194381,0.00136214,0.000566218
0.00119592,0.0034007,0.00542279,0.0029783,0.000716597,0.00164751,0.00252943,0.00183522,0.00151592,0.0033746,0.0022588,0.000551321
0.00100002,0.00519432,0.00828016,0.00399222,0.000950981,0.00216693,0.00509433,0.00280687,0.00199952,0.00244965,0.00202969,0.000784703
0.00113355,0.00553309,0.00923866,0.00468293,0.00126432,0.00169633,0.00554477,0.00396448,0.0037761,0.00766035,0.00397599,0.00115282
0.00179259,0.00621093,0.00922544,0.00459149,0.00179427,0.00202521,0.00450066,0.00292218,0.00509441,0.00937946,0.00445244,0.00124954
0.00100573,0.0049681,0.00879836,0.00456222,0.00137812,0.00139444,0.00339548,0.00276838,0.00454136,0.00931423,0.00543848,0.00140865
0.000901724,0.00558255,0.010307,0.00548028,0.00156344,0.00153799,0.00171259,0.0017541,0.0030642,0.0054806,0.00275773,0.00162524
0.000976408,0.00561329,0.0101656,0.00527257,0.00129963,0.00143319,0.00304359,0.00257425,0.0012589,0.00448562,0.00531509,0.00232721
0.000725271,0.00418186,0.00763104,0.00387223,0.0014057,0.00221976,0.00366861,0.00441479,0.00243347,0.00384467,0.00493146,0.00284449
0.000832212,0.00401789,0.00728214,0.00346683,0.00111833,0.00161432,0.00184485,0.00285409,0.00235841,0.00409071,0.00385013,0.00201523
0.0008868,0.00233486,0.00471176,0.00291559,0.00106918,0.00133396,0.00331465,0.00353326,0.00291504,0.00477831,0.00382877,0.00193528
0.000817196,0.00211415,0.00458805,0.00271664,0.00107412,0.00170965,0.00206663,0.00302398,0.00234725,0.00351841,0.004851,0.00247086
0.00056945,0.00176923,0.00398316,0.00215994,0.000728808,0.00136989,0.00132437,0.00189617,0.0014945,0.00222148,0.00300468,0.00155759
0.00135783,0.00172915,0.00354461,0.00216517,0.00110634,0.00143586,0.00165328,0.00252536,0.00155508,0.00288494,0.00302225,0.0013975
0.00148614,0.00239938,0.00370531,0.00185815,0.00092194,0.00125689,0.000934535,0.0020229,0.00186017,0.00234663,0.00274396,0.00187752
0.0045042,0.00455485,0.00381401,0.00216394,0.000638716,0.000895021,0.00135631,0.00140357,0.00170063,0.00232337,0.00181295,0.00239839
0.00576005,0.00477064,0.00411196,0.00187949,0.00043894,0.00124585,0.00232186,0.00176898,0.00191211,0.00236498,0.00114622,0.0023583
0.00632014,0.00513014,0.00493364,0.00222624,0.000690785,0.00124091,0.00317854,0.00284286,0.00265269,0.00584494,0.00287566,0.00367593
0.00510901,0.00450054,0.00518908,0.00261353,0.00106741,0.00157028,0.00325935,0.0022219,0.00394107,0.00854049,0.00455709,0.00259976
0.00412496,0.00348477,0.00516967,0.00275145,0.00122669,0.00149869,0.00338239,0.0020525,0.00381457,0.00844694,0.00428908,0.00229213
0.00163088,0.00380107,0.00544289,0.00275467,0.00102335,0.000660142,0.0015367,0.00163236,0.00388072,0.00689355,0.0030725,0.00111431
0.00263554,0.00324042,0.00471712,0.0023848,0.00083088,0.000903575,0.00227487,0.00206344,0.00237866,0.0043885,0.0015925,0.00194103
0.00289754,0.00229576,0.00376453,0.00189435,0.000551182,0.00107699,0.00132464,0.000726984,0.0011473,0.00227207,0.0017457,0.00194362
0.00125171,0.00199947,0.00276173,0.00150183,0.000466068,0.000582176,0.00140309,0.00108523,0.00126723,0.00295004,0.00158869,0.000802807
0.00107668,0.00136578,0.00214894,0.00136682,0.00074324,0.000826686,0.00131153,0.00104504,0.00229982,0.00480034,0.00273124,0.000770375
0.0024021,0.00195724,0.00119854,0.000872277,0.000724188,0.000646702,0.0014897,0.00132864,0.00219006,0.00448372,0.00227584,0.0010095
0.00116918,0.00101493,0.00108067,0.000875439,0.000830699,0.000669137,0.00140826,0.000892876,0.00135349,0.00285225,0.00140996,0.000794787
0.00155863,0.00172877,0.00187662,0.0010963,0.000392572,0.000428522,0.000882609,0.000667318,0.00150828,0.00251069,0.00152236,0.000628007
0.0017168,0.00127027,0.00188862,0.00101731,0.000419555,0.000444955,0.00080995,0.000901486,0.00136682,0.00257917,0.00134446,0.000766505
0.00107889,0.00132993,0.00206418,0.00100962,0.000280275,0.000325875,0.000733793,0.000554854,0.00105559,0.00241132,0.00113174,0.000346159
0.000586066,0.00123451,0.00182735,0.000898875,0.000328321,0.000474425,0.000871785,0.000666562,0.00108245,0.00211498,0.00106285,0.000296809
0.000691079,0.000965078,0.00161159,0.000941525,0.000315962,0.000318514,0.000545379,0.000499856,0.000945752,0.00170613,0.000992036,0.00029527
0.000654244,0.000643912,0.00127019,0.00086806,0.00027323,0.000271694,0.000402343,0.000265664,0.000708847,0.00160174,0.000937823,0.000387743
0.000710293,0.000687206,0.00108814,0.000649883,0.000319435,0.000280333,0.000423008,0.000342002,0.000643452,0.00146951,0.00102491,0.000498097
0.000402668,0.000704065,0.00113062,0.000721761,0.000300845,0.000245509,0.00034929,0.000352577,0.000542273,0.0010393,0.000516792,0.000201297
0.000226311,0.00038231,0.000919811,0.000523872,0.000188757,0.000143075,0.000362652,0.00033194,0.000490815,0.000876844,0.000407817,0.000193253
0.00041369,0.000465538,0.000652248,0.000406727,0.000122614,0.000148755,0.00037975,0.000379708,0.000462207,0.000855667,0.000468217,0.000202248
0.000312421,0.000362402,0.000520677,0.000308258,0.000203833,0.000168695,0.000283856,0.000372502,0.000302941,0.000664791,0.000395679,0.000137216
0.000285763,0.000319707,0.000393734,0.000244213,0.000108203,0.000141392,0.000191229,0.000172411,0.000452906,0.000867873,0.000414976,0.000178376
0.000251046,0.000275158,0.000266438,0.000172712,0.000130894,0.000155122,0.000266236,0.00025857,0.000425192,0.000775572,0.000359595,0.000204584
0.000228868,0.000218081,0.00013542,8.73077e-05,0.000130933,0.000124562,0.000133043,0.000172077,0.000350061,0.000614699,0.000312361,0.000117467
0.000206379,0.000169576,0.000236872,0.000157818,0.000170237,0.000158838,0.000145414,0.000130666,0.000176151,0.000355063,0.000243522,0.00013022
0.000249817,0.000190079,0.000220575,0.000148385,0.000185589,0.000138164,0.000124547,0.000194981,0.000244836,0.000417771,0.000243338,0.00013921
0.000212467,0.000206474,0.000251001,0.000169854,0.000133014,9.80806e-05,0.00017425,0.000173709,0.000114225,0.000289374,0.00026737,0.000210629
0.000122117,0.00017218,0.000200219,0.00015268,0.000112875,0.000110256,0.000185565,0.000203597,0.000218255,0.000311808,0.000229373,0.000162571
0.000179171,0.000120525,0.000111334,9.63031e-05,0.000185759,0.000234072,0.000207676,0.000206668,0.000129347,0.000275049,0.000227929,0.000185007
0.000129621,0.0001256,9.85827e-05,0.000111382,0.000100128,0.00010093,0.00011892,0.000166078,0.000131245,0.000235221,0.000201502,0.000136299
0.000151373,0.000152775,0.000172441,0.00016399,0.00011261,0.000133794,0.000140467,0.00013882,0.000141682,0.000266283,0.000160395,0.000112618
0.000109084,0.000141403,0.000122176,9.17076e-05,0.000171913,0.000150592,0.000157779,0.000151352,0.000162886,0.000259715,0.000220884,7.82915e-05
0.000156873,0.000145599,0.000204768,0.000147515,9.5083e-05,0.000134914,0.000182824,0.00033014,0.00023291,0.000245731,0.000241726,0.000155873
0.000132891,0.000217578,0.000349514,0.000219825,0.000193686,0.000251466,0.000404641,0.000618647,0.000435014,0.000363232,0.000260104,0.00028859
0.000173142,0.000372133,0.000492352,0.000231761,0.000219847,0.000338237,0.000524416,0.000600353,0.000318174,0.000409899,0.000252177,0.00022534
0.000244348,0.000432009,0.000846641,0.000458912,0.000257219,0.000445314,0.000746692,0.000855374,0.000447525,0.00030464,0.000237557,0.000254206
0.000429861,0.000791793,0.0011227,0.000478333,0.000347714,0.00056124,0.000509495,0.00124383,0.000815271,0.000380277,0.000510771,0.000435879
0.00037069,0.00108556,0.00160912,0.000836369,0.000454832,0.000477296,0.00101924,0.00239106,0.00164577,0.000784937,0.000720385,0.000659732
0.000376176,0.00144447,0.00249922,0.00120292,0.000702633,0.000829408,0.0014999,0.00279773,0.00144923,0.000756958,0.000739141,0.000816999
0.000566692,0.00181193,0.00369605,0.00182265,0.000605468,0.00116695,0.00204904,0.00322344,0.00235937,0.00135188,0.00162969,0.000796096
0.000491385,0.00188562,0.0036211,0.00155675,0.000664242,0.00131036,0.00236691,0.00419034,0.00233811,0.00109043,0.00127224,0.000678379
0.000724384,0.00206069,0.003223,0.00124698,0.000907156,0.00151451,0.00276001,0.0049166,0.00280291,0.00163838,0.00180751,0.00143823
0.000491112,0.00161597,0.00300262,0.00131242,0.000726759,0.00123288,0.00340047,0.00507209,0.00265694,0.000695933,0.00193203,0.00127003
0.0003688,0.00184729,0.00337357,0.00163732,0.00107562,0.00168274,0.00354684,0.00612694,0.00367326,0.00200238,0.00185398,0.00120424
0.000707093,0.00223213,0.00411088,0.0019461,0.000649237,0.00108748,0.00355416,0.0064669,0.00358398,0.00171245,0.00205431,0.00156685
0.000517631,0.00180685,0.00308567,0.00133104,0.000884835,0.0014683,0.00430668,0.00726857,0.00390307,0.00182876,0.00168725,0.000859548
0.000714893,0.00202776,0.00358234,0.00149601,0.000656213,0.00130476,0.00449671,0.00751149,0.00402346,0.00218724,0.0020292,0.00112411
0.000488302,0.00212299,0.00423517,0.00198612,0.000735606,0.00112695,0.00481587,0.00820545,0.00374846,0.00187943,0.00218953,0.00116929
0.000910671,0.00202213,0.00419337,0.00216145,0.00135896,0.00213729,0.00531059,0.00933743,0.00482319,0.00176614,0.00110132,0.00129381
0.000837026,0.00243007,0.00450412,0.00221291,0.000677572,0.00109986,0.00583377,0.0104163,0.00540516,0.00218561,0.00199964,0.00148561
0.000796688,0.00224345,0.00466487,0.00230878,0.00115336,0.00179875,0.00591538,0.010739,0.00544872,0.00263222,0.00240991,0.0014974
0.000450782,0.00212312,0.00474334,0.00228133,0.000919258,0.00170829,0.00489827,0.00989933,0.00504217,0.00238572,0.00227632,0.000873359
0.000592576,0.00208902,0.00426957,0.0020943,0.00067027,0.00124911,0.00515783,0.00967611,0.00546903,0.00236725,0.00259926,0.0013794
0.000571027,0.00196026,0.0045635,0.00229701,0.00103997,0.00135959,0.00538934,0.00964062,0.00440306,0.00259844,0.00226656,0.00138203
0.000512432,0.00226457,0.0045859,0.00209133,0.000742976,0.00135149,0.0044189,0.00808523,0.00473655,0.00290474,0.00176836,0.00182062
0.000466075,0.00215678,0.00443539,0.00192695,0.000970594,0.00136073,0.00395304,0.00718012,0.00408847,0.00223778,0.00133064,0.00140638
0.000368081,0.00190153,0.00382356,0.00168767,0.00059996,0.00103543,0.00353857,0.00561184,0.00345478,0.00277436,0.00208715,0.000973095
0.00039047,0.00135429,0.00261054,0.00115329,0.000513533,0.00107949,0.00280401,0.00389575,0.00263255,0.00299066,0.00171902,0.000751976
0.000663748,0.0015329,0.00305989,0.00152052,0.000609573,0.00101807,0.0026037,0.00380075,0.00144446,0.0021886,0.00199781,0.00128819
0.000780777,0.00160165,0.00340429,0.00169655,0.000725933,0.001145,0.00294442,0.00470015,0.00223423,0.00207213,0.00189653,0.00152711
0.000641664,0.00182688,0.00380026,0.00200532,0.000520755,0.000828848,0.0031351,0.00518307,0.00327356,0.00214733,0.00214926,0.00166005
0.000806988,0.00222505,0.00406787,0.00193379,0.000634762,0.00129973,0.00367478,0.00636417,0.00407772,0.00265352,0.00247288,0.00180587
0.000608015,0.00207494,0.00404643,0.001872,0.000548603,0.00106428,0.00432571,0.00775335,0.00432165,0.00233292,0.00252509,0.00168328
0.000823262,0.00238953,0.00468885,0.00208259,0.000603851,0.000941446,0.00409715,0.00731338,0.00349632,0.00171856,0.000963559,0.00139056
0.000917651,0.00239009,0.00500435,0.00230861,0.000432524,0.000861054,0.0034656,0.00650015,0.00349949,0.0014054,0.00164478,0.00204784
0.000728501,0.00231634,0.00463995,0.00223074,0.000626182,0.00108382,0.00307144,0.00597004,0.00333855,0.0011639,0.00154709,0.00172129
0.000848385,0.00191916,0.00379864,0.00180376,0.000555312,0.000905701,0.00271292,0.00435286,0.00238357,0.00172655,0.00204812,0.00207559
0.000832278,0.00161367,0.00320398,0.00154792,0.000809621,0.00105232,0.00224514,0.00236697,0.00109301,0.00121411,0.000920747,0.00148466
0.000522066,0.00150997,0.00296588,0.00142994,0.000682003,0.0010353,0.00240308,0.00323079,0.0013467,0.00063076,0.00106482,0.00122913
0.00076515,0.00151389,0.00295887,0.00140305,0.000669141,0.00103687,0.00290791,0.00420005,0.00194637,0.000753843,0.00126748,0.00169951
0.000626116,0.00168469,0.00327312,0.00149042,0.000642898,0.00109326,0.00300968,0.00467306,0.00225145,0.00100654,0.00115808,0.00154704
0.000777701,0.00174069,0.00329124,0.00157131,0.00056304,0.000788824,0.00280886,0.00458723,0.0022621,0.000828752,0.00141232,0.00167083
0.000650916,0.00156321,0.00329672,0.00185391,0.000526469,0.000588127,0.00255039,0.00463125,0.0022184,0.000896834,0.00129501,0.00152974
0.000720482,0.00187415,0.00369241,0.00183541,0.000578487,0.000703873,0.00246394,0.00505912,0.00267023,0.00107783,0.000974421,0.00110073
0.000664853,0.0020853,0.00397635,0.00201602,0.000625544,0.000784236,0.00268555,0.00467927,0.00269431,0.00119463,0.000872452,0.00078344
0.000252837,0.00188259,0.00416303,0.00227415,0.000507036,0.000517916,0.00247601,0.00447867,0.00235976,0.000931727,0.000742291,0.000502076
0.000291282,0.00186257,0.00404363,0.00207555,0.000253213,0.000367845,0.00218949,0.00443461,0.00292158,0.000919774,0.00053384,0.000675816
0.000414692,0.00171184,0.00381936,0.00201171,0.000518956,0.00063236,0.00162741,0.00385308,0.00267351,0.000961314,0.000678827,0.000522023
0.000376325,0.00135187,0.00345006,0.00214205,0.000812802,0.000641919,0.00144439,0.0031728,0.001967,0.00104059,0.000776036,0.00069573
0.000441536,0.00125668,0.00253378,0.00174072,0.000897846,0.000903704,0.00144403,0.00175442,0.000841321,0.000644896,0.000802789,0.000690935
0.000326959,0.000689804,0.00150025,0.000635972,0.000424799,0.000460761,0.000815723,0.00144889,0.000873568,0.000438942,0.000486158,0.000430362
0.000347997,0.000630279,0.00124033,0.000795141,0.000253753,0.000288039,0.000931436,0.00128101,0.000455661,0.000354277,0.000637727,0.000716133
0.000375594,0.000589296,0.000949738,0.000559519,0.000404139,0.000362673,0.000911338,0.00138162,0.00089115,0.000506132,0.000481706,0.000452543
0.000333679,0.000507167,0.000860871,0.000500117,0.000205558,0.000307491,0.000629044,0.00121922,0.000715105,0.000454966,0.000471987,0.000363283
0.000234253,0.00035812,0.000787124,0.000556399,0.000220554,0.00023658,0.000596442,0.00126165,0.000839254,0.000377336,0.00042551,0.000382777
0.000223974,0.000423169,0.000942428,0.000567455,0.000233274,0.000115051,0.000520732,0.000994332,0.00063604,0.000209001,0.000398245,0.000439928
0.000175744,0.000380042,0.000958449,0.000518215,0.00019546,0.000174423,0.000517162,0.000820746,0.000460444,0.000307267,0.000278303,0.000300003
0.000174622,0.000391039,0.000952711,0.000518986,0.000221758,0.00023031,0.00057657,0.000961153,0.00053733,0.000329143,0.000227826,0.000290655
0.00041545,0.000595483,0.00100871,0.000599257,0.000415462,0.000566594,0.00126627,0.00272863,0.00200082,0.000990183,0.000725125,0.00084614
0.000317449,0.000558487,0.0018203,0.00124639,0.000322127,0.000296953,0.00206584,0.00847869,0.00638236,0.00102496,0.000412378,0.000596766
0.000752928,0.00122359,0.00260324,0.00231318,0.00206983,0.00239341,0.00371645,0.0102592,0.00592222,0.00110602,0.000762294,0.000761627
0.00242254,0.001734,0.00451529,0.0035373,0.00206025,0.00315496,0.008816,0.0185339,0.0109394,0.00215424,0.00117791,0.00254544
0.00311023,0.00250355,0.00622786,0.00367375,0.00171503,0.00258383,0.0100787,0.0264599,0.0183388,0.00434276,0.00149182,0.0019507
0.00261858,0.00396524,0.00731584,0.0037786,0.00159272,0.00256987,0.00874695,0.0250646,0.0177281,0.00437492,0.00182319,0.00204084
0.00173607,0.00265948,0.00564285,0.00316937,0.00172577,0.0022543,0.00534201,0.0181101,0.0134769,0.00346675,0.0022919,0.00249582
0.00139269,0.0031717,0.00672543,0.00405572,0.00143019,0.00171966,0.0109082,0.0259548,0.0166306,0.00334397,0.000910138,0.00120457
0.00121373,0.00256442,0.00528463,0.00312247,0.000426658,0.000906359,0.0111233,0.0267676,0.0155105,0.00194405,0.00132567,0.00119221
0.000952691,0.00152211,0.0035136,0.00226246,0.00093603,0.00110885,0.00665584,0.015524,0.010845,0.00204995,0.00157292,0.00183783
0.000708324,0.000852245,0.001465,0.000954937,0.000943065,0.000856756,0.00739647,0.0185181,0.0111633,0.00171113,0.00149076,0.00204971
0.00126134,0.000869768,0.00149386,0.00105588,0.000580137,0.000800862,0.00632771,0.0145454,0.00851521,0.00098045,0.001991,0.00247509
0.00101615,0.000763379,0.00224656,0.00142677,0.000325021,0.000636983,0.00558851,0.0126497,0.00694222,0.00141056,0.00157622,0.0021991
0.000885668,0.00114618,0.00210251,0.00131085,0.000832558,0.00102873,0.00630628,0.0154659,0.00915561,0.00124981,0.00117774,0.00142881
0.00116801,0.00097512,0.00128494,0.00110589,0.000768481,0.00165152,0.00515812,0.0111585,0.00811885,0.00166509,0.00130982,0.00115076
0.00121299,0.000754108,0.00101049,0.0014151,0.00202602,0.0027968,0.00909791,0.0222312,0.015737,0.00269947,0.00184994,0.00287515
0.00144987,0.00212535,0.00491842,0.00396437,0.00353541,0.00570575,0.008684,0.0138527,0.0105028,0.00390923,0.0015992,0.00237778
0.00198039,0.00275212,0.00514334,0.00423612,0.00287037,0.00481717,0.00651601,0.0126846,0.00830351,0.00498147,0.0034269,0.0035958
0.00209438,0.00223242,0.00405799,0.0018522,0.00259439,0.00440387,0.00739084,0.0147856,0.00912014,0.00420975,0.00301455,0.00258863
0.000734012,0.00161043,0.0040167,0.0026159,0.00213019,0.00280201,0.0042724,0.0102299,0.00797764,0.00292502,0.00119174,0.00134069
0.000849307,0.00209347,0.00469038,0.00333532,0.00262892,0.00369586,0.00570682,0.00850169,0.00461051,0.00742594,0.0094123,0.00275878
0.00100136,0.00146441,0.00353028,0.00210583,0.0014506,0.00280233,0.00465598,0.00785176,0.00488731,0.00754941,0.0132539,0.00612826
0.000696471,0.00135082,0.00256944,0.00210906,0.00116162,0.0012449,0.0032674,0.00834231,0.00649676,0.00624016,0.00533191,0.00172549
0.000678443,0.00108999,0.00206854,0.0014003,0.00121016,0.00125968,0.00534706,0.0148897,0.00915494,0.00377743,0.00508154,0.00278572
0.000917576,0.000755664,0.00134168,0.00068777,0.000686156,0.000836103,0.00443314,0.0110794,0.00718376,0.00200471,0.00245744,0.00223322
0.000895008,0.000510917,0.00106623,0.000599788,0.000699069,0.00104638,0.00398626,0.00842816,0.00516023,0.00235134,0.00230268,0.0013869
0.000780345,0.00278667,0.00427995,0.00210523,0.000782783,0.00111949,0.00447859,0.00973266,0.00560477,0.0018949,0.00385524,0.00295559
0.000781574,0.00183844,0.00516087,0.00285272,0.000529923,0.000910414,0.00370971,0.00830498,0.00530552,0.000997016,0.0011568,0.00141799
0.000715931,0.00221493,0.00609957,0.00363416,0.000841367,0.000738691,0.00307839,0.00550316,0.00313547,0.00120881,0.00237352,0.00185525
0.000366849,0.00276993,0.0075298,0.00404117,0.000474334,0.000664402,0.00341568,0.00797791,0.00430472,0.00107188,0.00238274,0.00206177
0.000439871,0.00289669,0.0079675,0.00452856,0.000518118,0.000577667,0.00310553,0.00824448,0.00461952,0.00091122,0.00099111,0.000973461
0.000355325,0.00239182,0.00643306,0.00365413,0.000602065,0.000546404,0.00350729,0.00953924,0.00849231,0.00142872,0.000882809,0.000748148
0.000421852,0.00163363,0.00448559,0.0025461,0.000467825,0.000726311,0.00593014,0.0123507,0.00597983,0.00120139,0.000975441,0.000835598
0.000333597,0.00113727,0.00361168,0.00208169,0.000347482,0.000492115,0.00455836,0.0111608,0.00584381,0.00116834,0.00155097,0.00139052
0.000276048,0.000558377,0.00192128,0.00124254,0.000397364,0.000323719,0.00123693,0.00364912,0.00304371,0.000879653,0.0010589,0.000792141
0.000429237,0.00089755,0.00179888,0.00123983,0.000755181,0.000963558,0.00444218,0.00956689,0.00601693,0.00124221,0.000992861,0.00131604
0.000475061,0.00051122,0.00174682,0.00132277,0.000741017,0.000789653,0.00437291,0.012173,0.00848547,0.00269516,0.00122149,0.000846596
0.000782404,0.00140306,0.0024873,0.00183819,0.00197211,0.00320982,0.0041382,0.00690846,0.00843491,0.00330166,0.00120326,0.000770633
0.00100032,0.00107981,0.00198929,0.00104175,0.00105091,0.00247149,0.00608597,0.0124244,0.0118824,0.00427811,0.0018905,0.00167608
0.000788203,0.0010548,0.00283965,0.00178741,0.00118731,0.00186442,0.00665466,0.0112455,0.00666303,0.00206386,0.00111386,0.00165526
0.000554933,0.0013303,0.00303295,0.00243831,0.00182258,0.00128293,0.00439703,0.0106684,0.00630654,0.00131524,0.00115654,0.00169937
0.000381934,0.000922061,0.00272808,0.00226061,0.0018748,0.00188253,0.00629185,0.0116626,0.00699102,0.00185108,0.000965746,0.0014637
0.000580597,0.000964818,0.00184797,0.00150386,0.00159416,0.00148152,0.00700478,0.0130696,0.00781958,0.00140868,0.00063926,0.00111217
0.000392322,0.00100004,0.00208922,0.00137113,0.000755184,0.00111634,0.00572096,0.0172665,0.0127768,0.00275571,0.000926715,0.000999615
0.00054361,0.000939485,0.00225149,0.00127043,0.000617946,0.000743382,0.00444655,0.0128354,0.0100501,0.00404168,0.00255437,0.00127331
0.00201949,0.00166539,0.00255997,0.001192,0.00118987,0.0033008,0.00481691,0.00862256,0.0058313,0.00971602,0.013945,0.00577387
0.000697123,0.00113769,0.00177911,0.000830873,0.00123293,0.0023214,0.00400296,0.00825963,0.00487476,0.0064391,0.0127159,0.00636858
0.00108,0.000513435,0.00112955,0.000885372,0.000877684,0.00124886,0.00429814,0.00806518,0.00781021,0.00536942,0.00529656,0.00258328
0.000819666,0.000687441,0.00088305,0.00115245,0.00117362,0.00196086,0.00672249,0.0162747,0.0108862,0.00389363,0.00659534,0.00389578
0.00151244,0.00167601,0.00328919,0.00298837,0.00307251,0.00391796,0.00740171,0.0147055,0.0101859,0.0040758,0.0064702,0.00448947
0.00268063,0.00252009,0.00475447,0.00339446,0.00197241,0.00390161,0.0121958,0.0206628,0.0119727,0.00547638,0.00661899,0.00286829
0.00173759,0.00327436,0.00793627,0.00571598,0.00233789,0.00279658,0.00824564,0.0227054,0.0156918,0.00658767,0.00626224,0.00300546
0.00146441,0.00146809,0.0071483,0.00451863,0.00167204,0.00228356,0.00724834,0.0169189,0.0104159,0.00304449,0.00332409,0.00233561
0.000797972,0.00234374,0.00656121,0.00344784,0.00122592,0.00181812,0.0068739,0.0179463,0.0117254,0.00322211,0.00382948,0.00277255
0.00128349,0.00251359,0.00697553,0.00374738,0.00109248,0.0012289,0.00605397,0.0134794,0.0105448,0.00272984,0.00194453,0.00195167
0.00109267,0.00169995,0.0049162,0.00257278,0.000970508,0.0013991,0.0122317,0.0285585,0.0171959,0.00308244,0.00226066,0.00158755
0.000641521,0.00198293,0.0043842,0.00263103,0.00113865,0.0013281,0.00999495,0.020607,0.0107937,0.00179246,0.0020334,0.00166081
0.000808296,0.000940606,0.00266223,0.00201013,0.00169985,0.00181807,0.0060849,0.0122362,0.007964,0.0019641,0.00243324,0.00213872
0.0020766,0.00237909,0.00305292,0.00109336,0.00219687,0.00304509,0.00666179,0.0148775,0.0110445,0.00337095,0.00276124,0.00253163
0.00180942,0.00193393,0.0040499,0.00303874,0.00233825,0.00426239,0.00659876,0.013884,0.0115468,0.00472737,0.00280917,0.00279121
0.00259205,0.00355193,0.00793097,0.00465896,0.00258434,0.00487867,0.0067765,0.0119173,0.0118565,0.00519652,0.00410136,0.00462104
0.00176961,0.00313224,0.00579101,0.00416706,0.00255146,0.00476651,0.00841536,0.0171131,0.010555,0.00565226,0.00399498,0.00250179
0.00202495,0.00350687,0.00722408,0.00461134,0.00277836,0.00441739,0.00777117,0.0129422,0.00828258,0.00348802,0.00222516,0.00207895
0.00125702,0.00191997,0.00332257,0.00162851,0.000869624,0.00173304,0.00813474,0.0159796,0.0084656,0.00319638,0.00182216,0.00194483
0.00140843,0.00201094,0.00481318,0.00300623,0.00134145,0.0012251,0.00500197,0.0120872,0.00851802,0.00393742,0.00252797,0.00222441
0.000996319,0.00170045,0.00366088,0.00242452,0.00151972,0.00210735,0.00627981,0.0128336,0.00853437,0.002819,0.0023326,0.00229903
0.00151084,0.00169462,0.00328278,0.00192513,0.00109822,0.00161564,0.00491015,0.015481,0.0112458,0.00253668,0.00198884,0.00186971
0.000901387,0.00210038,0.00349731,0.0020145,0.00136598,0.00181947,0.00385764,0.00909213,0.00626304,0.00327404,0.00314187,0.00164487
0.00104727,0.00167385,0.00289697,0.00172837,0.00168716,0.00358483,0.00491773,0.0086487,0.00536675,0.00471507,0.0113627,0.00671301
0.000766196,0.00110855,0.00233429,0.00142751,0.000939424,0.00179033,0.00385137,0.00629977,0.00385988,0.00320489,0.00551854,0.003787
0.000793232,0.0010694,0.00181882,0.00118907,0.000646179,0.00172573,0.00582413,0.0126024,0.00715575,0.00370193,0.00702958,0.00391772
0.00106518,0.000628355,0.00162395,0.00146966,0.00064412,0.0010223,0.00284215,0.0097479,0.00777082,0.00383149,0.00363215,0.00240746
0.000672852,0.000893209,0.00195853,0.00117883,0.00105069,0.00127861,0.00460428,0.00921399,0.00594817,0.00276002,0.00455518,0.00303621
0.00135885,0.00283101,0.00520596,0.00297214,0.000640578,0.00076505,0.00659317,0.0137561,0.00868733,0.00371559,0.0040543,0.00226007
0.00126511,0.00199533,0.0059179,0.00333105,0.000810616,0.00104368,0.0054747,0.0155537,0.00915801,0.00154456,0.00283572,0.00349683
0.000791978,0.0017043,0.00534262,0.00334857,0.000611311,0.0006728,0.00505792,0.0129476,0.00681575,0.00165725,0.00252996,0.00147781
0.000612186,0.00190287,0.0055307,0.00300358,0.000561787,0.000878764,0.00386457,0.0128312,0.00832534,0.00166862,0.00245734,0.00231159
0.000398464,0.00267557,0.00582561,0.00293888,0.000510774,0.000622755,0.00647985,0.0155037,0.0104654,0.0018901,0.0022533,0.00254824
0.000673814,0.00170613,0.00461127,0.00265561,0.00066611,0.00120422,0.00959903,0.0185869,0.00737853,0.00123351,0.00108978,0.00149423
0.00051831,0.00132299,0.00370842,0.00220913,0.000508022,0.000289621,0.0048713,0.0129604,0.00726044,0.00119804,0.00141306,0.000964585
0.000593562,0.0010448,0.00238358,0.00149568,0.000514161,0.000635719,0.00388053,0.00832426,0.00423037,0.00120357,0.00110067,0.000552203
0.000833578,0.000913821,0.00168412,0.000772178,0.00107374,0.00137027,0.006621,0.0141981,0.00876207,0.00248386,0.00223289,0.0014034
0.000767751,0.00147096,0.00292004,0.0016134,0.00140507,0.00161857,0.00403175,0.00997838,0.00908103,0.00477118,0.00202966,0.00123209
0.000804606,0.00218113,0.00351355,0.00183245,0.00172364,0.00288813,0.00692494,0.017086,0.0123885,0.00348535,0.000761262,0.00122805
0.00109129,0.00254907,0.00737876,0.00528635,0.00359088,0.00451964,0.00544069,0.0119937,0.00905832,0.00206875,0.00216677,0.00270202
0.00117612,0.00172316,0.00482018,0.00295047,0.000904401,0.00257513,0.00742508,0.0130511,0.00748433,0.00190257,0.00104199,0.00201027
0.00056678,0.00175696,0.00389791,0.00208195,0.00248002,0.00313422,0.00671077,0.0122541,0.0076161,0.00250839,0.000945981,0.000939897
0.000556389,0.00184989,0.00453604,0.00330081,0.00124529,0.00116415,0.00845714,0.0184569,0.0102415,0.00230489,0.000853975,0.000855317
0.000860589,0.00137748,0.00383479,0.00232164,0.00109623,0.00190701,0.00976614,0.0222284,0.0120387,0.00264053,0.00106647,0.00171296
0.000839742,0.00173339,0.00412883,0.00217369,0.00107613,0.00166008,0.00673941,0.0152928,0.00976209,0.00213275,0.00114119,0.0013403
0.00111314,0.00170525,0.0049319,0.00402833,0.0019158,0.0024325,0.00709398,0.0159854,0.0115135,0.00944849,0.00526796,0.0025129
0.00133223,0.00131737,0.00285901,0.00208603,0.00108863,0.00250524,0.00526676,0.0092369,0.00665963,0.00453015,0.00948799,0.00608265
0.000443745,0.0013511,0.00205802,0.00139576,0.000710395,0.000973511,0.00568123,0.0128394,0.00911344,0.00467823,0.00360531,0.00221455
0.00117891,0.000782157,0.00180037,0.0021731,0.00155103,0.00180297,0.00676436,0.0181757,0.0120551,0.00368668,0.0067131,0.00530641
0.000500322,0.000683379,0.00160896,0.000980538,0.000579199,0.00151395,0.00599357,0.0153804,0.00964764,0.00278977,0.00179468,0.00143241
0.00126007,0.00114569,0.00168363,0.00123106,0.001123,0.0015443,0.00787507,0.0130799,0.00703132,0.00320097,0.00373596,0.00165731
0.00107418,0.00229502,0.00515183,0.00305084,0.000580305,0.000952832,0.00803846,0.0177722,0.00914856,0.00156811,0.00370642,0.0024388
0.00121581,0.00237249,0.00506297,0.00346766,0.000751984,0.00104885,0.00457768,0.00937171,0.00497749,0.00139488,0.00187754,0.00210371
0.000667204,0.00212623,0.0054245,0.00318387,0.000569172,0.000856043,0.00622404,0.0133936,0.00746258,0.00194995,0.00261585,0.00168517
0.00032245,0.00208889,0.00558388,0.00294372,0.000485522,0.00093031,0.0053573,0.00748169,0.007364,0.00181551,0.00131748,0.00141522
0.00116487,0.00175378,0.00307561,0.00199943,0.000625862,0.00057661,0.0165773,0.0324135,0.0146977,0.00297615,0.00156501,0.00167921
0.000472799,0.000728864,0.0018552,0.00124782,0.000483269,0.000786048,0.013063,0.0279508,0.0134755,0.00107929,0.000978908,0.00152204
0.000714564,0.000791379,0.00154788,0.000802538,0.000355384,0.000554645,0.0044298,0.00911563,0.00495606,0.00123761,0.00117094,0.00137987
0.00096816,0.00135656,0.00236657,0.00159616,0.000797685,0.00107585,0.00423165,0.0104893,0.00577804,0.00088919,0.00089013,0.00134225
0.00146335,0.00211948,0.00360037,0.00298586,0.00322208,0.00338925,0.0043342,0.00845071,0.00603053,0.00192206,0.00189208,0.0024004
0.000851345,0.00123692,0.00204561,0.00171211,0.00162464,0.00215221,0.00461148,0.0116962,0.00719059,0.00192633,0.0010583,0.00102766
0.00151311,0.00253687,0.00373955,0.00250416,0.00300026,0.00388169,0.00681519,0.0141973,0.0075545,0.00356637,0.00247782,0.00236212
0.00115921,0.00272089,0.00537372,0.00308406,0.00231326,0.00613792,0.00886741,0.0127327,0.00919964,0.00600757,0.00341382,0.00235602
0.00106889,0.00180063,0.00476054,0.00273169,0.00175503,0.0035069,0.00730726,0.0149788,0.0099684,0.00519797,0.00295862,0.00200472
0.000785635,0.00246811,0.00534089,0.00278167,0.00123181,0.00187417,0.00641608,0.0133577,0.00995711,0.00241545,0.00179613,0.00161119
0.00135538,0.00281051,0.00593438,0.00294981,0.00197173,0.00251784,0.00857023,0.016625,0.00970103,0.00305898,0.0016658,0.00218705
0.000971764,0.00210118,0.00509135,0.00310235,0.00161594,0.00243592,0.00885082,0.0246821,0.0157069,0.00252314,0.00120525,0.00113255
0.00100904,0.0019068,0.00337702,0.00211698,0.00137771,0.00219363,0.00865624,0.0182058,0.0108605,0.00223008,0.00108546,0.00119765
0.000616573,0.00179323,0.00341494,0.00162506,0.00203272,0.00365164,0.00861887,0.018577,0.0121788,0.00295602,0.00325822,0.00172162
0.00166407,0.000973595,0.00218886,0.00122807,0.00108393,0.00239227,0.00746698,0.0151166,0.00819338,0.00319515,0.00679106,0.00616935
0.00103807,0.00106527,0.00204123,0.00118985,0.00114954,0.00194619,0.00830036,0.0177696,0.0106076,0.00254698,0.00324443,0.00206
0.00147748,0.00160932,0.0027411,0.00152726,0.00282976,0.0025388,0.00673255,0.0143416,0.00919478,0.00261792,0.00349852,0.00312283
0.001463,0.00153323,0.00294902,0.00111912,0.00239753,0.00308967,0.0050762,0.0105723,0.00718609,0.00298878,0.00232879,0.00163697
0.000737113,0.00206952,0.00373432,0.00222592,0.00207509,0.00303127,0.0097497,0.0134894,0.00859737,0.00313444,0.00275131,0.00188047
0.00114864,0.00192122,0.00567956,0.00379838,0.00113343,0.0017112,0.00645299,0.0147169,0.0137942,0.0048238,0.00328006,0.00246593
0.000653068,0.00139912,0.00309633,0.00241291,0.00147269,0.00210726,0.008102,0.021938,0.0169293,0.00617718,0.00222014,0.00132864
0.00163528,0.00242023,0.0060635,0.00409304,0.00215019,0.00347473,0.00508879,0.0105659,0.00663097,0.00502949,0.00988812,0.00644598
0.000696042,0.00168705,0.00520964,0.00363267,0.000748168,0.00222206,0.00590512,0.0128611,0.00849563,0.00621676,0.0109765,0.00588697
0.000570869,0.00214424,0.00381246,0.00250712,0.00127422,0.00177254,0.0063986,0.00890303,0.00497815,0.0039862,0.00485686,0.00362773
0.000759686,0.00176191,0.00339035,0.00443074,0.00427004,0.00541455,0.010688,0.0163412,0.0205368,0.0300729,0.0148928,0.00440162
0.00106176,0.00097454,0.00132274,0.000762254,0.00288999,0.00400976,0.00617326,0.00621488,0.0110616,0.0157792,0.00780647,0.00232774
0.000725199,0.00066248,0.00152352,0.00102638,0.00171829,0.00330729,0.00970967,0.0124076,0.00732118,0.0110437,0.00971307,0.00407957
0.00089521,0.000971205,0.00135153,0.00119182,0.0014456,0.00273296,0.00584676,0.00887613,0.00647348,0.00792999,0.0117774,0.00650792
0.00131392,0.000772076,0.00140626,0.00108907,0.00146768,0.00192858,0.00464308,0.00769356,0.00412057,0.00363205,0.00484776,0.00364309
0.00221578,0.00402909,0.00535945,0.00277468,0.00197351,0.00358369,0.00905039,0.0172498,0.0129208,0.00833246,0.00897467,0.00435173
0.000965943,0.00169142,0.00440243,0.00357084,0.000735613,0.00158072,0.00484075,0.0119553,0.0131269,0.00498519,0.00473723,0.00292307
0.00181912,0.00124617,0.00232365,0.00122048,0.000840636,0.00305255,0.00743386,0.0126692,0.00925712,0.0108291,0.0119284,0.00784423
0.00186484,0.00192082,0.00396712,0.00238581,0.00115638,0.0033393,0.00532799,0.0093809,0.00835282,0.00884567,0.0237459,0.0168304
0.000752955,0.00150926,0.00289731,0.00147489,0.000690439,0.0012508,0.00494138,0.012406,0.0075254,0.00544921,0.0161893,0.0099611
0.00269024,0.00213263,0.00300443,0.00275463,0.00424225,0.00344827,0.0044316,0.00743805,0.0134415,0.0284509,0.0237213,0.00863752
0.00158991,0.00190814,0.0041268,0.00380112,0.00573854,0.00579789,0.0049681,0.00960941,0.0209876,0.0511693,0.03177,0.00394711
0.00298352,0.00437241,0.00617225,0.00329622,0.00242513,0.00279245,0.00729762,0.0133509,0.00788633,0.0126673,0.0118889,0.00429695
0.00153026,0.00258818,0.0066309,0.00405102,0.00144209,0.00143874,0.0088839,0.0191541,0.0126313,0.00801646,0.00876974,0.00503762
0.00113412,0.00202329,0.00374793,0.0026,0.00135751,0.00132214,0.00831096,0.016233,0.00928091,0.0103684,0.00835007,0.00360776
0.00114005,0.00260892,0.00390297,0.00187826,0.00149344,0.00160684,0.00807287,0.016069,0.0118603,0.00976315,0.00487581,0.00238649
0.00179823,0.00480951,0.00682353,0.00489264,0.00677345,0.00463383,0.00770631,0.0134503,0.01522,0.0200125,0.0100234,0.00337837
0.000784755,0.0054552,0.0137571,0.00831187,0.00521276,0.00460386,0.00758478,0.0122687,0.0138399,0.0365021,0.0219994,0.00361242
0.00126201,0.0058324,0.0143682,0.00939712,0.00532898,0.00369727,0.00480253,0.00885629,0.0200113,0.0522051,0.0308955,0.00367186
0.000980011,0.00380539,0.0104608,0.0063042,0.00646963,0.00378245,0.00412269,0.00931752,0.029184,0.0701573,0.0403211,0.00460846
0.000729789,0.00394809,0.00954975,0.00558091,0.00331855,0.00298744,0.00564019,0.00910509,0.0131429,0.0274299,0.0179805,0.00199245
0.00153916,0.00336597,0.00725124,0.00475688,0.00259211,0.0015432,0.00387225,0.00692959,0.00644393,0.0230075,0.0160423,0.00316132
0.000966806,0.00319248,0.00660373,0.00355244,0.0017705,0.0014079,0.00452126,0.00583507,0.00838261,0.0212523,0.0139263,0.00225558
0.000999676,0.00246059,0.00591335,0.00343878,0.000886079,0.00108943,0.00313962,0.00484569,0.00811626,0.0167495,0.0104186,0.00206963
0.000768844,0.00227612,0.00456481,0.00252158,0.000998403,0.00131917,0.00278874,0.00479144,0.00496902,0.00764963,0.00466486,0.000551682
0.00102435,0.00310946,0.00601388,0.00326885,0.00205145,0.00246135,0.00330451,0.00288223,0.00442853,0.00581532,0.00438987,0.00185191
0.00106678,0.00344294,0.00957277,0.00942683,0.00638955,0.00493883,0.00493316,0.00424186,0.00415576,0.00722062,0.00493891,0.00120314
0.00169405,0.00210369,0.00301358,0.00336441,0.00275565,0.00565902,0.00586881,0.00442372,0.00379514,0.00893784,0.00769716,0.00193673
0.000755546,0.00232087,0.00347931,0.00351214,0.00266161,0.00656554,0.0116459,0.0071388,0.00435709,0.00765945,0.00542414,0.00205746
0.00175228,0.00386883,0.00395393,0.00249391,0.00319215,0.00424529,0.00848797,0.00654128,0.00498348,0.0126015,0.00855338,0.00197453
0.000829144,0.00310727,0.0054247,0.00340163,0.00224481,0.00613803,0.0131254,0.00882642,0.00451289,0.0112449,0.00700128,0.00190687
0.000673229,0.00302041,0.00470614,0.00253317,0.00165311,0.00271378,0.00953653,0.00657664,0.00555179,0.0122845,0.00746115,0.00144098
0.00118197,0.0032921,0.00440715,0.00159927,0.000951559,0.00227118,0.00705336,0.00529678,0.00362645,0.00774064,0.00518555,0.00160817
0.0218887,0.0146448,0.00465264,0.00335738,0.00152735,0.0039327,0.0101019,0.00802233,0.00318404,0.00465278,0.0031254,0.00865876
0.0232293,0.0141836,0.00292708,0.00189361,0.00116744,0.00327006,0.00847712,0.00737947,0.00289162,0.0032611,0.00183422,0.00849758
0.00383056,0.00269836,0.0023825,0.00120705,0.000942716,0.00229606,0.00669775,0.00679999,0.00520847,0.00592364,0.00228045,0.00262921
0.00570637,0.00422851,0.00222245,0.00148119,0.000848222,0.00209012,0.00535319,0.00498401,0.0075111,0.0170313,0.0100514,0.00254279
0.00526224,0.00345436,0.00167693,0.000815328,0.00102802,0.00186353,0.00486101,0.00335368,0.00221897,0.00512196,0.00348951,0.0013866
0.00544755,0.00495392,0.00271605,0.00217661,0.0020296,0.00252496,0.00363572,0.003992,0.00970754,0.0134701,0.0072894,0.00239735
0.00170905,0.00188889,0.00176422,0.00381781,0.00830989,0.00485702,0.002162,0.00197155,0.0152952,0.0411224,0.0236348,0.00220464
0.00141497,0.000858754,0.00094172,0.00342514,0.00988091,0.00685918,0.0025285,0.00211942,0.0177027,0.0532716,0.0315602,0.00288352
0.00231151,0.0018028,0.00133969,0.00399141,0.0116152,0.00696042,0.00247446,0.00312065,0.0203106,0.062028,0.0362523,0.00259973
0.0016902,0.00137429,0.00120615,0.00401146,0.0125039,0.0089537,0.00343505,0.00198248,0.0216382,0.0685693,0.0416983,0.00312736
0.00250502,0.00138418,0.000555464,0.00232101,0.00670724,0.00446016,0.00219322,0.00236282,0.020612,0.0553949,0.0327075,0.00337876
0.00200903,0.00120064,0.000654117,0.00121766,0.00296011,0.00191241,0.0010485,0.000896316,0.0086613,0.0260664,0.0157492,0.00189302
0.00212683,0.00146613,0.000739474,0.00100322,0.00263556,0.00208986,0.00125786,0.000888269,0.00717402,0.0200411,0.0109002,0.000551538
0.000882497,0.000693635,0.000703295,0.00103805,0.00216802,0.00159201,0.00109453,0.00121819,0.00565611,0.0147844,0.00876871,0.00122314
0.00169606,0.00414319,0.00540151,0.00260514,0.00208105,0.00130127,0.000967593,0.00151591,0.00488523,0.0106794,0.00602823,0.000983765
0.00145709,0.00446909,0.00919447,0.00584387,0.00246686,0.00282058,0.0026779,0.00135741,0.00336387,0.00820633,0.00486526,0.00126732
0.00153296,0.00209424,0.00383431,0.00277388,0.00143834,0.00223499,0.00258793,0.00169775,0.00289768,0.00824273,0.00438634,0.000848468
0.00147376,0.00268267,0.00274019,0.00181578,0.00210114,0.00438272,0.00674057,0.00324932,0.00260545,0.00352987,0.00314022,0.00168848
0.00237845,0.00394325,0.00355893,0.00256231,0.00162858,0.00330624,0.00492763,0.00237065,0.0027235,0.00722244,0.00612593,0.00174904
0.00186963,0.00402913,0.00452464,0.00191934,0.00115485,0.00258008,0.00420445,0.00259399,0.00264534,0.00555729,0.00442266,0.00161239
0.000658384,0.00213864,0.00290769,0.00163772,0.00123804,0.00229029,0.00448095,0.00284017,0.00360562,0.00790529,0.00415277,0.000688336
0.000991002,0.00168831,0.00178721,0.000834853,0.000580364,0.00336051,0.00639203,0.00331628,0.0051876,0.0128423,0.00714647,0.000902661
0.000742713,0.0021793,0.00422635,0.00278238,0.00170187,0.00240586,0.00543832,0.00274221,0.00239355,0.00482343,0.00246717,0.00126683
0.018106,0.0112472,0.00379964,0.00133107,0.0010807,0.00206316,0.0032786,0.00371131,0.00238729,0.00453876,0.00180679,0.0081684
0.0232969,0.0150501,0.00269827,0.00154939,0.000868464,0.00135696,0.00304257,0.0034104,0.00254127,0.00208875,0.00209718,0.0084438
0.00488813,0.00248762,0.00112309,0.00111512,0.000623432,0.00176079,0.0033604,0.00264598,0.00325651,0.00330376,0.00174977,0.0028625
0.00697462,0.00459653,0.00132077,0.0006247,0.000556804,0.00205744,0.00389837,0.00202336,0.00570601,0.0147447,0.0081315,0.00302409
0.00552061,0.00421277,0.00124209,0.000889627,0.000471927,0.00126265,0.0022365,0.00112372,0.00189719,0.00483927,0.00326539,0.00187207
0.00353103,0.00293405,0.00186583,0.00137274,0.00124769,0.00122292,0.00258412,0.00222596,0.00552037,0.0107938,0.00629223,0.00219636
0.00204562,0.00230254,0.00169108,0.00223976,0.00526569,0.00343949,0.00136523,0.000801984,0.0139736,0.0366976,0.0196719,0.00227262
0.00179308,0.00184667,0.000943258,0.00202069,0.00591094,0.00450205,0.0019772,0.000745247,0.0135533,0.040201,0.0227964,0.00156948
0.00182902,0.00105505,0.00085616,0.00282535,0.00705942,0.00481994,0.00229021,0.00105554,0.0132386,0.038076,0.0215631,0.00204655
0.0010082,0.000931704,0.000733006,0.00297944,0.00859132,0.00559468,0.00143737,0.000789721,0.0165104,0.0472727,0.0270249,0.00200271
0.00253401,0.00140295,0.000411945,0.00221951,0.00645816,0.00417202,0.000880823,0.000509209,0.0137739,0.0393226,0.0233409,0.00254752
0.00180655,0.000866946,0.000419917,0.000691821,0.00215754,0.00142082,0.000638282,0.000750052,0.00407149,0.0159175,0.0108204,0.00231104
0.00199256,0.00122435,0.000359132,0.000801986,0.00214033,0.00153665,0.000756201,0.000725758,0.00502308,0.0156822,0.00953876,0.000703824
0.000966492,0.0003153,0.000366619,0.000597929,0.00161298,0.00145004,0.000821693,0.000358982,0.00601076,0.0173565,0.0100466,0.00118178
0.00166172,0.00268841,0.00263411,0.00178973,0.00188696,0.00191098,0.00106449,0.00120444,0.00543451,0.0138023,0.00798174,0.00129955
0.00153135,0.00418181,0.00811854,0.00392888,0.00290317,0.00175821,0.00128091,0.00094504,0.00306453,0.00607689,0.00356516,0.00104807
0.00112879,0.00183155,0.00361893,0.00441426,0.00307203,0.00309266,0.00316923,0.00173793,0.00404402,0.00767533,0.00433228,0.00140026
0.00221886,0.0031093,0.00346763,0.00247484,0.00369519,0.0113414,0.0146672,0.00613023,0.00283308,0.00665391,0.0047759,0.00133559
0.00232192,0.00439214,0.0049831,0.00358018,0.00338319,0.0157271,0.0236685,0.0100648,0.00359897,0.00634238,0.00409164,0.00137193
0.00159305,0.00147131,0.00356857,0.0024549,0.00186981,0.00678452,0.0158916,0.00817124,0.00264659,0.0071935,0.00494078,0.00152582
0.000864686,0.00211276,0.00263404,0.0017074,0.00177424,0.0063904,0.0125867,0.00639891,0.00325823,0.00665125,0.00377522,0.000437466
0.000867985,0.00163951,0.00251216,0.00151341,0.00191632,0.00673462,0.00985079,0.00466476,0.00258066,0.00499237,0.00289214,0.000874269
0.00114065,0.00167141,0.00280978,0.00163082,0.00134064,0.00396184,0.00369352,0.00318512,0.00294318,0.00725866,0.00435801,0.000759018
0.00114275,0.00210908,0.00163962,0.000660107,0.0010734,0.00356821,0.00628903,0.00329315,0.00248847,0.00610701,0.00405566,0.00105452
0.0105083,0.00582117,0.00251882,0.0013595,0.000615885,0.00270729,0.0057549,0.00447604,0.00170314,0.00328919,0.00242803,0.0060957
0.0118388,0.00686518,0.00106266,0.0009332,0.000516126,0.00172341,0.00367603,0.00215132,0.0012022,0.00218629,0.00103753,0.00453494
0.00282482,0.00192203,0.000799645,0.000562116,0.000575559,0.00197182,0.00305161,0.00209842,0.00397929,0.00744225,0.00425644,0.00220073
0.00403893,0.00290667,0.000890191,0.0006485,0.000385906,0.00226233,0.00453096,0.00297259,0.00602966,0.0149599,0.00851312,0.00223078
0.00345236,0.00315735,0.00188847,0.000761937,0.000619001,0.00223288,0.00445569,0.00252571,0.00261293,0.00535489,0.00298417,0.0016273
0.00379961,0.0029319,0.00211379,0.00278095,0.00364268,0.00334464,0.0035936,0.00314703,0.0107342,0.0153613,0.00940963,0.00333564
0.00129979,0.00098472,0.00135405,0.00318861,0.00820029,0.00801688,0.00689929,0.0032798,0.0187275,0.048604,0.0276152,0.00356922
0.00100016,0.00121358,0.00136135,0.00176177,0.00324923,0.00351035,0.00490045,0.00405118,0.00895676,0.0218035,0.0133173,0.00187703
0.0152565,0.00958395,0.00186692,0.00121723,0.00139175,0.00227118,0.00337287,0.00233709,0.00202235,0.0049875,0.00422283,0.00601285
0.019493,0.0106881,0.0017546,0.000958696,0.00129793,0.00265788,0.00396452,0.00293824,0.00356991,0.0081551,0.00456802,0.00821663
0.00370267,0.00210868,0.00137177,0.00122642,0.00191641,0.00287161,0.0052062,0.00333698,0.00570339,0.0114718,0.00651487,0.00258427
0.00534078,0.0036347,0.00262149,0.00280399,0.00306909,0.00336471,0.0077809,0.00976236,0.00891031,0.0148226,0.0172244,0.00871988
0.00282961,0.00174095,0.00146398,0.00103555,0.000560165,0.00246444,0.00314108,0.00541259,0.00395295,0.00540517,0.0120754,0.00675649
0.0202484,0.00907284,0.00176215,0.0015035,0.000733769,0.00164818,0.00386976,0.00875858,0.0050876,0.00703463,0.0124699,0.0186655
0.0376308,0.020058,0.00293883,0.00104777,0.000812664,0.000720215,0.00429507,0.00944475,0.00544867,0.00424651,0.00734547,0.016058
0.0109411,0.00461247,0.00166693,0.00270634,0.0023411,0.00196485,0.00410241,0.0067511,0.00489033,0.00582957,0.00531767,0.00708568
0.00758803,0.00521903,0.00225696,0.0055519,0.0104181,0.0062872,0.00336758,0.00540954,0.0206863,0.0420745,0.0252435,0.00645795
0.00141725,0.0018085,0.00131127,0.0031676,0.00697134,0.00425087,0.00293762,0.00722219,0.0282399,0.067176,0.0369255,0.00498442
0.0204687,0.0113493,0.00221077,0.00168105,0.00186869,0.00181047,0.00367512,0.00454523,0.0123609,0.0250805,0.015424,0.0121546
0.0441292,0.0248941,0.00273862,0.00197046,0.00302456,0.00269707,0.00309058,0.00417432,0.00780399,0.0160131,0.0109965,0.0199597
0.00797224,0.00160141,0.000481628,0.00139893,0.00282547,0.00191267,0.0017633,0.00384511,0.00738209,0.0187002,0.0117895,0.00869155
0.0118479,0.00688137,0.00307002,0.00276929,0.00296467,0.00232153,0.0027413,0.00534464,0.0074977,0.0145266,0.0135893,0.00774756
0.00361964,0.0042913,0.00833986,0.00614557,0.00440629,0.00174403,0.00255354,0.00382609,0.00466987,0.0162007,0.012559,0.00684938
0.00147258,0.00550371,0.00961158,0.00662789,0.00673551,0.0035502,0.00285034,0.00267852,0.0128812,0.0271908,0.0165052,0.0041186
0.00431794,0.00459229,0.0085165,0.00628588,0.00719602,0.00436247,0.00127261,0.00235706,0.026751,0.0712851,0.040499,0.00409034
0.00346534,0.0042844,0.00807504,0.00533416,0.00287167,0.00146728,0.0011797,0.0023512,0.020005,0.0481923,0.0258181,0.00292953
0.00256372,0.00241475,0.00479746,0.00493092,0.00445372,0.00329438,0.00187328,0.00253027,0.0052106,0.0100227,0.00872147,0.00327522
0.00366845,0.0017609,0.00345498,0.00339512,0.00244308,0.00346335,0.00350151,0.00245813,0.0042175,0.0069137,0.00925246,0.00670616
0.0029576,0.00363743,0.00723763,0.0051236,0.00318591,0.00546401,0.00453838,0.00570119,0.00576336,0.00864413,0.0105551,0.00602176
0.00297483,0.00509028,0.0112538,0.00741237,0.0036376,0.00635047,0.00518988,0.00540547,0.00395029,0.00778046,0.0133267,0.00657845
0.00237051,0.00454717,0.0114942,0.00613628,0.00260459,0.00463428,0.00486178,0.00432731,0.00520201,0.0137972,0.026497,0.0153926
0.00265622,0.00477125,0.0101941,0.00658556,0.00209547,0.00212761,0.00288962,0.00517676,0.006042,0.00655192,0.0225974,0.0147808
0.00145738,0.00426221,0.0100661,0.00575771,0.00135841,0.0017897,0.00261477,0.00545479,0.00640739,0.00994845,0.011033,0.00652199
0.00238306,0.0036282,0.00888787,0.00512514,0.00168123,0.00209763,0.00308456,0.00614363,0.00729636,0.00965219,0.00779333,0.00304875
0.00175762,0.00326073,0.00799867,0.00427857,0.00124612,0.00170927,0.0030788,0.00506466,0.00544226,0.00483921,0.0097544,0.00708756
0.000886477,0.00234816,0.00600125,0.00333056,0.00116993,0.00148386,0.00229622,0.00353537,0.00294266,0.00381402,0.0107618,0.0073915
0.0012671,0.00145715,0.00372549,0.00312392,0.0010607,0.00131149,0.00197549,0.0032235,0.00271898,0.00383262,0.00703499,0.00473001
0.00110115,0.00129747,0.00223253,0.00189374,0.00126184,0.00179435,0.00234598,0.00528223,0.00463836,0.00467203,0.0104335,0.00661582
0.0018446,0.00193122,0.00275684,0.00186216,0.00178712,0.00336756,0.00323328,0.00748511,0.00571121,0.00529129,0.0105186,0.00734418
0.00180162,0.00258133,0.00643619,0.00393952,0.00242843,0.00442941,0.0032125,0.00639563,0.00462042,0.00266992,0.006029,0.00529279
0.00166168,0.0026388,0.00829092,0.00527031,0.00270812,0.00463074,0.00456552,0.00702958,0.00569708,0.00368764,0.00762851,0.00537095
0.000992851,0.00239842,0.00656535,0.00388568,0.003123,0.00371071,0.00405767,0.00695961,0.00539674,0.00568051,0.00550488,0.00198428
0.00201104,0.00273257,0.00731919,0.00457663,0.0020039,0.00272137,0.00258916,0.00734285,0.0060184,0.00910771,0.0211283,0.0134635
0.00227283,0.00254193,0.00660707,0.0039415,0.00175525,0.00314126,0.00387284,0.00761517,0.00649549,0.00551155,0.013332,0.00975527
0.00158543,0.00466439,0.0159193,0.010716,0.00172883,0.00151935,0.00281542,0.00681735,0.00564667,0.00640684,0.00816388,0.00521959
0.00101943,0.00400948,0.0160827,0.0119332,0.0018528,0.00102929,0.00305597,0.00733113,0.00492117,0.00386817,0.00518268,0.00320274
0.00109463,0.00252972,0.00561537,0.00360653,0.000872746,0.00141928,0.00385698,0.00637524,0.00406437,0.00331221,0.00485821,0.0032653
0.00267019,0.00194418,0.00495511,0.00290483,0.000816062,0.00102865,0.00342336,0.00710364,0.00428081,0.00586692,0.0229854,0.0177073
0.0017273,0.00163446,0.00529169,0.00383627,0.000805391,0.000708148,0.00276351,0.00534187,0.00357554,0.00439189,0.0177619,0.0131985
0.00203221,0.00215945,0.00381236,0.00324276,0.00150088,0.0017662,0.00341662,0.00548329,0.0036641,0.00440153,0.0116947,0.00837702
0.00128471,0.00174307,0.00247647,0.00195304,0.00153164,0.00368481,0.00495133,0.0054454,0.00392158,0.00513717,0.0121351,0.00720662
0.000977332,0.000792591,0.0032362,0.00283689,0.00105265,0.00418502,0.00393855,0.0027945,0.00190687,0.00382112,0.0129344,0.00828003
0.00105981,0.00104189,0.00369859,0.00319603,0.00155372,0.0038668,0.00312897,0.00194321,0.00146297,0.00599392,0.0190226,0.012291
0.00141522,0.00171094,0.00384541,0.00273809,0.0024533,0.00543674,0.00410515,0.00212063,0.00105635,0.00709603,0.0218944,0.0134122
0.00150843,0.0015609,0.00350203,0.00296487,0.00310979,0.00590167,0.00446612,0.00226581,0.00158209,0.0066172,0.0176206,0.0108093
0.00201236,0.00144677,0.00258971,0.00231788,0.00142856,0.00165982,0.00126092,0.00249582,0.00246316,0.00322379,0.00698036,0.00563471
0.00144168,0.00284597,0.00548896,0.00388233,0.00169292,0.001896,0.0016879,0.00215231,0.00164287,0.00258906,0.00792523,0.00597897
0.00198377,0.00329881,0.00342232,0.00179212,0.000595256,0.000888345,0.00154131,0.00177272,0.00087232,0.00289002,0.010492,0.00772169
0.00254625,0.00142148,0.00252725,0.00197001,0.0015695,0.00232447,0.00250206,0.00375734,0.0034339,0.00438748,0.0149158,0.0107139
0.00183076,0.00185401,0.00355863,0.00301161,0.00124596,0.00197845,0.00579531,0.0126242,0.00994984,0.00553959,0.00937424,0.00755002
0.00150894,0.0024559,0.00199268,0.000935368,0.00265545,0.00456509,0.00582421,0.00794926,0.0110576,0.0090983,0.0103615,0.00578205
0.0015899,0.00255029,0.00562394,0.00345246,0.00250193,0.00560028,0.00606663,0.00786874,0.0102772,0.00663722,0.00788574,0.00588563
0.00167942,0.00176213,0.00446474,0.00298965,0.00273173,0.00413409,0.00642929,0.0107589,0.00781294,0.00480892,0.00666001,0.00583116
0.000961466,0.00223621,0.005424,0.0024978,0.00271558,0.00453379,0.00473965,0.0063927,0.00395652,0.00256261,0.005015,0.00327785
0.000941908,0.00164184,0.00370565,0.00190043,0.00187006,0.0027699,0.00434972,0.00669846,0.00451078,0.00269925,0.00233495,0.0030515
0.000846,0.00136197,0.00392691,0.00266692,0.00168373,0.00299415,0.00462913,0.00842299,0.00626894,0.00316492,0.00384193,0.00310566
0.00101863,0.000916501,0.00358979,0.00219346,0.000832265,0.00158723,0.00268464,0.00599422,0.00501588,0.00347277,0.00493371,0.00393395
0.00128462,0.00195889,0.00396417,0.0021177,0.000836383,0.00127531,0.00297672,0.00742446,0.00581817,0.00325444,0.006111,0.00395558
0.00110763,0.00324884,0.0119881,0.008875,0.00189963,0.0018892,0.00340085,0.00723852,0.00470479,0.00535072,0.00462976,0.00298054
0.00109782,0.00147007,0.00569698,0.00451531,0.00126334,0.00179577,0.00400336,0.00644053,0.00404425,0.00431921,0.00534716,0.0032416
0.000538069,0.00154871,0.00382204,0.00262543,0.000598535,0.00116069,0.00235298,0.0050898,0.00372172,0.00269445,0.00599464,0.00449862
0.00123614,0.00152849,0.00428179,0.00303006,0.000560066,0.000829597,0.00320602,0.00660699,0.00437662,0.00250757,0.0087514,0.00695721
0.00107738,0.000605954,0.00215556,0.00196158,0.00189052,0.00206519,0.0034099,0.00573884,0.00414568,0.00245872,0.00645801,0.00540698
0.000722366,0.000770492,0.00228339,0.00152085,0.00083262,0.0027007,0.00369254,0.00737748,0.00468555,0.0045312,0.00862435,0.00426351
0.00109379,0.000855165,0.0019357,0.00132053,0.000945353,0.00229182,0.00355183,0.00575206,0.00352376,0.00265297,0.00786722,0.0054903
0.00131638,0.00254704,0.00520366,0.00300909,0.000756462,0.000542038,0.00197514,0.00400298,0.00225463,0.00322976,0.007935,0.00487046
0.00094202,0.00264595,0.00994558,0.00719462,0.00116888,0.000956568,0.00182997,0.00361667,0.00278438,0.00470527,0.00782597,0.00462479
0.000874309,0.00145326,0.00539565,0.00436775,0.00189834,0.00173229,0.00212299,0.0034566,0.00281612,0.00365796,0.00488318,0.00255221
0.0140922,0.0113296,0.00389529,0.0016479,0.00231107,0.00287563,0.00288128,0.00395811,0.00477529,0.00506785,0.00496375,0.00509208
0.0174033,0.0128382,0.00237886,0.00189037,0.00675646,0.00607279,0.00262026,0.00519358,0.00605448,0.0121954,0.00717549,0.00760346
0.00359784,0.00215563,0.00301483,0.00196178,0.00517104,0.00385104,0.00174522,0.00296915,0.00390566,0.0133487,0.0110174,0.00345114
0.00346572,0.00452101,0.0132474,0.00967889,0.00287005,0.0026084,0.00100316,0.00260909,0.00373612,0.0143964,0.0100514,0.00241355
0.00367245,0.00425252,0.00705871,0.00373772,0.0028293,0.00193452,0.000791933,0.00173759,0.00541934,0.015753,0.0105485,0.00249381
0.00474225,0.00319778,0.00424595,0.00385217,0.00202447,0.0034599,0.00242631,0.00342144,0.00580137,0.0137324,0.0138518,0.00740944
0.00274661,0.00162123,0.00609265,0.00588871,0.00573518,0.00865721,0.00458937,0.00307365,0.00531882,0.0131489,0.0226887,0.01496
0.00311572,0.00242978,0.00203707,0.00215897,0.00251956,0.0048349,0.00391603,0.00344592,0.00354444,0.00755525,0.018564,0.0124667
0.0016787,0.00311449,0.0126927,0.0112484,0.00402034,0.00350579,0.0025346,0.0018455,0.0032458,0.011203,0.0210109,0.0120134
0.00130722,0.00270364,0.00822095,0.00573207,0.00319564,0.0027838,0.0012379,0.00153386,0.00149521,0.00851577,0.0135852,0.00615022
0.00758267,0.00752231,0.00428402,0.00208186,0.00153825,0.00157456,0.00162856,0.00179331,0.00220581,0.00272393,0.00934297,0.0071959
0.0141602,0.0115659,0.00534841,0.00431266,0.0025292,0.00291306,0.00261253,0.00333865,0.00311975,0.00493933,0.00582547,0.00383307
0.0041612,0.0041116,0.00469562,0.00374733,0.00380836,0.00450708,0.0070247,0.00987676,0.00533483,0.00667074,0.0103051,0.00581142
0.00235743,0.0022274,0.00222756,0.00158101,0.00102476,0.00331823,0.00573647,0.00928453,0.00711712,0.00669452,0.0223512,0.0144388
0.00549714,0.00419527,0.00398092,0.00322261,0.00152297,0.00239605,0.00272961,0.00660458,0.00521327,0.00768295,0.0208629,0.0143372
0.00603388,0.00422686,0.00566589,0.00340975,0.00167133,0.00291424,0.00421763,0.00662652,0.00377037,0.00539843,0.00941801,0.00737194
0.00937924,0.0093676,0.00397574,0.00309681,0.00199127,0.00104923,0.00363318,0.00645092,0.00462566,0.00428183,0.00758268,0.00527265
0.0167648,0.0117032,0.0025123,0.00192107,0.00373378,0.00388979,0.00430227,0.00701251,0.00584729,0.008544,0.00981137,0.00816049
0.0200882,0.011777,0.00692354,0.00745866,0.00930332,0.00686948,0.0041773,0.00719548,0.00675137,0.0147132,0.0136783,0.0112582
0.0161153,0.0144199,0.00569809,0.00725547,0.00995957,0.00748006,0.00351988,0.00598571,0.00841628,0.0161699,0.0155917,0.00834708
0.0106335,0.0102971,0.00585139,0.00597876,0.00687906,0.00614354,0.00456069,0.00601129,0.00600778,0.0149117,0.014146,0.00694349
0.0121605,0.00904729,0.0043564,0.00398679,0.00428332,0.00280552,0.00242497,0.00229673,0.0047578,0.0121443,0.0105011,0.00751075
0.0135442,0.00760661,0.00173831,0.00296726,0.0024889,0.00139361,0.00183352,0.00257169,0.00427328,0.00817581,0.00727968,0.00586086
0.00463211,0.004125,0.00186023,0.00239476,0.00374789,0.00244191,0.00196004,0.00210153,0.00266971,0.00347626,0.00493485,0.00313343
0.00448509,0.00249116,0.00111165,0.00286616,0.00189447,0.00146038,0.00137552,0.00196233,0.00300011,0.00572819,0.00379969,0.00339397
0.0042665,0.00339638,0.00165543,0.00183648,0.00205738,0.00205173,0.00209074,0.00286866,0.00196762,0.00446286,0.00350565,0.00246876
0.00736849,0.00482333,0.00156139,0.00351545,0.00296314,0.00223835,0.0028044,0.00258948,0.00420803,0.00818547,0.00743222,0.00402122
0.00674769,0.00491509,0.0025491,0.00259223,0.00344925,0.00392665,0.00180121,0.00163104,0.00254761,0.00636018,0.00410849,0.00402314
0.0041551,0.00401777,0.00247772,0.00279896,0.00466981,0.00489622,0.00347792,0.00387252,0.00615815,0.00824586,0.00545422,0.00189385
0.00740293,0.00470338,0.00209531,0.00250293,0.00522591,0.00451607,0.00262133,0.0035162,0.00393992,0.00655528,0.00475183,0.0037112
0.00209492,0.00237911,0.0019412,0.00240821,0.0065278,0.00543666,0.00295436,0.00251936,0.00480112,0.0102103,0.00889879,0.00399282
0.00913534,0.00629495,0.00142787,0.00249376,0.00432313,0.00299122,0.00166899,0.00205055,0.00332297,0.00866999,0.00607867,0.00411121
0.00416138,0.00253618,0.000934738,0.00168445,0.00470528,0.00297428,0.00108289,0.00197909,0.0046409,0.0090448,0.00502844,0.00315527
0.00615328,0.00540511,0.00388069,0.00564604,0.00709363,0.00302957,0.00149945,0.00200136,0.00478394,0.00985916,0.00665924,0.00303505
0.00472986,0.0028955,0.00302056,0.0109694,0.00941777,0.00215525,0.000638045,0.000885349,0.00341729,0.00783626,0.00668922,0.00377585
0.00329137,0.00243577,0.0026514,0.0101749,0.00894887,0.00222029,0.000728151,0.00136515,0.00235054,0.00642207,0.00642985,0.00448375
0.00861184,0.00610295,0.00259635,0.0049478,0.00360153,0.00108365,0.000513929,0.00057323,0.00257786,0.00692639,0.00577365,0.00490812
0.00732161,0.00473231,0.000717845,0.00242849,0.00301036,0.00133293,0.000468767,0.000792327,0.00226574,0.00659183,0.00477877,0.00383459
0.00282396,0.00235974,0.00136563,0.00311508,0.00351092,0.00167896,0.000697112,0.00101519,0.003198,0.00607168,0.00485322,0.00226621
0.0158694,0.0127997,0.00244952,0.00364995,0.00277019,0.00138771,0.000655018,0.00182625,0.00334696,0.00560361,0.0034422,0.00375357
0.0223218,0.0177492,0.00320965,0.0028644,0.00299023,0.00103126,0.000698163,0.00254951,0.00335763,0.00500856,0.0043195,0.00566238
0.0286472,0.0215439,0.00284196,0.00247902,0.0023733,0.000686006,0.000737562,0.003262,0.00325773,0.00337736,0.00257556,0.00707239
0.0315973,0.0238092,0.0032723,0.000937187,0.00146958,0.000641269,0.000811472,0.0037398,0.00303123,0.00191958,0.0014557,0.00808168
0.0271701,0.0213219,0.00301284,0.00139073,0.00173031,0.000875229,0.000854264,0.00292671,0.00280827,0.00202545,0.00163174,0.00646639
0.00961134,0.00655637,0.00106213,0.000580707,0.00066786,0.00043251,0.000353051,0.00155588,0.00163734,0.0020537,0.00220997,0.00362635
0.00792029,0.00493384,0.000700727,0.000383965,0.000500943,0.000254196,0.000474502,0.0016976,0.00163085,0.00150647,0.00127072,0.0039685
0.00850569,0.00619741,0.000983274,0.000576772,0.000760955,0.000505352,0.000190675,0.000692241,0.00117573,0.00147813,0.000780649,0.00350903
0.0028585,0.00250717,0.00114963,0.00126775,0.000807022,0.000984055,0.00129237,0.00144145,0.0014015,0.00153904,0.00106922,0.00204322
0.0055555,0.00470949,0.000828742,0.00260878,0.0062015,0.0033203,0.00161366,0.00239429,0.00223845,0.00648328,0.00312805,0.00213381
0.00649179,0.00516006,0.00153824,0.00296378,0.00582536,0.00322571,0.00195454,0.00251798,0.00246083,0.00670322,0.00545721,0.00411563
0.00682933,0.0053066,0.00151846,0.00232641,0.00435308,0.00314316,0.00220591,0.003564,0.00592376,0.00816211,0.00473607,0.00311426
0.00253252,0.00279326,0.0017366,0.00259043,0.00372836,0.00328883,0.00189066,0.00262672,0.00538393,0.0119313,0.00738284,0.00253858
0.00526091,0.00481843,0.00145846,0.00240195,0.00509902,0.00370401,0.00193639,0.00200251,0.0044961,0.0128416,0.00895545,0.00355457
0.00169575,0.00129674,0.00069711,0.00118237,0.00415928,0.00397331,0.00161963,0.00176612,0.00481009,0.0122292,0.00826408,0.0025901
0.00700133,0.00519884,0.00119953,0.00211958,0.00579638,0.00340608,0.000655596,0.00129749,0.00482845,0.0136334,0.00945164,0.00286615
0.00469734,0.00430083,0.00116182,0.00131427,0.00393122,0.0025074,0.000930731,0.00141416,0.00599745,0.0139392,0.00821732,0.00246224
0.00392958,0.00235136,0.00160962,0.00415424,0.00508099,0.00240291,0.00117747,0.00135673,0.0052518,0.0127905,0.00782921,0.00256193
0.00148086,0.00130582,0.00277478,0.0112153,0.00831708,0.00144056,0.000662014,0.000850582,0.00376509,0.0114199,0.0106412,0.00405042
0.00256377,0.00209596,0.0014923,0.00828774,0.00820736,0.00245992,0.000445616,0.000741047,0.00343381,0.00909384,0.00849931,0.00383997
0.00980091,0.006857,0.00123888,0.00425845,0.00529059,0.00234192,0.000329392,0.00058825,0.00257353,0.0078649,0.00687333,0.00391669
0.0112332,0.00822891,0.0015215,0.00145844,0.00293361,0.00174576,0.000402594,0.000888209,0.00223329,0.00551806,0.00372039,0.00424562
0.00548347,0.0047625,0.00164685,0.00257719,0.00277132,0.00107949,0.00125638,0.00147479,0.00334985,0.00600992,0.00381454,0.0018995
0.0257089,0.0218424,0.00392775,0.00370204,0.005427,0.00279814,0.00239263,0.00559714,0.00581634,0.00540675,0.0031682,0.00653083
0.0381398,0.0307729,0.00442789,0.00247392,0.00448495,0.00235519,0.00141325,0.00606333,0.00751819,0.00848864,0.00478901,0.00854964
0.0345001,0.0274646,0.00459335,0.00197507,0.00191413,0.00141734,0.00219502,0.00678195,0.00851068,0.0103865,0.00573273,0.00832495
0.00714316,0.00555039,0.00098335,0.00271903,0.00300644,0.00107944,0.00107046,0.00267314,0.00389996,0.00956784,0.00592188,0.00226224
0.00232281,0.0018142,0.00357599,0.0141687,0.012097,0.00280016,0.00110998,0.00206414,0.00426484,0.0103995,0.012202,0.00776249
0.00393129,0.00424575,0.00477285,0.0125487,0.0103451,0.00405451,0.00208723,0.00178398,0.00476719,0.00900688,0.00940965,0.00538263
0.00425885,0.00309829,0.00581778,0.00708333,0.00500757,0.00596424,0.00445967,0.00231267,0.0045825,0.00780309,0.0106721,0.00677528
0.00296081,0.00267002,0.0149129,0.0126004,0.00239067,0.00419152,0.00346513,0.00187755,0.00170818,0.00706702,0.0152396,0.0100877
0.004426,0.00502512,0.00528656,0.00337357,0.00196837,0.00318783,0.00241985,0.00145102,0.00226088,0.00713796,0.0144263,0.0088817
0.00303733,0.00201909,0.00213015,0.00877501,0.00825173,0.00216773,0.00107598,0.00168835,0.00234436,0.0059254,0.0117969,0.00769844
0.00323386,0.00404261,0.00611203,0.0133475,0.00934425,0.00271474,0.00202744,0.00182484,0.00187874,0.00220203,0.0061614,0.00473373
0.00358762,0.00311796,0.00214609,0.00634414,0.00592093,0.00260424,0.0027457,0.00285788,0.00223487,0.00375113,0.007632,0.00597702
0.0254928,0.0210173,0.00578862,0.00727694,0.00608166,0.00256782,0.00132937,0.0054366,0.00429594,0.00191944,0.00482402,0.00794486
0.0191092,0.0122678,0.00302456,0.00473529,0.00274547,0.00139491,0.00124128,0.00268153,0.00265333,0.00269336,0.00418876,0.00969155
0.0120637,0.00892517,0.00441415,0.0119542,0.00852425,0.00117205,0.00114906,0.00213636,0.00188445,0.00374858,0.00700443,0.00797013
0.00465753,0.00208914,0.00478415,0.0152118,0.00968126,0.00126657,0.000699102,0.00111066,0.0008775,0.00271172,0.00711012,0.00738037
0.00787228,0.0039844,0.00863435,0.00655272,0.00327643,0.00182598,0.00143004,0.00145195,0.00217525,0.00426346,0.00492283,0.00586241
0.0109651,0.00999193,0.0194204,0.0136115,0.0081362,0.00424008,0.00178042,0.00317279,0.00452587,0.0117887,0.00758779,0.00493906
0.0140121,0.00858567,0.00642783,0.00536983,0.00473498,0.00221359,0.00163956,0.00265506,0.00253771,0.00675091,0.00460607,0.0060239
0.0420914,0.033645,0.00563879,0.00311433,0.00319851,0.00169533,0.00199076,0.00510295,0.00542636,0.00657376,0.00457455,0.0112873
0.032441,0.0255106,0.00493394,0.00385023,0.00196701,0.00125038,0.00131345,0.00215598,0.00327819,0.00604136,0.00392339,0.0093395
0.0117742,0.00830764,0.00332584,0.00415687,0.00554978,0.00400453,0.00186017,0.00136625,0.00372341,0.00753203,0.00519776,0.00397315
0.00690555,0.00811288,0.0157723,0.0125415,0.00327631,0.00301919,0.00325384,0.00328294,0.00311624,0.00756411,0.00596478,0.00388336
0.00475585,0.00562887,0.0084342,0.0068649,0.001582,0.00317623,0.00249986,0.00206564,0.00372028,0.00937522,0.0122489,0.00504709
0.00650168,0.00639804,0.0056022,0.00476669,0.00260483,0.00405644,0.00268069,0.00166098,0.00234586,0.00584414,0.0119209,0.00921588
0.00626788,0.00811217,0.0140013,0.00892977,0.00258883,0.00359801,0.00249048,0.00131897,0.00248967,0.00985811,0.0144383,0.00796624
0.00587741,0.00467977,0.00807355,0.00467862,0.00135639,0.00242309,0.00161508,0.00124801,0.00198411,0.00558941,0.00883568,0.00596215
0.00307534,0.00148496,0.00455817,0.00369391,0.0014179,0.00140909,0.00112353,0.00173457,0.00175965,0.00301773,0.00491784,0.0038702
0.0023874,0.00419836,0.0110044,0.00718678,0.00179097,0.00145887,0.0011644,0.00170111,0.00129588,0.00179268,0.0032486,0.00292603
0.00333974,0.00311843,0.00401608,0.0031412,0.00103434,0.00104967,0.000667973,0.00103125,0.00129096,0.00246939,0.00454663,0.0028889
0.00349954,0.00446085,0.0100392,0.0059285,0.000907365,0.00132023,0.0010398,0.00108549,0.00170126,0.00339244,0.00476084,0.00311179
0.00315414,0.00418631,0.0151987,0.0130229,0.00310845,0.00220645,0.00275772,0.00184304,0.00196544,0.00489126,0.00512544,0.00219765
0.00334423,0.0071782,0.0169758,0.0118981,0.00349384,0.00390692,0.0039908,0.00283187,0.00239012,0.00323865,0.00310742,0.00186164
0.00383367,0.00504663,0.0102664,0.00659112,0.00279179,0.00720832,0.0127388,0.00707861,0.00205722,0.00330157,0.00444429,0.0030582
0.00313978,0.00649363,0.0104981,0.00711385,0.00305992,0.00788622,0.0154559,0.0100964,0.0028258,0.00408601,0.003873,0.00274807
0.00220291,0.00552919,0.0106323,0.00696845,0.00277778,0.0035026,0.014286,0.0110392,0.00308495,0.00299248,0.0039901,0.00201723
0.00244822,0.00612236,0.00751953,0.00356494,0.00152569,0.0051235,0.0140823,0.00938481,0.00195933,0.00355964,0.00303379,0.00143338
0.00182996,0.00623006,0.017913,0.0118623,0.00214133,0.00284946,0.00991886,0.00773605,0.00196233,0.00189374,0.0027015,0.00216408
0.00141244,0.0038165,0.00873286,0.00516984,0.000968224,0.00301881,0.00975859,0.00633368,0.00147781,0.0020976,0.00274574,0.00143366
0.00103135,0.00173907,0.00368762,0.00203135,0.00114538,0.00574176,0.0137847,0.00810427,0.000822396,0.000951228,0.00205874,0.00143604
0.000776636,0.00137473,0.00411949,0.00279011,0.000899085,0.00371641,0.0132751,0.0101752,0.0015887,0.000978285,0.0013144,0.000805255
0.000628331,0.00185492,0.00379817,0.00243922,0.00087359,0.00201568,0.00542382,0.00473786,0.000724778,0.000960997,0.00203158,0.001127
0.000530784,0.0027102,0.011113,0.00834135,0.001362,0.00189766,0.00478321,0.00350348,0.00103475,0.000940847,0.00127182,0.000798757
0.000523588,0.00228898,0.00637722,0.0041404,0.000566712,0.000856889,0.00198029,0.00167067,0.000627277,0.00115549,0.00130802,0.000569565
0.00117071,0.0016469,0.00443008,0.00289901,0.00103587,0.00115077,0.0028522,0.00230587,0.00113795,0.00181886,0.00143792,0.000920593
0.000815686,0.00103586,0.00512027,0.00598844,0.00172012,0.0010308,0.00371174,0.00281695,0.000784339,0.00335319,0.00372335,0.0013781
0.00072883,0.00224332,0.00743563,0.00636992,0.00124938,0.0013168,0.00419116,0.00291768,0.00104538,0.00267341,0.00246621,0.000626175
0.000435127,0.00149849,0.00882229,0.00769242,0.00125483,0.000956518,0.00259779,0.002161,0.00108131,0.00305054,0.00264138,0.000564607
0.000615088,0.002631,0.0124188,0.0109254,0.00196138,0.000869224,0.0023462,0.00203305,0.000947822,0.00325572,0.00326438,0.000916105
0.000705683,0.00204156,0.00914938,0.00824766,0.00158805,0.000718349,0.00161867,0.00122821,0.000798672,0.00313307,0.00286051,0.000857137
0.00071762,0.00295252,0.00864717,0.00580454,0.000930668,0.000650534,0.00187614,0.00144536,0.000583214,0.00134373,0.00123761,0.000513747
0.000595308,0.00388949,0.014745,0.0108232,0.00157703,0.000535159,0.0017729,0.00120907,0.000189866,0.000891854,0.000952077,0.00039991
0.000386318,0.00209157,0.00787506,0.00596748,0.00108414,0.000437643,0.00100963,0.000856374,0.00032695,0.00059171,0.000557223,0.000446189
0.0012917,0.00490251,0.0146809,0.0108633,0.00176024,0.00136322,0.00180902,0.0010262,0.00114824,0.00126979,0.000818016,0.000884343
0.000798262,0.00532712,0.0194414,0.0143288,0.00238418,0.000741564,0.00150838,0.00074501,0.00267837,0.00726174,0.00431208,0.00108297
0.00101939,0.00480148,0.0143991,0.0121757,0.0025189,0.000988536,0.0014179,0.00118151,0.00282276,0.00615381,0.00346552,0.00111655
0.00119983,0.00505146,0.0150992,0.0098796,0.00253537,0.00315779,0.00561547,0.00315163,0.00206394,0.00335256,0.00236995,0.0014226
0.00189115,0.00370158,0.00615351,0.00577327,0.00269492,0.00516547,0.0100841,0.00548498,0.00178082,0.00299927,0.00223197,0.00151439
0.00090989,0.00386125,0.0147607,0.0112575,0.00202533,0.00273668,0.00789805,0.0050691,0.00145067,0.00218449,0.0014203,0.000648551
0.000699584,0.00105946,0.00424942,0.00339343,0.00211611,0.00366685,0.00751432,0.00470503,0.00160746,0.00169741,0.000848489,0.000772689
0.000839156,0.00349212,0.0119146,0.00903398,0.00199591,0.00261459,0.00669484,0.00436166,0.00107457,0.00157959,0.00106601,0.000400901
0.000971405,0.00291011,0.00933006,0.00622259,0.000538809,0.00239535,0.00679273,0.00417659,0.000907283,0.000925121,0.000520978,0.000779877
0.00102633,0.00184629,0.00746566,0.00503901,0.000857689,0.00454374,0.0168292,0.012081,0.00205949,0.001276,0.00112676,0.000892345
0.000558351,0.00150949,0.0039377,0.00254249,0.000758927,0.00452503,0.0167691,0.0122677,0.00162429,0.00147762,0.000888745,0.000727985
0.000991562,0.00209311,0.00545204,0.00402762,0.000925111,0.0023616,0.00751981,0.00571078,0.00140481,0.00147938,0.000883274,0.000755708
0.000671692,0.00280501,0.0122701,0.00911549,0.00126405,0.00326959,0.0110453,0.00803874,0.00170041,0.00107814,0.00105094,0.000653479
0.000677095,0.00180346,0.00570479,0.00364556,0.00049811,0.00243211,0.00691275,0.00445945,0.000859634,0.00110992,0.000793709,0.000481104
0.0019405,0.00241189,0.00596238,0.00441348,0.000955498,0.00170452,0.00419308,0.00287448,0.00381095,0.00237749,0.00163073,0.00133721
0.00051809,0.00275894,0.0105816,0.00822535,0.00150539,0.000809829,0.00251162,0.00172266,0.00106893,0.00376522,0.00318828,0.000933146
0.000669775,0.00275497,0.0124696,0.00926102,0.00118575,0.000906997,0.00317102,0.00227323,0.00176032,0.00454606,0.00355803,0.000689505
0.000634966,0.00297841,0.0132125,0.0101787,0.00141281,0.00101543,0.00312404,0.00209611,0.00206493,0.00518212,0.00373296,0.000775571
0.000298344,0.00235158,0.00964221,0.00739573,0.00109605,0.000614963,0.00158725,0.00130656,0.00129269,0.00337644,0.0025276,0.000678758
0.000726565,0.00108922,0.00307939,0.00273279,0.000706841,0.00062383,0.001461,0.00121519,0.000598245,0.00192243,0.00146775,0.000426491
0.000247474,0.00147313,0.00558327,0.0041473,0.000575758,0.000437732,0.00127587,0.00108902,0.000787142,0.00188307,0.00374367,0.00260544
0.00049938,0.00138691,0.00589487,0.00471799,0.00088146,0.000985528,0.0025555,0.00152796,0.000554238,0.00201539,0.0046566,0.00282464
0.000501449,0.00103798,0.00380136,0.0029034,0.000600232,0.000655952,0.00208699,0.00191666,0.000744675,0.00110464,0.00196652,0.00168287
0.000820284,0.00105121,0.00178582,0.00134739,0.000833347,0.00123087,0.00200587,0.00241837,0.00195904,0.00272913,0.00721908,0.00518237
0.000630723,0.0010158,0.00215229,0.00177325,0.0008874,0.00166982,0.00494826,0.00670695,0.00474049,0.00258859,0.0038443,0.00288301
0.000606928,0.00149887,0.00376842,0.00250835,0.00129222,0.00189641,0.00366666,0.00418084,0.00388023,0.00210648,0.00558158,0.00384778
0.00119366,0.00122852,0.0026389,0.00139904,0.00122389,0.00204465,0.00396953,0.00368815,0.00371309,0.00348299,0.00621695,0.00496159
0.000787064,0.00111505,0.00297505,0.00172045,0.00145652,0.00175535,0.00380496,0.00582837,0.00325609,0.00292121,0.00583258,0.00390723
0.00110515,0.00117036,0.00306323,0.00216889,0.00120782,0.00137586,0.00337704,0.00482057,0.00284633,0.00223029,0.00761467,0.00565925
0.000199567,0.00155257,0.00408899,0.00262072,0.00116909,0.00111854,0.00355702,0.00592984,0.00293097,0.00086963,0.00140847,0.000691077
0.000998608,0.00156575,0.00369158,0.00178754,0.000716644,0.00131595,0.00401066,0.00613138,0.00316201,0.00287649,0.00850375,0.00596356
0.000486894,0.00155699,0.00415518,0.00259716,0.000554707,0.000739746,0.00354519,0.00661403,0.00443179,0.00207462,0.00427841,0.00263229
0.000576192,0.000762906,0.00154321,0.000779744,0.000532945,0.000529198,0.00538791,0.0122574,0.00656842,0.00138467,0.00233043,0.00199655
0.000449671,0.000687766,0.00126462,0.000671849,0.000521643,0.000757623,0.00420601,0.0107943,0.00672782,0.00155487,0.00254204,0.00188126
0.000599373,0.000627367,0.000871885,0.000577081,0.000303479,0.000761036,0.00350055,0.00787634,0.00491101,0.00135143,0.00205934,0.00177875
0.000631951,0.000655236,0.00116813,0.000683252,0.000322973,0.000537587,0.00202264,0.00585924,0.00367423,0.00238522,0.00609047,0.00417268
0.000576505,0.000491907,0.00121663,0.000809222,0.000362314,0.000498371,0.00241047,0.00531903,0.00331536,0.00182405,0.00443329,0.00278178
0.000524198,0.00133398,0.00224581,0.00191443,0.000632446,0.000600896,0.0021471,0.00365488,0.00261499,0.0026138,0.00283847,0.00163547
0.000403899,0.00114566,0.00503046,0.00406902,0.000720554,0.000676764,0.00209086,0.00382776,0.0020465,0.00264555,0.00216296,0.00127048
0.000225431,0.00125804,0.00538682,0.00420605,0.000700295,0.000398134,0.00101741,0.00154848,0.001754,0.00310615,0.00313078,0.0013754
0.000510726,0.00174364,0.0060996,0.0044581,0.000716074,0.000264317,0.000962933,0.00181153,0.00181574,0.00319248,0.00405869,0.00199167
0.000390162,0.00146634,0.00537141,0.00388775,0.00054047,0.000244615,0.00066294,0.00139338,0.00150564,0.00289353,0.00334852,0.00146191
0.000282556,0.000835351,0.00261196,0.00208026,0.000632651,0.000502741,0.000805745,0.00187045,0.0012797,0.00144619,0.00245136,0.00144915
0.000282773,0.000780582,0.00300849,0.00225621,0.000391875,0.000277575,0.000712239,0.00160763,0.00116834,0.000480085,0.0019037,0.00145661
0.000401834,0.000804232,0.00299032,0.00238619,0.000473006,0.000235539,0.000340337,0.000914001,0.000957359,0.00144048,0.00359708,0.00222221
0.00035887,0.000573399,0.00178451,0.00123771,0.000186949,0.00025245,0.000351832,0.000614052,0.000438405,0.00129058,0.00250431,0.00150345
0.000400867,0.000432458,0.0011767,0.000692207,0.00039235,0.000619193,0.00125252,0.00160612,0.000831252,0.000811143,0.00209482,0.00183297
0.000476807,0.00108967,0.00200184,0.0013756,0.00107875,0.00167272,0.00335441,0.00526008,0.00353671,0.00171744,0.0023843,0.00152231
0.000462595,0.000682253,0.00103129,0.000631571,0.000725729,0.00106549,0.0024492,0.00482012,0.00489352,0.0025829,0.00382944,0.00241105
0.000958257,0.001632,0.00355082,0.00282969,0.00141852,0.00187696,0.00319702,0.00446088,0.00353626,0.00228766,0.00350936,0.0038676
0.00111847,0.00167137,0.00411154,0.00300509,0.00116439,0.00226176,0.00377333,0.00377678,0.00328362,0.00403522,0.00451107,0.00295783
0.000942815,0.00130144,0.00310013,0.00176622,0.00123301,0.00158511,0.00280064,0.00412565,0.0028898,0.00239087,0.00470839,0.00367283
0.000581517,0.00158735,0.00287788,0.00138207,0.000894803,0.00138253,0.00302451,0.00549036,0.00338157,0.00119269,0.00237257,0.00215802
0.000469933,0.000999284,0.00150446,0.000688636,0.000846115,0.00087593,0.00281764,0.00565588,0.0040273,0.00202512,0.00303401,0.00277942
0.000850516,0.000771524,0.0013481,0.000828382,0.000796716,0.000978351,0.00192841,0.00301422,0.00255208,0.00223683,0.00634997,0.00474305
0.000901442,0.0010648,0.00122286,0.000561515,0.000298847,0.000709319,0.00320497,0.00659319,0.0039045,0.00137371,0.00184674,0.00126228
0.000624741,0.00100812,0.00188921,0.0011451,0.000537769,0.000635535,0.00326314,0.00712582,0.00447694,0.00138271,0.0017275,0.00137309
0.00066655,0.00062008,0.00124516,0.000902611,0.000448428,0.000910989,0.00227631,0.00493478,0.00342344,0.00166539,0.00424239,0.0031232
0.000792162,0.000388561,0.000616235,0.00046793,0.000214076,0.000516653,0.0021476,0.00319329,0.00166908,0.00217436,0.00731447,0.00556876
0.000676558,0.00053097,0.00111026,0.000625181,0.000196154,0.000575518,0.00123998,0.00164598,0.00111618,0.00147195,0.00515784,0.00400074
0.000467544,0.000732098,0.000984956,0.000812006,0.000483788,0.000416731,0.00127561,0.00241051,0.00144997,0.00115674,0.00194734,0.00104184
0.000443844,0.000575983,0.0020204,0.00484077,0.0032482,0.000650941,0.00100211,0.00151495,0.00124506,0.00113469,0.00233099,0.00173636
0.000369427,0.000618963,0.00248536,0.00627901,0.00421623,0.000848896,0.00135615,0.00180165,0.0010886,0.00076532,0.00347708,0.00263272
0.000538438,0.000630483,0.00309821,0.00852858,0.00547735,0.000840419,0.000991283,0.00104247,0.00061711,0.00121051,0.00430973,0.00325861
0.00022836,0.000624445,0.00338439,0.00970971,0.00642367,0.000952934,0.000632266,0.00111565,0.000745232,0.00108544,0.0031849,0.00210439
0.000363686,0.000500952,0.00303097,0.00852065,0.00545984,0.000641056,0.000912735,0.00123522,0.00105626,0.00163589,0.00310208,0.00193544
0.000952109,0.000438636,0.00189156,0.00431353,0.0026118,0.000496281,0.000594331,0.00111928,0.000595727,0.00323908,0.0112866,0.00768626
0.00110012,0.000358268,0.0011154,0.00226507,0.00165653,0.000350937,0.000498107,0.000947651,0.000577649,0.00404104,0.0143689,0.00990444
0.00059029,0.000451503,0.000995541,0.00244406,0.00159117,0.000415724,0.000457434,0.000871807,0.000960278,0.00269432,0.00821229,0.00519395
0.00102275,0.000822937,0.00160011,0.00312694,0.00207882,0.000477922,0.000820482,0.000990824,0.000640851,0.00412249,0.0139085,0.00970294
0.00141169,0.000441265,0.00542854,0.0114408,0.00602003,0.0011535,0.00101038,0.00114533,0.000850205,0.00248728,0.00987038,0.0082867
0.000653522,0.000723774,0.00304521,0.00855511,0.00609445,0.0017023,0.000953376,0.00124137,0.000728821,0.00420326,0.0127868,0.00772263
0.00140777,0.000832999,0.00212596,0.00441047,0.00262259,0.00241102,0.0030446,0.00353893,0.00192219,0.00404585,0.0148038,0.0106769
0.0013426,0.000670571,0.00188258,0.00330343,0.0019951,0.00150019,0.00262279,0.0049744,0.00244285,0.00472348,0.0139946,0.0101664
0.000839762,0.000788113,0.00353944,0.00520697,0.00345428,0.00151561,0.00210092,0.00440328,0.00276696,0.00230713,0.00753586,0.00572289
0.000856783,0.00100705,0.00252174,0.0039249,0.00240779,0.000945045,0.00184092,0.00502661,0.00354187,0.002454,0.00766095,0.00521938
0.000567079,0.00076938,0.00142228,0.00386751,0.0025884,0.000426826,0.0012582,0.00301535,0.00234415,0.00214562,0.00764464,0.00543316
0.00120568,0.000339607,0.00114996,0.00294988,0.00210174,0.000877994,0.00122094,0.00305668,0.00168487,0.00147019,0.00739643,0.00640401
0.00129033,0.00127527,0.00115298,0.00156863,0.00159952,0.00238202,0.00255894,0.00768902,0.00522481,0.00248242,0.0052702,0.00323968
0.00045294,0.000433195,0.000820783,0.00163214,0.00117813,0.000547478,0.0023253,0.00627798,0.0042835,0.000774114,0.00325557,0.00241703
0.00119193,0.00127659,0.00140795,0.00149455,0.000979102,0.000532229,0.00180299,0.0032077,0.00224635,0.00221353,0.00480363,0.00416346
0.00063121,0.000644195,0.00126392,0.00144902,0.000901331,0.000439937,0.00135801,0.00346687,0.00214584,0.00176045,0.00591711,0.00384562
0.000701301,0.000455026,0.000992186,0.00146158,0.000715605,0.000703747,0.00121617,0.00297078,0.00226734,0.00216856,0.00696845,0.00444971
0.00077769,0.000731662,0.00171204,0.00602634,0.00382922,0.000518972,0.00103151,0.00217097,0.00177268,0.001122,0.00427082,0.00324668
0.000471425,0.000369491,0.00379877,0.012296,0.00775304,0.000902007,0.000799203,0.00153059,0.00127944,0.00138704,0.00383192,0.0023737
0.000282775,0.000328041,0.00299264,0.0121265,0.0084012,0.0010519,0.00112448,0.00203741,0.00103008,0.00134339,0.00373202,0.00230638
0.000416896,0.000468517,0.00469862,0.0161453,0.0105669,0.00108913,0.000670578,0.00195242,0.000995326,0.0010521,0.00352644,0.00268176
0.000515645,0.000452798,0.00503199,0.0168075,0.0112371,0.00136431,0.000739953,0.00133347,0.00096984,0.0010546,0.00353269,0.00248308
0.00100701,0.000447923,0.0012394,0.00599081,0.00473228,0.00108579,0.000855291,0.00112842,0.000632589,0.00116137,0.00465436,0.00346913
0.00128955,0.000598477,0.00221612,0.00770401,0.00533316,0.000695721,0.000532012,0.00093643,0.000776253,0.00463572,0.0151414,0.0101241
0.00069019,0.000668462,0.00157091,0.00476638,0.00333747,0.000627199,0.000379178,0.00107341,0.000604152,0.00517141,0.0167758,0.0106747
0.0009656,0.000728845,0.00282296,0.00590884,0.00357112,0.000467771,0.000673771,0.000913195,0.000630685,0.00324049,0.0109739,0.00722118
0.00170871,0.00103332,0.00181385,0.00498467,0.00310827,0.000804913,0.00105544,0.000991851,0.000695069,0.00513633,0.0178015,0.0126255
0.00111961,0.000880637,0.00777745,0.0122104,0.0049321,0.000620335,0.000991435,0.00165675,0.00165177,0.00208078,0.00500307,0.00482779
0.00174789,0.000970584,0.00340279,0.00501443,0.00205325,0.000955784,0.000955492,0.000837399,0.000776244,0.00567406,0.0209132,0.0144357
0.000808961,0.00130655,0.00340043,0.00458576,0.00234076,0.00214479,0.00469231,0.00585575,0.00295766,0.00543709,0.0162563,0.00967113
0.00185893,0.00075783,0.00279421,0.00321457,0.00253867,0.00222496,0.00508208,0.00530577,0.00268819,0.00290939,0.0121571,0.0106287
0.00159502,0.000951245,0.00253748,0.00400529,0.00243775,0.001528,0.00393954,0.00492568,0.00243434,0.00576265,0.0185741,0.012741
0.00098695,0.00104584,0.00207929,0.00325097,0.00202388,0.00122479,0.00253659,0.0032654,0.00258213,0.0023302,0.0072579,0.00594704
0.00145991,0.000847353,0.00251111,0.0033873,0.00204859,0.00119113,0.00216379,0.00285682,0.00129364,0.00811428,0.0236228,0.0142346
0.00142857,0.000868857,0.00206507,0.0024931,0.00146247,0.00228094,0.00537109,0.00410747,0.00151126,0.00505571,0.0137675,0.00839451
0.00120035,0.0011405,0.000948476,0.00120051,0.00120336,0.00171957,0.00777379,0.0213418,0.0162318,0.00331024,0.00391829,0.00294865
0.00113372,0.00066517,0.00151727,0.00169654,0.000911905,0.000579158,0.00286211,0.00998539,0.00791176,0.0038992,0.0107974,0.00745663
0.00123232,0.000947795,0.00190426,0.00181474,0.000914578,0.00101585,0.00314237,0.00641639,0.00486591,0.00402463,0.0135369,0.00921514
0.000842621,0.000930769,0.00130242,0.00136545,0.000742358,0.000515441,0.00206891,0.00398132,0.00267403,0.00756814,0.0227265,0.0128856
0.00228635,0.00255657,0.00358988,0.00495827,0.0027182,0.0012227,0.0023236,0.00227407,0.00225253,0.00427254,0.00960956,0.0062175
0.000969451,0.000829964,0.00280691,0.0103586,0.006871,0.00103698,0.00202641,0.00488898,0.00397246,0.00261423,0.00864354,0.00623546
0.000694012,0.000272885,0.00280324,0.0105215,0.00779749,0.0010654,0.00106055,0.00252341,0.0020138,0.00197232,0.00647246,0.00516972
0.000425181,0.000358651,0.00400674,0.0165718,0.0121798,0.00143419,0.000946059,0.00168459,0.00120623,0.00194694,0.00838603,0.0062946
0.00055303,0.000544943,0.00488456,0.0170917,0.011864,0.0014539,0.00126982,0.0022329,0.00149607,0.00215587,0.00818021,0.00623893
0.00406181,0.00222019,0.00313262,0.0118211,0.00893558,0.00186076,0.00129819,0.00170026,0.00109053,0.00177025,0.00474777,0.00398717
0.0117358,0.00672716,0.00159798,0.00588835,0.00407086,0.000565833,0.000513857,0.00148637,0.00125055,0.00165173,0.00475483,0.00809074
0.00474908,0.00301486,0.000923773,0.00365809,0.00236925,0.000463782,0.000686113,0.00123795,0.000836523,0.00138246,0.00337214,0.00419929
0.00678435,0.00422987,0.00119584,0.00381601,0.00280534,0.000452362,0.00071328,0.00125285,0.000893174,0.00149885,0.00472217,0.00367057
0.00591032,0.00435787,0.00127009,0.00392124,0.00325898,0.000953057,0.000680555,0.00102372,0.000777205,0.00149612,0.00365762,0.00387663
0.0105462,0.00683852,0.00101996,0.00256043,0.00222831,0.000864025,0.000675511,0.00112624,0.000996465,0.000681721,0.00242538,0.00405164
0.015577,0.00860745,0.000793182,0.00217316,0.00299145,0.00130955,0.0014212,0.00144691,0.00105072,0.00114888,0.00259113,0.00843793
0.00713359,0.00439929,0.00178841,0.00648522,0.0133321,0.00809634,0.00289928,0.00287589,0.00154117,0.00103008,0.00239234,0.00501401
0.00800589,0.00414315,0.00107756,0.00949338,0.0210575,0.0134452,0.00325642,0.00103524,0.00116667,0.00158834,0.00293062,0.00535459
0.00743757,0.00389907,0.000727666,0.0059813,0.0129496,0.00811405,0.00234754,0.00143915,0.00223447,0.00132278,0.00204365,0.00591574
0.0130418,0.00742548,0.00123803,0.00364745,0.00598502,0.00390711,0.00102851,0.001857,0.00193486,0.000959274,0.00161916,0.007209
0.00912472,0.0050276,0.00126572,0.00537587,0.0116267,0.00742122,0.00207468,0.0013203,0.000934185,0.000598318,0.00107505,0.00487802
0.00353595,0.00235766,0.000796515,0.00349842,0.00899302,0.00645885,0.00423112,0.00485827,0.00210171,0.000880053,0.0018029,0.00297559
0.0035441,0.0022069,0.000431047,0.00238378,0.00431513,0.00314445,0.0021002,0.00883278,0.00699479,0.00121156,0.00155373,0.00302743
0.00132753,0.0016769,0.000836819,0.00163717,0.00337046,0.00237388,0.0019628,0.00439579,0.00277518,0.000903095,0.00120947,0.0022802
0.00512019,0.00342385,0.000599071,0.00272061,0.00587265,0.00359331,0.00171939,0.00305458,0.00194297,0.00103807,0.00116737,0.00334034
0.00645752,0.00427818,0.000656282,0.00217977,0.00469879,0.00265766,0.00105952,0.00191498,0.000949635,0.000541688,0.000777038,0.0032591
0.00275095,0.00190189,0.000687068,0.00200868,0.00349661,0.00205901,0.00131651,0.00262111,0.00164187,0.00053757,0.00103582,0.00187067
0.00287872,0.00149159,0.000816611,0.00226882,0.00870903,0.00598188,0.00106478,0.00205891,0.00168641,0.00055043,0.0010574,0.00378785
0.00164762,0.000674519,0.00043845,0.00269313,0.00944555,0.00674401,0.000918167,0.00080438,0.000648167,0.000432125,0.0012556,0.00414236
0.00221237,0.00106465,0.000485456,0.00252472,0.0085707,0.00583301,0.000716916,0.000891888,0.000535223,0.000384551,0.000779947,0.0031683
0.00173791,0.000932135,0.000444949,0.00329054,0.0106489,0.00708983,0.00107719,0.000533274,0.000523583,0.000293024,0.00103263,0.00372368
0.00165112,0.000910799,0.00046697,0.00313143,0.0102162,0.00665079,0.000964595,0.000815557,0.000759927,0.000409369,0.00140219,0.00410852
0.0057713,0.00337598,0.000377293,0.00159611,0.00531276,0.00359673,0.000603816,0.00099241,0.000888093,0.00036159,0.000752654,0.00448595
0.00990227,0.00624796,0.000703274,0.000804545,0.00278715,0.00203819,0.000463167,0.000936086,0.000697273,0.000233663,0.000456254,0.00370591
0.00527927,0.00289255,0.000292815,0.000940287,0.00269412,0.00181083,0.000356008,0.000678123,0.000464727,0.000291962,0.000456992,0.00336586
0.00457003,0.00267336,0.000490836,0.000795996,0.00214547,0.00142529,0.000414211,0.000365645,0.000373637,0.000365925,0.000519356,0.00189173
0.00308579,0.00219162,0.000479529,0.000585263,0.00121878,0.000919684,0.000438455,0.0012128,0.000993191,0.000534215,0.000918362,0.00165585
0.010035,0.00766273,0.00141355,0.000857252,0.00123258,0.000804477,0.000604601,0.00118195,0.00098512,0.000540144,0.00071669,0.00353917
0.0103566,0.00703846,0.00245875,0.00254703,0.00170307,0.00172764,0.00114036,0.00170996,0.000977611,0.00102706,0.000891638,0.00395909
0.00448468,0.00412905,0.00156252,0.00457268,0.00953112,0.00498394,0.00164557,0.00186876,0.00238054,0.0014976,0.00154579,0.00275531
0.00838231,0.00594389,0.00141636,0.00530898,0.010784,0.00646442,0.00187807,0.00156317,0.00198801,0.00116784,0.00160047,0.00462496
0.00458435,0.00245948,0.000949182,0.00281284,0.0060738,0.0036871,0.00135718,0.00156607,0.00172272,0.000843182,0.000793495,0.00274757
0.00947259,0.00558399,0.000643703,0.00225659,0.00495241,0.00308081,0.000851645,0.000849746,0.000925192,0.000485381,0.000305334,0.00459941
0.00812735,0.00499817,0.000796317,0.002432,0.00637907,0.00424016,0.000968878,0.00101708,0.0008564,0.000561327,0.000877983,0.00429583
0.00414356,0.00262629,0.000564248,0.00123877,0.00406568,0.00319244,0.00213168,0.00325185,0.00154602,0.000308734,0.000423199,0.00209745
0.0029252,0.00180565,0.000266794,0.00110493,0.00277263,0.00240902,0.00167502,0.00469744,0.00374477,0.000832002,0.000822952,0.00228994
0.00403325,0.0027548,0.000603349,0.0010679,0.00263374,0.001777,0.00126407,0.0028983,0.00196286,0.000357483,0.000672469,0.00323499
0.0097153,0.00610196,0.000618109,0.00122005,0.00266812,0.00164057,0.00082522,0.00205319,0.00169022,0.000624231,0.000284812,0.00545953
0.00267532,0.00242862,0.000513771,0.000838343,0.00241365,0.00180933,0.00102291,0.00179917,0.00135719,0.000412798,0.00073098,0.00276965
0.00342055,0.00188004,0.00065499,0.000901308,0.00193807,0.00133685,0.00110192,0.00242713,0.00145318,0.000368526,0.000999412,0.00249818
0.0016434,0.00117202,0.000470068,0.000500664,0.00268842,0.00518217,0.00300976,0.000985166,0.000663003,0.000341619,0.000471927,0.00136178
0.00193134,0.0011607,0.00025949,0.00050192,0.00267742,0.00687436,0.00438618,0.00105135,0.000445455,0.000184404,0.000359128,0.00152524
0.0027607,0.00158946,0.000399683,0.000526769,0.00327503,0.00887521,0.0052277,0.000822218,0.00068614,0.000259451,0.000169203,0.00168681
0.00164122,0.000896387,0.0002889,0.000673316,0.00402094,0.0104651,0.00601964,0.000809023,0.000702113,0.000268653,0.000294582,0.00127828
0.0014437,0.000968346,0.000265312,0.000294073,0.00546817,0.0136315,0.00713738,0.000756342,0.000617841,0.000182205,0.000275875,0.00175941
0.00136095,0.000794514,0.000237449,0.000408867,0.00377302,0.010253,0.00581805,0.000847283,0.0004197,0.000186106,0.000295436,0.00112543
0.00643703,0.00372403,0.000330831,0.00035233,0.00271352,0.00636498,0.00321053,0.000383516,0.000439782,0.000177008,0.000462801,0.00355632
0.00485403,0.00279516,0.000357551,0.00033565,0.00155951,0.00359625,0.00217433,0.000489261,0.000345468,0.000241859,0.000268406,0.00323149
0.00305752,0.0018195,0.0007761,0.000917697,0.00249302,0.0032761,0.0016177,0.00144573,0.000739885,0.00107615,0.00164232,0.00230444
0.00574766,0.00399605,0.000768888,0.0003488,0.00103862,0.00126632,0.000805329,0.00131497,0.000695686,0.000823473,0.00102425,0.00408372
0.008278,0.00455206,0.000708794,0.00106581,0.00238212,0.00185579,0.00159816,0.00129221,0.00087283,0.00175821,0.00309993,0.00574913
0.011637,0.00656681,0.000818093,0.00138123,0.00366637,0.00748376,0.00471504,0.00211235,0.00112959,0.00205223,0.00224164,0.00561474
0.00376901,0.00207864,0.00135046,0.0015929,0.00474447,0.0105692,0.00633806,0.00184716,0.00227366,0.00407052,0.00203235,0.00207464
0.0079013,0.0038566,0.000499538,0.000676676,0.00427956,0.0110494,0.00652792,0.00168183,0.00171736,0.00227347,0.0013476,0.00504387
0.0069147,0.003927,0.000703504,0.00085247,0.00354719,0.00878833,0.0054747,0.00164751,0.0010434,0.0014751,0.00092723,0.00393871
0.00755456,0.00473029,0.000766388,0.000324662,0.00355684,0.00807381,0.00434141,0.000799479,0.000669494,0.00130378,0.000976658,0.00369304
0.00316437,0.00243172,0.000735235,0.000551182,0.00256571,0.00716925,0.00424318,0.0013957,0.000704653,0.00191321,0.001332,0.00226413
0.00430244,0.0028863,0.000283545,0.000679924,0.0024472,0.0063693,0.0041526,0.000917967,0.00307549,0.00704236,0.00402536,0.00191887
0.00233775,0.00204793,0.000650807,0.00053369,0.0023931,0.00494908,0.00281084,0.000751762,0.00300298,0.0118743,0.00893858,0.00177891
0.00261053,0.00233655,0.000569985,0.000569689,0.00128322,0.0033739,0.00188903,0.000641774,0.000895672,0.00163982,0.00132189,0.000924987
0.00866624,0.00576677,0.000608442,0.000295017,0.0016255,0.00351052,0.00160118,0.000640292,0.00102864,0.00288312,0.00213134,0.0037192
0.00463438,0.00323261,0.000441505,0.000210272,0.0017315,0.00346149,0.00201469,0.00077059,0.000388121,0.00107585,0.00089221,0.00246113
0.00295979,0.00153138,0.000611574,0.00055087,0.000918446,0.00249771,0.00159333,0.000800457,0.00144454,0.00264628,0.00183479,0.00163647
0.0023841,0.00162007,0.000514234,0.000316271,0.003262,0.00824479,0.00447321,0.00117259,0.00100141,0.00126551,0.000842001,0.00133965
0.00159192,0.00107259,0.000500323,0.00040422,0.00422206,0.0116254,0.00618488,0.000450136,0.00045229,0.00114312,0.000962206,0.00147386
0.00253713,0.00141597,0.000451676,0.000329475,0.00503578,0.0141263,0.00764082,0.000719587,0.000682507,0.00126698,0.000960913,0.00222319
0.00180756,0.0010126,0.000573091,0.000228297,0.00666594,0.0181187,0.00968047,0.000744476,0.000597603,0.00111473,0.000666622,0.00225715
0.00142658,0.000870717,0.00047244,0.000447795,0.00490451,0.0123768,0.00678951,0.000880662,0.000509319,0.000865681,0.000699389,0.00164653
0.00660506,0.00424104,0.000842955,0.000285367,0.00198057,0.00528248,0.00295943,0.000482163,0.000392863,0.000477285,0.000278417,0.00338171
0.00732604,0.00427502,0.000715183,0.000392925,0.00157747,0.00392397,0.00223593,0.000356438,0.000372185,0.000717374,0.000554632,0.00349356
0.00442996,0.00268238,0.000668402,0.000371138,0.000865836,0.00247513,0.00138524,0.000447971,0.000619902,0.000596903,0.000457935,0.00229211
0.00421268,0.00291923,0.000835861,0.000648313,0.00162593,0.00330478,0.0017641,0.000594602,0.000557544,0.000768807,0.0007109,0.00256473
0.00338763,0.00285019,0.000631485,0.000837004,0.0014686,0.00363345,0.00240741,0.00109752,0.00125631,0.00147053,0.000895887,0.00265476
0.0141577,0.00939729,0.00177244,0.000744327,0.00148048,0.002603,0.00141803,0.00116694,0.00114126,0.000962558,0.000706579,0.00612202
0.00933186,0.00584073,0.00132017,0.00201268,0.00276535,0.00330617,0.00282781,0.00174362,0.00118717,0.00148109,0.000879253,0.00473135
0.00771199,0.00461029,0.00177432,0.00243943,0.00400514,0.00873028,0.00658197,0.00233123,0.000796814,0.00274611,0.00173646,0.00379645
0.00658351,0.00428969,0.00126625,0.00141765,0.00333303,0.0106583,0.007672,0.00150237,0.000814777,0.00204986,0.00110751,0.00269694
0.00851801,0.00557843,0.00145401,0.0014763,0.00344892,0.0100132,0.00655729,0.00159587,0.000821954,0.00123473,0.00108642,0.00279531
0.00804079,0.00466735,0.000797729,0.000926379,0.00414164,0.010088,0.0063003,0.00131294,0.000774702,0.00145668,0.0010676,0.00407524
0.00392382,0.00292592,0.00064443,0.000363272,0.0028571,0.00801246,0.00517404,0.0017052,0.0019498,0.00244374,0.00111938,0.00151923
0.00347558,0.00208569,0.000526568,0.000667549,0.00171347,0.00571559,0.00467397,0.00160667,0.00315216,0.00939962,0.00812546,0.00199235
0.00371403,0.00281156,0.000629527,0.00108616,0.00246242,0.00520654,0.00291662,0.00159976,0.00361758,0.010871,0.0076283,0.00132393
0.00672003,0.00426662,0.000570274,0.00071766,0.00175019,0.00334258,0.0023079,0.00103448,0.00216129,0.00234523,0.00239665,0.00299535
0.00808585,0.00461738,0.000671973,0.000608062,0.000843243,0.00195419,0.00113192,0.000656156,0.00193957,0.00447394,0.00275587,0.00450165
0.00434251,0.00245991,0.000551138,0.000507662,0.00135245,0.00280184,0.00169469,0.00097209,0.00106189,0.00157747,0.00140587,0.00187201
0.00219717,0.00166483,0.000577468,0.000534008,0.00274081,0.00936751,0.00628478,0.00102122,0.0014929,0.00388813,0.00262228,0.00175659
0.00263111,0.0017945,0.000553866,0.000551836,0.0035576,0.0137113,0.00909333,0.000929369,0.00126714,0.00270166,0.00193012,0.00131555
0.00252624,0.00144822,0.000429959,0.000220503,0.00271723,0.0127541,0.00993378,0.00163628,0.00106731,0.00119356,0.000699392,0.00182788
0.00221413,0.00130555,0.000538565,0.000240242,0.00545893,0.021062,0.0145881,0.00182154,0.00122999,0.0017515,0.000964603,0.00262565
0.00163418,0.000833212,0.000282156,0.0004026,0.00340742,0.0115065,0.0081828,0.00149805,0.000538585,0.000977593,0.000757008,0.00165727
0.00104438,0.00300778,0.0106399,0.00824516,0.00304194,0.00954422,0.00709367,0.00125678,0.000516091,0.00092911,0.000898993,0.00112911
0.00119316,0.00428433,0.0161396,0.0104026,0.00384277,0.012213,0.00836765,0.00140458,0.000953382,0.000830456,0.000285085,0.000557345
0.00150066,0.00157374,0.00365097,0.00320103,0.00183367,0.00803886,0.00536402,0.000565835,0.000627262,0.000704196,0.000576641,0.000878461
0.00114617,0.00322101,0.00840185,0.00651384,0.00187936,0.00556186,0.00396648,0.000758175,0.00085667,0.00114362,0.00092644,0.0010116
0.000992242,0.00396658,0.0134549,0.00990076,0.00231636,0.00565535,0.00385161,0.000868286,0.00121984,0.00176405,0.00142503,0.000949661
0.00151471,0.00385208,0.013767,0.0131417,0.00397012,0.00503365,0.00498883,0.00292324,0.00270852,0.004084,0.0034896,0.00179485
0.000826591,0.009164,0.0232512,0.0129198,0.00258743,0.00736827,0.00613692,0.00189896,0.00164487,0.00323935,0.00264556,0.00159473
0.00123358,0.00435296,0.0084626,0.0066966,0.00274058,0.00749484,0.0127771,0.00755388,0.00207561,0.00283269,0.00211532,0.00142813
0.00118939,0.00744173,0.0207847,0.0129101,0.0023611,0.00675966,0.0129941,0.00791888,0.00364317,0.00385667,0.00269275,0.00172197
0.00195335,0.00477029,0.00850162,0.00445144,0.00176174,0.00551683,0.012453,0.00759095,0.00252591,0.00211343,0.0019958,0.00281564
0.00164749,0.00754482,0.0201496,0.0122142,0.00251626,0.00482094,0.0170972,0.0140507,0.00412906,0.00270948,0.00313147,0.00219564
0.000984093,0.00382057,0.00957119,0.00671009,0.00220635,0.00454966,0.0166702,0.0123403,0.00272168,0.00261905,0.00191308,0.00218078
0.00104517,0.00454521,0.0103586,0.00722577,0.00268702,0.00418224,0.0164361,0.0119639,0.00567833,0.00971319,0.00602662,0.00136849
0.00101454,0.00380802,0.00688248,0.00420431,0.00139309,0.00586969,0.0173185,0.0127076,0.00813354,0.0256262,0.0182959,0.00277368
0.000976635,0.0047741,0.00963805,0.00510577,0.000790617,0.00382,0.0122996,0.00883147,0.0039522,0.0136163,0.00948581,0.00219362
0.000364251,0.00419419,0.0204864,0.0186982,0.00318245,0.00329388,0.00880784,0.00559186,0.0018273,0.00450598,0.00398387,0.00135603
0.000940579,0.00315453,0.011696,0.0109097,0.0023157,0.00148838,0.00395508,0.00352518,0.00161568,0.00390917,0.00285072,0.000646052
0.00106614,0.00202575,0.00394166,0.00379008,0.00203534,0.00386177,0.00749586,0.00525106,0.00172377,0.00344398,0.00280344,0.00116152
0.000632406,0.00124352,0.00260133,0.0026072,0.0011545,0.00255413,0.0150853,0.013434,0.00365453,0.00471793,0.00320851,0.00077993
0.000440599,0.000962606,0.00206762,0.00239684,0.000656051,0.00349512,0.0203004,0.018586,0.00368753,0.0011866,0.000549335,0.00058051
0.000579606,0.00144804,0.00157176,0.000723492,0.000327415,0.00553617,0.0258727,0.0206652,0.00307435,0.00110388,0.000880847,0.000563728
0.000533503,0.00151924,0.00448935,0.003335,0.000714878,0.00953567,0.0368911,0.026588,0.0029359,0.00226292,0.00164472,0.000566489
0.000544623,0.0010908,0.00266859,0.00223466,0.000842865,0.00259873,0.0108613,0.00950858,0.00140635,0.00266521,0.00216174,0.000644764
0.00086049,0.00164605,0.00628888,0.00524274,0.0012902,0.00287987,0.0111244,0.00863744,0.00125581,0.00153273,0.00117786,0.00086655
0.000472758,0.00457349,0.0161577,0.0108994,0.00139479,0.00274497,0.0100245,0.00707673,0.000909913,0.0013711,0.000699465,0.00038364
0.000411375,0.00175426,0.00596237,0.00440179,0.000707124,0.00133971,0.00559931,0.00508131,0.00111135,0.00102959,0.000683835,0.000292049
0.00054073,0.00425336,0.0154617,0.0132925,0.00294041,0.00177764,0.00712205,0.00567407,0.00110946,0.00202918,0.00106271,0.000828789
0.000476131,0.00345281,0.0166498,0.0130969,0.00225303,0.00189137,0.0063247,0.00449847,0.00156779,0.00440042,0.00323974,0.000900198
0.000903982,0.00340647,0.0139531,0.0111318,0.0022936,0.00195731,0.00451797,0.00389277,0.00141741,0.00159387,0.00157979,0.00104848
0.00092826,0.00267803,0.00857306,0.00617872,0.00297232,0.00624358,0.00916809,0.00524555,0.0030266,0.00329331,0.00300984,0.00201965
0.000959748,0.00324188,0.0100672,0.00825982,0.00245306,0.00734291,0.0167255,0.00922838,0.00166469,0.00243761,0.00311701,0.00184637
0.000499195,0.00477719,0.0142243,0.0102734,0.00221046,0.00609865,0.0182679,0.0114485,0.00251493,0.00261356,0.00260586,0.00146238
0.00130689,0.00727933,0.0128735,0.00558255,0.000922145,0.00581232,0.0164817,0.0113063,0.00212211,0.00331776,0.00337205,0.00193921
0.000567639,0.00427961,0.0160189,0.0117628,0.00197057,0.00233738,0.00941447,0.00694373,0.00151425,0.00137802,0.00261011,0.0020458
0.000852965,0.00518662,0.0123757,0.00865528,0.00205038,0.00131466,0.00562064,0.00472098,0.00114232,0.00113186,0.00144419,0.00105649
0.000575626,0.00179937,0.00258164,0.0017044,0.000969679,0.00206606,0.0044069,0.00282923,0.00351202,0.0128108,0.00984235,0.00148167
0.00052084,0.00238071,0.00665298,0.00425956,0.000627957,0.00214341,0.00682505,0.00489761,0.0026685,0.00586348,0.00389576,0.00150964
0.00056213,0.00306093,0.0108252,0.00835982,0.00144512,0.00110074,0.00432298,0.00349198,0.00133467,0.00229315,0.00182648,0.000828584
0.000676946,0.00456106,0.0142484,0.00965247,0.00156903,0.00110444,0.00317116,0.00263235,0.00110816,0.002288,0.00125349,0.000574232
0.000558703,0.0026652,0.00486243,0.00381814,0.000815717,0.000655759,0.00279347,0.00243322,0.000852304,0.00152801,0.001091,0.000240696
0.00038581,0.00167663,0.0035877,0.00204884,0.000698334,0.00142157,0.00375097,0.00277396,0.00126898,0.00264389,0.00312725,0.0013544
0.000349711,0.00146377,0.00285382,0.00208332,0.000685489,0.00083155,0.00319539,0.00268192,0.00113808,0.00389625,0.00734487,0.00366852
0.000279724,0.000780895,0.00264048,0.00197059,0.000486858,0.00116083,0.00356477,0.00264351,0.000900142,0.00242346,0.0054173,0.0034581
0.000435142,0.00135704,0.00366563,0.00241092,0.000509488,0.00092849,0.00292254,0.00226831,0.000817288,0.00198717,0.00560473,0.00370681
0.000778193,0.000771996,0.00209016,0.00127538,0.000343926,0.000588571,0.00101797,0.0013411,0.000477163,0.0028052,0.00831556,0.00522882
0.000441968,0.000852576,0.00108778,0.000596001,0.000397511,0.000910416,0.00266219,0.00309501,0.00110958,0.00136282,0.00496392,0.00353129
0.00044172,0.00105168,0.00182608,0.00112612,0.000459965,0.000665095,0.00267979,0.0048759,0.00319825,0.00091762,0.00164559,0.00122406
0.000324005,0.000661035,0.000986034,0.000730296,0.000278736,0.00059321,0.00227684,0.0068258,0.00483332,0.000472662,0.00101917,0.00061346
0.000369411,0.000602364,0.00103623,0.000688871,0.000255421,0.000349411,0.000932816,0.00236067,0.0022488,0.000962905,0.00138135,0.00089625
0.000441598,0.000460526,0.0015671,0.00134325,0.000537939,0.000757152,0.00274258,0.00893986,0.00713489,0.00197209,0.00435937,0.00268529
0.00110428,0.000871667,0.00144344,0.00133404,0.000609099,0.000719395,0.0011491,0.00743686,0.00753129,0.00247927,0.00263839,0.00205141
0.000941981,0.000703236,0.00139444,0.00135143,0.00106966,0.00251702,0.0036792,0.00844218,0.00719867,0.00251249,0.00299294,0.00235153
0.000530397,0.000696096,0.00177249,0.00161342,0.0014033,0.0018413,0.00367165,0.00937712,0.00696472,0.00285598,0.00373951,0.0021644
0.000776175,0.00127792,0.00261935,0.00144911,0.00112164,0.00234778,0.00253043,0.00429423,0.00408146,0.00385642,0.00452729,0.00207206
0.000987996,0.00101522,0.00237505,0.00139009,0.000437397,0.00188083,0.00395546,0.00941646,0.00679632,0.00376145,0.00691046,0.00471367
0.00102765,0.00123413,0.002209,0.00125196,0.00070736,0.00274496,0.00335526,0.00563854,0.00449137,0.00381835,0.00613939,0.00459774
0.000748258,0.000954758,0.00184985,0.000861746,0.000975412,0.00253394,0.00365267,0.00971053,0.00719513,0.00240726,0.00534869,0.00334461
0.00024907,0.00110588,0.00274396,0.00146347,0.00055854,0.00161597,0.00223509,0.00477623,0.00389841,0.00344217,0.00489378,0.0022722
0.000731665,0.00245787,0.0079312,0.00540193,0.00099732,0.00119183,0.00214342,0.00507937,0.00294399,0.00334862,0.00518903,0.00267897
0.000573597,0.00116276,0.00236079,0.00151243,0.000824044,0.000798703,0.00137662,0.00369149,0.00290507,0.00422944,0.00615234,0.00289683
0.000339687,0.00123586,0.00301648,0.00187577,0.000567304,0.000921823,0.00280984,0.00506008,0.00299864,0.0018063,0.00390799,0.00230644
0.000720375,0.000791506,0.00222653,0.00171174,0.000731879,0.00117889,0.00237591,0.00667695,0.00444753,0.00218238,0.00382808,0.00234636
0.000592296,0.000554879,0.00262731,0.00203592,0.000728844,0.000964141,0.00128728,0.00373262,0.00289336,0.00225843,0.00355675,0.0023674
0.000774078,0.000878209,0.00149331,0.00120779,0.000654337,0.00150931,0.00247965,0.00416597,0.00282629,0.00285713,0.00390948,0.00244285
0.000354347,0.000715809,0.00150602,0.000842692,0.000577995,0.00165798,0.00138031,0.00272271,0.0018879,0.00226015,0.00549284,0.00316383
0.000456291,0.000447554,0.00106996,0.000717497,0.00062091,0.0017479,0.001392,0.0023986,0.00144978,0.00329729,0.00706111,0.00348469
0.000572191,0.000395607,0.000654689,0.00051882,0.000669056,0.00168873,0.000907861,0.0015108,0.00104719,0.00238557,0.00883154,0.00577301
0.000854854,0.000352131,0.000676786,0.000504106,0.000720882,0.00186175,0.00178294,0.00219072,0.0012346,0.00334831,0.0109117,0.00687861
0.00150044,0.000382034,0.000758664,0.000460118,0.000523458,0.00128853,0.00108535,0.00108266,0.00122643,0.00161833,0.0048249,0.00393743
0.00038145,0.000357928,0.000728065,0.000467192,0.000322546,0.000590975,0.00171021,0.00505569,0.00297004,0.00163148,0.00469038,0.00287799
0.000351666,0.000238891,0.000532519,0.000442377,0.000531041,0.00107997,0.00179608,0.00386126,0.00273456,0.00198719,0.00459975,0.00284504
0.00059742,0.000354083,0.000456776,0.000432608,0.000302839,0.000911794,0.00322995,0.00568176,0.00253952,0.00203819,0.00618594,0.00402894
0.0004804,0.000413041,0.000946399,0.00084761,0.000489564,0.000854101,0.00127489,0.0035118,0.00297776,0.00226216,0.00537414,0.00355111
0.000898247,0.000334808,0.0011854,0.00109768,0.000451332,0.000839072,0.00385497,0.0109325,0.00846354,0.00371724,0.00579703,0.00403887
0.00069107,0.000437001,0.0009842,0.00132591,0.000545905,0.00197746,0.00327924,0.0116916,0.00941669,0.00302446,0.00535525,0.00371906
0.000964134,0.000505141,0.000773382,0.000676134,0.00284559,0.00897244,0.00726059,0.00537944,0.00527855,0.00285282,0.00428008,0.00302994
0.000700239,0.000846931,0.00175941,0.00124696,0.0023193,0.00826678,0.0071778,0.0057629,0.00495433,0.00241225,0.0054362,0.0037275
0.000748291,0.00136634,0.00272868,0.0015739,0.0015739,0.00535395,0.00540153,0.00653651,0.00508919,0.00167672,0.00496006,0.00249867
0.00072844,0.000475518,0.000643016,0.000875663,0.000583972,0.00319129,0.00498578,0.00959628,0.00643176,0.00173573,0.00282455,0.00221351
0.000895008,0.00104804,0.00133455,0.000779571,0.00112498,0.0036623,0.00393401,0.0059068,0.0048582,0.00185112,0.00384747,0.00269192
0.000916833,0.00226157,0.00827484,0.00589794,0.00161031,0.00241795,0.00326234,0.00604678,0.00438128,0.00223182,0.00518771,0.00308976
0.00084903,0.000955997,0.00296817,0.00241079,0.000746903,0.00155616,0.00135445,0.00312793,0.0028795,0.00313983,0.00647219,0.00358253
0.000604154,0.000897192,0.00174877,0.000941371,0.000664364,0.00166799,0.00343143,0.00749608,0.0049323,0.00239089,0.00497475,0.00277954
0.000488356,0.000779564,0.00229185,0.00193145,0.000915437,0.00120062,0.0028169,0.00797726,0.00468839,0.00200911,0.00335799,0.0020779
0.000629331,0.000882808,0.0017847,0.00136576,0.00095164,0.00177616,0.00477922,0.00739506,0.00326714,0.00153215,0.00226614,0.00163813
0.000470962,0.000802549,0.00381351,0.00499078,0.0025952,0.00194569,0.00238675,0.00376666,0.00275489,0.00157885,0.00227744,0.00150393
0.000362404,0.000442998,0.00199686,0.00416247,0.00224698,0.00117193,0.00247387,0.00420765,0.0025546,0.000999484,0.00216255,0.00137872
0.000280168,0.000324732,0.00239901,0.0053745,0.00261856,0.000923285,0.00206177,0.0039223,0.00234807,0.00141114,0.00310928,0.0015313
0.000233398,0.000349271,0.00349489,0.00772263,0.00377032,0.000708582,0.00117321,0.00155555,0.000774637,0.00185402,0.00394143,0.00192023
0.000261482,0.000316984,0.00226562,0.00543848,0.00323428,0.000835036,0.00206722,0.00378059,0.00202775,0.00150765,0.0030254,0.00158015
0.000412134,0.000474707,0.00263816,0.00478957,0.00407851,0.010031,0.00581337,0.00232088,0.00125828,0.000935583,0.00225067,0.00139355
0.000326235,0.000288571,0.00165464,0.0034869,0.00336058,0.0109644,0.00766634,0.00279993,0.00152457,0.000693537,0.00162775,0.00110025
0.000409676,0.000334388,0.000890217,0.00120596,0.00173727,0.0047388,0.0030102,0.00126642,0.000832797,0.000778598,0.00118098,0.000372856
0.00035754,0.000486481,0.000738253,0.00131877,0.00689108,0.0133135,0.0051499,0.00186524,0.00120611,0.000524377,0.000953658,0.00139588
0.000277345,0.00045011,0.00125293,0.00203686,0.00313699,0.00983051,0.00595754,0.00119956,0.000812328,0.000633436,0.00118299,0.00120592
0.00117182,0.00101208,0.000742045,0.00182063,0.00599788,0.0145248,0.00856832,0.00183532,0.00113929,0.0010373,0.00149854,0.00118321
0.00251315,0.0014567,0.000371835,0.00126156,0.00967445,0.0241269,0.0134802,0.0015792,0.00118698,0.00167983,0.00112004,0.00213822
0.00129322,0.000921983,0.00111384,0.00220139,0.0050272,0.00936093,0.0071219,0.00164397,0.00148336,0.00149584,0.00106241,0.00114295
0.00100166,0.000856564,0.000798516,0.00153754,0.00474835,0.00963449,0.00547724,0.00126649,0.00259756,0.00498675,0.00275144,0.00142284
0.00102176,0.000715747,0.000577087,0.0014672,0.0026646,0.00546231,0.0047697,0.00236125,0.00188164,0.00412306,0.00249337,0.000513496
0.0010986,0.000828763,0.00040639,0.00158396,0.00539973,0.0175758,0.0112454,0.00244969,0.00280175,0.00460427,0.00287896,0.0016473
0.000722167,0.000986077,0.000537466,0.00141426,0.00493654,0.00837504,0.0048557,0.00148147,0.0018057,0.00469028,0.00296265,0.00104583
0.00607724,0.00328442,0.000667911,0.000793799,0.00300787,0.00653577,0.00481592,0.00327516,0.00396628,0.00680014,0.00372209,0.00432006
0.00589576,0.00508233,0.000939659,0.000589239,0.00266376,0.00567095,0.00373827,0.00212197,0.00246918,0.00558387,0.00354367,0.00145618
0.00257441,0.00119826,0.00051791,0.000623543,0.00172738,0.00495754,0.00371361,0.00153638,0.00273629,0.00564681,0.00313321,0.0017947
0.00183614,0.00146837,0.000321538,0.000408102,0.00271424,0.00815119,0.00537944,0.00123297,0.00143287,0.00434903,0.00282581,0.000971357
0.00207918,0.00114287,0.000224254,0.000239633,0.00395301,0.0121169,0.00785988,0.00153471,0.00186783,0.00434797,0.00255278,0.00118666
0.00258191,0.00172774,0.00105908,0.000722887,0.00144063,0.00392775,0.00348185,0.00228099,0.00588633,0.00700136,0.00354506,0.00212507
0.00131411,0.000605123,0.000380011,0.000954315,0.00283525,0.00301534,0.00252358,0.000646187,0.00874215,0.0288851,0.0190805,0.00273588
0.000905678,0.000534682,0.000316786,0.000840534,0.00270403,0.00346123,0.00202792,0.00113553,0.00675948,0.0297962,0.0222848,0.00272018
0.000635356,0.000409757,0.000287889,0.00113028,0.00438099,0.00506384,0.0019087,0.000901251,0.0101482,0.0390461,0.0277892,0.00328761
0.000860064,0.000501092,0.000187881,0.00129383,0.00488019,0.00448268,0.00111486,0.000905213,0.0114891,0.0455336,0.0329524,0.00387037
0.000727962,0.000580917,0.000503286,0.0012083,0.00406546,0.00421131,0.00157909,0.000866308,0.0104832,0.0290707,0.0186007,0.00284693
0.000559146,0.000440552,0.000230115,0.000345302,0.00399937,0.011567,0.00740078,0.00123036,0.00340457,0.010473,0.00675804,0.0017364
0.000549063,0.000467046,0.000207462,0.000406322,0.00322486,0.0107338,0.00683214,0.000844006,0.00412618,0.0123611,0.00768528,0.0011844
0.000747297,0.000518141,0.000346206,0.000328055,0.00116798,0.00366124,0.00316378,0.00088077,0.00389509,0.0115652,0.00755409,0.00193617
0.000776368,0.000577451,0.000287848,0.000991231,0.0029116,0.0102129,0.00748815,0.00162932,0.00309757,0.00776603,0.00458538,0.00131135
0.00191581,0.00129159,0.000412198,0.00084932,0.00454294,0.0145628,0.0095189,0.00138979,0.00171057,0.00598244,0.00423518,0.00116699
0.00296558,0.00204682,0.000489944,0.00112884,0.00809409,0.0192066,0.0122416,0.00145057,0.00176064,0.00475245,0.00288273,0.00240286
0.00164399,0.00122237,0.000549846,0.000511109,0.00476126,0.0125058,0.00873133,0.00212606,0.00193459,0.00251345,0.00134132,0.00149228
0.00153593,0.00180291,0.000944872,0.00108111,0.00363221,0.0106439,0.00673515,0.00219578,0.00252712,0.0059784,0.00316657,0.00111193
0.0009738,0.000628073,0.000368718,0.0010241,0.00319805,0.0052982,0.0044532,0.000862856,0.00150764,0.00368783,0.00259646,0.00115862
0.000686419,0.000685487,0.000661802,0.00102789,0.00416648,0.00662151,0.00522189,0.00176792,0.00241799,0.00600138,0.00378242,0.00159876
0.000816622,0.000948911,0.000407785,0.000936448,0.00362625,0.00631647,0.00329729,0.000908615,0.00151744,0.00553581,0.00382517,0.000946646
0.000799031,0.000528558,0.00032645,0.000435554,0.00306166,0.00783892,0.00455771,0.00143503,0.00273369,0.00587756,0.00347326,0.0011681
0.0150447,0.0111364,0.00194378,0.000422812,0.00112653,0.00211659,0.00116607,0.00191344,0.00232255,0.00488864,0.00279637,0.00531563
0.00698733,0.00504553,0.00076323,0.00048837,0.00145651,0.00162378,0.00168948,0.00120962,0.00229596,0.00408644,0.0021804,0.00226818
0.00263781,0.00229953,0.000578407,0.000538261,0.00251143,0.00338451,0.00228511,0.000805868,0.00146246,0.00421291,0.00255376,0.00128343
0.00213757,0.00122598,0.000405144,0.00029013,0.0052246,0.0135427,0.00721826,0.000867486,0.00131304,0.00338192,0.00225153,0.00196521
0.00312524,0.00273277,0.000645292,0.000417525,0.00206806,0.00230222,0.00138373,0.000917234,0.00163864,0.00274899,0.00143135,0.000896452
0.000519297,0.00116182,0.00359496,0.00270334,0.000947149,0.00187758,0.00167416,0.000766015,0.00116049,0.00430212,0.00291719,0.000710572
0.00111695,0.00134825,0.00400822,0.00329897,0.00118616,0.00311117,0.00217939,0.000622897,0.00102938,0.00426112,0.0030533,0.0007595
0.000932732,0.00146498,0.00501482,0.00354583,0.00126311,0.00266307,0.00189072,0.000714859,0.00094489,0.00453685,0.00330017,0.000659252
0.00138851,0.00203638,0.00519869,0.00339546,0.0010646,0.00211577,0.00128787,0.000373305,0.00133822,0.00412255,0.00256653,0.000720371
0.00118737,0.00190878,0.00490152,0.00334108,0.000785637,0.00146893,0.000838546,0.000333834,0.000626583,0.00270582,0.0019932,0.000624018
0.00077831,0.00144829,0.00214608,0.00358476,0.00193983,0.00144863,0.00116407,0.000260822,0.000543048,0.00168168,0.00205993,0.000999249
0.000747589,0.000909749,0.00505945,0.0100073,0.00614766,0.000996224,0.000958519,0.000281032,0.000554834,0.00164984,0.00210268,0.00124993
0.000817505,0.000944056,0.0022044,0.00394184,0.00349701,0.000912848,0.000731647,0.000233637,0.000836748,0.00144184,0.00135146,0.00100021
0.000468332,0.00125674,0.00177421,0.00224818,0.00140052,0.00148781,0.00107773,0.000395937,0.000585989,0.00154108,0.00264453,0.0016382
0.000489257,0.000554166,0.00372088,0.00908013,0.00519715,0.000844212,0.00114743,0.001102,0.000823789,0.000833789,0.00173185,0.00132766
0.000740298,0.00126516,0.00662019,0.0124976,0.00670769,0.0018705,0.00132246,0.00134038,0.000588193,0.00117639,0.00152486,0.000978406
0.00049602,0.000874143,0.00357012,0.00914567,0.00567098,0.00135533,0.00204221,0.00214811,0.0012562,0.00126163,0.00214986,0.00147245
0.000300794,0.00080619,0.00158023,0.00591943,0.00459734,0.00214474,0.00460971,0.0064258,0.00318218,0.001498,0.00253699,0.00198989
0.000633397,0.00110097,0.0024103,0.00757235,0.00443787,0.00116405,0.00100989,0.00269413,0.00155593,0.00122187,0.00220837,0.0013733
0.000668697,0.00114067,0.00320028,0.00485421,0.00294692,0.000941477,0.00243644,0.00456208,0.00211717,0.000930465,0.00143661,0.001075
0.000420499,0.000551054,0.00242147,0.00486149,0.0029948,0.000649429,0.00198684,0.00451611,0.00260205,0.00114417,0.00131528,0.000669895
0.00044945,0.000919514,0.00211711,0.00569375,0.0041544,0.000895328,0.00237223,0.00388479,0.00218935,0.00128217,0.00230836,0.00159831
0.000675047,0.000628742,0.0013496,0.00293577,0.00249991,0.00104584,0.00229811,0.00405163,0.00213496,0.00230508,0.00398797,0.00239415
0.00187381,0.000349705,0.00153366,0.00229505,0.00166493,0.00260457,0.00307714,0.00364754,0.00184387,0.00326288,0.00798833,0.00569303
0.00104197,0.000532516,0.000832452,0.00134791,0.000930435,0.000732517,0.00117496,0.00282256,0.00179139,0.0020129,0.00221908,0.00217624
0.000382335,0.000442613,0.0019348,0.00675855,0.00453748,0.00119445,0.00134644,0.00187928,0.00120258,0.00223353,0.0059015,0.0033663
0.00066466,0.000477479,0.00344456,0.0113516,0.00764736,0.0014598,0.0014515,0.0029846,0.00182859,0.00127833,0.00244097,0.00229344
0.000785271,0.00109621,0.00265647,0.00822467,0.00574342,0.00203361,0.00375083,0.00494532,0.00281167,0.000700845,0.00332945,0.00200548
0.000500286,0.00105329,0.0039379,0.00487068,0.00237252,0.00109872,0.00529068,0.0154046,0.0115507,0.00192126,0.00296737,0.00205215
0.000461773,0.000862977,0.00359805,0.00365439,0.00133656,0.000684399,0.00410307,0.0129681,0.00907943,0.0011772,0.00135678,0.00142115
0.000406687,0.00120327,0.00337214,0.00313121,0.00113212,0.00051128,0.00497838,0.0157353,0.00970666,0.00175693,0.00188637,0.00150808
0.000583249,0.00144679,0.00369356,0.00338369,0.00149401,0.000529205,0.00553412,0.0170337,0.0112568,0.00144106,0.00162159,0.00163376
0.00120072,0.000920472,0.0014938,0.0018619,0.00108972,0.00082168,0.00485156,0.0103335,0.00751955,0.00209013,0.000969114,0.00148278
0.000764906,0.0011372,0.00381576,0.00956195,0.00531653,0.0005544,0.00412346,0.00862948,0.00435814,0.00149253,0.00353736,0.00272696
0.000265742,0.000398373,0.00285958,0.00806251,0.00529307,0.00084892,0.00166771,0.00306058,0.00172786,0.00134839,0.00328737,0.00219441
0.000389902,0.00047176,0.00153988,0.00366642,0.00241372,0.00055427,0.00177076,0.00374164,0.00260739,0.00153615,0.00274508,0.0018598
0.000415241,0.000668254,0.00519807,0.0114447,0.00658836,0.000939997,0.00271175,0.00611748,0.00413737,0.0014156,0.00302526,0.00178234
0.000412607,0.000672265,0.00774639,0.0142844,0.00692895,0.00118171,0.00230079,0.00283672,0.000890889,0.000776757,0.00138132,0.000906674
0.000711785,0.00127592,0.00421448,0.0103816,0.00573943,0.00196093,0.00310666,0.00548886,0.00300519,0.00252509,0.00451232,0.00276681
0.0009252,0.000743663,0.00347104,0.00822481,0.00551228,0.00251207,0.00468448,0.00673643,0.00433764,0.00177229,0.00196369,0.00190176
0.00088746,0.00122428,0.00279062,0.0043287,0.00316203,0.00131997,0.00233751,0.00205472,0.0018076,0.00154718,0.00348159,0.00270332
0.000722264,0.000557153,0.00362548,0.00606664,0.00434005,0.00210923,0.00359563,0.0047651,0.00293392,0.0014627,0.00288475,0.00272109
0.000886483,0.000683916,0.00131897,0.0042085,0.00356829,0.000812039,0.00246363,0.00478981,0.00311246,0.00188417,0.00307124,0.00256019
0.000525679,0.000532681,0.00337628,0.00859127,0.00554269,0.00110618,0.00177903,0.00349089,0.00230091,0.00127922,0.00282853,0.00205232
0.000522095,0.000605858,0.00209948,0.00435083,0.00288982,0.000675013,0.00268643,0.00457552,0.00248057,0.00106259,0.00158551,0.00123451
0.000450995,0.000752625,0.000806458,0.00358695,0.00236835,0.00194072,0.00296027,0.0042331,0.00250505,0.00314186,0.00444213,0.00220232
0.00104974,0.000508285,0.00203782,0.00298608,0.00152074,0.000604983,0.0019612,0.00324379,0.00142352,0.00194787,0.00379578,0.00295776
0.000678816,0.000577063,0.00214326,0.005579,0.0036601,0.000865296,0.00159126,0.00326719,0.00192747,0.00097209,0.00287657,0.00223076
0.000472942,0.000409204,0.00140267,0.00530249,0.00355555,0.000846406,0.00140495,0.0020196,0.00127113,0.00168298,0.00309737,0.00166197
0.000453797,0.000604411,0.00231821,0.00361566,0.00180159,0.000781886,0.00200609,0.00270697,0.00122479,0.000976487,0.00131458,0.00107124
0.00699573,0.00446917,0.00218657,0.0037282,0.00178813,0.000435479,0.0022039,0.00341485,0.0018534,0.000419407,0.000949939,0.00307037
0.0135863,0.00974041,0.00199374,0.00161131,0.000840146,0.000568718,0.00144396,0.00188115,0.00122574,0.000608735,0.00175033,0.00429986
0.0208628,0.0158684,0.00225106,0.00116233,0.000862651,0.000379324,0.00108499,0.00289285,0.00185765,0.000692697,0.00102296,0.00508111
0.0249037,0.0185229,0.00283749,0.00111506,0.000846626,0.000391318,0.000771441,0.00215096,0.00159041,0.000904213,0.00150719,0.00734357
0.00982999,0.00664148,0.000997958,0.000741475,0.000678065,0.000551993,0.000832711,0.00098158,0.000558217,0.00041805,0.00102726,0.0036012
0.00566074,0.00446586,0.0093108,0.00781849,0.0010426,0.000511122,0.000605244,0.0013836,0.000629158,0.00353053,0.00323322,0.00202531
0.00473637,0.00225943,0.0091243,0.00683664,0.00102305,0.000150469,0.000497348,0.00116376,0.00174013,0.00535727,0.00414592,0.00212911
0.00385255,0.00476936,0.00367018,0.00229266,0.000807522,0.000322472,0.000809473,0.00156889,0.00206564,0.00237077,0.00169367,0.000841909
0.000426287,0.00347525,0.0116143,0.00829245,0.00134001,0.000258745,0.000365186,0.000831389,0.00137067,0.0042476,0.0034617,0.00118457
0.00314949,0.00139349,0.0042869,0.00269989,0.000697774,0.000442919,0.000964112,0.000930976,0.00134847,0.0043076,0.00295765,0.00158935
0.00261265,0.006213,0.0202362,0.013338,0.00195917,0.000600622,0.00146874,0.00176986,0.00157723,0.00558092,0.00383068,0.00116199
0.00239089,0.00761266,0.0164165,0.00937874,0.00240376,0.00138129,0.0011752,0.00153519,0.00214456,0.00418271,0.00263153,0.00121282
0.00203786,0.00312239,0.0124769,0.00958328,0.00443311,0.00717162,0.0050923,0.00137361,0.00215095,0.00420467,0.00230484,0.000580802
0.00230862,0.00486705,0.0136092,0.0101897,0.0038186,0.00868222,0.00525025,0.00108544,0.00269474,0.00698186,0.00440701,0.00108078
0.00149913,0.00393032,0.0126438,0.00846335,0.00360703,0.00877971,0.00607849,0.00135599,0.00176917,0.00494974,0.00292679,0.00092671
0.00158548,0.0063078,0.0187322,0.0121018,0.00287286,0.00850138,0.00663822,0.00136764,0.00137881,0.00342393,0.00208113,0.000609451
0.00102177,0.00248436,0.00873356,0.00561558,0.00236215,0.00694015,0.00492711,0.0011361,0.00147504,0.00220315,0.00163184,0.000478348
0.00134983,0.00131629,0.00462869,0.00362582,0.00404079,0.00711993,0.00465798,0.00143451,0.00818979,0.0247098,0.0159116,0.00181769
0.0017405,0.00156371,0.00465747,0.00346613,0.00374232,0.0061259,0.00300457,0.000668909,0.00778163,0.023659,0.0147184,0.00214488
0.00101473,0.00508034,0.0149393,0.0100142,0.00204183,0.00381878,0.00213159,0.000857702,0.00282413,0.00932019,0.00713415,0.00134668
0.000912788,0.00571021,0.025555,0.0190736,0.00303808,0.00211279,0.00143601,0.000621408,0.00196771,0.00329574,0.00311998,0.000936236
0.00187922,0.00314704,0.00958192,0.00616019,0.00159222,0.00210227,0.00217527,0.00155584,0.0026892,0.00845487,0.00658791,0.00272903
0.000946566,0.00307288,0.00508462,0.00265984,0.00148385,0.00330815,0.0139794,0.0113114,0.00295114,0.00424799,0.00513195,0.00278737
0.00146604,0.0066082,0.00849883,0.00350123,0.000973501,0.00406161,0.0198127,0.0184303,0.00386498,0.00444612,0.00596429,0.00327747
0.00122897,0.0067352,0.0077536,0.00278929,0.00117963,0.0029875,0.0190857,0.0190686,0.004008,0.00393521,0.00625565,0.00405906
0.00166216,0.0100434,0.0123318,0.00438294,0.00100276,0.00466268,0.0277296,0.0278584,0.00698185,0.00319112,0.00722877,0.00593705
0.00140002,0.00635491,0.00699081,0.00251212,0.00078673,0.00819793,0.0289245,0.0204704,0.00293662,0.0058116,0.00637191,0.00284751
0.00193156,0.00494206,0.0100886,0.00616484,0.00125364,0.00340665,0.0129241,0.0110824,0.00346016,0.00261085,0.00363699,0.00325675
0.000965238,0.0047349,0.0187215,0.0167421,0.00266374,0.0024485,0.0100596,0.00896835,0.00249506,0.00463143,0.00335432,0.000938202
0.000571032,0.00310955,0.00826674,0.00747138,0.00195692,0.00358945,0.0142446,0.0129077,0.00270409,0.00161425,0.000741367,0.00089128
0.00137855,0.00523968,0.00985688,0.00589841,0.00112219,0.00233319,0.00941775,0.00732576,0.0022528,0.00257989,0.00196383,0.00134593
0.000403444,0.00649511,0.0200667,0.0138486,0.00210991,0.00267752,0.0102477,0.00905722,0.00310894,0.00462543,0.00323926,0.00122299
0.00160596,0.00503726,0.0173521,0.0133126,0.001872,0.00293135,0.00787072,0.00614512,0.00278375,0.00533281,0.00355778,0.00198098
0.000653316,0.00682957,0.0301921,0.0216461,0.00419518,0.00188512,0.00849358,0.00678889,0.00279412,0.00587033,0.00429435,0.00144462
0.00137969,0.00378858,0.00602128,0.0056889,0.00379766,0.0031918,0.00742033,0.00602982,0.00250819,0.00600621,0.00405613,0.0011358
0.00139773,0.00589921,0.0209856,0.0166869,0.00414178,0.00495127,0.00992385,0.00911263,0.00408523,0.00648066,0.00528728,0.00224017
0.000949793,0.00527756,0.0141127,0.011349,0.00280748,0.00465276,0.0192864,0.0148817,0.00324897,0.00501023,0.00478781,0.00239649
0.00159768,0.00420073,0.0145985,0.0109264,0.00248293,0.0049439,0.0208791,0.0168442,0.0037574,0.00263082,0.00282939,0.00240486
0.00193416,0.00570576,0.0236347,0.0174479,0.00335083,0.00586563,0.0217879,0.0147812,0.00374247,0.00673332,0.00509547,0.000842474
0.00243484,0.00485764,0.00832826,0.00559188,0.00268009,0.00882342,0.0277685,0.0182158,0.0029318,0.00405509,0.00360884,0.00241041
0.000952845,0.00625945,0.0107788,0.00726884,0.00359563,0.0082259,0.0299096,0.0265521,0.0143578,0.0370059,0.0252971,0.00509558
0.000635936,0.00471063,0.00716254,0.00407855,0.0025503,0.0090307,0.0315562,0.0245882,0.0134836,0.0461103,0.0374972,0.00694903
0.00187012,0.00511671,0.00680797,0.00460376,0.00249931,0.0056528,0.0224909,0.0190677,0.00868145,0.0174102,0.0120732,0.00171347
0.00128374,0.00628994,0.0130329,0.00984183,0.00225818,0.00558646,0.0159482,0.0111574,0.0045011,0.00747951,0.0051252,0.00198583
0.000963876,0.00484463,0.00740265,0.00435245,0.00126771,0.00314689,0.00914914,0.00714109,0.00621933,0.0115531,0.00758171,0.00145347
0.00199458,0.00439606,0.00912688,0.00588642,0.00167462,0.00301106,0.00820298,0.00772818,0.00329913,0.00592699,0.0053493,0.00365587
0.00229266,0.00549049,0.00818277,0.00447781,0.00551564,0.00714064,0.0106723,0.00897669,0.0107922,0.0130694,0.018849,0.0125045
0.00313844,0.00643374,0.00902919,0.0054471,0.00748772,0.0066918,0.0164591,0.0354856,0.0334255,0.0163578,0.0251176,0.0210535
0.00599877,0.00522047,0.0094332,0.0108045,0.00872022,0.00961538,0.0201868,0.0374241,0.0375261,0.0296083,0.041834,0.0184068
0.00583221,0.0105197,0.0221011,0.0146229,0.0153059,0.0200662,0.0208971,0.0446193,0.0385524,0.0194951,0.0322152,0.0136306
0.00480878,0.00746368,0.0176687,0.00845458,0.012336,0.018753,0.0232387,0.0289666,0.0239002,0.0145491,0.0205795,0.0159053
0.00402887,0.00598221,0.0116228,0.00798483,0.00635334,0.0152932,0.0295933,0.0487719,0.023574,0.0106343,0.0236331,0.0131482
0.00300705,0.00462012,0.00831527,0.00666048,0.0079145,0.0145005,0.0252125,0.0303629,0.0254916,0.0140448,0.010928,0.0099145
0.00349506,0.00467069,0.0136621,0.0111391,0.00790542,0.0103578,0.0229736,0.06006,0.0454816,0.017071,0.0183858,0.0115397
0.00336019,0.00428186,0.0127281,0.0105716,0.00635822,0.00731094,0.0202214,0.0498292,0.0432128,0.0130875,0.00990583,0.00667755
0.00616269,0.00206687,0.00960663,0.00892791,0.00605412,0.0127485,0.019828,0.0268273,0.0302091,0.0118491,0.0133234,0.0122877
0.00353667,0.00807145,0.0207979,0.0112568,0.00370283,0.00767077,0.0198342,0.0493515,0.0437076,0.0137704,0.0111481,0.0105703
0.00481976,0.00574511,0.0158864,0.0114116,0.00281845,0.00771337,0.0174397,0.0415709,0.0338062,0.00752951,0.00779409,0.00611679
0.00309727,0.00442111,0.0096702,0.00537622,0.00300125,0.0096719,0.0153094,0.0351424,0.0266228,0.00882813,0.0147813,0.0110338
0.00391099,0.00874623,0.0192697,0.0120173,0.00536308,0.00587788,0.0105452,0.0205751,0.0175085,0.00749644,0.00607247,0.00375193
0.0045456,0.00558217,0.0134464,0.0117381,0.00367176,0.0110487,0.0227707,0.0359518,0.0273234,0.0101563,0.00592662,0.00663969
0.00605158,0.00423357,0.0125505,0.0104046,0.00736165,0.0128705,0.0198602,0.0615966,0.0495313,0.0137783,0.0105136,0.013024
0.00420826,0.00755402,0.0176176,0.0114993,0.00589979,0.0150689,0.0190554,0.0465367,0.0360986,0.0100502,0.0121892,0.0129475
0.00684113,0.00975553,0.0190116,0.011888,0.00566795,0.0116216,0.0194408,0.0346806,0.0225275,0.00798474,0.00792927,0.00859202
0.00757828,0.00797578,0.0301525,0.0243372,0.0103994,0.0150709,0.0227855,0.0456367,0.0323952,0.0211371,0.014214,0.0129707
0.00900492,0.0178422,0.0357328,0.022003,0.00786979,0.0120456,0.0194897,0.0415498,0.0291035,0.0199964,0.00827623,0.0117633
0.00500301,0.00714492,0.0276844,0.0200102,0.00796978,0.0102179,0.0126632,0.0361309,0.0364214,0.0138011,0.0128258,0.0111012
0.00702756,0.00972531,0.0235278,0.0147028,0.0064205,0.0120456,0.0155426,0.0592205,0.0491391,0.0130924,0.0176179,0.0198155
0.0048423,0.0141695,0.0274007,0.0146144,0.00483096,0.00818897,0.0222486,0.0486692,0.0389977,0.0140419,0.0110275,0.00909115
0.0166708,0.00811837,0.020387,0.0140705,0.0118458,0.0188626,0.0207959,0.0449228,0.0314708,0.00773475,0.036502,0.0439506
0.00780111,0.0137476,0.0360494,0.0226674,0.00748121,0.014946,0.0273854,0.0435106,0.0355011,0.0203739,0.0537454,0.0334494
0.0100152,0.015063,0.0160925,0.0129654,0.0221757,0.0287736,0.0352649,0.0543614,0.0436025,0.0141086,0.0572365,0.0456906
0.0111698,0.0140126,0.0203893,0.00866572,0.0140201,0.0155907,0.024572,0.0395152,0.0384542,0.0309604,0.0628465,0.0342148
0.010643,0.00929119,0.0162061,0.0108123,0.0134939,0.0169587,0.0333532,0.0653524,0.041722,0.0245438,0.0567005,0.0409671
0.00578112,0.0127897,0.0275164,0.0168153,0.00999036,0.0104338,0.0212098,0.0452796,0.0229191,0.0114656,0.0280085,0.0189684
0.0075,0.00775085,0.0230285,0.0139169,0.0102071,0.0123777,0.0270296,0.0424085,0.0239299,0.010058,0.0075918,0.00807452
0.00772946,0.0128587,0.0244931,0.0151267,0.00657331,0.00927671,0.0247996,0.0393399,0.0304631,0.0123238,0.0119557,0.00926288
0.00805821,0.0125286,0.025523,0.0170849,0.00941008,0.0105077,0.0138694,0.0301527,0.0213263,0.00799439,0.0121273,0.00876399
0.00651393,0.0119102,0.0261638,0.0151865,0.00654728,0.0111221,0.0138017,0.0204784,0.017932,0.0115517,0.0188416,0.0147283
0.00755632,0.0116464,0.0188679,0.012621,0.0059531,0.0118584,0.0183429,0.0375628,0.0292262,0.0113123,0.0150149,0.0142691
0.00521607,0.00635896,0.00869676,0.00719818,0.00546963,0.00783832,0.0134062,0.0352144,0.0342207,0.0095702,0.00867447,0.00938901
0.00726709,0.0116263,0.0147761,0.00704671,0.00493746,0.00870284,0.0272435,0.0548948,0.036762,0.013511,0.0127732,0.00977908
0.00648882,0.00500515,0.0109978,0.00618842,0.00555122,0.00840668,0.0180098,0.0240676,0.0247473,0.0153662,0.0104331,0.00973164
0.00640462,0.00498039,0.0107909,0.00704519,0.00382563,0.0078977,0.0157688,0.0314285,0.0300537,0.0102536,0.00801915,0.00538122
0.00586799,0.00869195,0.0167151,0.00944002,0.00187826,0.00853196,0.0278206,0.0554347,0.0427496,0.0153569,0.0120411,0.00829345
0.00471571,0.00873538,0.0186294,0.0126393,0.00627218,0.0111737,0.0217728,0.0260182,0.03293,0.0147329,0.0105793,0.00895722
0.00788777,0.011139,0.0293066,0.0182627,0.00967012,0.014153,0.0226499,0.0340105,0.0246082,0.0129858,0.0112794,0.00987162
0.00799491,0.0145218,0.0281045,0.0172846,0.00952562,0.0119118,0.0119216,0.0291012,0.0253881,0.00994272,0.00848856,0.00780021
0.00469363,0.00896049,0.0166209,0.0137892,0.00940503,0.0124526,0.0137434,0.0263229,0.0268621,0.010932,0.0106313,0.00766408
0.0060831,0.0104648,0.0206087,0.0158184,0.00400744,0.0082811,0.0098794,0.0255169,0.0220141,0.0121583,0.0190372,0.0165902
0.0047541,0.0108406,0.0295654,0.0185523,0.0053767,0.0162744,0.0182306,0.0206624,0.0191739,0.0153584,0.0132783,0.00775313
0.0118031,0.0120824,0.0228044,0.0154417,0.0161376,0.0201904,0.0166229,0.028205,0.0233413,0.0177569,0.0114077,0.0218813
0.00436296,0.0120125,0.0447229,0.0412374,0.0245362,0.0144194,0.0211353,0.0316697,0.0316178,0.0472219,0.0215249,0.0045967
0.00724977,0.0100418,0.0331717,0.0363911,0.0218335,0.0107709,0.0140783,0.0229217,0.0287755,0.0611731,0.0388401,0.00897685
0.00586367,0.0171492,0.0426727,0.028064,0.0146335,0.0139049,0.0172944,0.0131564,0.0344452,0.0973876,0.064181,0.00805232
0.00318903,0.00944939,0.0177931,0.01038,0.0120227,0.0125202,0.0197762,0.027469,0.0447568,0.0944557,0.0623654,0.0120185
0.00690848,0.0132106,0.0267963,0.0204707,0.0144615,0.0134645,0.014696,0.0290375,0.0322059,0.0540537,0.0312974,0.00709568
0.00513421,0.0138945,0.0221203,0.0145435,0.00940458,0.00686058,0.0214153,0.0369956,0.0266156,0.0311793,0.0194162,0.00448199
0.00435674,0.0135346,0.0305785,0.0235059,0.0117414,0.00676439,0.016022,0.0341028,0.0324211,0.0462744,0.0303228,0.00882543
0.00477115,0.0179735,0.034772,0.0197628,0.00778093,0.0068245,0.0176078,0.0342129,0.0352627,0.0464917,0.0231545,0.00458025
0.00348201,0.0103848,0.029442,0.0262532,0.011263,0.00883469,0.0176109,0.0395187,0.0292678,0.0203516,0.0139974,0.00704698
0.00388576,0.0103084,0.0211062,0.0149677,0.00403816,0.00933957,0.0109487,0.0242127,0.0152356,0.0230273,0.0152984,0.00247511
0.00545815,0.00809881,0.0153132,0.00896633,0.00882964,0.0057264,0.0113961,0.01638,0.0145332,0.0212608,0.0118811,0.00448617
0.00812693,0.0124163,0.0161563,0.00944967,0.00431791,0.00559622,0.00881176,0.0249344,0.026504,0.034203,0.021705,0.00599188
0.00686071,0.00623124,0.0131711,0.00967653,0.00520464,0.00459123,0.00835727,0.0181617,0.013565,0.015668,0.0124804,0.00700875
0.00591609,0.00651853,0.0148782,0.0109393,0.00356257,0.00481813,0.0165229,0.0175447,0.010438,0.0241865,0.0151767,0.0068648
0.00547913,0.0104957,0.0206829,0.0137646,0.00560638,0.00582447,0.018863,0.0447652,0.0287405,0.019511,0.0126572,0.00542293
0.00569961,0.0141352,0.021438,0.010329,0.00520851,0.00453074,0.0121927,0.0282443,0.0191186,0.0175482,0.014616,0.00647725
0.00565599,0.0122048,0.0266401,0.0196773,0.00811394,0.00547289,0.0111422,0.0202097,0.0271097,0.0435384,0.0269607,0.00655743
0.00568046,0.0133443,0.0483397,0.0339701,0.0130571,0.00937392,0.0136294,0.0182171,0.02275,0.0395684,0.0250395,0.00947293
0.00457097,0.0120949,0.0178639,0.0187532,0.0122377,0.00315087,0.0131368,0.0221943,0.0237545,0.0310727,0.0252807,0.0094664
0.00776736,0.0129458,0.0211546,0.0203144,0.00984479,0.00857283,0.0069911,0.0124291,0.0203897,0.0523163,0.0462773,0.0112716
0.0105411,0.0123616,0.0203892,0.0145219,0.0103342,0.015007,0.0198841,0.0349111,0.0280607,0.0327718,0.0240986,0.00635939
0.0137643,0.0139381,0.0235593,0.0153682,0.00922654,0.00968213,0.00943997,0.024748,0.0332692,0.0446411,0.0276521,0.0134856
0.00667116,0.0192598,0.0450687,0.0337755,0.032942,0.0258179,0.0153469,0.0158434,0.0353629,0.0668678,0.0322902,0.00690108
0.00971473,0.0184266,0.0412783,0.0313289,0.0179081,0.0179076,0.0167425,0.0187561,0.0438474,0.121604,0.0796408,0.0165538
0.00794039,0.0141736,0.0251741,0.0210174,0.0213211,0.0146311,0.0181728,0.0235668,0.0521255,0.135232,0.0933418,0.018214
0.00706049,0.00941293,0.0259395,0.0221643,0.0208404,0.0138539,0.00975776,0.0203832,0.046303,0.0878102,0.0482961,0.00733015
0.00932385,0.0138364,0.023975,0.0111881,0.0108893,0.0110327,0.0108699,0.0256985,0.0264457,0.01527,0.0125918,0.00855848
0.00892361,0.0134545,0.0205864,0.0124825,0.012598,0.0095271,0.0225375,0.0428187,0.0400855,0.046859,0.029149,0.00799541
0.00501788,0.00997518,0.0264467,0.0173092,0.00958315,0.0158777,0.0237009,0.0340128,0.0330952,0.0444302,0.0283459,0.00719748
0.00515572,0.00918106,0.0177245,0.0107012,0.00786228,0.0070279,0.0148992,0.027664,0.0297548,0.0427889,0.0235763,0.00645485
0.00689653,0.0154253,0.0282539,0.0193829,0.00693946,0.00845281,0.0123728,0.0218655,0.0211789,0.0214313,0.0163632,0.00742592
0.00703524,0.0130518,0.0203001,0.0100188,0.0035998,0.00467369,0.0131709,0.0226029,0.0180178,0.0224926,0.0163028,0.00745578
0.00621997,0.0108236,0.0147543,0.0109284,0.00797399,0.00899192,0.010818,0.0243108,0.0196195,0.0245588,0.019312,0.00276743
0.00589839,0.00842408,0.0127565,0.00703926,0.00496001,0.00419956,0.00883704,0.0191986,0.0138869,0.0249888,0.0217694,0.00875918
0.00638205,0.00946866,0.0159752,0.0106951,0.00853787,0.00815457,0.0107087,0.0189519,0.0163262,0.023227,0.0114782,0.00587813
0.0050047,0.00727238,0.0123759,0.00845049,0.00900245,0.00808578,0.0178588,0.0285124,0.0265134,0.0355903,0.0212793,0.00918452
0.00690873,0.00734788,0.0134836,0.0084786,0.00548523,0.0068547,0.0189791,0.0388291,0.0259534,0.0217859,0.0146711,0.00990055
0.00895992,0.0144614,0.0188191,0.00903651,0.00522083,0.0075777,0.0144745,0.018096,0.00953015,0.00575566,0.00324311,0.0065297
0.00717989,0.0143654,0.0192244,0.013032,0.0108558,0.00668341,0.0101725,0.0193087,0.0197436,0.0202606,0.00784269,0.00422669
0.00703323,0.0125425,0.0301234,0.0266092,0.0113675,0.00678273,0.0122899,0.0149972,0.0149885,0.0272142,0.0213494,0.00806803
0.00661362,0.0124576,0.0232724,0.0181419,0.0103094,0.00996851,0.0123555,0.0204782,0.0189086,0.0307696,0.0243965,0.00642544
0.00787166,0.0155244,0.0258311,0.0161059,0.0159447,0.0118524,0.0134161,0.0223574,0.030191,0.0412857,0.0212026,0.00565567
0.0050697,0.0175773,0.0355339,0.0185199,0.00860896,0.00778695,0.00985849,0.0248928,0.0218082,0.0342336,0.0227339,0.00589059
0.00820791,0.0175019,0.0285829,0.0226545,0.00867402,0.00795813,0.0121831,0.0197804,0.03116,0.043154,0.0294869,0.0121488
0.00748468,0.012458,0.0306331,0.0195028,0.0132018,0.0119852,0.0214231,0.0200932,0.0349745,0.0902216,0.0524317,0.0107994
0.00766257,0.0164812,0.0338339,0.0207129,0.0197746,0.0154975,0.0106218,0.00863359,0.0433051,0.122718,0.0739256,0.0158083
0.011962,0.0160387,0.0259299,0.018528,0.0190437,0.0106832,0.00973806,0.0131585,0.0209185,0.0733914,0.0508542,0.0127434
0.00912384,0.0132235,0.0224979,0.0158024,0.0131372,0.0111867,0.00970956,0.0151577,0.0255562,0.0563737,0.0372929,0.0100235
0.00600538,0.0112018,0.0236708,0.0144412,0.0100553,0.00940332,0.0222523,0.0256358,0.0204563,0.0364051,0.0203017,0.0048751
0.00659544,0.00823962,0.0273502,0.0268591,0.0135567,0.0136447,0.0257288,0.0181112,0.0208526,0.0418366,0.0272875,0.00877066
0.0068812,0.0152308,0.0293806,0.0212255,0.0100318,0.016937,0.0274874,0.0199336,0.0143457,0.0383791,0.0270619,0.00535044
0.00553157,0.0134625,0.0256294,0.01683,0.00804036,0.0121072,0.0325224,0.0241746,0.00838492,0.0225366,0.0169012,0.00351969
0.00762283,0.00849804,0.0168685,0.00921682,0.00578397,0.00960282,0.0211164,0.0132244,0.0130424,0.0301787,0.0190008,0.00549612
0.00556831,0.0110526,0.0252018,0.0181765,0.00634969,0.0107505,0.0202996,0.0160352,0.00764219,0.0194377,0.0134391,0.00571374
0.00469253,0.00765499,0.0173879,0.0103032,0.00836988,0.00592643,0.0134753,0.0141959,0.013738,0.0243324,0.0143474,0.00395178
0.00655923,0.0100349,0.0180925,0.0127386,0.00755117,0.0104641,0.0230712,0.0121968,0.00968696,0.01781,0.00954959,0.00782353
0.00553933,0.00893365,0.018038,0.0132209,0.00814842,0.0139689,0.026677,0.0149691,0.00860251,0.02854,0.0210394,0.00512037
0.00507608,0.00933774,0.0153232,0.0114605,0.00705149,0.00925241,0.0198306,0.0163663,0.0137128,0.0257905,0.0174678,0.00556847
0.00681135,0.00946442,0.0120909,0.00890292,0.00455424,0.0216465,0.0494895,0.0319554,0.0172149,0.037774,0.0241064,0.00628365
0.0069938,0.0105731,0.0162718,0.0107318,0.00523159,0.00810732,0.0125807,0.0111396,0.0168323,0.0295992,0.0143712,0.00416627
0.00666942,0.0102478,0.0128146,0.0130258,0.00639388,0.0100559,0.0242178,0.0139591,0.0123675,0.02838,0.0187685,0.0057027
0.00849417,0.0192823,0.0360476,0.0231432,0.0069087,0.00316203,0.0157837,0.0136224,0.0197148,0.0462584,0.025307,0.00912131
0.0106217,0.022377,0.0330499,0.0193173,0.00311461,0.00611634,0.018188,0.0226785,0.00795513,0.0250139,0.0206367,0.0125396
0.00706488,0.0173606,0.0281436,0.0176711,0.00882845,0.00893751,0.027252,0.025664,0.0159327,0.0129029,0.0129438,0.0119738
0.00665055,0.010833,0.0234978,0.0128974,0.0126329,0.0161914,0.0427717,0.0332276,0.0103007,0.0331814,0.0270926,0.00928883
0.0056577,0.0107933,0.0211937,0.0163252,0.00813548,0.00667112,0.0187188,0.0156739,0.0238834,0.0545531,0.0400206,0.00783621
0.00883626,0.0123256,0.0217528,0.0123397,0.0143993,0.0140912,0.0271082,0.0220715,0.038886,0.0958188,0.0572836,0.0113784
0.0074427,0.0240599,0.0412569,0.0161452,0.0166578,0.0166012,0.0275026,0.0189858,0.0373719,0.10747,0.0737895,0.0171557
0.00732078,0.0160328,0.0375043,0.0253732,0.0127417,0.0147782,0.0223708,0.0166649,0.0324677,0.0771759,0.0536737,0.0114726
0.0128975,0.0217178,0.0293568,0.014698,0.0138983,0.0133643,0.0201654,0.0191739,0.0098519,0.0323222,0.0220649,0.0102034
0.00821697,0.0130987,0.0270238,0.0220077,0.00941281,0.00688483,0.0213619,0.0196503,0.0185034,0.0435114,0.028091,0.00768516
0.00632498,0.00927009,0.015896,0.00988984,0.00956622,0.010746,0.0266119,0.0229494,0.0240304,0.054087,0.0383159,0.00830423
0.0046616,0.0122608,0.0264664,0.0180107,0.00825651,0.0113653,0.0397945,0.0281772,0.00738359,0.0294484,0.0263755,0.0080039
0.00463374,0.013431,0.020926,0.010617,0.0146439,0.0152549,0.0301627,0.0237032,0.0177992,0.0285449,0.022102,0.00878771
0.00520505,0.0146291,0.022677,0.0140308,0.00592857,0.00425522,0.0136681,0.0166004,0.0160542,0.0209431,0.0111923,0.00426369
0.00442024,0.016123,0.0252832,0.0151683,0.0120072,0.00757259,0.0243033,0.0215804,0.0107676,0.0220295,0.0165249,0.00541694
0.00613904,0.0097583,0.0139105,0.0127605,0.00685172,0.0101176,0.0172479,0.0197204,0.0174179,0.0340711,0.0212761,0.00559622
0.00318725,0.0082541,0.0124819,0.00822276,0.00891868,0.0118801,0.0262782,0.0202775,0.0110749,0.0123534,0.00939092,0.00550455
0.00362894,0.00905751,0.0182261,0.0113722,0.00481841,0.0183526,0.0406871,0.0229143,0.0156683,0.0412424,0.0261164,0.00503306
0.00474947,0.008811,0.0162,0.0127168,0.00598532,0.00628257,0.0267306,0.0223842,0.0174868,0.0331481,0.0197058,0.00455031
0.0051216,0.0115962,0.0203809,0.013103,0.00501156,0.00488421,0.0163258,0.0150394,0.00903759,0.0145881,0.0100519,0.00497593
0.00476612,0.0151908,0.0309747,0.0206689,0.00792793,0.0121694,0.0308312,0.0213643,0.00815014,0.0204737,0.012914,0.00526676
0.00604393,0.00803455,0.0261843,0.0200514,0.00615566,0.00631158,0.0148361,0.0101539,0.0122166,0.0252305,0.0145696,0.00851518
0.00370204,0.0113315,0.0330857,0.0210153,0.00570584,0.00592714,0.0138922,0.00956354,0.0118791,0.0246658,0.0141467,0.00482787
0.00404764,0.0101453,0.0272921,0.020456,0.00738299,0.00786354,0.013681,0.0110167,0.0101812,0.0172182,0.0173137,0.00750116
0.00602071,0.0125598,0.0266555,0.020132,0.00895081,0.0085786,0.0167037,0.0137243,0.0112268,0.0201934,0.00974056,0.00516677
0.00680975,0.0122571,0.0292881,0.0180764,0.00581742,0.00866415,0.0324962,0.0229208,0.0151207,0.0316743,0.0199764,0.00496875
0.00358431,0.0130044,0.0259326,0.0151652,0.00373266,0.00430818,0.0119784,0.00657934,0.007936,0.0218689,0.0143303,0.00362345
0.0040435,0.00832022,0.0240475,0.0147794,0.0043036,0.00622029,0.00670975,0.00779855,0.00926158,0.0116434,0.00690773,0.00405356
0.00218059,0.00688971,0.0115892,0.00745818,0.0032316,0.00731477,0.0112152,0.0151645,0.013086,0.0107008,0.00550074,0.00213216
0.00274187,0.00919876,0.017584,0.00887729,0.00347379,0.0060189,0.032018,0.0482544,0.0234957,0.0110393,0.00706331,0.00291034
0.00350074,0.0127612,0.0267956,0.0134315,0.00516571,0.00747882,0.029115,0.057067,0.0271461,0.00748103,0.00668292,0.00450206
0.00442572,0.0124748,0.0317097,0.0157147,0.0051277,0.00803817,0.0175622,0.0272656,0.0159885,0.00977457,0.010875,0.00990761
0.00404931,0.0173011,0.0372158,0.019525,0.00347309,0.00688379,0.0117887,0.0303506,0.0175656,0.0106183,0.0112874,0.00857077
0.00385282,0.012209,0.0237992,0.0127805,0.0041792,0.00506275,0.0122098,0.0309571,0.020823,0.0126384,0.0091749,0.00472269
0.00342569,0.0115928,0.0263802,0.0139368,0.00342671,0.00401164,0.013762,0.0320835,0.0187665,0.0127565,0.0113323,0.00872362
0.00273802,0.0102034,0.0231805,0.0117214,0.00378859,0.00535321,0.0102486,0.0276849,0.017169,0.00793319,0.00808235,0.00513379
0.0020255,0.00729036,0.0161379,0.00806974,0.00379136,0.00471522,0.00984637,0.017992,0.0106295,0.00636422,0.00666635,0.0060505
0.00321789,0.00720833,0.0137212,0.00681731,0.00325295,0.0053804,0.00886977,0.0125654,0.00692153,0.0053091,0.00607974,0.00499108
0.00206192,0.00493315,0.0106731,0.00576543,0.0033383,0.00383877,0.00971653,0.0194751,0.0115364,0.0046637,0.00453278,0.00447608
0.00214353,0.00372899,0.0078596,0.00447032,0.00196422,0.00332498,0.00918944,0.0196144,0.0105953,0.00467646,0.00245944,0.00254391
0.00186894,0.00402319,0.0090357,0.00463443,0.00165895,0.0024419,0.00445242,0.0129263,0.00800905,0.00267725,0.0019783,0.0020562
0.00130169,0.00401735,0.00791967,0.00454896,0.00217537,0.00280616,0.00739112,0.0143318,0.00743314,0.00222641,0.00262993,0.00282585
0.000872839,0.00202725,0.00389618,0.00272879,0.00163672,0.00255053,0.00681873,0.0122349,0.00516492,0.00198803,0.00213331,0.00121104
0.00114684,0.00401973,0.00756344,0.00364591,0.000729335,0.00139923,0.00753714,0.0162061,0.00956015,0.00290717,0.00191688,0.00184686
0.00158866,0.00233291,0.00492872,0.00261039,0.0010327,0.00146177,0.00559768,0.0123453,0.00807761,0.00284098,0.00163821,0.00190924
0.00141501,0.002168,0.00565046,0.003105,0.000793978,0.0017164,0.0045305,0.0116726,0.00910134,0.00241948,0.00204304,0.00199938
0.000909644,0.00283887,0.00791951,0.00493375,0.00087982,0.00159153,0.00584506,0.0188894,0.0141141,0.00288669,0.00270819,0.00210091
0.000732554,0.00159609,0.00428331,0.00277281,0.000871622,0.00137638,0.00561464,0.0217576,0.0164421,0.0045138,0.00482554,0.00263818
0.000772398,0.0025556,0.00651159,0.00391953,0.000739448,0.00114061,0.0069706,0.0192792,0.0125831,0.00347372,0.00460748,0.00284341
0.00104773,0.00234537,0.00583167,0.00349193,0.000691885,0.00110706,0.00911384,0.0230236,0.0145438,0.00310197,0.00456763,0.00347384
0.00115298,0.00221451,0.00485316,0.00259944,0.000549953,0.00122794,0.00653362,0.0202431,0.015067,0.00407817,0.00459912,0.00347564
0.0010917,0.00200556,0.00479725,0.00275529,0.000480051,0.00136802,0.00661996,0.0196791,0.0143088,0.00383209,0.00395149,0.0028112
0.000917909,0.00126558,0.00406482,0.00269671,0.000684716,0.000995358,0.00616597,0.0140948,0.00850403,0.00362977,0.00631414,0.00384277
0.000887789,0.000954279,0.00190491,0.0013846,0.000626111,0.000836125,0.00647354,0.0154332,0.00790251,0.00235352,0.00505606,0.00331049
0.000584658,0.00132445,0.00334515,0.00199684,0.000504807,0.000805392,0.00554265,0.0125053,0.00685369,0.00228344,0.00476394,0.00323404
0.000534173,0.000886041,0.00178578,0.00106996,0.000583118,0.000881945,0.00387594,0.00766383,0.00445724,0.00143976,0.00420911,0.00305509
0.00048175,0.000718823,0.00178689,0.000919558,0.000407643,0.000951095,0.00378911,0.0075986,0.00426227,0.00142453,0.00366099,0.00226617
0.000519942,0.000680527,0.00119907,0.000794411,0.000678202,0.000790241,0.00359716,0.0070728,0.00290803,0.000964934,0.00190219,0.00172942
0.00101286,0.00129314,0.00205787,0.00116209,0.000655585,0.00086328,0.00282583,0.00673692,0.00342724,0.00192003,0.00296217,0.00217852
0.00128109,0.00227212,0.00446983,0.00238406,0.000598762,0.00070506,0.00335181,0.00726782,0.00441411,0.0014741,0.00173552,0.00166668
0.00126382,0.00249663,0.00470824,0.00273284,0.000691868,0.000654044,0.0029748,0.00517174,0.00364288,0.00280735,0.00247732,0.00117853
0.000616466,0.0023995,0.00514299,0.00271002,0.000484767,0.00115283,0.00336403,0.00530718,0.00352757,0.0027768,0.00214723,0.00119534
0.000699969,0.00255034,0.00594772,0.00334729,0.0007632,0.00159187,0.00377517,0.0050057,0.00285095,0.00413993,0.00258592,0.000775999
0.000891155,0.00333467,0.00687453,0.00346962,0.00087089,0.00194072,0.00430117,0.00486473,0.00387914,0.00367809,0.00229106,0.00139829
0.000804527,0.00428875,0.0086328,0.00409475,0.00057628,0.00107779,0.00239482,0.00327458,0.00273556,0.00402415,0.00289192,0.00145507
0.00143327,0.00545982,0.0104819,0.00510727,0.000932136,0.00124365,0.00321976,0.00379961,0.00222876,0.0056177,0.00293579,0.00108454
0.0014794,0.00572573,0.0118851,0.00592084,0.00101957,0.00165222,0.00303184,0.00298963,0.00242707,0.00510746,0.00266474,0.00137855
0.00105599,0.00636471,0.0132128,0.0068942,0.00108958,0.000955629,0.00219681,0.00311336,0.00249585,0.00603538,0.00358171,0.000945817
0.00118957,0.00681596,0.0142357,0.00735047,0.000970199,0.00104965,0.00207262,0.00181541,0.00204327,0.00588073,0.00360422,0.000596906
0.00090625,0.00599239,0.0137624,0.00769028,0.00113602,0.000723798,0.00154501,0.00161133,0.00171114,0.00358282,0.00240894,0.000736292
0.000702485,0.0050233,0.0115417,0.00631115,0.000808992,0.000669051,0.00145348,0.00186516,0.00206577,0.00316985,0.00185942,0.000639273
0.000780104,0.00449517,0.00959868,0.0054002,0.00115978,0.000657229,0.00144398,0.00183941,0.00130954,0.00267463,0.00149776,0.00046402
0.000801805,0.00377375,0.00741735,0.00363074,0.000453204,0.000669847,0.00137581,0.00161225,0.00160432,0.0025161,0.00121875,0.000530715
0.000558579,0.00263877,0.00526375,0.00278626,0.000519115,0.000508445,0.00112429,0.00191033,0.00162883,0.00202538,0.00110854,0.000502709
0.000549602,0.0016925,0.00356378,0.0019961,0.000429292,0.000566347,0.00163389,0.0030302,0.00250321,0.00187702,0.000857923,0.000404205
0.00042946,0.00132407,0.00273642,0.00186966,0.000474527,0.000464632,0.00129472,0.00247553,0.00236969,0.00201461,0.00105204,0.00028833
0.000399126,0.00145828,0.00306271,0.00202502,0.00053713,0.000226588,0.000583391,0.00159456,0.00136544,0.00158511,0.00100123,0.000195807
0.000382276,0.00116744,0.00238426,0.00154571,0.000426139,0.000381901,0.000695955,0.00160146,0.00145111,0.00147996,0.000886446,0.000179062
0.000292254,0.000798752,0.0016389,0.000944157,0.000223548,0.000254826,0.000815868,0.00151699,0.000964934,0.00117101,0.000686967,0.000192003
0.000324665,0.000620038,0.00125404,0.00067755,0.000469147,0.000454548,0.000709428,0.00127578,0.00128329,0.000849223,0.000476957,0.000210651
0.000389232,0.000926888,0.00131817,0.000603759,0.000263784,0.000409113,0.000670585,0.000684428,0.000808115,0.00124921,0.000632787,0.000206054
0.000296189,0.000898935,0.00159079,0.000953765,0.000331868,0.000372025,0.000832379,0.000937954,0.000636986,0.000746263,0.000322434,0.000179358
0.000307015,0.000787319,0.00179283,0.00107917,0.000196431,0.000301907,0.000742257,0.00073588,0.000285775,0.000543811,0.00039266,0.000167334
0.000268906,0.000652842,0.0014418,0.000900148,0.000200285,0.00024412,0.000420113,0.000763617,0.000434023,0.000457491,0.000392448,0.000119953
0.000206885,0.000444392,0.00126022,0.000823461,0.000187224,0.000216703,0.000484295,0.000627773,0.000392874,0.000641089,0.000392338,0.000190894
0.000354621,0.000600011,0.00109609,0.000756634,0.000191117,0.000175838,0.000305112,0.000530382,0.000264782,0.000460652,0.000287429,0.000199273
0.000246281,0.000333448,0.00073117,0.000483104,0.000150293,0.000199479,0.000262234,0.000243859,0.000231447,0.0004728,0.000270155,0.000104879
0.000305527,0.00025252,0.000483712,0.000409985,0.000212435,0.000189296,0.000209264,0.000297179,0.000356072,0.000523166,0.000251454,0.000222746
0.000315252,0.000273593,0.00038726,0.000286004,0.000102277,9.84899e-05,0.000249584,0.000410811,0.000378329,0.000299544,0.000291263,0.000405743
0.000275801,0.000279428,0.000341736,0.000218653,0.000182756,0.000279174,0.000331014,0.000388214,0.000319331,0.00121153,0.0023857,0.00132714
0.000623344,0.000702919,0.000987139,0.000534882,0.000373729,0.000459464,0.000691479,0.000989907,0.000562208,0.00135169,0.00425034,0.0032023
0.000904436,0.00138122,0.00191725,0.000881048,0.000778598,0.000923711,0.00171459,0.00248034,0.00177489,0.00171323,0.0038893,0.00342253
0.00060607,0.00124385,0.00257759,0.00162129,0.000854061,0.00143607,0.0028611,0.00485888,0.00291149,0.0017825,0.00288854,0.00254662
0.000752684,0.00090209,0.00190162,0.00111559,0.000987691,0.0018566,0.00382338,0.00743893,0.00482326,0.00289848,0.00487099,0.00360026
0.000838447,0.00213407,0.00387959,0.00184779,0.00127275,0.00158081,0.00361207,0.0089897,0.00576925,0.00181105,0.00387615,0.00324498
0.00115213,0.00272215,0.00549333,0.00274927,0.00101149,0.00159839,0.00592655,0.01329,0.00724524,0.00269453,0.00811614,0.00679484
0.00159716,0.00298287,0.00583295,0.00257304,0.00105312,0.00235169,0.00877945,0.0175158,0.00848248,0.00305356,0.0081241,0.0067653
0.00113592,0.00248717,0.00478433,0.00242312,0.000542763,0.00136646,0.0126622,0.024902,0.0125793,0.00430006,0.00800107,0.00573632
0.0010385,0.00224395,0.0040483,0.00226574,0.000793497,0.00148398,0.0127818,0.0259732,0.012529,0.00253451,0.0065057,0.00558357
0.00188168,0.00380651,0.0072455,0.00379508,0.00148773,0.00220704,0.0139475,0.0289105,0.0155263,0.00403631,0.0061708,0.00650363
0.00162571,0.00380882,0.00761205,0.00363993,0.00125077,0.0025376,0.0156279,0.0300714,0.0168697,0.00412481,0.00423911,0.00395976
0.00127561,0.00417793,0.00779568,0.00379889,0.00116622,0.00290646,0.0143832,0.0250897,0.0123128,0.00361137,0.00505022,0.0038821
0.000957669,0.00355779,0.00697495,0.00329923,0.000731133,0.00234126,0.00933228,0.0171473,0.0080539,0.00128272,0.00395418,0.00363662
0.00053592,0.00332744,0.00700356,0.00354809,0.000925019,0.00197227,0.00830969,0.0117594,0.00434261,0.00182668,0.00370612,0.00270474
0.000636554,0.0029691,0.00610116,0.00321828,0.00112025,0.00196054,0.00725311,0.0104398,0.00413463,0.00134745,0.00252662,0.00187686
0.000611986,0.00212821,0.00558041,0.0033294,0.00106608,0.00159477,0.00703556,0.0104404,0.0042595,0.00101652,0.00179289,0.00167842
0.000620866,0.00197072,0.00478215,0.00268404,0.000492698,0.00123688,0.00635886,0.00971258,0.00412358,0.00130051,0.000788888,0.000901625
0.00121191,0.00205834,0.0047275,0.00252615,0.0010428,0.0021561,0.00698574,0.00829971,0.00469003,0.00437586,0.00279896,0.00137016
0.00148197,0.00319719,0.00511827,0.00286172,0.00122527,0.00145473,0.00589395,0.0073922,0.0039128,0.00376881,0.00214868,0.00123654
0.000862722,0.00270203,0.00498084,0.0026392,0.00129751,0.00255806,0.00605231,0.00662363,0.00448772,0.00514678,0.00287824,0.000878574
0.00138782,0.00298756,0.00472634,0.00248605,0.00135922,0.00215552,0.00543073,0.00545025,0.00329982,0.00367882,0.00256919,0.00156539
0.00108363,0.0027344,0.00511191,0.0033188,0.00106835,0.00178685,0.00582844,0.00558657,0.00378827,0.0056023,0.00329624,0.00140056
0.0010446,0.00303399,0.00563893,0.00307137,0.000903608,0.00225759,0.00620219,0.00531702,0.00355185,0.00763459,0.0050428,0.000855703
0.00120989,0.00390675,0.00756099,0.00357899,0.000942216,0.00209424,0.00515556,0.00355654,0.00350302,0.00796421,0.00529126,0.00103432
0.000624136,0.00480784,0.0094175,0.00465269,0.00124589,0.00181901,0.00360803,0.00212038,0.00390099,0.00854369,0.00450021,0.000562863
0.00119054,0.0045327,0.00890279,0.00463259,0.00158132,0.00151462,0.00302185,0.00285976,0.00336267,0.00658693,0.00354205,0.00057556
0.000582899,0.00385948,0.00802542,0.00427174,0.000872049,0.00125332,0.00351395,0.00297877,0.00348024,0.00657242,0.00356577,0.000493828
0.000901555,0.00320403,0.00663404,0.00349142,0.00103443,0.000970286,0.00173503,0.00152933,0.00256068,0.00569008,0.00310903,0.000921197
0.000933927,0.00280207,0.00559289,0.00314279,0.000793072,0.000703048,0.00171921,0.00140188,0.00207743,0.00470735,0.00298228,0.000738977
0.000659616,0.00240774,0.00510784,0.00276112,0.000657693,0.00091272,0.00128913,0.000919354,0.00155829,0.00385023,0.00235524,0.000533023
0.000680714,0.00211811,0.00399476,0.00202253,0.000658358,0.000791211,0.0011224,0.00104754,0.00131312,0.00304489,0.00213767,0.000635191
0.000888164,0.00200585,0.00299789,0.00174785,0.000620147,0.000328582,0.000615629,0.000845437,0.00122493,0.0029336,0.00172381,0.00057362
0.000499459,0.00104006,0.00210243,0.00141428,0.000458003,0.000403429,0.00066562,0.000628869,0.00112318,0.00174799,0.000900835,0.000406983
0.00044425,0.00111367,0.00179401,0.00135696,0.000615752,0.000288441,0.000598134,0.00112634,0.00106763,0.00233103,0.00142977,0.000350707
0.000208768,0.000758905,0.00187606,0.000966431,0.000646379,0.000395777,0.000631668,0.00110485,0.00132337,0.00222421,0.00102866,0.000188215
0.000240763,0.00099939,0.00231375,0.00125913,0.000361989,0.000372499,0.000419674,0.00070642,0.00119212,0.00191783,0.00102662,0.00022452
0.000245746,0.00123395,0.00240117,0.00124162,0.000305518,0.000344824,0.000526146,0.000684205,0.000760828,0.00149059,0.000929834,0.000285632
0.000257208,0.000925476,0.00187544,0.00102434,0.000282518,0.000141199,0.000323122,0.000607988,0.000794826,0.00137897,0.000806109,0.000262037
0.000270391,0.000643411,0.00141655,0.00085292,0.000271595,0.000261064,0.000416231,0.000467798,0.000472157,0.00131377,0.000838949,0.000199815
0.000233508,0.0005387,0.0011806,0.000725534,0.00032175,0.00026434,0.000231045,0.000412489,0.000766352,0.0012931,0.000758556,0.00027371
0.000201359,0.000507864,0.00102834,0.000638739,0.0003219,0.000210513,0.000223033,0.000350551,0.000546495,0.000816581,0.000378296,0.000136271
0.000213219,0.00056412,0.00105787,0.000693847,0.000291502,0.000183215,0.000419099,0.000381233,0.000298178,0.000659352,0.000437338,0.000152682
0.000141815,0.000477444,0.000906472,0.000582286,0.000247654,0.000242063,0.000376868,0.000384637,0.000388419,0.000675799,0.000404804,0.00012732
0.000175353,0.000355027,0.000749916,0.000457784,0.000171472,0.000170342,0.000246078,0.000377189,0.000328003,0.000706691,0.000453904,0.000250779
0.000147502,0.000385997,0.000659064,0.000377934,0.000189098,0.000154356,0.000241193,0.000411456,0.000394518,0.000708906,0.000488591,0.000265053
0.000158423,0.000285016,0.000486871,0.000321921,0.000204998,0.0002318,0.000286135,0.000384977,0.000394193,0.000565089,0.000302685,9.80308e-05
0.0003041,0.000324245,0.000383187,0.000254345,0.000165176,0.000125229,0.000264569,0.000399463,0.0004202,0.000517339,0.000274521,0.000213135
0.000202944,0.000225243,0.000273975,0.000152483,0.000146557,0.000128574,0.00025563,0.000414925,0.000399521,0.000418144,0.000289767,0.000171972
0.000258316,0.00018786,0.000261911,0.000286917,0.000182849,0.00012428,0.000293575,0.000423801,0.000349277,0.000353159,0.000284501,0.000164332
0.000512603,0.000449205,0.000661236,0.000466811,0.000482887,0.000597324,0.00101612,0.00140608,0.000506099,0.000610764,0.000766089,0.000806108
0.000374002,0.000610292,0.0011696,0.000806435,0.00051478,0.000610012,0.00168902,0.00362641,0.00228944,0.00130657,0.00112324,0.000978913
0.000325433,0.000838164,0.00147753,0.000982117,0.000552944,0.000758945,0.00198426,0.00386901,0.00265849,0.00129294,0.0015617,0.00130732
0.000682699,0.000791604,0.00175528,0.00105887,0.000353864,0.000810147,0.00377347,0.00833227,0.00527758,0.0024952,0.00242208,0.00175353
0.000584425,0.00112352,0.00248146,0.00123078,0.000557128,0.00104588,0.00474655,0.0108571,0.00617814,0.00141227,0.00242494,0.00200458
0.000262868,0.00114766,0.00324856,0.00186146,0.000360836,0.000703879,0.00582446,0.0115052,0.00666163,0.00296197,0.00281016,0.00147738
0.000910617,0.00176513,0.00391136,0.00220768,0.00109078,0.00133775,0.00725032,0.0168571,0.00995835,0.00344827,0.00607591,0.00374862
0.00165366,0.00112573,0.00257202,0.00216823,0.00230628,0.00195315,0.0100792,0.0232967,0.0137254,0.00422201,0.00338272,0.00311332
0.00105831,0.00104239,0.00173054,0.00125542,0.00221029,0.00262596,0.0105793,0.0266383,0.0166834,0.00529368,0.00548716,0.00310484
0.00337524,0.00208828,0.00220698,0.00149581,0.00222285,0.00229436,0.00976262,0.0233793,0.0153194,0.00433203,0.00730798,0.00579137
0.00606563,0.00352823,0.0033859,0.00317636,0.00199727,0.00152227,0.00948117,0.0210753,0.0128736,0.00243988,0.00233249,0.00492836
0.00468611,0.00346365,0.00241687,0.00255757,0.00304066,0.00270695,0.00818461,0.0181808,0.0106028,0.00372435,0.00299192,0.00298333
0.00185154,0.00174904,0.00334766,0.00221555,0.00132446,0.00201686,0.00676535,0.0114462,0.00577361,0.00404948,0.00314701,0.00201578
0.0056707,0.00395606,0.00262536,0.00186061,0.00123166,0.00159833,0.00553506,0.00820716,0.0041201,0.00339669,0.00345717,0.00427152
0.00613104,0.00453801,0.0035081,0.00172513,0.00103486,0.00223738,0.00728894,0.0118068,0.00663714,0.00391607,0.00254555,0.00349979
0.00639455,0.004556,0.00336037,0.00155416,0.00105077,0.00242122,0.00544072,0.0085594,0.0058913,0.00287505,0.00261203,0.00346731
0.00359969,0.00252889,0.00193883,0.00156185,0.0012521,0.00266205,0.0045211,0.00651755,0.00409699,0.00417277,0.00350134,0.00194246
0.00289143,0.00177933,0.00233815,0.00178082,0.00201202,0.00231857,0.00366439,0.00622171,0.00369913,0.00224975,0.00198993,0.00229456
0.00244225,0.00331797,0.00527426,0.00326174,0.000987187,0.00193188,0.00318577,0.00371775,0.00238514,0.00228091,0.00136901,0.00240765
0.00149439,0.00307045,0.00779058,0.00426349,0.0010924,0.00165313,0.00487759,0.00630646,0.00329396,0.00163545,0.00229233,0.00196671
0.00318384,0.00385658,0.0066477,0.00389923,0.0012775,0.001221,0.00563076,0.00882023,0.00481449,0.00350945,0.00507379,0.00328236
0.00249119,0.00332405,0.00800336,0.00436427,0.00143265,0.00145358,0.00568876,0.0104384,0.00632765,0.00192404,0.00272977,0.00381144
0.00250965,0.00382592,0.00792294,0.00432253,0.00184968,0.00151502,0.00554114,0.010359,0.00583028,0.00126253,0.00283137,0.00322951
0.00258637,0.0043826,0.00850861,0.00467136,0.00127238,0.00184732,0.00608543,0.0124334,0.00737743,0.00281623,0.00354862,0.00284581
0.00126471,0.00302488,0.00741418,0.00410224,0.00126033,0.0020578,0.00670211,0.0134859,0.00796304,0.00144899,0.00262528,0.0030213
0.001074,0.0036024,0.00903312,0.0048262,0.00095741,0.0017619,0.00724777,0.0142167,0.00820233,0.0022189,0.0021783,0.00228442
0.000924087,0.0041587,0.00998564,0.005703,0.00103445,0.00116176,0.00784789,0.0155987,0.00880958,0.0021356,0.00198269,0.00232423
0.000798817,0.00380948,0.00896216,0.00483886,0.000712653,0.00137763,0.00757781,0.0147359,0.00781789,0.00209779,0.00180941,0.00202822
0.00105134,0.00389153,0.00967195,0.0054186,0.00121701,0.0015292,0.00637306,0.0130155,0.00771421,0.00143979,0.00164708,0.00121185
0.00113135,0.00348175,0.00755312,0.00397949,0.000779808,0.000772078,0.00521388,0.010364,0.00605283,0.00172196,0.00117411,0.00138737
0.0013129,0.00242576,0.00574551,0.00316679,0.000792577,0.00166819,0.00496604,0.00844149,0.00406247,0.000859016,0.00114827,0.0017496
0.00102309,0.00179486,0.00442933,0.00248545,0.000702888,0.00134303,0.0046638,0.00757925,0.00411898,0.00110785,0.00130076,0.00125742
0.000849947,0.00126576,0.00336502,0.00207672,0.0007397,0.000857824,0.00337979,0.00568431,0.00328581,0.0011707,0.00106876,0.00134926
0.00048849,0.000880932,0.00206739,0.00150694,0.000694945,0.000597736,0.00258631,0.0041256,0.0020154,0.000903779,0.00104978,0.000932067
0.000415846,0.00112556,0.00246861,0.00154964,0.00046173,0.000523108,0.00202353,0.00316672,0.00119412,0.00073808,0.000768524,0.000798881
0.000447825,0.000956654,0.00222722,0.00138701,0.000495606,0.000604123,0.00187294,0.00333944,0.00187852,0.000923245,0.00112856,0.00102528
0.000557893,0.000813737,0.00221014,0.00119739,0.000384151,0.000582515,0.00193536,0.00317361,0.00166157,0.000824806,0.000830075,0.000847175
0.000562166,0.000919129,0.00202525,0.0012709,0.000425367,0.000538049,0.00145575,0.00266461,0.00154492,0.000977056,0.00081549,0.000748793
0.000440733,0.000888672,0.00169369,0.000863927,0.000357219,0.000334586,0.00114543,0.00237299,0.00138822,0.000792672,0.000503635,0.000703439
0.000306174,0.000802625,0.00178074,0.000951181,0.000351614,0.000400418,0.00110162,0.00203826,0.00100878,0.000408698,0.000580137,0.000711178
0.000248542,0.000763966,0.00178867,0.00100589,0.00027415,0.000214037,0.000935957,0.00168769,0.00103646,0.000511457,0.000376108,0.000506558
0.000370082,0.00074053,0.00145711,0.00082636,0.000237945,0.000202509,0.000592927,0.00131136,0.000892658,0.000554953,0.000376407,0.000405695
0.00017316,0.000614229,0.00135483,0.000618895,0.000208559,0.000241835,0.000634608,0.000985758,0.000457971,0.000174397,0.000389604,0.000404766
0.000248567,0.000570652,0.00116865,0.000630021,0.000191987,0.000166137,0.000413937,0.000851312,0.000460241,0.000306279,0.000314733,0.000404897
0.000215445,0.00045906,0.000941046,0.000458409,9.9219e-05,0.000195411,0.000482015,0.0009511,0.000669202,0.000381264,0.000326657,0.00040626
0.000346586,0.000430712,0.000754131,0.000346686,0.000130215,9.90787e-05,0.000328548,0.000719415,0.00046729,0.00031895,0.000343783,0.000544214
0.000189273,0.000320067,0.000638686,0.000376636,0.000129311,0.00014505,0.000302838,0.000571992,0.000352105,0.00018045,0.000191723,0.000249789
0.000141987,0.000274774,0.000611912,0.000361863,0.000149373,0.000115273,0.000235706,0.000532892,0.000321738,0.000232009,0.000200542,0.000230539
0.00038069,0.000261088,0.000350076,0.000251691,0.000139004,0.000105097,0.000256597,0.000648342,0.000753205,0.000442722,0.000294126,0.000446501
0.000951015,0.000305229,0.000739668,0.00121233,0.000781421,0.000321872,0.000472938,0.00103297,0.00139974,0.000773248,0.00081773,0.0012962
0.00160725,0.000850604,0.000814104,0.00196191,0.00142519,0.000404002,0.00067802,0.00103026,0.0018534,0.00141191,0.00104196,0.00152295
0.00297413,0.0013427,0.00114133,0.00307165,0.00209491,0.000381003,0.000820131,0.00207586,0.00258019,0.00159749,0.00100689,0.00226024
0.00531562,0.00256044,0.0017723,0.0047855,0.00281232,0.000488719,0.000934431,0.00271031,0.00310834,0.00224697,0.00134742,0.00283011
0.00689669,0.00400604,0.00128354,0.0041288,0.00256959,0.000691776,0.00119864,0.00343617,0.00747641,0.00462186,0.00133615,0.00336833
0.00832405,0.00442715,0.00155026,0.00442011,0.00349861,0.000931743,0.00141646,0.00496609,0.00599116,0.00358122,0.00161581,0.0047275
0.0129727,0.00834893,0.00233111,0.00489681,0.00316506,0.000892135,0.00176224,0.00480203,0.00480458,0.00325962,0.00241172,0.00470868
0.0174233,0.0108993,0.00203748,0.00507613,0.0035139,0.000804459,0.00188215,0.00649329,0.00901502,0.00565219,0.00172192,0.00708486
0.0141278,0.0072019,0.00235705,0.00372705,0.00248584,0.000709564,0.00245008,0.00701567,0.00655424,0.0024807,0.00194702,0.00715692
0.0168728,0.00883413,0.00327886,0.00307843,0.00214731,0.00076728,0.00155772,0.00519398,0.00454185,0.00257916,0.00228559,0.00936083
0.0151652,0.00838778,0.00254853,0.00164326,0.00108242,0.000454041,0.00188825,0.00523084,0.00781385,0.00244299,0.00734086,0.0111954
0.0145821,0.00826747,0.00382401,0.00281494,0.0014777,0.000390895,0.00152987,0.0050791,0.00379564,0.00272094,0.00715669,0.00950736
0.0118472,0.00649982,0.00426191,0.00373483,0.00099714,0.000394704,0.00120906,0.00324258,0.00375324,0.00309761,0.00427493,0.00756996
0.0132998,0.00746492,0.00557892,0.00506759,0.001465,0.00036961,0.000917952,0.00234729,0.00224714,0.00158214,0.00470956,0.00803941
0.0100239,0.00603399,0.0042991,0.00289698,0.000980202,0.000344857,0.000779121,0.00174602,0.00203508,0.00155449,0.00300261,0.00578992
0.00788825,0.00497313,0.00301271,0.00229258,0.000656861,0.000330139,0.000850936,0.00199334,0.00204939,0.00295507,0.00564134,0.00567896
0.00912817,0.00522916,0.00102913,0.00270519,0.00218049,0.000504429,0.00078447,0.00142104,0.00144508,0.00245298,0.00413001,0.00551918
0.00835874,0.00393187,0.00218444,0.00247587,0.00111612,0.000622886,0.00137527,0.00172029,0.000856146,0.00105437,0.00171876,0.00391467
0.0123836,0.00668056,0.00277024,0.00360616,0.00179334,0.000812321,0.00153034,0.00235449,0.00210185,0.0014068,0.0015983,0.00500944
0.0100866,0.00487854,0.00206532,0.0031241,0.00229652,0.00075492,0.00116412,0.0022313,0.00135549,0.00169118,0.00253783,0.00530956
0.0129948,0.00651641,0.00223277,0.00406043,0.00232699,0.000728007,0.0013256,0.00252038,0.00171096,0.00119916,0.00318642,0.0074517
0.0160403,0.00834656,0.00322661,0.00566546,0.0032076,0.000719333,0.00107433,0.00247456,0.00140642,0.000905482,0.0017173,0.00661674
0.0150017,0.00779216,0.00289981,0.0059846,0.0038682,0.00094393,0.0011336,0.00283059,0.00180211,0.00135626,0.00254353,0.00658158
0.0117164,0.00598368,0.00230092,0.00328071,0.00290789,0.000911477,0.00109117,0.00210087,0.00122843,0.00127955,0.00148421,0.00499075
0.00947813,0.00471171,0.00156328,0.00319305,0.00225005,0.000592526,0.0015095,0.00277268,0.00176045,0.00120367,0.00257348,0.00458929
0.00838151,0.00440128,0.00170775,0.00260317,0.00155313,0.000585109,0.0012108,0.00319468,0.00217237,0.000978143,0.00137325,0.00370566
0.00936528,0.00537383,0.00213045,0.00362005,0.00165233,0.000459031,0.000980829,0.00304275,0.00203313,0.000557201,0.000972817,0.0038922
0.00688101,0.00346764,0.00124379,0.00242752,0.00131439,0.000316855,0.000731597,0.00223262,0.00155665,0.000761814,0.000943991,0.00295236
0.00676124,0.00384251,0.00121568,0.0015088,0.0012802,0.000443673,0.000426135,0.00107444,0.000862513,0.000493479,0.000492707,0.00243179
0.00433433,0.00254484,0.000657882,0.00124709,0.000845604,0.000635266,0.000480219,0.00141273,0.00104538,0.000429152,0.000585836,0.0017165
0.00381153,0.00219708,0.000710144,0.0011378,0.000813035,0.000497849,0.000703252,0.00169087,0.00121359,0.000767297,0.00122978,0.0014726
0.00316538,0.00192982,0.000924589,0.00162931,0.00111305,0.000381901,0.000737241,0.00176721,0.00103398,0.000402593,0.000677513,0.00108379
0.00262488,0.00155483,0.000630461,0.00142621,0.00114065,0.000333937,0.000716283,0.00169435,0.00103416,0.000388464,0.000564064,0.00097684
0.00217682,0.00129636,0.000665387,0.00119656,0.000655067,0.000260808,0.000268776,0.0010145,0.000944753,0.000679462,0.000790322,0.000936145
0.00220073,0.00147695,0.000728544,0.00101942,0.000723614,0.000306848,0.000425115,0.00119302,0.000990058,0.000527718,0.00056798,0.000795035
0.00179493,0.000952061,0.000388529,0.00104898,0.000923828,0.000350783,0.000337625,0.000591188,0.00050034,0.000598134,0.000609968,0.000705854
0.00197426,0.00108298,0.000417004,0.000654908,0.000455369,0.00016656,0.000432771,0.000826472,0.000514955,0.000338044,0.000313122,0.000862764
0.00170622,0.000876648,0.000420696,0.00077457,0.000468261,0.000180223,0.000423538,0.00106799,0.00069676,0.000341571,0.000326056,0.000674344
0.00225487,0.00132623,0.000529018,0.000644989,0.000594546,0.000328589,0.000414606,0.000881594,0.00052864,0.000311773,0.000315079,0.00100248
0.00252502,0.00135975,0.00033598,0.00054937,0.000313668,0.00017832,0.000376816,0.0010367,0.000737155,0.000354193,0.000286449,0.00114001
0.00216002,0.00106048,0.000292032,0.000467595,0.000285212,0.000188337,0.000456679,0.000938259,0.0005749,0.00023933,0.000307409,0.000971504
0.00233597,0.00133693,0.000344524,0.000320896,0.000209649,0.000148066,0.000232993,0.000519821,0.000437528,0.000321152,0.000242208,0.000922661
0.00183358,0.000961241,0.00025833,0.000319093,0.000236015,0.000173167,0.000298378,0.000419075,0.000208627,0.000207407,0.000205622,0.000819288
0.00163924,0.00083524,0.000310253,0.000387749,0.000237107,0.000153578,0.000161694,0.000256027,0.000175699,0.000165914,0.000110834,0.000831893
0.0013149,0.000663844,0.000200012,0.000282344,0.000219252,7.88897e-05,0.000150664,0.000298919,0.000164677,0.000214581,0.000153177,0.00065365
0.00105601,0.000531772,0.00019004,0.000346904,0.000208573,0.000108216,0.00011318,0.000263869,0.000274409,0.000191529,0.000124394,0.000508804
0.000964854,0.000564509,0.000190643,0.000188962,0.000170043,0.000150266,0.000296055,0.000458781,0.000329402,8.9711e-05,0.000145502,0.00044152
0.000785083,0.000385459,0.000113284,0.000221032,0.000251001,0.000226188,0.000240425,0.000430131,0.000283524,0.000168707,0.000206611,0.000379831
0.000792211,0.000671564,0.000652835,0.000415435,0.000305324,0.000828268,0.00110126,0.00110678,0.000649377,0.000470857,0.000370961,0.000699116
0.000760668,0.00120911,0.00219833,0.00115515,0.000540088,0.000928919,0.00160885,0.00298851,0.00235639,0.00142591,0.00115621,0.00107394
0.000859473,0.00162601,0.00311296,0.00183545,0.000567991,0.000689415,0.00240214,0.00583793,0.0036588,0.00193275,0.00151466,0.00124688
0.00081298,0.000775707,0.00148441,0.000814266,0.000697239,0.00122085,0.0029082,0.00887368,0.0056672,0.00158493,0.00282815,0.00187859
0.00078872,0.00130648,0.00277503,0.00155643,0.000718855,0.0010274,0.00547759,0.0136726,0.00908132,0.00254802,0.00334544,0.00241577
0.000619825,0.00216461,0.00550381,0.00313958,0.000792136,0.00133823,0.00711703,0.0169676,0.0105238,0.00333986,0.00424527,0.00267557
0.000847661,0.00275748,0.00610224,0.0034628,0.000688978,0.000968876,0.00682194,0.0188593,0.0110682,0.00242129,0.00460699,0.00349956
0.0018205,0.00217181,0.00472658,0.00269341,0.000777942,0.0015022,0.00968916,0.0252222,0.0154479,0.00419335,0.00687404,0.00540697
0.00203048,0.00440375,0.00987675,0.00535233,0.000591351,0.00172501,0.00937663,0.0227884,0.0145828,0.00367904,0.00616025,0.00451801
0.00496706,0.0046795,0.00905188,0.00500121,0.000667586,0.00147872,0.00884254,0.0207265,0.0138112,0.0046744,0.00241153,0.00327826
0.00847706,0.00458665,0.00595248,0.00407208,0.000960817,0.00151305,0.00815299,0.0198199,0.0131894,0.0064021,0.00391298,0.00460196
0.00784187,0.00498962,0.00614215,0.00352272,0.000916353,0.00125024,0.00794793,0.0191851,0.0116296,0.00447123,0.00313145,0.00357131
0.00801937,0.00536872,0.00417023,0.00237979,0.000465371,0.00101135,0.00746285,0.0174806,0.00865055,0.00392808,0.00302545,0.00296408
0.00589633,0.00500062,0.00422428,0.00241421,0.000512821,0.00121507,0.00736445,0.0165113,0.00903209,0.00504175,0.00308804,0.00350646
0.010909,0.00698137,0.00346098,0.00198604,0.00048293,0.0011114,0.00721424,0.0148144,0.0090903,0.00750052,0.00500709,0.00345586
0.0158651,0.0111498,0.00450672,0.0021969,0.000375135,0.00100933,0.00475631,0.0100183,0.00606449,0.00536835,0.00383157,0.00614993
0.0105478,0.00560635,0.00441878,0.00306413,0.000971348,0.00110035,0.00374085,0.00632606,0.00230266,0.00205689,0.00209858,0.00448685
0.00452065,0.00300129,0.00487901,0.00282776,0.00157266,0.00249204,0.00478136,0.0079844,0.0039358,0.00258427,0.0026482,0.00273451
0.00257316,0.00285369,0.00476666,0.002753,0.00145775,0.00262009,0.00632079,0.0106077,0.00497639,0.00348636,0.00555679,0.0036176
0.00169574,0.00396928,0.00621312,0.00309693,0.00162776,0.0021667,0.00594826,0.0110798,0.0068418,0.00286806,0.00221187,0.00206121
0.00206438,0.00444688,0.00554496,0.00221395,0.00172602,0.00280218,0.00694614,0.0132268,0.00751266,0.00356958,0.00345226,0.00312192
0.0014219,0.00348325,0.00888619,0.0047382,0.00140032,0.00212767,0.00680897,0.0122318,0.0060756,0.00265383,0.00472601,0.00299593
0.00196195,0.00587787,0.0117353,0.00615464,0.00111834,0.00189498,0.00622894,0.0135774,0.00840951,0.00205622,0.00397015,0.00295383
0.00169305,0.00520827,0.0112674,0.00657172,0.00132119,0.00167953,0.00764191,0.0150563,0.00853852,0.00384621,0.00665916,0.00396219
0.0027432,0.00560641,0.0117178,0.00604977,0.000778601,0.00126765,0.00743606,0.0150943,0.00811152,0.0025236,0.00308045,0.00245147
0.00183027,0.00399636,0.0101104,0.0056476,0.000644953,0.0011252,0.00687498,0.0141815,0.00769844,0.0025842,0.00450327,0.00348851
0.000828014,0.00403505,0.0105972,0.00581454,0.0011241,0.00106166,0.00625592,0.0127762,0.00691656,0.00222027,0.00198968,0.00142461
0.00074038,0.00330841,0.00891058,0.00467776,0.000621117,0.00103968,0.00553086,0.0113211,0.00576988,0.00164374,0.00197249,0.00120243
0.000747922,0.00400417,0.00917085,0.00507359,0.000757603,0.000764545,0.00507434,0.00988165,0.00543189,0.00143319,0.00200957,0.00157604
0.000615075,0.00227066,0.00615222,0.00360801,0.000763282,0.000816889,0.00453414,0.00797349,0.0041356,0.00131282,0.00116639,0.0012786
0.00100296,0.00220804,0.00519967,0.00284163,0.000693287,0.000940244,0.00378661,0.0060701,0.00312191,0.00115877,0.00115887,0.00122683
0.000734275,0.0017337,0.0041042,0.00243798,0.000756201,0.000649095,0.0027757,0.00421958,0.00176337,0.00106982,0.00104682,0.00133946
0.000465021,0.0014415,0.00394952,0.00250479,0.000569636,0.000602704,0.00220685,0.00332007,0.00130479,0.000664594,0.000755746,0.000976168
0.000491371,0.00178703,0.00422134,0.00260895,0.000567301,0.000483237,0.00198608,0.00304428,0.00156805,0.000863487,0.00120639,0.00113605
0.000672288,0.00120673,0.00332454,0.0018411,0.000430254,0.000442113,0.00190004,0.00320163,0.00166371,0.000683917,0.00110026,0.00127221
0.000319228,0.00128345,0.00296806,0.00174069,0.000439671,0.00032385,0.00166104,0.00309053,0.00182097,0.000464544,0.000471356,0.00072962
0.000260383,0.00106774,0.00250182,0.00142256,0.000602698,0.000456014,0.00115585,0.00210196,0.00128385,0.000622152,0.0002502,0.000481076
0.000423843,0.000876364,0.00211586,0.0012116,0.000463131,0.000333963,0.0006185,0.00111459,0.000592426,0.000353178,0.000334574,0.000246051
0.000507733,0.000887723,0.00185756,0.0010736,0.000415205,0.000305914,0.00061983,0.00111032,0.000563205,0.000475778,0.000410661,0.000457433
0.000426954,0.000785437,0.00181728,0.00106279,0.000337679,0.000354142,0.000583169,0.000958647,0.000778395,0.000394406,0.000297723,0.000401943
0.000263563,0.000671528,0.00158368,0.000932749,0.000252719,0.000221529,0.000439625,0.00072338,0.000526499,0.000374347,0.000342529,0.000379063
0.000238795,0.000487877,0.00124196,0.000734107,0.000301032,0.000251591,0.000324971,0.000749781,0.000460984,0.000301928,0.000279922,0.000307115
0.000257835,0.000372378,0.000890801,0.000549333,0.00026571,0.000124596,0.000317157,0.000575933,0.00039065,0.000399381,0.000308472,0.000292866
0.000305798,0.000414786,0.000706647,0.000425786,0.000192394,0.000170226,0.00019686,0.000511501,0.000418699,0.00018607,0.000160878,0.000266079
0.000139275,0.000283665,0.000605192,0.000350027,0.000166048,0.000223163,0.00033655,0.000591713,0.00039802,0.000254368,0.000205237,0.000203699
0.00015035,0.000226175,0.000624043,0.000397443,0.000157977,0.000144891,0.000229488,0.00047819,0.000336489,0.00021317,0.000231071,0.000197737
0.000230578,0.000213849,0.000430927,0.000304524,0.000131861,0.000147267,0.000238105,0.000467639,0.000361931,0.000239102,0.000218223,0.000246352
0.000261962,0.000205908,0.000439525,0.000293624,0.000170667,0.000154123,0.000217131,0.000390346,0.000278197,0.000225322,0.000108687,0.000105153
0.000368738,0.000703011,0.00101768,0.000711715,0.000408093,0.000298165,0.00048367,0.000797797,0.000478726,0.00035293,0.000397245,0.000255163
0.000381776,0.00161986,0.00276434,0.00140037,0.000446437,0.000506933,0.000731797,0.000666051,0.000958854,0.0010655,0.00090933,0.000487706
0.000689668,0.0029981,0.00520492,0.00243929,0.000754353,0.00144363,0.00291707,0.00191968,0.0022887,0.00373525,0.0017481,0.000698777
0.000657374,0.00366198,0.00608364,0.00309932,0.000812509,0.00234948,0.00492697,0.00248301,0.0014859,0.0032092,0.00185923,0.000563798
0.00135147,0.00376044,0.00645956,0.00299037,0.000584885,0.00272368,0.0053536,0.00236846,0.00240134,0.00306025,0.00140055,0.000956098
0.000745871,0.00442475,0.00884518,0.00480529,0.00153389,0.00247702,0.00565566,0.00286373,0.00339232,0.00617743,0.0030098,0.000717747
0.00114059,0.00597833,0.0124253,0.00636397,0.000880883,0.00278598,0.00608446,0.00321326,0.00204314,0.0048736,0.00293142,0.00104462
0.00145157,0.00595195,0.0127625,0.00675123,0.000993734,0.00216551,0.00457908,0.00310116,0.00429667,0.00821707,0.00403857,0.000831086
0.00107445,0.00530654,0.0128864,0.0072996,0.00189373,0.00351095,0.0068416,0.00357715,0.00483085,0.0107452,0.00605317,0.000744099
0.000790392,0.00490606,0.0114538,0.00722839,0.00206534,0.00461027,0.0101507,0.00486739,0.00459784,0.0102736,0.00512394,0.00149546
0.001387,0.00666895,0.0128656,0.00735518,0.00159017,0.00467148,0.0101969,0.00558798,0.00440453,0.0088071,0.00528353,0.00197069
0.00094594,0.00554631,0.0140407,0.008379,0.00145489,0.00403453,0.00846658,0.00460793,0.0044814,0.00672892,0.00698759,0.00296876
0.00175903,0.00623846,0.0130246,0.00730024,0.00118781,0.00236996,0.00682539,0.00597633,0.00243567,0.00492239,0.00680211,0.00342623
0.000784466,0.00497118,0.0116547,0.00649171,0.00106238,0.00246388,0.00624493,0.00557891,0.00309167,0.0028874,0.00285694,0.00186004
0.00108766,0.00444116,0.0106345,0.00607006,0.00129394,0.00283596,0.0050476,0.00356396,0.00379427,0.00355634,0.00347269,0.00172388
0.00109754,0.0041066,0.00939746,0.00531426,0.00105183,0.00253053,0.00421938,0.00502427,0.00499079,0.00401381,0.00272853,0.00254214
0.0007862,0.00453716,0.00939739,0.00508738,0.000989891,0.0016267,0.00215972,0.00473781,0.00382424,0.0036879,0.00462717,0.00233513
0.00170577,0.00421358,0.00784589,0.00424249,0.00106347,0.000819775,0.0033573,0.00487548,0.00344183,0.00384855,0.00352265,0.00138639
0.000888927,0.00332572,0.00597592,0.00307885,0.000656536,0.00141119,0.0035792,0.00416787,0.00190975,0.00265985,0.0021615,0.00132814
0.00493881,0.00500485,0.00438998,0.00191274,0.000652012,0.00098366,0.00176896,0.00169402,0.00193444,0.00334482,0.00272827,0.00333669
0.00346054,0.00423971,0.00434307,0.00202432,0.000811898,0.00145831,0.00212197,0.00184707,0.00137337,0.00170468,0.00261713,0.00211259
0.00583023,0.00505804,0.00669554,0.00338932,0.000771914,0.00122851,0.00205674,0.0013776,0.00177389,0.00329934,0.0032432,0.00249851
0.00355157,0.00453753,0.00693583,0.00391883,0.00100587,0.0012459,0.002003,0.00202137,0.00272627,0.00572995,0.00413454,0.00215784
0.00555896,0.00625902,0.00825469,0.00444526,0.000800285,0.00101556,0.00267643,0.00152654,0.00221628,0.00423608,0.00301996,0.00325736
0.00634732,0.00649872,0.00742564,0.00473785,0.00101193,0.00173221,0.00306155,0.00149147,0.00130733,0.00363,0.00257129,0.00173747
0.00884695,0.00848337,0.00855585,0.00492267,0.00116762,0.0016445,0.00254588,0.00136262,0.00202456,0.00555783,0.00284894,0.00343942
0.0067917,0.00693528,0.00862285,0.00475243,0.000787378,0.00138648,0.00257155,0.00145282,0.00100741,0.00374947,0.00247717,0.00209623
0.00416328,0.00580262,0.00881649,0.00489567,0.000851886,0.00123283,0.00235121,0.00125475,0.00152737,0.00382855,0.00244167,0.00134804
0.00448618,0.00487118,0.00749818,0.00437725,0.000572998,0.000974361,0.00194044,0.00109809,0.000719313,0.00152831,0.00107594,0.00193191
0.00303366,0.00433859,0.00637197,0.00331291,0.000606335,0.00106397,0.00206164,0.00151798,0.00110578,0.00203673,0.00115155,0.00102142
0.00303935,0.00413491,0.00591726,0.0032355,0.000613711,0.000672619,0.0013863,0.000986822,0.000937097,0.00233414,0.00129702,0.00137864
0.00130496,0.00305004,0.0058793,0.0031452,0.000534082,0.00042188,0.000993426,0.0010669,0.00136616,0.00347521,0.00191403,0.000732447
0.000847837,0.00264418,0.00548644,0.00290977,0.000409357,0.000471215,0.0010386,0.00079706,0.000928959,0.00187065,0.000965068,0.00037032
0.00161715,0.00277451,0.00469578,0.00251725,0.000609627,0.000563349,0.000831909,0.000592944,0.000511833,0.00119404,0.000679884,0.000681206
0.000921068,0.00220502,0.00423365,0.00232236,0.000517829,0.000469541,0.000761045,0.000465286,0.000672631,0.00167491,0.000870426,0.000398937
0.000767628,0.00167473,0.00335642,0.00184643,0.000468184,0.000455826,0.000693391,0.000725984,0.000444386,0.0012851,0.000872827,0.000463045
0.000774191,0.00145626,0.00285791,0.0014745,0.000318164,0.000405339,0.000608742,0.00050021,0.000400262,0.00110501,0.0006258,0.000396572
0.00080435,0.00147846,0.00245006,0.00116731,0.000224121,0.000309612,0.000741266,0.000580916,0.000400719,0.00104977,0.000565217,0.000363663
0.000890855,0.00138335,0.00219318,0.00114599,0.000186039,0.000335665,0.000789665,0.000556942,0.000446335,0.000854008,0.000540547,0.00047057
0.000578404,0.00104582,0.00187006,0.000969246,0.0001354,0.000288454,0.000504417,0.00052354,0.000433885,0.000868644,0.000535119,0.000366872
0.000404616,0.000882753,0.00154699,0.000767051,0.000149648,0.00023817,0.000517167,0.000555569,0.000509158,0.000892744,0.000709565,0.00024948
0.000599175,0.000918033,0.00141695,0.000719528,0.000173626,0.000186889,0.000358574,0.000517937,0.000517533,0.000674106,0.0003609,0.000351509
0.000298593,0.000679069,0.00142949,0.000797107,0.000220455,0.00020103,0.000250325,0.000423897,0.00043846,0.000458393,0.00035427,0.00023481
0.000407571,0.000691238,0.00112147,0.000584257,0.000188145,0.000242906,0.000252917,0.000416251,0.00046489,0.000528265,0.000266358,0.000257093
0.000429086,0.000616691,0.000867127,0.000506852,0.00024863,0.000233839,0.000281579,0.000348003,0.000308817,0.00038976,0.000216041,0.000143325
0.000291583,0.000408574,0.000621548,0.000315451,0.00014008,0.000196473,0.000163457,0.000346002,0.000352199,0.000363736,0.00026646,0.000217429
0.000165254,0.000217136,0.000459073,0.000307901,0.000119558,0.000201181,0.000268968,0.000342118,0.000274657,0.000358335,0.000308275,0.000140063
0.000160793,0.000256037,0.000364103,0.000246583,0.000168594,0.000180726,0.0001869,0.000194805,0.00027574,0.00034997,0.000211101,0.000180904
0.000149559,0.000193642,0.000296338,0.00021101,0.000203437,0.000164877,0.000191447,0.000257133,0.00031317,0.000375146,0.000255583,0.000162697
0.000143227,0.000149591,0.000286366,0.00020471,0.000142345,0.000165722,0.000246487,0.000205644,0.000204142,0.000366014,0.000285995,0.000163684
0.000180958,0.000279764,0.000370109,0.000319581,0.0002113,0.000246495,0.000396484,0.000399132,0.00032875,0.000366549,0.000260405,0.000164452
0.000186083,0.000225181,0.000284055,0.000171633,0.000107329,6.87604e-05,0.000311802,0.000480273,0.000280815,0.000344754,0.000176429,0.000104473
0.000172574,0.000275146,0.000410468,0.000261832,0.000137941,0.000191344,0.000590594,0.000924803,0.0005307,0.000390335,0.000265619,0.000149676
0.000263355,0.000502144,0.00082755,0.000457426,0.000142091,0.000322014,0.000918823,0.00143155,0.00120308,0.000934192,0.000620766,0.00049047
0.000311131,0.000943264,0.00181769,0.000945597,0.000254588,0.000503311,0.000976263,0.00129339,0.000940851,0.000832293,0.000467715,0.000417781
0.000371182,0.00152652,0.0029697,0.00140673,0.000346422,0.00051739,0.00118108,0.00208759,0.00101217,0.000865866,0.000735992,0.000580767
0.000542037,0.00106806,0.00243171,0.00119832,0.000692782,0.000873265,0.00111481,0.00205699,0.00102838,0.00121334,0.00133741,0.00113589
0.000348594,0.00155359,0.00352008,0.00175709,0.000839799,0.00129193,0.00146568,0.00205328,0.00128039,0.00154563,0.00168551,0.00111092
0.000672116,0.00170093,0.00363412,0.00206652,0.000725906,0.000735261,0.00101889,0.00200568,0.00141949,0.00182348,0.00192527,0.00123523
0.000543415,0.00179785,0.00400961,0.00220922,0.000880433,0.00114241,0.00147817,0.00274286,0.0015459,0.00170877,0.00205308,0.00114645
0.000600081,0.00190294,0.00393315,0.002041,0.000635913,0.00118218,0.0019459,0.0029405,0.00158939,0.0024553,0.00350372,0.0016338
0.00037585,0.00141942,0.00350124,0.00212383,0.000846294,0.00124032,0.00177079,0.00370273,0.00209256,0.00282328,0.00417721,0.00225271
0.000520059,0.00130121,0.00315156,0.00196799,0.000931727,0.00163635,0.00218972,0.00429238,0.0026827,0.0021932,0.00393122,0.00236081
0.000661831,0.00159635,0.00433951,0.00254774,0.00103234,0.00185112,0.00304543,0.00654096,0.00388925,0.0021094,0.00278549,0.00161534
0.000540159,0.00164852,0.0041019,0.00241187,0.00113761,0.00174205,0.00305524,0.00619834,0.00361092,0.00290233,0.00367371,0.00214625
0.000329062,0.00158374,0.00410504,0.00249314,0.00148815,0.0021124,0.00357274,0.00771018,0.00425781,0.00165042,0.000915982,0.00122132
0.000729528,0.00206319,0.00480294,0.00275111,0.0013623,0.00205432,0.00472612,0.00990272,0.00564025,0.0019739,0.00239223,0.00180572
0.000731633,0.0020901,0.00517637,0.00293733,0.00148975,0.0025343,0.00551092,0.0107429,0.00629883,0.00318208,0.00440616,0.00289097
0.00113604,0.00269064,0.00673003,0.00381765,0.00177693,0.00291655,0.00553692,0.0101434,0.00575337,0.00369948,0.00586231,0.00361215
0.00119326,0.0031111,0.00724536,0.003967,0.00180063,0.00271194,0.00603765,0.0129895,0.00697383,0.00251867,0.00488682,0.0035989
0.000964992,0.00297865,0.00766622,0.00433391,0.00174287,0.00239377,0.00697355,0.0143861,0.00777959,0.00228748,0.00312332,0.0023565
0.000884626,0.00260484,0.00690134,0.00379413,0.00151272,0.00261906,0.00746986,0.0147543,0.00857158,0.0035713,0.0036513,0.00224968
0.000968611,0.00288263,0.00670901,0.0035787,0.00185417,0.00272731,0.00770835,0.015445,0.00841585,0.00289575,0.00331263,0.00262279
0.00109877,0.00277743,0.00652027,0.00366304,0.00154364,0.00237503,0.00791344,0.0156258,0.00826665,0.00147749,0.00166495,0.00200144
0.000760267,0.00298022,0.00689239,0.00384667,0.00162835,0.00237822,0.00660032,0.0139754,0.00793082,0.00176254,0.00252304,0.00231135
0.000764497,0.00267885,0.00724275,0.00416459,0.00142347,0.00207504,0.00669995,0.0130064,0.0072704,0.00201988,0.00223079,0.0021864
0.000604195,0.00276827,0.00699702,0.00388317,0.000913888,0.00172108,0.00681925,0.0132608,0.00707091,0.00193882,0.00176223,0.00191996
0.000699801,0.0025937,0.00661313,0.00381462,0.000838878,0.00138847,0.00591015,0.0113462,0.00576498,0.00153206,0.00190241,0.00202981
0.00080493,0.00263467,0.00621352,0.00346436,0.0010573,0.00199789,0.00605161,0.00929354,0.00412484,0.00143207,0.00159615,0.00181361
0.000713427,0.00219709,0.00558755,0.00321521,0.00104469,0.0024029,0.00557716,0.00605298,0.00184061,0.0012378,0.00213513,0.00169104
0.000686441,0.00195242,0.00471677,0.00270021,0.000623628,0.00146497,0.00519526,0.00762747,0.00309078,0.00122073,0.00231192,0.00186026
0.000655703,0.00193862,0.00456752,0.00285747,0.000764336,0.00146162,0.005333,0.00901114,0.00425399,0.00125979,0.00163359,0.00131838
0.000639261,0.00204201,0.00476677,0.00280316,0.000640773,0.000928913,0.00443297,0.0089376,0.00477909,0.000804301,0.000968896,0.00119922
0.000657861,0.00182213,0.00422046,0.00242251,0.00065711,0.00120013,0.00487193,0.0101699,0.00609728,0.001706,0.000796904,0.000832771
0.000525031,0.00143458,0.0038003,0.00245713,0.000594734,0.000934471,0.00485154,0.00971085,0.00570516,0.00136236,0.000650315,0.000886254
0.000623453,0.00134983,0.00384615,0.00243921,0.00054675,0.000840331,0.0042767,0.00815681,0.00428911,0.00103271,0.000948588,0.000771207
0.000694827,0.00185048,0.00393688,0.00229689,0.000515891,0.0010451,0.00453245,0.00770137,0.00387538,0.000669302,0.000685014,0.000845074
0.00036404,0.00153737,0.00381722,0.00221453,0.000496879,0.00130348,0.00491445,0.00715265,0.0031787,0.00100931,0.000627893,0.000842956
0.000672057,0.00119722,0.00349745,0.0022093,0.000906191,0.00152622,0.00513059,0.00754448,0.00335781,0.00141816,0.000902467,0.000947262
0.000520006,0.00135254,0.0038616,0.00245444,0.000864109,0.00143692,0.00452399,0.00754339,0.00372482,0.00145137,0.000747882,0.000607841
0.000350538,0.00197115,0.00440723,0.00261387,0.0010569,0.00139917,0.00435174,0.00738924,0.00416835,0.00203063,0.00121481,0.000941413
0.000612162,0.00145247,0.00426371,0.00268324,0.000833011,0.00109121,0.00388338,0.00692249,0.00370984,0.00171049,0.0009112,0.00112078
0.000545417,0.00171591,0.00494628,0.00305125,0.00069902,0.000913266,0.00425236,0.00898338,0.00561789,0.00255692,0.00168655,0.00119233
0.000681491,0.00215068,0.00546735,0.00329049,0.000984527,0.00161568,0.00516747,0.0103208,0.00599754,0.00226384,0.00158893,0.00103803
0.00064283,0.00231932,0.00620475,0.00360114,0.00116648,0.00169302,0.00550073,0.0108065,0.00607821,0.00251071,0.00159711,0.000751662
0.000658228,0.00296522,0.00736607,0.00401091,0.00113778,0.00163132,0.00558189,0.0109342,0.0063921,0.00346125,0.00200384,0.000957266
0.00082318,0.00330335,0.00886431,0.00490326,0.000831191,0.00157168,0.00503121,0.0103604,0.00655134,0.00293049,0.00142179,0.00164969
0.000774019,0.00357984,0.00938125,0.00522025,0.000699721,0.000849297,0.0038712,0.0101367,0.00739808,0.00381873,0.00195831,0.00116869
0.000822016,0.00248931,0.00809505,0.00464455,0.000636988,0.00102327,0.00445222,0.0106633,0.00730027,0.00424138,0.00248718,0.00116231
0.000732072,0.00277192,0.00850299,0.00492973,0.000993158,0.00156563,0.00510634,0.0109531,0.00714195,0.00420759,0.00209896,0.0015081
0.000760194,0.00286208,0.00909483,0.00541292,0.00142158,0.00189108,0.00587788,0.0119762,0.00792093,0.00426768,0.00257314,0.00186199
0.000923009,0.00332079,0.00961746,0.00558124,0.00155457,0.00194307,0.00627873,0.0127322,0.00782921,0.00459824,0.00261968,0.00204635
0.000787932,0.0039243,0.0103893,0.00566871,0.00132936,0.00221851,0.00605459,0.013373,0.00931571,0.00493329,0.00285826,0.0014015
0.000550645,0.00395778,0.010614,0.00603548,0.00131788,0.00202139,0.00595257,0.0133542,0.00884572,0.00470063,0.00215524,0.00147982
0.000591022,0.00350696,0.0108362,0.00617845,0.00122423,0.00202436,0.00638771,0.0129821,0.0080475,0.00428667,0.00203425,0.00115551
0.000640073,0.0040886,0.0114528,0.00631912,0.000944334,0.00152528,0.00656077,0.0127736,0.00751086,0.00383423,0.00230328,0.000986582
0.000786807,0.00415495,0.0119094,0.00704599,0.00147813,0.00199709,0.00631204,0.0122853,0.0075307,0.00445028,0.00271436,0.00131634
0.000658041,0.00407554,0.0117316,0.00676086,0.00134093,0.00190939,0.00518964,0.0113337,0.00788758,0.00466913,0.00304935,0.00153688
0.000648422,0.00373373,0.0110174,0.00624225,0.00120954,0.00207802,0.00485911,0.00997968,0.00642501,0.00457578,0.00291132,0.00151471
0.000358409,0.0047134,0.0135282,0.00758078,0.000806313,0.0019172,0.00462629,0.00878176,0.00606678,0.00519334,0.00278823,0.00114497
0.000494463,0.00562053,0.0156706,0.00860301,0.00111469,0.00180926,0.00351872,0.00646351,0.00496335,0.00506807,0.00319812,0.00144399
0.000749259,0.00456302,0.0130378,0.00730806,0.0014814,0.00205637,0.00299602,0.00525105,0.00430028,0.00486834,0.00314493,0.00146637
0.000782628,0.00286052,0.0090139,0.00529837,0.0013225,0.00195032,0.00222185,0.00412275,0.00348575,0.0035375,0.0024582,0.00126786
0.000817282,0.00363934,0.0112973,0.00636798,0.00141071,0.0022219,0.00202108,0.00331894,0.00267063,0.00379986,0.00269326,0.00168615
0.000689394,0.00433675,0.0128963,0.0071394,0.00108305,0.00233827,0.00253529,0.00321511,0.00236305,0.00350198,0.00206561,0.00105423
0.000724045,0.00307994,0.00907961,0.00539682,0.00133035,0.00202466,0.00295213,0.00373467,0.00292688,0.00330901,0.00191304,0.00123034
0.000419736,0.00252409,0.00721578,0.00418757,0.00140834,0.00202241,0.00267344,0.00396723,0.00311885,0.00316405,0.00188058,0.00102445
0.000436873,0.00340686,0.00927617,0.00514789,0.00133065,0.00192633,0.00244361,0.0038902,0.00323503,0.00335026,0.00238337,0.00105213
0.000415169,0.0032191,0.00939785,0.00553519,0.00111352,0.00192308,0.00288879,0.00475336,0.00309544,0.00253775,0.00180121,0.00122316
0.000362961,0.00268955,0.00819052,0.00467303,0.000681876,0.00154696,0.00253435,0.00450839,0.00281537,0.00261729,0.00132694,0.000841415
0.00049072,0.0024786,0.0072989,0.00400537,0.00101295,0.00150636,0.00250235,0.00391018,0.00233783,0.00215295,0.00150716,0.000775633
0.000399702,0.00268186,0.00712103,0.00398124,0.00121729,0.00170738,0.00270935,0.00378186,0.00250882,0.00239279,0.00169077,0.000857353
0.000382261,0.00240428,0.00633278,0.00344084,0.000849341,0.00163792,0.00233985,0.00335194,0.00264725,0.00240609,0.0018343,0.000988951
0.000398001,0.00212149,0.00560077,0.00303827,0.00063168,0.00119186,0.0018826,0.00393285,0.00275499,0.00199862,0.000915819,0.000892429
0.000379701,0.00164176,0.00494329,0.00280603,0.000599185,0.00108777,0.00218571,0.00450893,0.00330487,0.0022093,0.00121048,0.000514367
0.000248518,0.00174769,0.00504527,0.00289906,0.000881825,0.00129707,0.0025063,0.00374168,0.0023061,0.00168472,0.00113625,0.000485453
0.000234707,0.0018028,0.00477738,0.00273863,0.000901319,0.00129634,0.00220615,0.00345846,0.00199791,0.00165974,0.00127923,0.000481303
0.000310844,0.00176817,0.00482773,0.00283929,0.00073022,0.00105966,0.0020061,0.00371441,0.00239373,0.00156153,0.00118008,0.000957845
0.000437448,0.00180403,0.00477578,0.00272285,0.000395831,0.00100451,0.00199276,0.00446525,0.00334629,0.00208867,0.00104234,0.00108942
0.000493342,0.00124775,0.00290588,0.00148964,0.0006812,0.00111893,0.00183124,0.00382396,0.00273188,0.0017577,0.000935929,0.000955781
0.000313791,0.000698054,0.00197023,0.00144333,0.000886853,0.0011182,0.00217146,0.0032075,0.0025205,0.00124397,0.00107156,0.000947611
0.000229209,0.00102147,0.00277985,0.00134103,0.000557184,0.000962577,0.00190384,0.00394561,0.00279012,0.000909095,0.000912911,0.000803861
0.000411509,0.00123057,0.00335633,0.00212563,0.000454607,0.000791534,0.00210582,0.00455214,0.00280832,0.00122502,0.00105026,0.000832188
0.00029248,0.00106029,0.00312383,0.00203932,0.000526215,0.00101924,0.00243627,0.00526915,0.00324986,0.00170181,0.000828576,0.000486849
0.000306934,0.000872776,0.00197369,0.00109729,0.00121108,0.000857014,0.00216049,0.00451703,0.00293481,0.00133148,0.000985083,0.000629751
0.000411648,0.000907204,0.00304336,0.00340408,0.00143149,0.00067317,0.00186267,0.00389418,0.00252757,0.00128654,0.00113367,0.000813855
0.000411939,0.000985262,0.00315651,0.00421298,0.00168007,0.000711808,0.00211039,0.00441169,0.00288965,0.0014673,0.00195736,0.00122468
0.000535734,0.000612631,0.00162081,0.00473098,0.00277172,0.00109273,0.00248484,0.0049633,0.00285468,0.00170152,0.00244181,0.00171678
0.000332311,0.000630135,0.00354731,0.00597634,0.0025587,0.00113863,0.00215722,0.00452012,0.00267621,0.00170065,0.00225175,0.00150237
0.000385267,0.000587183,0.00397264,0.00744546,0.00324018,0.000970185,0.0016753,0.00383077,0.00277623,0.00220771,0.00288093,0.00172416
0.000644955,0.000611964,0.00344931,0.0065105,0.00233763,0.00104618,0.00187616,0.00332409,0.00240856,0.00234584,0.00313035,0.00161568
0.000850592,0.00280021,0.00887685,0.00689176,0.00187364,0.00097633,0.00203688,0.00408284,0.0027825,0.00343461,0.00313885,0.00154848
0.000609698,0.00367957,0.00966551,0.00683168,0.00202118,0.00121296,0.00291493,0.00553997,0.00349605,0.00389224,0.0034654,0.00219044
0.000535758,0.00378269,0.0103953,0.00519472,0.000774318,0.00149953,0.002727,0.00525024,0.00368525,0.00409694,0.00301244,0.00133806
0.000537302,0.00333649,0.0105354,0.00692727,0.00126113,0.00130974,0.00226444,0.0046621,0.00420837,0.00569395,0.00365392,0.00128005
0.000641618,0.00359176,0.010656,0.00625249,0.00184049,0.000966038,0.00228249,0.0046906,0.00439047,0.00605336,0.00392942,0.0014169
0.000757118,0.00425491,0.013418,0.00794674,0.00207269,0.00114759,0.0027367,0.00582017,0.00488405,0.00597374,0.00334478,0.00151447
0.000580544,0.00636573,0.0180695,0.011587,0.00280028,0.00164213,0.0031161,0.00679505,0.0051773,0.00667814,0.00374886,0.00141836
0.000791168,0.00736965,0.0198038,0.0106359,0.00210154,0.00193041,0.00302425,0.00586086,0.00372083,0.00298415,0.00116821,0.000830355
0.000242351,0.00320312,0.00982228,0.00532838,0.00180859,0.00112751,0.00202477,0.0052952,0.0038371,0.00256094,0.00135378,0.00112906
0.00044945,0.00266813,0.00835392,0.00541053,0.00136427,0.000851342,0.00243825,0.00603105,0.00418669,0.00198639,0.00214537,0.00155145
0.000610403,0.00303021,0.00940606,0.00606157,0.00171094,0.00112516,0.00309873,0.00719991,0.00438864,0.002217,0.00263087,0.00199577
0.000673516,0.00335834,0.00956427,0.006047,0.00191061,0.0012914,0.00319677,0.00715913,0.00417696,0.00284567,0.00374978,0.00252397
0.000613137,0.00199781,0.00457025,0.00362827,0.00241811,0.00108755,0.00250186,0.00596677,0.00421293,0.00272525,0.00316332,0.00204899
0.000681746,0.00125589,0.00447719,0.0046228,0.00187325,0.000751644,0.00214558,0.00602644,0.00439873,0.00196609,0.00293328,0.00253034
0.000947001,0.00192236,0.00612492,0.00641834,0.00293984,0.00132411,0.00278804,0.00697929,0.00437283,0.00229421,0.00350195,0.00298741
0.000852444,0.00207026,0.00459357,0.00398097,0.0025052,0.00166271,0.00380969,0.00813083,0.00474184,0.00278265,0.00430413,0.00343646
0.000711772,0.001956,0.00512915,0.00540174,0.00261146,0.00190358,0.0036159,0.0075974,0.00434291,0.00249642,0.00351192,0.00233299
0.000708336,0.00145099,0.00461778,0.0056825,0.00184697,0.00120738,0.00300666,0.00688211,0.00446231,0.00219812,0.00251789,0.00204955
0.000970147,0.00332984,0.0130355,0.0106088,0.0020605,0.000832295,0.00287166,0.00729498,0.00550644,0.00316475,0.00172146,0.00200443
0.000910337,0.00236326,0.00773156,0.00557613,0.0019849,0.00156048,0.00364556,0.00848913,0.00568938,0.00237403,0.00182292,0.00197328
0.000719243,0.00172306,0.00700047,0.00584592,0.00104876,0.00160739,0.0040998,0.00892627,0.00596553,0.00380953,0.00134128,0.00209678
0.000588274,0.00153774,0.00551174,0.00472383,0.00183937,0.00159411,0.00370321,0.00800017,0.00523302,0.0030789,0.00164974,0.00131458
0.000496702,0.00127762,0.00490059,0.00558461,0.00260137,0.00142505,0.00319101,0.00764471,0.0054423,0.00320214,0.0010507,0.00170721
0.000799543,0.00213617,0.00668736,0.00642417,0.00242263,0.00110255,0.00299906,0.00773378,0.00579854,0.00374341,0.00182205,0.00131449
0.000584975,0.00234897,0.00686401,0.00512187,0.0024267,0.00154559,0.00384587,0.00894542,0.00682663,0.00486334,0.00264334,0.00153423
0.000673625,0.00263343,0.00779636,0.00441295,0.00158771,0.00173636,0.00403326,0.00858807,0.00594147,0.00471912,0.00251276,0.000863699
0.000452273,0.00295584,0.00901079,0.0062654,0.000650612,0.00136191,0.00328298,0.00725268,0.00525366,0.00463986,0.00295255,0.00113548
0.0005315,0.00299426,0.00914885,0.00602916,0.00112762,0.000811633,0.00262797,0.00714392,0.00552177,0.00497935,0.00306703,0.00108459
0.000638932,0.00333028,0.0103421,0.00647175,0.0013773,0.00114002,0.00320871,0.00772683,0.00608128,0.00515626,0.00291372,0.00116254
0.000589635,0.00335063,0.0105515,0.00603723,0.0011165,0.00145475,0.00369728,0.00775014,0.00625507,0.00590753,0.00313601,0.00100095
0.00054968,0.00334975,0.00955945,0.0051788,0.000826019,0.00108181,0.00301345,0.00669592,0.00514605,0.00449626,0.0025351,0.000654866
0.000597408,0.00338256,0.0100403,0.00629702,0.000865421,0.000815452,0.00234587,0.0063303,0.00475065,0.00390256,0.00203896,0.000442209
0.000319181,0.00342594,0.00939225,0.00520496,0.000657199,0.000515547,0.00232761,0.0064934,0.00504431,0.003702,0.00236082,0.000692438
0.000572749,0.00356367,0.00980025,0.00581027,0.000977617,0.00104359,0.00287956,0.00691812,0.00531164,0.00360872,0.00183404,0.000883837
0.000461504,0.00306466,0.00869393,0.00466355,0.00114779,0.00112078,0.0029496,0.00645143,0.00440925,0.0032009,0.00173012,0.000879735
0.000519601,0.00284079,0.0082846,0.00491298,0.000577683,0.00095621,0.00249097,0.00557358,0.00383347,0.0030107,0.00171497,0.000598927
0.000414371,0.00307008,0.00878485,0.00541306,0.000740308,0.000647096,0.0022462,0.00568658,0.00415083,0.0028825,0.00163637,0.000747365
0.000410001,0.00274233,0.00786214,0.00446374,0.000757873,0.00076349,0.00238963,0.0063598,0.00474944,0.00247073,0.00125587,0.000726485
0.000436861,0.00286116,0.00818844,0.00500159,0.00108319,0.00108633,0.00289239,0.00641098,0.00466546,0.0028375,0.00169119,0.000984068
0.000394968,0.00243438,0.00711485,0.00405357,0.000922566,0.00122674,0.00248507,0.00521274,0.00385834,0.00230552,0.00144197,0.000613969
0.000722761,0.00173619,0.00574635,0.00344731,0.000692663,0.00079168,0.00162737,0.0047817,0.0031189,0.00161564,0.00102692,0.000734086
0.000586898,0.000972018,0.00302,0.00190961,0.000598505,0.000617435,0.0019921,0.00526268,0.0036567,0.00147118,0.0011111,0.000724155
0.000586265,0.00131142,0.00375468,0.00222719,0.000737665,0.000742074,0.00236342,0.00580494,0.0036652,0.0014674,0.000977577,0.000784763
0.000608364,0.00152579,0.00400304,0.00215265,0.000809771,0.00102073,0.00250657,0.00561366,0.00370002,0.00162824,0.00126472,0.00120517
0.000514999,0.00168629,0.00418241,0.0025088,0.000816732,0.00116066,0.00235869,0.00509462,0.00335161,0.00142851,0.000996206,0.000846419
0.000661341,0.00116447,0.00324634,0.00201044,0.000559875,0.000939547,0.00190693,0.00438872,0.00287012,0.00131038,0.00103274,0.00104829
0.000526517,0.000999278,0.00229553,0.00124833,0.000558323,0.000757281,0.00174628,0.00464741,0.0032121,0.00123312,0.000969484,0.000956028
0.000676318,0.000982309,0.00183961,0.00134192,0.000711617,0.00100956,0.00228749,0.00535755,0.00363351,0.00112776,0.000971305,0.00108304
0.000616792,0.000644904,0.00161353,0.00140871,0.00107269,0.00133163,0.0027028,0.00515992,0.00328513,0.00124029,0.00113192,0.000933721
0.000529658,0.000387158,0.00116294,0.00171234,0.00128833,0.000987259,0.00204839,0.00423427,0.00277599,0.00122296,0.00144182,0.00112071
0.000483826,0.000580772,0.00165713,0.00184942,0.00104372,0.00061859,0.00173989,0.00438634,0.0029336,0.00135658,0.00139119,0.000988589
0.000329373,0.000962077,0.00318917,0.0019887,0.000903992,0.000695132,0.00214105,0.00530845,0.00349796,0.00170138,0.000967903,0.000682397
0.000417697,0.00074703,0.00247299,0.00217668,0.000474526,0.000769178,0.00256656,0.005299,0.00326769,0.0012754,0.00074317,0.0007032
0.000446017,0.000638082,0.00227592,0.00173011,0.000489936,0.00103972,0.00245797,0.00464971,0.00303058,0.00116441,0.000696267,0.000735125
0.000551728,0.000873283,0.00250008,0.00170473,0.000341929,0.000671895,0.00174082,0.00380131,0.0025271,0.00143661,0.00104598,0.00089811
0.000442631,0.000947641,0.00245652,0.00132905,0.00027795,0.000385411,0.0015464,0.00420983,0.00299859,0.00158904,0.000951783,0.00079798
0.000304618,0.000987054,0.00284029,0.00218952,0.000459971,0.000725396,0.00204241,0.00495508,0.003363,0.0015882,0.00115228,0.000749436
0.000489193,0.000756956,0.0019114,0.00144031,0.000807396,0.000953224,0.00243248,0.00524713,0.00373923,0.00194192,0.00131465,0.000919993
0.000467878,0.000966676,0.0030494,0.0023194,0.000971342,0.000970454,0.00209337,0.00437047,0.00285968,0.0013093,0.00116395,0.000933649
0.000393694,0.000759804,0.00231432,0.00201727,0.000792501,0.000592717,0.00159216,0.00402789,0.00247651,0.00119936,0.0011665,0.00103955
0.000541887,0.000900058,0.00279899,0.00198424,0.000698757,0.000599853,0.00180365,0.00483148,0.00307736,0.00109227,0.000925273,0.000885525
0.000384599,0.00108221,0.00305008,0.00205712,0.000816065,0.000979218,0.00216882,0.00550331,0.0037407,0.00100747,0.000535361,0.000787284
0.000421735,0.000776192,0.00234877,0.0013862,0.000657501,0.000863112,0.00226973,0.00511792,0.00358331,0.00104906,0.000744475,0.000852729
0.00039317,0.000500362,0.00170384,0.00145954,0.000414606,0.000614224,0.00180737,0.00433892,0.00287927,0.000836357,0.000891552,0.000980626
0.00040731,0.000696258,0.00146012,0.000867258,0.000411015,0.000588386,0.0020451,0.00492221,0.00294476,0.000771216,0.000825304,0.000779059
0.000359868,0.000828813,0.002268,0.00194823,0.00062463,0.00100734,0.00279094,0.00617316,0.00371337,0.000837305,0.000929823,0.00087201
0.000429702,0.000668574,0.0021703,0.00175022,0.00101189,0.0016705,0.00249673,0.00610925,0.00474285,0.00130849,0.00106452,0.000947104
0.000590737,0.0010178,0.00256938,0.00191389,0.00102218,0.00163509,0.00146296,0.0058321,0.00562529,0.00165158,0.00100848,0.00106258
0.00026118,0.00078172,0.00253141,0.00211782,0.000550525,0.00151464,0.00326059,0.0068576,0.00513594,0.001208,0.000892285,0.000593024
0.000346715,0.000803384,0.0023457,0.00181259,0.00082541,0.00160464,0.00446384,0.00877655,0.00561673,0.00123774,0.00051272,0.000542631
0.000536485,0.00107563,0.00207448,0.00114979,0.000893521,0.00135938,0.00358731,0.00920105,0.00634262,0.00128808,0.000612632,0.000701743
0.000389209,0.000720882,0.00207435,0.00138968,0.000780749,0.000921496,0.00316057,0.00849831,0.00583954,0.00123923,0.000402181,0.000539376
0.000562557,0.000806346,0.00241608,0.00119414,0.000604873,0.000727135,0.0028064,0.00734841,0.00507462,0.00120054,0.0005761,0.000912373
0.000411799,0.000718787,0.00250674,0.00192312,0.000669197,0.000891077,0.00256348,0.00676333,0.0048099,0.00106604,0.000520484,0.000540653
0.000296736,0.000713964,0.00228509,0.00170759,0.000732608,0.000868516,0.00214716,0.00539844,0.00391073,0.000957704,0.000455213,0.000522558
0.000368485,0.000454777,0.00167835,0.0010384,0.000597877,0.000697297,0.00215209,0.00521248,0.00340432,0.000773407,0.000543818,0.00068259
0.000192135,0.000439034,0.00125928,0.000745844,0.000522916,0.000697692,0.00178853,0.00469211,0.00327843,0.000668261,0.00032921,0.000382206
0.000293025,0.000581166,0.00131201,0.000914772,0.000504597,0.000749157,0.00124545,0.00360358,0.00267031,0.000672637,0.000344303,0.000421915
0.000254122,0.000539182,0.00127896,0.000871941,0.000237259,0.000462433,0.000918685,0.00318351,0.00259203,0.00074686,0.00027923,0.000297146
0.000289347,0.00044684,0.00114303,0.000803382,0.000418117,0.000539925,0.00132277,0.00376354,0.00282988,0.000670238,0.000360649,0.000497849
0.000280036,0.000364279,0.000698589,0.00045608,0.000320492,0.000481002,0.0017874,0.00445941,0.00306631,0.000695286,0.000389621,0.000502404
0.000237816,0.000191633,0.000526854,0.000398847,0.000260499,0.000600141,0.00197515,0.00410993,0.00249853,0.000462333,0.000252049,0.000331038
0.000281846,0.000353213,0.000701862,0.000421916,0.000263152,0.000597057,0.00184148,0.00374051,0.00230703,0.000435274,0.000299978,0.000400915
0.000264217,0.000504793,0.001218,0.000649858,0.000308668,0.000505605,0.00147561,0.00308932,0.00220652,0.000602141,0.000328864,0.000459724
0.000193856,0.000496027,0.0013906,0.00086348,0.000262505,0.000272248,0.000926554,0.00297203,0.00217772,0.000498709,0.00020151,0.000384317
0.000249199,0.000497103,0.00138727,0.000855805,0.00030709,0.000477656,0.000947383,0.00270564,0.00193658,0.000524367,0.000319262,0.000501483
0.000244184,0.000497245,0.00138293,0.000884908,0.000205532,0.000352914,0.00118919,0.00256914,0.00161,0.000462194,0.000362785,0.000474311
0.000268332,0.000639915,0.00177139,0.00114759,0.000232667,0.000261889,0.00105212,0.00242375,0.00152843,0.000517625,0.0003765,0.000450315
0.000234669,0.000652778,0.00189077,0.00120815,0.000278814,0.000265695,0.000906775,0.00230369,0.00144701,0.000492072,0.000273189,0.000419356
0.000212976,0.000511886,0.00153309,0.000918341,0.000130921,0.000140731,0.000783132,0.00218076,0.00148532,0.000550429,0.000325528,0.000320295
0.000174128,0.000483994,0.00121682,0.000714216,9.92362e-05,0.00021613,0.000859448,0.00207893,0.00133359,0.000357741,0.000282404,0.000360039
0.000269661,0.000351275,0.000919381,0.00060746,0.000121145,0.000192187,0.000743056,0.0020555,0.00140914,0.000465308,0.0001818,0.000362853
0.000225971,0.00043317,0.00113803,0.000776358,0.000189995,0.000225406,0.000753571,0.00192521,0.00140436,0.000669251,0.000352622,0.000307159
0.000236392,0.000475414,0.00129638,0.000778672,9.33143e-05,0.000229057,0.000703346,0.00180793,0.00122152,0.000424448,0.00026985,0.000305094
0.000176587,0.000358333,0.00099059,0.000628522,0.000179452,0.000239909,0.000465782,0.00146731,0.00102424,0.000422065,0.000356739,0.000399621
0.000171156,0.000378256,0.000916926,0.000537518,0.000259353,0.000284068,0.000719589,0.00147569,0.00106718,0.000458197,0.000316125,0.000266695
0.000177077,0.000302193,0.000853399,0.000564046,0.000204188,0.000220306,0.000699692,0.0017065,0.00112177,0.00035943,0.000201553,0.000242422
0.000193007,0.000342856,0.00102057,0.000765997,0.000241886,0.000184659,0.000626525,0.00162456,0.00103274,0.000409115,0.000214203,0.000248251
0.000210393,0.000302072,0.000788308,0.000563005,0.000138712,0.000194329,0.00068359,0.00195577,0.00122572,0.000287159,0.000213094,0.000319766
0.000154559,0.00025737,0.000774563,0.000557019,0.000134818,0.000178431,0.00176184,0.00443377,0.0025196,0.000406245,0.000219146,0.000331055
0.000158926,0.000232053,0.000530051,0.000347266,0.000199168,0.000381105,0.00285372,0.00733395,0.00413094,0.000462799,0.000209223,0.000279804
0.000188201,0.000238959,0.000488039,0.000312088,0.000153885,0.000224106,0.00263033,0.00671722,0.00354562,0.000159615,0.000259816,0.000242827
0.000144336,0.000191502,0.00041548,0.000229556,0.000111054,0.000265123,0.00240675,0.00612862,0.00313905,0.000462599,0.000303201,0.000251866
0.000174309,0.000265271,0.000346109,0.000165793,8.75003e-05,0.000196163,0.0032837,0.00793382,0.00401838,0.000326325,0.000306834,0.00027215
0.000186387,0.000210386,0.000458655,0.000281801,0.000148442,0.00023028,0.00275306,0.00709349,0.00392265,0.000398753,0.000289342,0.000361201
0.000176787,0.000258505,0.000507676,0.000382677,0.000186583,0.000136255,0.00217628,0.00618963,0.0035869,0.000463806,0.000235166,0.00025938
0.000292537,0.000460123,0.00123996,0.000867712,0.000230934,0.000270348,0.00183377,0.00471354,0.00274064,0.00055072,0.000367404,0.000389031
0.000187566,0.00220927,0.00609318,0.00351474,0.000430794,0.00027101,0.00187078,0.00501689,0.00317652,0.00179037,0.00108601,0.000295989
0.000233396,0.00310092,0.00778972,0.00407423,0.00035394,0.000294419,0.00199392,0.00468629,0.00304105,0.00219434,0.00133455,0.000391567
0.00023033,0.00203815,0.00516489,0.00278994,0.000318997,0.00027087,0.00199907,0.00478223,0.00304711,0.00164139,0.000927092,0.000465405
0.000211147,0.00192667,0.0054242,0.00302859,0.000355696,0.000428077,0.00189552,0.00453923,0.00278928,0.00191647,0.00107251,0.000345596
0.000295314,0.00175544,0.00503728,0.0028856,0.00019329,0.000244989,0.00152617,0.00393667,0.00274265,0.00168088,0.00102588,0.000541514
0.000250292,0.0012103,0.00336463,0.00180235,0.000141668,0.000232241,0.00135503,0.00351128,0.00233398,0.00115396,0.000769548,0.000365028
0.000250299,0.000796254,0.00218188,0.00124297,0.000194009,0.000246016,0.00130932,0.00310967,0.0018378,0.00104507,0.00066814,0.000459485
0.000318901,0.000987088,0.00281642,0.00161002,0.000234089,0.000333681,0.00135198,0.00327176,0.00209144,0.000518992,0.00029699,0.000569038
0.000259325,0.00131392,0.00332823,0.00196256,0.000392687,0.000413327,0.00107275,0.00331946,0.00231875,0.00055483,0.000345659,0.000467685
0.000230544,0.00107852,0.0030327,0.00168244,0.000215622,0.000283403,0.00105649,0.0028622,0.00165436,0.000453683,0.000461442,0.000451842
0.000257644,0.000927048,0.0026448,0.00154986,0.00018562,0.000356084,0.00265837,0.00783181,0.00508712,0.00100552,0.000458235,0.000395657
0.000214472,0.000899977,0.00262477,0.00150891,0.000239629,0.000322355,0.00435294,0.0122586,0.00733238,0.00111841,0.000437784,0.000425565
0.000260466,0.000730967,0.00210048,0.00124861,0.000240907,0.000286083,0.00366236,0.00905477,0.00465066,0.000657587,0.000512208,0.00053345
0.000290315,0.000470189,0.00146803,0.00090081,0.000190751,0.000205981,0.0028891,0.00826527,0.00475002,0.000464396,0.000309738,0.000477361
0.000149635,0.000622942,0.00149487,0.000820973,0.000242635,0.000318607,0.00198647,0.00426328,0.00212151,0.000425743,0.000290668,0.000383336
0.000257588,0.000572701,0.00134936,0.000885599,0.000381307,0.000612858,0.00277296,0.00628928,0.00357471,0.000684709,0.000353517,0.000527074
0.000270787,0.00207319,0.00612806,0.00409376,0.000379338,0.000763577,0.00331016,0.00873192,0.00590882,0.00292946,0.0017011,0.000614957
0.000421835,0.00344718,0.00952721,0.00545294,0.000508493,0.0004606,0.003116,0.00775684,0.00497417,0.00309913,0.0018585,0.000617002
0.000302564,0.0035338,0.00922458,0.0051385,0.000505003,0.000418708,0.00168734,0.00536115,0.00417189,0.00337067,0.00187053,0.000651962
0.000342512,0.00199713,0.00475781,0.00230185,0.000342976,0.000611417,0.00186484,0.00443002,0.00340911,0.00249653,0.00131013,0.000504313
0.000189506,0.00178508,0.00488493,0.00263096,0.000403035,0.000636286,0.00186075,0.00427662,0.00264781,0.00141973,0.000695687,0.000411554
0.000312754,0.00109253,0.00285771,0.00171076,0.000309468,0.000410836,0.00171083,0.00417293,0.00267854,0.00111816,0.000712243,0.000486725
0.000211993,0.0010184,0.00260137,0.00153505,0.000418936,0.000334136,0.00295597,0.00978308,0.00672564,0.00121938,0.000493914,0.000326837
0.000242401,0.00149405,0.00415679,0.00239493,0.0005181,0.000590868,0.00350008,0.0115758,0.00742452,0.00134421,0.000473107,0.000279842
0.000152784,0.00141844,0.00408019,0.00243301,0.000555634,0.000577636,0.00278289,0.00736524,0.00438571,0.000911942,0.000498205,0.000258552
0.000213165,0.000738163,0.00235114,0.00145092,0.000410445,0.000488554,0.00224727,0.00726137,0.00457954,0.000968927,0.00065263,0.000366728
0.00029005,0.000404582,0.00109295,0.000539688,0.000189003,0.000320514,0.00378801,0.0105823,0.00618241,0.0010096,0.000524782,0.000346107
0.00034115,0.00106755,0.00307635,0.00188831,0.000324322,0.000483895,0.00352965,0.00889177,0.00522488,0.00122963,0.000618898,0.00026772
0.000246756,0.00115883,0.00352191,0.00208656,0.000445713,0.000824974,0.00290196,0.00626582,0.00337613,0.000764144,0.000566046,0.000460422
0.000281187,0.00139621,0.00471026,0.00290534,0.000654688,0.000926906,0.00223497,0.00588004,0.00347904,0.000839881,0.000721596,0.000578685
0.000439139,0.00101048,0.00303649,0.00208991,0.000447565,0.000473412,0.00134299,0.00351358,0.00227605,0.000594556,0.000545942,0.00071327
0.000707547,0.00111169,0.00297789,0.00197266,0.000364859,0.000505188,0.00109066,0.00293022,0.00241811,0.000880341,0.000619316,0.000833737
0.000383229,0.000747241,0.00178957,0.00101787,0.000507566,0.000830323,0.00344814,0.0121456,0.00837871,0.000975094,0.000603004,0.000839461
0.000217445,0.000487893,0.00154186,0.00104535,0.000586615,0.00090724,0.00406756,0.0145373,0.00976901,0.00113063,0.000312908,0.000474146
0.000469035,0.000611582,0.00161217,0.00105235,0.000460882,0.000603757,0.00478022,0.0150212,0.00923844,0.000915785,0.000353814,0.000585341
0.000419432,0.000880306,0.00213938,0.00133632,0.000368453,0.000575389,0.00519559,0.0166145,0.0110565,0.00133696,0.000315156,0.000586577
0.000227143,0.000424538,0.000887888,0.000635558,0.000608694,0.000757083,0.00607777,0.0160604,0.00894565,0.00127348,0.000697478,0.000469535
0.000890134,0.00255801,0.00675923,0.00411481,0.000932455,0.000764542,0.00259933,0.00729815,0.00444856,0.00491766,0.00251566,0.000748788
0.000490477,0.00229697,0.00775418,0.0049615,0.000979176,0.000905771,0.00296198,0.00658169,0.00380601,0.00397549,0.00260686,0.000530815
0.000384422,0.00257514,0.00800836,0.00504324,0.000805203,0.00117492,0.00305676,0.00696674,0.00528265,0.0047703,0.00294769,0.000721487
0.000513995,0.00279819,0.00802166,0.0047014,0.000854883,0.000878275,0.00208563,0.00543242,0.00447661,0.00535383,0.00317997,0.000821942
0.000403477,0.00269355,0.00792613,0.00529089,0.000578861,0.00089322,0.00234926,0.00601831,0.00340494,0.00187334,0.000905642,0.000556403
0.000511277,0.00375285,0.00963061,0.00517914,0.000744098,0.00130236,0.00409802,0.0136829,0.0091257,0.00281212,0.00151254,0.000564418
0.000355233,0.00225523,0.00758001,0.00483872,0.000266151,0.000683818,0.00412195,0.0132805,0.00867044,0.0018553,0.000898676,0.00055517
0.000271183,0.0017352,0.00614004,0.00408187,0.000462059,0.000567912,0.00511566,0.01559,0.00994651,0.00203042,0.000703026,0.000212753
0.000258322,0.00237159,0.0073268,0.00458765,0.000634682,0.000732673,0.00403186,0.013985,0.0092449,0.00201307,0.000690761,0.000333628
0.000253195,0.00228862,0.00595703,0.00347869,0.000683291,0.000877616,0.00591345,0.0183606,0.011906,0.00208561,0.000723105,0.000583341
0.00030416,0.000605196,0.00243263,0.00177644,0.000643926,0.000923027,0.00460074,0.0170211,0.011539,0.00193894,0.00068535,0.000492103
0.000341982,0.000637157,0.00241764,0.0023085,0.00092355,0.000790751,0.004336,0.0129706,0.00746244,0.00250764,0.000674111,0.00120188
0.00032926,0.00102062,0.00319219,0.00231763,0.00048891,0.000579678,0.00345292,0.0146252,0.0167228,0.00556665,0.00113539,0.00119731
0.000291223,0.000688977,0.00197965,0.001849,0.00103685,0.000931407,0.0016588,0.0152168,0.0315367,0.0146968,0.00143549,0.00201958
0.000234154,0.000741379,0.00142089,0.00153978,0.000939196,0.00110417,0.00151237,0.0187678,0.0401611,0.0181687,0.00107038,0.00235266
0.000524538,0.000938909,0.00273216,0.00266203,0.000860768,0.000537534,0.00180204,0.0219479,0.0440567,0.0202298,0.00111369,0.00279337
0.000329777,0.000841792,0.00314431,0.00305563,0.000958331,0.000690133,0.00158667,0.0214956,0.0424261,0.0185927,0.000497226,0.00308375
0.00057741,0.00103045,0.00269853,0.00325234,0.00169032,0.00114344,0.00168872,0.0216136,0.0508003,0.025398,0.00172226,0.00406717
0.000757802,0.000893311,0.00333687,0.00454256,0.0018767,0.00142191,0.00319851,0.0275145,0.0602746,0.0293332,0.00156471,0.00418967
0.000688206,0.00105685,0.00406803,0.0049963,0.00188411,0.00151217,0.00362283,0.0307968,0.0698758,0.0358306,0.00216657,0.00484845
0.000591842,0.00128803,0.00340279,0.00343043,0.00157439,0.00204386,0.00397522,0.0267817,0.0581155,0.0282231,0.00178883,0.00446252
0.000458186,0.000587435,0.00166638,0.00161016,0.00105711,0.00149413,0.00306726,0.0241976,0.0489833,0.0225817,0.00107626,0.0035998
0.00057308,0.000594536,0.00216004,0.00269632,0.00131026,0.000978721,0.00281185,0.0221203,0.041321,0.0177253,0.000544977,0.00372562
0.000460048,0.000773371,0.00204389,0.00243859,0.00102656,0.000610605,0.00211155,0.0214118,0.0444319,0.02084,0.0010569,0.00345613
0.000706517,0.000608388,0.00143554,0.00262174,0.0018109,0.00118861,0.0024278,0.0169124,0.0341639,0.019859,0.0025755,0.00257155
0.000820034,0.00109627,0.00266936,0.00260331,0.00181118,0.00293074,0.00696064,0.0157363,0.0226048,0.0104382,0.00144016,0.00133221
0.000463969,0.000848017,0.000959199,0.00188085,0.00155478,0.00167688,0.00555467,0.011035,0.0234627,0.0122046,0.00148371,0.00151805
0.000483341,0.000868962,0.00257682,0.00327494,0.00225618,0.00351796,0.00621492,0.0112317,0.0162809,0.00897071,0.00140975,0.00203677
0.000635564,0.00136809,0.00292121,0.00163629,0.00177262,0.00347573,0.00422798,0.0125985,0.0123598,0.00438031,0.00136846,0.00188073
0.000593813,0.00106123,0.00345401,0.00312166,0.00213495,0.00250352,0.00571597,0.0111393,0.00550973,0.00270597,0.00107837,0.00128699
0.000475622,0.00146947,0.00399985,0.00250619,0.00148035,0.0014122,0.00731964,0.0147833,0.00506668,0.00431076,0.00058708,0.000952679
0.00075035,0.00176479,0.00469136,0.00277689,0.00133961,0.00162992,0.00746312,0.0135713,0.00645848,0.00319671,0.000888553,0.00146404
0.00106594,0.00256067,0.00537759,0.00257983,0.000866034,0.000990319,0.00443517,0.0100482,0.00779004,0.00214697,0.00123298,0.00193947
0.000730035,0.00155116,0.00548029,0.00323947,0.00077117,0.000892693,0.00782925,0.0181008,0.0110475,0.00271323,0.000990241,0.00138402
0.000816993,0.00226491,0.00562639,0.00341126,0.00127872,0.0012488,0.0109088,0.0254603,0.0123479,0.00263944,0.00106833,0.00196974
0.0007743,0.00214764,0.0051222,0.00277172,0.00122309,0.00151478,0.0103521,0.0246161,0.0129906,0.00251897,0.000917499,0.00140331
0.000646642,0.00157721,0.00449524,0.00265817,0.00111694,0.00185199,0.00790949,0.0191185,0.0136691,0.00416373,0.00061619,0.00139536
0.000683754,0.00110658,0.00431938,0.00293824,0.0014456,0.00217416,0.00700787,0.0146231,0.0102936,0.0026115,0.00102858,0.00213824
0.00119198,0.00164327,0.00447568,0.00279546,0.00143525,0.00224472,0.00816165,0.0175576,0.0094487,0.00175756,0.000954279,0.00142923
0.000991594,0.00229282,0.00494262,0.00242894,0.00155353,0.00240078,0.00878632,0.019695,0.0108438,0.00203866,0.000870798,0.000859247
0.000809924,0.00264688,0.00563556,0.00304502,0.00148413,0.00239272,0.00878621,0.0209074,0.0116675,0.00223841,0.00109677,0.00117441
0.000742296,0.00224436,0.00486203,0.00276529,0.00132352,0.00186392,0.00779253,0.0178546,0.0102831,0.00209533,0.000818704,0.00118383
0.000648078,0.00172904,0.00344897,0.00183598,0.00120136,0.00198701,0.00626982,0.014532,0.00866004,0.00160165,0.000811662,0.00140866
0.00081788,0.00123117,0.00341187,0.00206514,0.0011497,0.00187963,0.00589548,0.013172,0.00829241,0.0021881,0.00117855,0.00127727
0.00076467,0.000997739,0.00289754,0.00191826,0.000988223,0.00139142,0.00608376,0.0138257,0.00809238,0.00185176,0.000963041,0.00151774
0.000774328,0.00115836,0.00237619,0.00148138,0.00100069,0.00136282,0.0061794,0.0142838,0.0084667,0.00150733,0.000839719,0.00130836
0.000579305,0.00110016,0.00299285,0.0017876,0.000787614,0.00132474,0.00548889,0.0137947,0.0079123,0.00131426,0.00066614,0.0012696
0.000834822,0.00154483,0.00335471,0.00192026,0.000683873,0.0010253,0.00500342,0.0144997,0.00910646,0.000941455,0.000512398,0.000975341
0.00091218,0.0012752,0.00291641,0.00186995,0.000877334,0.00124254,0.00472346,0.0133164,0.00937941,0.00175926,0.000790948,0.000883653
0.00117263,0.00150632,0.00279884,0.00185661,0.000907565,0.00116221,0.00300364,0.0104942,0.0153772,0.00827147,0.00138422,0.0021454
0.000390944,0.000626595,0.00181735,0.00231802,0.00118741,0.000753894,0.00242678,0.0181101,0.0357463,0.0170054,0.000921452,0.00218542
0.000556377,0.000858819,0.00165836,0.0014276,0.000542988,0.000579522,0.00250053,0.0152908,0.0309057,0.0144743,0.000572039,0.00188366
0.000501598,0.00108005,0.00224876,0.00193115,0.000759853,0.000633723,0.00197475,0.0149561,0.0315526,0.0149761,0.00077245,0.00210525
0.000581047,0.000895196,0.00249952,0.00243821,0.00112125,0.000403503,0.00156469,0.0204168,0.0436227,0.0210592,0.00142408,0.00221827
0.000649774,0.000860995,0.00225726,0.0024236,0.00102248,0.000351152,0.00152609,0.0212137,0.046854,0.0225323,0.00110299,0.00264434
0.000309754,0.000700424,0.00218431,0.00250393,0.0011556,0.00045504,0.00170623,0.0210492,0.0457607,0.0218579,0.00133518,0.00256761
0.000371508,0.000642867,0.0020023,0.00278796,0.00136917,0.00053508,0.00171266,0.0226367,0.0498751,0.0241433,0.00120077,0.00236475
0.00019439,0.000281528,0.00147631,0.00282712,0.00142094,0.000317229,0.00160863,0.0211505,0.0481127,0.0241358,0.00136074,0.00223781
0.000466354,0.000514879,0.00152285,0.00244486,0.00156727,0.000677566,0.0018324,0.0180824,0.0414405,0.0203374,0.00129684,0.00206242
0.000635284,0.00031208,0.00151548,0.00277823,0.00250894,0.00208441,0.00228126,0.0190262,0.0423394,0.0200706,0.00109053,0.00180955
0.00114977,0.00138106,0.00255139,0.00385643,0.00561081,0.0101634,0.00696665,0.0217283,0.0479752,0.0235976,0.0015775,0.00162487
0.00174147,0.00191176,0.00197237,0.00304922,0.00673329,0.0124389,0.0105523,0.0239339,0.0538785,0.0295983,0.0031627,0.00222557
0.00163789,0.00163533,0.00187115,0.0041387,0.00458414,0.00875383,0.00663525,0.0249313,0.0587514,0.0292259,0.00155908,0.00195774
0.00174992,0.00139285,0.00275967,0.00455528,0.00403264,0.00570806,0.00716532,0.0164141,0.0346594,0.0235093,0.00386855,0.00183568
0.00131871,0.00289081,0.00393396,0.0010194,0.00323378,0.00589674,0.00752191,0.0103978,0.0204227,0.0110911,0.00275842,0.00229883
0.00135245,0.00207698,0.00355053,0.00252313,0.00357469,0.00342442,0.00480477,0.0107735,0.0188981,0.00946269,0.00186886,0.00131294
0.00115333,0.00195905,0.00369165,0.0025744,0.00339784,0.00402942,0.00634735,0.0101392,0.00800321,0.00407658,0.00143313,0.000989554
0.000730328,0.0015497,0.00409461,0.00230392,0.00239033,0.00329535,0.00590365,0.0133242,0.0092128,0.00340618,0.00102445,0.00132853
0.000856232,0.00222331,0.0060197,0.0035412,0.00184621,0.00319132,0.00454527,0.0153722,0.0126011,0.0037596,0.00110203,0.00108992
0.000831059,0.00269133,0.00797171,0.00440266,0.00183239,0.00293569,0.00542128,0.0174982,0.0154646,0.00525115,0.00133044,0.00159092
0.00121871,0.00279033,0.00768314,0.00428032,0.00141592,0.00226509,0.00607504,0.0158042,0.0105466,0.00184536,0.00107045,0.00174688
0.000539213,0.00242514,0.00686324,0.00370785,0.00120594,0.00223608,0.00448768,0.0130822,0.0084763,0.00257214,0.0011668,0.0021242
0.000500339,0.00227119,0.00599947,0.00324018,0.00166258,0.00228073,0.00764394,0.0187119,0.00986554,0.00209284,0.000876155,0.00121079
0.000829376,0.00139999,0.00485409,0.00305989,0.001708,0.00232199,0.00887969,0.0228415,0.0127397,0.0024764,0.000800194,0.00184422
0.000476722,0.00165018,0.00446541,0.00267493,0.00123108,0.0016962,0.00879395,0.0224362,0.0113381,0.00208994,0.000756991,0.00145003
0.000933657,0.00207372,0.00538595,0.00284463,0.00077716,0.00146703,0.00762793,0.0177877,0.00944451,0.00256534,0.000561864,0.00160537
0.000576944,0.00257026,0.0057715,0.00318757,0.00129112,0.00187789,0.00624526,0.0126187,0.00571699,0.00110658,0.0010052,0.00141742
0.000583435,0.00196868,0.0046173,0.00255823,0.000984973,0.00148621,0.00393564,0.00958055,0.00586227,0.00123663,0.000500125,0.000868276
0.000388725,0.00167535,0.00393841,0.00232838,0.000712097,0.00113873,0.00429848,0.0109436,0.00640251,0.000801087,0.00071978,0.00107481
0.000927431,0.00173756,0.00472214,0.00274054,0.000775254,0.00100132,0.00442452,0.0104564,0.00553254,0.00108955,0.000851778,0.00188152
0.000441268,0.00156163,0.00460388,0.00259318,0.000793819,0.00134054,0.00526842,0.0122448,0.00673503,0.00081742,0.000946218,0.00180734
0.000529665,0.00141141,0.00372268,0.00190193,0.000563506,0.000912002,0.00551343,0.0132439,0.00677206,0.00058858,0.000660617,0.00136518
0.00040686,0.00107713,0.00335054,0.00200393,0.000608917,0.000739058,0.00474684,0.0109408,0.00530661,0.00105434,0.000703522,0.00103674
0.000429274,0.0012711,0.00314354,0.00178983,0.000619672,0.00137034,0.00391171,0.00885676,0.00493774,0.000861824,0.000627129,0.00109241
0.000534466,0.00103651,0.00238056,0.00128083,0.00124859,0.0027972,0.00426072,0.00792293,0.00472138,0.000912871,0.00046032,0.00106505
0.000375423,0.000723913,0.00158553,0.000961822,0.00177353,0.00424989,0.00420852,0.00713068,0.00443045,0.00111837,0.000502745,0.00120964
0.000403123,0.000612532,0.00149547,0.000837989,0.000808081,0.000966729,0.00265263,0.00663074,0.00415582,0.00180122,0.000716026,0.000865127
0.000354125,0.000704117,0.00183402,0.00113318,0.000860899,0.00115571,0.00278988,0.0125846,0.0195906,0.0084977,0.000827206,0.000912515
0.00052513,0.000722779,0.00195933,0.00156917,0.000983611,0.000829534,0.00179193,0.0116393,0.0209413,0.00986336,0.000857368,0.001021
0.000392903,0.000854373,0.00194784,0.00139787,0.000867552,0.00120255,0.00204062,0.0103904,0.0186466,0.00854584,0.000833381,0.00119569
0.000334587,0.000651391,0.00164897,0.00130983,0.000607596,0.000532282,0.00162586,0.0122414,0.0220966,0.00976091,0.000512181,0.00131915
0.000249962,0.000647969,0.0013804,0.00147466,0.000756119,0.000636581,0.00172265,0.0150295,0.0300637,0.0136528,0.0004829,0.00136296
0.000231261,0.000446055,0.00101549,0.00134947,0.000767435,0.000423152,0.00122397,0.0158969,0.0349867,0.0168202,0.000705033,0.00169917
0.000391183,0.000508503,0.000960449,0.00130024,0.000858637,0.000563358,0.00133388,0.0155951,0.0356419,0.0172972,0.000695341,0.00163065
0.000411016,0.000581897,0.00169004,0.0022668,0.00124991,0.000450907,0.00142723,0.0159711,0.037821,0.0189617,0.00102625,0.00189541
0.000274275,0.00061154,0.00203823,0.00332684,0.00191883,0.000765214,0.00121611,0.0177708,0.0444427,0.0233931,0.00151961,0.0017077
0.000375179,0.000631182,0.00186932,0.00262054,0.00131221,0.000462338,0.00123487,0.0201477,0.0468757,0.0232722,0.00121124,0.00211028
0.000415111,0.000639751,0.0017216,0.00234767,0.00120284,0.000613249,0.000856578,0.0180356,0.0408831,0.0195177,0.000759512,0.00229832
0.000623038,0.00048913,0.00423131,0.0068939,0.00315401,0.000824247,0.0014542,0.0177817,0.0394503,0.0185948,0.00136093,0.00260194
0.000762127,0.000937427,0.0059248,0.0149929,0.00786877,0.00139205,0.000993268,0.018116,0.041734,0.0196837,0.00120562,0.00133041
0.000737386,0.00119229,0.00786521,0.0196577,0.0123045,0.00204062,0.000839887,0.020741,0.049079,0.0243474,0.00155903,0.00336011
0.000709301,0.00127687,0.00455159,0.00993393,0.00519824,0.00220369,0.00214868,0.010093,0.0219065,0.0133841,0.00238398,0.00237466
0.000739695,0.00135683,0.003578,0.00403432,0.00301515,0.00245748,0.00373893,0.00896369,0.0166996,0.00846354,0.0019548,0.00103081
0.00116733,0.00172146,0.00344876,0.00407607,0.00439965,0.00425407,0.00545361,0.0132752,0.0156625,0.00571116,0.00146741,0.00156622
0.000979385,0.00221775,0.00470753,0.00318804,0.00222566,0.00306408,0.00635461,0.0164419,0.0159044,0.0049181,0.00120821,0.00128969
0.000770006,0.00226656,0.00561032,0.0054404,0.00318413,0.00204863,0.00664288,0.0143622,0.0123579,0.00433285,0.00165647,0.00139557
0.000598805,0.00249022,0.00536768,0.00498104,0.00305186,0.00144483,0.00613397,0.0136866,0.0113687,0.00345101,0.0018204,0.00128246
0.000714197,0.00198713,0.00540215,0.00282237,0.00127548,0.0017925,0.00614921,0.0120222,0.00977632,0.00303474,0.0013696,0.00186924
0.000535351,0.00172589,0.00497564,0.00289537,0.0016416,0.00213871,0.00637515,0.0138269,0.0106487,0.00405729,0.000943784,0.00142482
0.00087842,0.00160928,0.0051862,0.00367736,0.00202921,0.00211442,0.00645255,0.0156194,0.0118037,0.00334818,0.0010058,0.00180353
0.000544939,0.00221906,0.00694605,0.00490734,0.00193888,0.00184323,0.00679561,0.0170763,0.011694,0.00314338,0.00112767,0.00127701
0.000745415,0.00297139,0.0079674,0.00428919,0.00146399,0.0014561,0.00735242,0.0177541,0.0109514,0.0025064,0.0014088,0.00182019
0.000636088,0.00313166,0.0087801,0.00504036,0.00125763,0.000996183,0.00706154,0.0176832,0.0110301,0.00227443,0.00129559,0.00207519
0.00060051,0.00323101,0.00810387,0.00475571,0.00144422,0.00118856,0.0066329,0.0176405,0.0111492,0.00218568,0.000878232,0.00106526
0.000445788,0.00260427,0.00635143,0.00351818,0.000782998,0.000904447,0.006502,0.0170915,0.0115213,0.00261532,0.000814795,0.00112347
0.000447532,0.00184056,0.00458746,0.00253323,0.000935733,0.000591451,0.00601285,0.0155119,0.0101183,0.00220334,0.000911153,0.00123882
0.000403619,0.00146582,0.00338332,0.00211316,0.000843902,0.000656892,0.00563093,0.0141254,0.00913878,0.00197833,0.000890412,0.0012381
0.000618427,0.00102857,0.00255504,0.00142508,0.000484849,0.000405898,0.00477247,0.0118849,0.00765773,0.00160765,0.000968618,0.00138944
0.00034438,0.00108174,0.00281851,0.00177048,0.000491724,0.000288161,0.00383015,0.00910946,0.00553072,0.00122879,0.000687263,0.00119978
0.00032971,0.00100046,0.00299901,0.00177801,0.00055777,0.000298537,0.00336863,0.00815832,0.0051683,0.00107176,0.000516753,0.000855626
0.000333665,0.00123935,0.00274494,0.00134673,0.00043398,0.000349888,0.00246426,0.00579148,0.00380578,0.00109615,0.000417842,0.000599554
0.000401226,0.00102592,0.00233044,0.00123937,0.000463267,0.000365446,0.00213974,0.00457324,0.00283763,0.000833233,0.000581237,0.000890776
0.000257626,0.000823559,0.001939,0.00122653,0.000424001,0.000408937,0.00217996,0.0047113,0.00252176,0.000665049,0.000586346,0.00089081
0.000295905,0.000639489,0.00175131,0.0011926,0.000397668,0.000355551,0.00208537,0.00588423,0.00449597,0.00120365,0.000339239,0.000513945
0.000286715,0.000705698,0.00171858,0.00118344,0.000407635,0.00035835,0.00154126,0.00408302,0.00308847,0.000823549,0.000379167,0.000646999
0.000428832,0.000642503,0.00159346,0.00103935,0.000584522,0.000358255,0.0014644,0.00382848,0.00325022,0.00132377,0.000797886,0.000631094
0.00032906,0.000723,0.00273697,0.00268226,0.000950366,0.000281405,0.00156933,0.00371667,0.00238783,0.000898988,0.000664195,0.000530694
0.000269954,0.000797286,0.00173395,0.00141961,0.000483394,0.000221428,0.00141722,0.00524257,0.00597461,0.00270207,0.00098401,0.000686978
0.0002929,0.000507474,0.00161432,0.00130323,0.000602463,0.000421602,0.00129415,0.00877899,0.014503,0.00608661,0.000712841,0.00101045
0.000234021,0.000616873,0.00110735,0.000957533,0.000438423,0.000483602,0.00141357,0.009317,0.016591,0.00731015,0.000643967,0.000893979
0.000221854,0.000485613,0.000839809,0.000701592,0.00049147,0.000317083,0.00113187,0.0098699,0.0177629,0.0075049,0.000512958,0.00101995
0.000247645,0.000431949,0.000797761,0.000466747,0.00020301,0.000295495,0.00106733,0.0114293,0.0230446,0.0108151,0.000728502,0.00104686
0.000302359,0.000544419,0.00117329,0.00112032,0.000484031,0.000328082,0.000980664,0.0131609,0.0281979,0.0132769,0.000634152,0.00126813
0.000215442,0.000656041,0.00122288,0.00095642,0.000609169,0.00032567,0.000721783,0.0131542,0.0291661,0.0135005,0.000476079,0.00125198
0.000171032,0.00077413,0.00139359,0.00123577,0.000563873,0.000212691,0.000737291,0.0141649,0.0333831,0.0165083,0.000816576,0.00126137
0.000234586,0.000588719,0.00151515,0.001587,0.000817315,0.000401247,0.000562312,0.0151936,0.0368871,0.0183986,0.000990249,0.00147349
0.000140444,0.000496891,0.00159213,0.00195484,0.00102402,0.000420106,0.000418697,0.0166896,0.0402943,0.0197431,0.000998373,0.00149249
0.000351878,0.000397846,0.00134299,0.00165917,0.000799324,0.000321107,0.000457399,0.0174744,0.0404174,0.0192544,0.000787458,0.00178299
0.000673138,0.00173537,0.00263495,0.0021843,0.000880025,0.000634091,0.000512528,0.017553,0.0391614,0.0182312,0.000905595,0.00164988
0.000668974,0.00191287,0.00568372,0.00376658,0.000858295,0.000867499,0.001208,0.0180077,0.0391692,0.0182508,0.00123353,0.00184931
0.000646103,0.00323992,0.00954107,0.00601755,0.00147321,0.00102085,0.00165726,0.0168341,0.0365317,0.0163708,0.0010539,0.00184927
0.000952159,0.00362615,0.0106539,0.00831485,0.00223708,0.000900279,0.00221484,0.0122684,0.0199756,0.011139,0.00161194,0.00183306
0.00114798,0.00252027,0.006625,0.00535988,0.00176336,0.00115994,0.00298955,0.0106276,0.0153076,0.00605426,0.00141198,0.00191028
0.000489268,0.00188961,0.00488313,0.00304911,0.000703749,0.00103612,0.00336955,0.0107802,0.0168396,0.0073987,0.00112333,0.00132117
0.000847225,0.0015555,0.00380222,0.00210405,0.000920451,0.0010204,0.00425553,0.0121648,0.0117869,0.00363471,0.00128926,0.00131717
0.00111298,0.00197519,0.00418028,0.00219777,0.000960496,0.00124572,0.00456693,0.0108966,0.0105368,0.00389038,0.000827406,0.00169517
0.000940493,0.0023654,0.00541342,0.0029142,0.0011456,0.00146533,0.00502845,0.011233,0.00946843,0.00362176,0.00101571,0.00118101
0.000272669,0.00216898,0.00506566,0.00279294,0.00141632,0.00164682,0.00509511,0.0125432,0.00929704,0.00296498,0.000560381,0.000647045
0.000620743,0.00242797,0.00489776,0.00267577,0.000980355,0.00174596,0.00628376,0.0148211,0.0104197,0.0031145,0.000699115,0.00101751
0.000517944,0.00205107,0.00450483,0.00269123,0.00131024,0.00151117,0.00568789,0.0143015,0.0102332,0.00329123,0.00103396,0.00108667
0.000481804,0.00231841,0.00598304,0.00343685,0.00123432,0.00137988,0.00576078,0.0148079,0.0101126,0.00300298,0.00104781,0.00137959
0.000259569,0.0019525,0.00490191,0.0024194,0.00113524,0.00158682,0.00545521,0.0139224,0.0090142,0.00204955,0.00066118,0.00100989
0.000488739,0.00205237,0.00496339,0.00257984,0.00110382,0.00167097,0.00553957,0.0142359,0.00854196,0.00199647,0.00088963,0.00164369
0.000550311,0.00167314,0.00424977,0.00206984,0.000972902,0.00125896,0.005847,0.01351,0.00728903,0.00183054,0.000963592,0.0019587
0.000454113,0.00137512,0.00351057,0.00201828,0.000760973,0.000906947,0.00534172,0.0121061,0.0072429,0.00164135,0.00120642,0.00173136
0.000516215,0.000880261,0.0024167,0.00142321,0.00072984,0.000907203,0.00517619,0.012171,0.00755357,0.002029,0.00118402,0.00162979
0.000509251,0.00119654,0.00317389,0.00196779,0.000956835,0.00122358,0.00489765,0.0113369,0.00689711,0.00146696,0.00109093,0.00179925
0.000495548,0.00135795,0.00345997,0.00183653,0.000560387,0.000842417,0.00411353,0.00962253,0.00500558,0.00125024,0.000919617,0.00144446
0.000310368,0.00112307,0.00273693,0.00134948,0.0005654,0.000871718,0.00403347,0.00903766,0.00431402,0.000981602,0.000653036,0.00137713
0.00054436,0.000999113,0.00231202,0.00110291,0.000597744,0.000931293,0.00418445,0.00866477,0.0040675,0.000805813,0.000876671,0.00132688
0.000299412,0.00116262,0.00230718,0.00117143,0.000551919,0.000731646,0.00351243,0.0081846,0.00449393,0.000870339,0.0006614,0.000981067
0.000447594,0.00111951,0.00238218,0.00129067,0.000503911,0.00061419,0.00282024,0.00668805,0.00395413,0.000773981,0.000522226,0.000902463
0.000319494,0.000688064,0.00179999,0.0010587,0.000583547,0.000715681,0.00275632,0.00602763,0.00329596,0.000706932,0.000409966,0.000916688
0.000356902,0.000525469,0.00102695,0.000571669,0.000470601,0.000612343,0.00211577,0.00495957,0.00290074,0.000552238,0.000487739,0.000731894
0.000227848,0.000670384,0.00151829,0.00092902,0.000506253,0.00065526,0.00161965,0.00396216,0.00227368,0.000422982,0.000457438,0.000719404
0.000231389,0.000810244,0.00198872,0.00116969,0.000466915,0.000524066,0.00157766,0.00383722,0.00236888,0.000535147,0.000413602,0.000689766
0.000345255,0.00088556,0.00216688,0.00119135,0.00046723,0.000439898,0.00156911,0.00391259,0.00206433,0.000586468,0.000528798,0.000765964
0.000314351,0.000640572,0.00188174,0.00110263,0.000457326,0.000610395,0.00183694,0.00479244,0.00281343,0.000543984,0.000467927,0.000901649
0.000277208,0.000614606,0.00155074,0.000772389,0.000460848,0.000541772,0.00188286,0.00521644,0.00304675,0.000432531,0.000344796,0.000663449
0.000301877,0.000931647,0.00190646,0.00092652,0.000217493,0.000416841,0.00264412,0.00638421,0.00354903,0.000413937,0.000396091,0.000504963
0.000329728,0.000752389,0.00161274,0.000756748,0.000236951,0.000514593,0.00212192,0.00374163,0.00261958,0.000763708,0.00044763,0.00089526
0.000331402,0.000543906,0.0011094,0.000592416,0.000558511,0.000683404,0.00322348,0.00745223,0.00392491,0.00136157,0.000509452,0.000720647
0.000335032,0.000597108,0.00123274,0.00111076,0.000766505,0.000575382,0.00218168,0.00660151,0.00767895,0.00329313,0.000487147,0.000560367
0.00026139,0.000479554,0.00105186,0.000744806,0.000420869,0.000473413,0.00202827,0.00966034,0.0154397,0.00723692,0.000862423,0.00105704
0.000298778,0.00049839,0.001413,0.00113266,0.000573849,0.000518309,0.00204885,0.0101682,0.0158325,0.00624374,0.000571388,0.000934734
0.000293807,0.000630419,0.00120717,0.00106346,0.000932621,0.000885569,0.00210039,0.0101646,0.0153157,0.00566035,0.000311911,0.00101118
0.000206163,0.000462538,0.00114327,0.000907897,0.000606207,0.000729975,0.00222033,0.0113158,0.0171927,0.00673101,0.000404932,0.00102755
0.000211634,0.000466799,0.000967466,0.000726247,0.000494772,0.000604391,0.00202538,0.0111502,0.0183755,0.00740523,0.000226483,0.0010172
0.000240594,0.00055911,0.00116574,0.000938959,0.000737841,0.000764804,0.00213111,0.012505,0.0207773,0.00872377,0.00051232,0.000846628
0.000272043,0.000441763,0.000815038,0.000689422,0.000739242,0.000987484,0.00211574,0.0126372,0.0212982,0.00874442,0.000516233,0.00113907
0.000317373,0.000401349,0.000775947,0.000538381,0.000580005,0.000690989,0.00173359,0.0127576,0.02191,0.00887212,0.000566391,0.00105149
0.000213413,0.000459273,0.00109142,0.00101256,0.000767594,0.000719048,0.00154218,0.0129104,0.0238272,0.0103148,0.000492944,0.000835614
0.000289647,0.000458045,0.00108869,0.000974592,0.000729168,0.000782418,0.00159335,0.0126626,0.0230222,0.00997297,0.000576908,0.000986272
0.000261491,0.000579253,0.00118548,0.000855083,0.000613894,0.000605671,0.00132659,0.0129178,0.022391,0.0090642,0.000217889,0.000892849
0.000264342,0.000346864,0.00100924,0.00109571,0.000718486,0.0005364,0.00143316,0.0132913,0.023866,0.00996883,0.000172736,0.000807593
0.000292646,0.000315471,0.000771452,0.000567791,0.000476326,0.000642732,0.00133261,0.0130809,0.0237747,0.00992774,0.000422171,0.000927993
0.00012879,0.000351107,0.000779825,0.000709041,0.000687895,0.000890883,0.00147424,0.012776,0.0230489,0.00961335,0.000434743,0.000728177
0.000189107,0.000331824,0.000692151,0.000730946,0.000719753,0.000818635,0.00169983,0.0121484,0.0212535,0.00888862,0.000556983,0.000813691
0.00019635,0.000395449,0.000770221,0.000541334,0.000584499,0.000888336,0.00248911,0.0116703,0.0141306,0.00511225,0.000622248,0.000562803
0.000388377,0.000542797,0.0013529,0.00117004,0.000818781,0.00106031,0.00295843,0.0069837,0.00723672,0.00246621,0.000478914,0.00040499
0.000298796,0.000603059,0.00135179,0.000676032,0.000609063,0.000921529,0.00269093,0.00677185,0.00754125,0.00304908,0.000307507,0.000586182
0.000317048,0.000456619,0.00125514,0.000788604,0.000490854,0.000773317,0.00164337,0.00509866,0.00517008,0.00168149,0.000396096,0.000686073
0.000298761,0.000595526,0.00128948,0.000745689,0.000634973,0.000883962,0.00269338,0.00836568,0.00798196,0.00220856,0.00021213,0.000566346
0.000223628,0.00038525,0.00121383,0.000844167,0.000659145,0.000989694,0.00240382,0.00589835,0.00392229,0.00131933,0.000296326,0.000558111
0.000389594,0.000566336,0.00116616,0.000663765,0.000560546,0.000965264,0.00220389,0.00523618,0.00379871,0.00144392,0.000314404,0.000695955
0.000362839,0.000607728,0.00149122,0.000836818,0.000556,0.000799675,0.00284785,0.0072616,0.00546654,0.0015291,0.000439695,0.000570869
0.000210337,0.000879225,0.00201933,0.00115635,0.000685279,0.000810336,0.00281964,0.00809997,0.00680176,0.00177969,0.000274904,0.000455715
0.000208978,0.000928852,0.00215262,0.00122989,0.000657685,0.000959792,0.00325494,0.00806508,0.00616443,0.00147952,0.000308871,0.000571006
0.000205828,0.000907223,0.00224576,0.00116592,0.000518706,0.000946288,0.00369308,0.00846818,0.00552867,0.00119145,0.000271204,0.000500329
0.000258016,0.000772768,0.00182136,0.00103165,0.000555687,0.000890589,0.00347864,0.00864519,0.00541924,0.00113963,0.000439161,0.000589953
0.000280283,0.00051181,0.00117239,0.00068212,0.000535367,0.000702965,0.00358733,0.00834657,0.00520455,0.00102062,0.000530689,0.000935024
0.000197154,0.000362022,0.00103281,0.000584027,0.000546806,0.00084119,0.00328627,0.00795802,0.00492108,0.000886016,0.000329475,0.000581815
0.000238493,0.000532943,0.0015581,0.000929914,0.000558722,0.000734692,0.00328292,0.00822539,0.00465063,0.000628111,0.000364457,0.00046268
0.000331413,0.000563133,0.00185143,0.00116749,0.000674294,0.000848351,0.00304939,0.00740516,0.00391904,0.000553831,0.000234441,0.000394907
0.000379246,0.000676598,0.00174398,0.000933125,0.000604128,0.000982955,0.00271754,0.00645512,0.0034348,0.000602109,0.000325859,0.000510037
0.000275901,0.00062803,0.00162696,0.000882521,0.000440522,0.00066959,0.00233146,0.00567493,0.00315719,0.000592707,0.000270587,0.000411106
0.000150076,0.000775398,0.00183402,0.0010414,0.000496151,0.000670025,0.00218645,0.00533316,0.00312685,0.000643961,0.000326996,0.000472062
0.000231582,0.000741335,0.00170274,0.000902541,0.000502423,0.000861918,0.00218933,0.00489061,0.00268139,0.000405406,0.000198179,0.000420213
0.000329611,0.000660494,0.00149404,0.000871944,0.000491654,0.000640934,0.00196531,0.00460737,0.00253095,0.000452044,0.000317342,0.000561589
0.000287483,0.000577304,0.00145449,0.000884792,0.000526728,0.000738683,0.0021929,0.00459224,0.00262901,0.000568222,0.000242717,0.000451388
0.000143095,0.000517896,0.00151593,0.000916771,0.000565198,0.000826752,0.00205759,0.00428141,0.00227631,0.000316481,0.000237759,0.000345027
0.000198433,0.000576149,0.00163947,0.000866486,0.000445723,0.00064252,0.00160895,0.00404788,0.00256161,0.000446768,0.000201033,0.000401322
0.000200632,0.000628273,0.00156769,0.000914056,0.000442731,0.000706565,0.00166138,0.00375185,0.00233157,0.000491577,0.000186809,0.000295662
0.000245114,0.000624743,0.00155757,0.00094436,0.000613573,0.000783747,0.00149608,0.00317559,0.00206784,0.000318946,0.000178567,0.000302028
0.000238459,0.000525179,0.00117718,0.000702436,0.000500564,0.000682051,0.00203676,0.00421366,0.00232764,0.000605811,0.000146221,0.000323112
0.000203331,0.000735045,0.00166486,0.00100911,0.000553827,0.000671694,0.0036955,0.00933939,0.00538976,0.00111659,0.000521234,0.000679952
0.000189245,0.000687341,0.00157134,0.000947527,0.000564918,0.000717758,0.0034979,0.00900907,0.00479503,0.000461267,0.000402913,0.00060671
0.000177861,0.000785181,0.00204717,0.0011022,0.000521362,0.000761492,0.0037253,0.00940008,0.00502385,0.000607876,0.000445544,0.000638271
0.000630075,0.000500068,0.00145946,0.00197575,0.00201496,0.00130207,0.00513289,0.0140058,0.0237406,0.0209449,0.00652006,0.000720803
0.000324246,0.000550732,0.00103074,0.00112751,0.00238662,0.00205042,0.00381622,0.00828267,0.0133161,0.0280497,0.0158158,0.00125802
0.000354522,0.000270396,0.000803711,0.000605119,0.00154417,0.00128602,0.00364814,0.00670532,0.01129,0.0276757,0.0163072,0.00173643
0.000147098,0.000404017,0.000869894,0.000601846,0.000696793,0.00126893,0.00347412,0.00633881,0.00383497,0.0126539,0.0108688,0.00229499
0.000262147,0.000350494,0.000632835,0.000609799,0.000745184,0.00185414,0.00387883,0.0071889,0.00384425,0.00730364,0.00768077,0.00222109
0.0139986,0.00522045,0.000952532,0.000348776,0.000768632,0.00112461,0.00383019,0.00744342,0.00317799,0.0027538,0.00547212,0.0132831
0.0189979,0.0107736,0.000957224,0.000614273,0.00100324,0.00107235,0.00268092,0.0067002,0.00437212,0.00357679,0.00565718,0.00857648
0.0216138,0.0113405,0.00121384,0.000521134,0.000586352,0.000789599,0.00315708,0.0071333,0.00472886,0.00325959,0.00290375,0.00879291
0.0266769,0.0125827,0.00104523,0.000442948,0.000683767,0.000944737,0.00297746,0.00747432,0.00486804,0.00370534,0.00272484,0.0136879
0.0145897,0.0082168,0.00311378,0.000852961,0.000551399,0.000842096,0.00220554,0.00470265,0.00401334,0.00313448,0.00237891,0.00934473
0.00756271,0.00334945,0.00181585,0.000994619,0.000474344,0.000827884,0.00223451,0.00474656,0.00342533,0.00242417,0.00152934,0.00362755
0.00539479,0.00259083,0.00198727,0.00119329,0.000594529,0.000793657,0.00181087,0.00399747,0.00304603,0.00221458,0.00216987,0.00293501
0.00295535,0.00206452,0.00209304,0.00137538,0.000757668,0.00078983,0.00164608,0.00374727,0.00229445,0.00260562,0.00257014,0.00109696
0.00353168,0.00290819,0.00347411,0.00186403,0.000419497,0.000677317,0.00198327,0.00419715,0.00310244,0.00287691,0.00142372,0.0015683
0.00299395,0.00214003,0.00390119,0.0021405,0.000494343,0.000782385,0.0020022,0.00410468,0.00295255,0.00243946,0.00137848,0.00139198
0.000798006,0.00128221,0.00369997,0.00220933,0.00056559,0.000760655,0.00198963,0.00402709,0.00277484,0.00209445,0.00160418,0.000504489
0.00142127,0.00170399,0.00414359,0.0022623,0.00053438,0.000642872,0.00168693,0.0039407,0.00301575,0.00237758,0.00185981,0.00168689
0.00156116,0.00209439,0.00450281,0.00248881,0.000522471,0.000648573,0.00171189,0.00374046,0.00279362,0.00256242,0.0018074,0.000796547
0.00083483,0.00216449,0.00533643,0.00307978,0.000681857,0.000814673,0.00164704,0.00355792,0.00288286,0.00269837,0.00163723,0.000570686
0.00172808,0.00179749,0.00586159,0.00319764,0.000596516,0.000686469,0.00172853,0.00391388,0.00334267,0.0036455,0.00214151,0.000622702
0.00155507,0.00197606,0.00556281,0.0031879,0.000664808,0.000885884,0.00199782,0.00356088,0.00289778,0.00408566,0.00228396,0.00103834
0.00108455,0.00175521,0.00611978,0.00349683,0.000475881,0.0007446,0.00215134,0.00326269,0.00345607,0.00467467,0.00242642,0.000723758
0.00105104,0.00228211,0.00606794,0.00339659,0.00074849,0.000746398,0.00150492,0.00174491,0.00243393,0.00393119,0.00215708,0.000766987
0.000883035,0.00213152,0.00533156,0.00269284,0.000275261,0.000559316,0.0012454,0.00130504,0.00177142,0.00374773,0.00212835,0.000808548
0.00108601,0.00231003,0.00550491,0.00307283,0.000498566,0.00027144,0.0010188,0.00165305,0.00219119,0.00350847,0.00202468,0.000793768
0.000947688,0.00217312,0.00497513,0.00279917,0.00066566,0.000567901,0.00131318,0.00248091,0.00255479,0.00345508,0.00176781,0.000463017
0.00112119,0.00135911,0.00487738,0.00259435,0.000440447,0.000352812,0.00147718,0.00268009,0.00247513,0.00305205,0.00167827,0.000726126
0.00110328,0.0018409,0.00512075,0.00281654,0.000398901,0.000248853,0.00144746,0.00269997,0.00239656,0.00285335,0.00145905,0.000470921
0.000601891,0.00215777,0.00490663,0.00273653,0.000327855,0.000271005,0.00167939,0.0032808,0.00239801,0.00212167,0.00117307,0.000302431
0.000430202,0.00172409,0.00431823,0.00226449,0.000200713,0.000328109,0.00170745,0.00310301,0.00216625,0.00182854,0.00103789,0.000383909
0.000570861,0.00163518,0.00403948,0.0023081,0.000349655,0.000228016,0.00149901,0.00293325,0.00194355,0.00134224,0.000865016,0.000519787
0.000559688,0.00137959,0.00326279,0.00179217,0.000350037,0.000302102,0.00131865,0.00276575,0.00194935,0.00127016,0.000641685,0.000336754
0.000404427,0.000938465,0.00289131,0.00152612,0.000237465,0.000236514,0.00125887,0.00277189,0.00209911,0.00133468,0.00071574,0.000332534
0.000346453,0.000887539,0.00274503,0.00162436,0.000278422,0.00015778,0.000985816,0.0023196,0.00181144,0.00142532,0.000758729,0.000330955
0.000318572,0.000782675,0.00257869,0.00152645,0.000283381,0.000176814,0.000891259,0.002118,0.00160148,0.0013148,0.000796904,0.000252217
0.000435435,0.000614794,0.00212002,0.00115142,0.000409499,0.000476259,0.00111913,0.00225187,0.0016861,0.00126582,0.000732671,0.000378429
0.000291699,0.000670458,0.00205939,0.00114981,0.000124408,0.000272379,0.000999703,0.00227179,0.00157052,0.00106334,0.000600676,0.000333755
0.000193653,0.000691536,0.00178762,0.0010148,0.000267844,0.000286139,0.00107292,0.0024104,0.00167289,0.000988264,0.00054528,0.000249245
0.000136148,0.00068462,0.00173537,0.00100363,0.000261016,0.000252723,0.00102419,0.00244627,0.00166456,0.000848493,0.000489006,0.000230138
0.000113866,0.000563823,0.00152744,0.000821386,0.0001976,0.000268902,0.00108027,0.00243756,0.00162066,0.00057084,0.000413821,0.000250905
0.00039368,0.000570976,0.0013301,0.000835598,0.000244415,0.000237119,0.001183,0.0025229,0.0015638,0.000445892,0.000250548,0.000380948
0.00019158,0.000484334,0.00120787,0.000684506,0.000191877,0.000222339,0.00104019,0.00250077,0.00169732,0.000530178,0.000271936,0.000202465
0.000148397,0.000464681,0.0010148,0.000588332,0.000235295,0.000288579,0.00119829,0.00258674,0.00161384,0.000504167,0.000230373,0.000282578
0.000151874,0.000300628,0.00089077,0.000596435,0.000236379,0.00030432,0.00103256,0.00244371,0.00163006,0.000541837,0.00029625,0.00032379
0.000149913,0.000387159,0.000923707,0.000568699,0.000276773,0.00032737,0.00111632,0.00254141,0.00165872,0.000331743,0.000169467,0.000231589
0.00016088,0.00043021,0.000966252,0.000585026,0.000316318,0.000367306,0.0012135,0.00259541,0.00170832,0.000457706,0.000243879,0.000225929
0.000202523,0.000491547,0.00100501,0.000567418,0.000204145,0.000302735,0.00120798,0.00262277,0.00168347,0.000561159,0.000227512,0.000253693
0.000137925,0.000393821,0.000917474,0.000560585,0.000181513,0.000310697,0.00130222,0.00272904,0.00173221,0.000437117,0.000232043,0.000206586
0.000165369,0.000468291,0.00100142,0.000507538,0.00021823,0.000246851,0.00117647,0.00278178,0.00181729,0.000330861,0.000193857,0.000236199
0.000281507,0.000538709,0.000932695,0.000561729,0.000326569,0.000514163,0.00214276,0.00467777,0.00272415,0.000487321,0.000295074,0.000291348
0.000252548,0.000396573,0.000862481,0.000468977,0.000362816,0.000416854,0.00352405,0.00877128,0.00467643,0.000542473,0.000258661,0.000479649
0.00017116,0.00048422,0.00137617,0.000893244,0.000454137,0.000523598,0.00399176,0.00905232,0.00717903,0.00152061,0.000509664,0.000456084
0.00028855,0.000337012,0.000649173,0.00169472,0.00258894,0.00124547,0.00326616,0.00771262,0.0125001,0.0216925,0.00864279,0.000867897
0.000396775,0.00036149,0.000853039,0.00150364,0.00253279,0.00140185,0.00203386,0.00493675,0.0157097,0.0280453,0.0117402,0.000484614
0.000217495,0.000543633,0.00119452,0.00102882,0.00224532,0.00188864,0.00291268,0.00691699,0.0093419,0.0245699,0.0156078,0.0019441
0.000326085,0.00048414,0.00117332,0.000713483,0.000698121,0.00168481,0.00305836,0.00511587,0.00304008,0.00629625,0.00982448,0.00362502
0.010645,0.00260872,0.00165503,0.00108537,0.000379855,0.0004546,0.00354745,0.00835649,0.00511395,0.00928659,0.005555,0.0120285
0.0182356,0.00813713,0.00120464,0.000687191,0.000808128,0.000613573,0.00401083,0.00809804,0.00568727,0.00708388,0.00377412,0.0116162
0.00476393,0.00315235,0.000933911,0.000525327,0.000440297,0.000474105,0.00251835,0.00565862,0.00403285,0.00356104,0.00314411,0.00291358
0.00216536,0.00143018,0.00291907,0.00155044,0.000332816,0.000494726,0.00229496,0.00513502,0.00317019,0.00301634,0.00281105,0.0024286
0.00188248,0.00199227,0.00377219,0.00201564,0.00042115,0.000503813,0.00217028,0.00469957,0.00319016,0.00398001,0.00222158,0.000754325
0.00266275,0.00151823,0.00394487,0.00228791,0.000379584,0.000397188,0.00181155,0.00422326,0.00320199,0.00368267,0.00260401,0.00209167
0.00299184,0.00196316,0.00511218,0.00305452,0.00061488,0.000510506,0.00191947,0.00437976,0.00285614,0.00347614,0.00289296,0.00338478
0.000603691,0.00183738,0.00519084,0.00303919,0.000632437,0.000556379,0.00191342,0.00425182,0.00300501,0.00307544,0.00258887,0.00128674
0.00201755,0.00249592,0.00459583,0.00254662,0.000381859,0.000441268,0.0019812,0.00468413,0.00306988,0.00302907,0.00191442,0.00106051
0.00161244,0.00194986,0.00430186,0.0024953,0.00041604,0.000413517,0.00187367,0.00424491,0.00340369,0.00310898,0.00119907,0.000810731
0.00102151,0.00161155,0.00334912,0.00186721,0.000417076,0.00049377,0.00154538,0.00370566,0.0029882,0.0027083,0.00175894,0.00061787
0.00118191,0.00107826,0.00347514,0.00209448,0.000316263,0.000440782,0.00165142,0.00366454,0.0028591,0.0026512,0.00163779,0.000851044
0.00109498,0.00135603,0.00311188,0.00174711,0.000219807,0.000397455,0.00161547,0.00366545,0.00260994,0.00255821,0.00219172,0.00113661
0.00104371,0.00116698,0.00288769,0.00161438,0.000242133,0.000399118,0.00163143,0.00374537,0.00291863,0.00187047,0.001144,0.000525676
0.00116027,0.00112752,0.00250206,0.00138986,0.000236271,0.000428935,0.00184874,0.00409122,0.00253184,0.00118425,0.000848777,0.00110824
0.00121099,0.00101218,0.00214695,0.00121322,0.000311898,0.000385658,0.00192042,0.00403426,0.00230901,0.00136895,0.000604986,0.000702092
0.000726625,0.000824411,0.00147706,0.000837448,0.000267092,0.000406727,0.00181315,0.00416424,0.00247466,0.00106401,0.000476812,0.000368785
0.000226518,0.000488585,0.00121149,0.000729173,0.000255239,0.000386037,0.00176059,0.00406351,0.00268925,0.0012186,0.0006463,0.000388879
0.000185913,0.000405334,0.000938327,0.000514448,0.000265368,0.000341772,0.00181742,0.0040272,0.00243668,0.0010283,0.000355712,0.000333178
0.000603569,0.000355004,0.000808529,0.000519851,0.000313423,0.000445995,0.00182224,0.00404929,0.00248287,0.000846401,0.000350845,0.000278376
0.000583428,0.000329186,0.00075892,0.000499165,0.000328234,0.000374532,0.00180741,0.00401992,0.00257889,0.000791593,0.000443514,0.00043737
0.00040069,0.000326713,0.00062853,0.000443142,0.000347527,0.000501615,0.00181577,0.00381635,0.00231139,0.000756708,0.000303067,0.000309634
0.000472794,0.000489664,0.000611016,0.000397129,0.000160457,0.000202767,0.00156791,0.00360509,0.00236106,0.000821878,0.000386306,0.000212233
0.000472566,0.000395223,0.000466251,0.000283143,0.000160522,0.000160555,0.00142163,0.00351108,0.00218262,0.000661286,0.000350465,0.000278591
0.000288048,0.000303668,0.000388348,0.000291156,0.000200947,0.000274497,0.00163628,0.00357317,0.0022454,0.000604701,0.000311153,0.000272068
0.000228377,0.000251274,0.000424459,0.00028976,0.000179703,0.000175495,0.00145864,0.00338971,0.00204997,0.000572335,0.000254596,0.000193648
0.000272889,0.000280578,0.000383622,0.000233076,0.000135472,0.000282459,0.00160145,0.00346623,0.00203153,0.000520898,0.000241882,0.000228549
0.000365155,0.000333594,0.000381996,0.000277422,0.000238755,0.000142987,0.00143046,0.0034895,0.00222599,0.000526771,0.000293256,0.000396414
0.000284136,0.000273859,0.000455154,0.000256065,0.000147602,0.000245097,0.00153496,0.00357711,0.00227133,0.000544128,0.000270655,0.000321494
0.000302133,0.000431592,0.000646879,0.000343109,0.000142013,0.000167194,0.00155046,0.00358019,0.00214715,0.00053358,0.000337923,0.000301065
0.000140438,0.000361441,0.000734567,0.000464816,0.000187001,0.000262016,0.00162015,0.00364598,0.00222752,0.000633819,0.000222981,0.000252834
0.000266599,0.000356132,0.000643416,0.000406801,0.000191521,0.000315438,0.00162261,0.00357741,0.00218651,0.000558334,0.000239841,0.000275569
0.000268699,0.000444624,0.00070781,0.000420751,0.000259716,0.000363358,0.00205492,0.00474922,0.00278196,0.000560623,0.000289622,0.000344717
0.000288301,0.000529045,0.00134113,0.000950844,0.000336341,0.000335329,0.00465043,0.0126733,0.00781236,0.00128544,0.000458529,0.000417892
0.000177701,0.000383117,0.00145236,0.00104999,0.00034945,0.000392884,0.00389396,0.0090428,0.00567126,0.00068214,0.000328635,0.000351501
0.000232486,0.000338577,0.00105552,0.00162879,0.00149871,0.000764762,0.00398538,0.00907955,0.0160825,0.0187786,0.00507545,0.000417982
0.00031098,0.000435883,0.00122548,0.000582276,0.0014098,0.00150884,0.00291192,0.00645222,0.00609207,0.0177412,0.0121208,0.00166093
0.000321134,0.000674981,0.00164632,0.00105317,0.00057889,0.001235,0.00337091,0.00778377,0.00514572,0.00497605,0.0061112,0.0020331
0.011351,0.00366881,0.00115154,0.000710987,0.000469001,0.000619476,0.00387329,0.00722629,0.00479648,0.00232813,0.00112129,0.010598
0.00536464,0.00275672,0.00125026,0.000664475,0.000411684,0.000421119,0.00306637,0.00751358,0.0042754,0.00216694,0.00259532,0.00387475
0.00235157,0.00148144,0.00241964,0.00132163,0.000316715,0.000746789,0.00255907,0.00464209,0.00323717,0.00527901,0.00344353,0.00306234
0.0012537,0.00228864,0.0041347,0.00208442,0.000530077,0.000588518,0.00231874,0.00502678,0.00469904,0.00402287,0.00249926,0.00144039
0.000784142,0.00190998,0.00450494,0.00264854,0.000321891,0.000470979,0.00202901,0.00441832,0.00243784,0.0027111,0.00173093,0.000560364
0.0010681,0.00152041,0.00393864,0.00197285,0.000302445,0.000482371,0.00178974,0.00396099,0.00211951,0.00193639,0.00107184,0.000912322
0.00155213,0.00155204,0.00378089,0.00222723,0.000388059,0.000423517,0.00176465,0.00426566,0.00279238,0.00115132,0.00138916,0.00172457
0.000647173,0.00124148,0.00394256,0.00232196,0.000394349,0.000558928,0.00186324,0.00441642,0.00292075,0.000752089,0.00106036,0.00104863
0.000891069,0.00119207,0.0028856,0.00159595,0.000393293,0.000549656,0.0016433,0.00340444,0.00244043,0.00165384,0.000875484,0.000391487
0.000564666,0.000592238,0.0020417,0.00125268,0.000350052,0.000495243,0.0016736,0.00362185,0.00248722,0.00135345,0.000453334,0.000389477
0.000389949,0.000747716,0.0018652,0.000995019,0.000339131,0.000408057,0.00153243,0.00346988,0.00235361,0.000723953,0.000366097,0.000571153
0.000700026,0.000953432,0.00188057,0.00105771,0.000314134,0.000511412,0.00149393,0.00321274,0.00219954,0.00176768,0.00113503,0.000817374
0.000416791,0.00105475,0.00213972,0.00114628,0.000229625,0.000462209,0.00145639,0.00306693,0.00208849,0.000842207,0.00061617,0.000296857
0.000464961,0.000716516,0.0018477,0.00107012,0.000346854,0.000464848,0.00137976,0.00283383,0.00194956,0.000590547,0.000588037,0.000431275
0.000461615,0.000448245,0.00113172,0.000729156,0.000335361,0.000512665,0.00261034,0.00551736,0.0033692,0.000822739,0.00057788,0.000562964
0.000575003,0.000359844,0.00113494,0.000634484,0.000262145,0.000486211,0.00354182,0.00864279,0.00454843,0.000838952,0.000423065,0.000626389
0.000273669,0.000578597,0.00134054,0.000818409,0.000277338,0.00049718,0.00412639,0.0108007,0.00604703,0.000816381,0.000382949,0.000447666
0.000367282,0.000605256,0.00139682,0.000760048,0.000291508,0.00045204,0.00483328,0.0120025,0.00641572,0.000798212,0.000383583,0.000601658
0.000394081,0.000655124,0.00144508,0.000839558,0.000305269,0.000384239,0.00548316,0.0135248,0.00730921,0.0010119,0.000446548,0.000591813
0.000407979,0.000673219,0.00173637,0.00101563,0.000368423,0.00042628,0.00612785,0.0154206,0.00826045,0.000949206,0.000444026,0.000692068
0.000268507,0.00058632,0.00146181,0.000747638,0.000205932,0.000461396,0.00715758,0.0178347,0.00931612,0.00061309,0.000363111,0.000613237
0.000189708,0.00039716,0.000879846,0.000530623,0.000318764,0.000387522,0.00788868,0.0200569,0.0105509,0.000896433,0.000304929,0.000443084
0.000248587,0.000324069,0.000961946,0.000668502,0.000312555,0.000437211,0.00865605,0.0216828,0.0111331,0.000657731,0.000386138,0.000647994
0.000275983,0.000488996,0.00118318,0.000610327,0.000370773,0.000393474,0.00898892,0.0224468,0.011471,0.000625043,0.000295751,0.000429982
0.000195389,0.000345589,0.000895395,0.000533197,0.00028312,0.000432818,0.00956456,0.0234196,0.0118968,0.000818245,0.000285606,0.000352323
0.000262163,0.00046075,0.000830221,0.000442882,0.000317547,0.000354281,0.0098187,0.0239572,0.0122716,0.000899229,0.000160552,0.000341948
0.000238503,0.000238749,0.000749326,0.000488679,0.000313313,0.000354635,0.00958639,0.0220953,0.0107414,0.000666047,0.000505432,0.000456978
0.000365563,0.000354635,0.000793126,0.000443697,0.000283272,0.000395251,0.00894169,0.0205434,0.0101279,0.000862185,0.000391466,0.000368551
0.000269076,0.000340259,0.00091707,0.00050562,0.000300532,0.000382026,0.00772252,0.0169391,0.00805103,0.00072237,0.000435876,0.000451526
0.000308327,0.00053051,0.000907153,0.000426983,0.000309463,0.000434674,0.00689951,0.0158371,0.00773169,0.000443057,0.000241902,0.000387238
0.000209503,0.000406813,0.000976873,0.000552799,0.000292869,0.000483665,0.0064563,0.0130888,0.00581484,0.000566662,0.000312272,0.000404824
0.000229127,0.000430466,0.00110131,0.000662051,0.000311319,0.000417028,0.00601326,0.0135981,0.00683143,0.000578663,0.000445288,0.000535217
0.000299126,0.000330146,0.00082644,0.000387551,0.000205533,0.000417695,0.00528985,0.0109807,0.00490333,0.000393616,0.000230469,0.000287931
0.000287646,0.00030409,0.000715969,0.000310548,0.000193129,0.000280152,0.0048996,0.0110578,0.00567359,0.000596681,0.000342526,0.000477349
0.000273464,0.000359775,0.000696418,0.000458945,0.000238306,0.000322762,0.00403251,0.00848749,0.00382246,0.00041023,0.00017611,0.000278814
0.00021478,0.000395232,0.000668491,0.000379169,0.00029288,0.000432936,0.00357905,0.0078146,0.00384815,0.000364555,0.000217381,0.000304035
0.000199592,0.000231214,0.000555366,0.000317644,0.000198696,0.00036259,0.00298189,0.00652296,0.00316362,0.000316098,0.000137123,0.000242741
0.000214866,0.000232284,0.000525236,0.000303021,0.000256265,0.00037821,0.00260363,0.00572995,0.00306945,0.000445683,0.00031422,0.000325038
0.000191562,0.000292005,0.000675488,0.000449992,0.000191617,0.000344214,0.00216233,0.00457636,0.00242795,0.000428188,0.00025093,0.000338478
0.000128019,0.000279547,0.000639472,0.000404757,0.0002401,0.000322814,0.00161869,0.00363165,0.00192238,0.000292689,0.000131297,0.000143491
0.000142567,0.000262865,0.000502289,0.000305517,0.000275809,0.000374798,0.0015781,0.00334422,0.00182002,0.000290629,0.000104953,0.00013027
0.00025333,0.000297048,0.00048321,0.00026019,0.000236481,0.00038575,0.00138774,0.00305623,0.00176509,0.000366493,0.00017263,0.000185131
0.000240678,0.000184164,0.000398378,0.000227851,0.000190075,0.000326484,0.00126551,0.00294293,0.00169348,0.000350028,0.000218559,0.000148945
0.000250885,0.00025041,0.00042301,0.000275901,0.000209743,0.000233941,0.000891134,0.00249494,0.00144344,0.000365268,0.000256153,0.000246404
0.000279246,0.000426871,0.00061921,0.000431013,0.000312518,0.000342631,0.00158937,0.00433324,0.00283064,0.000592486,0.000422364,0.000486759
0.000324152,0.000338139,0.00046845,0.00025267,0.000211002,0.000340875,0.00112615,0.00313399,0.00207609,0.000674437,0.0019435,0.00144048
0.000344103,0.000251896,0.000509159,0.000289548,0.000174562,0.000227876,0.00158355,0.00358448,0.00212633,0.00120659,0.00293674,0.00183022
0.000453805,0.000355956,0.000511701,0.000369077,0.000205292,0.00041546,0.00146854,0.00284913,0.00136252,0.00100353,0.00290172,0.00191146
0.000281276,0.000250835,0.00050602,0.000380378,0.000234631,0.000227049,0.00103312,0.0015906,0.000957263,0.00088405,0.00254487,0.00183746
0.000584257,0.00033072,0.000570884,0.000415566,0.000144913,0.000248738,0.000798727,0.00118535,0.000722544,0.000733055,0.00124832,0.00113249
0.00059729,0.000350192,0.000561042,0.000324762,0.000204464,0.000230656,0.000760246,0.0020386,0.00136305,0.000360267,0.000476255,0.000669605
0.000969658,0.000671696,0.000955003,0.000561913,0.0001607,0.000131878,0.000890452,0.00228678,0.00138919,0.000307186,0.000494091,0.000613399
0.000313707,0.000370989,0.000682252,0.000414763,0.000202433,0.000300349,0.000812328,0.00121282,0.000667457,0.000435593,0.000860867,0.000451309
0.000416142,0.000597161,0.0012575,0.000999219,0.000349369,0.000181595,0.000450701,0.000976632,0.000701316,0.000354328,0.000556988,0.000410252
0.000379465,0.000495731,0.000695326,0.000435123,0.000199961,0.000278507,0.000274389,0.000549951,0.000384459,0.000518645,0.000615958,0.000426694
0.000600258,0.000560406,0.000719138,0.000589957,0.000371885,0.00053817,0.000859504,0.00148933,0.0011931,0.000665181,0.00083522,0.000492828
0.000449213,0.000406829,0.000900342,0.000750462,0.000316143,0.000327901,0.00186512,0.00406527,0.00212591,0.000713719,0.000810271,0.00066469
0.000473981,0.000330706,0.000311312,0.000274494,0.000270405,0.000319365,0.0019135,0.00370751,0.00184196,0.00131275,0.00411384,0.00254531
0.000519128,0.000271897,0.00056269,0.000456313,0.000184663,0.000244127,0.000889866,0.00190335,0.00111341,0.00113587,0.003293,0.00211043
0.00126344,0.000975765,0.00051577,0.000258221,0.000210229,0.000397286,0.00117708,0.00215558,0.00118852,0.00167682,0.00402079,0.00266087
0.00218355,0.00141358,0.000322648,0.000139134,0.000134363,0.000196569,0.00102124,0.00197708,0.00100371,0.00075971,0.00174675,0.000747083
0.00134756,0.000795474,0.000367289,0.000314309,0.000228884,0.000699174,0.00201949,0.00185438,0.000967175,0.00120416,0.00169519,0.000993226
0.00225569,0.00127028,0.000366264,0.00035009,0.000251357,0.000319236,0.00182896,0.00437685,0.00237456,0.000986087,0.00134008,0.000745848
0.00164299,0.00119077,0.000482598,0.000233566,0.000156547,0.00029166,0.000696729,0.00111494,0.00078774,0.000537661,0.00087224,0.000972726
0.000387242,0.000260647,0.000956965,0.000740363,0.000231192,0.000438444,0.00127317,0.00207805,0.00101167,0.0004565,0.000951806,0.000524252
0.000815968,0.000643246,0.000584685,0.000338012,0.000180463,0.000552959,0.0014118,0.00203522,0.000833364,0.000341007,0.000730811,0.00064995
0.00112145,0.000692125,0.000500948,0.000258475,0.000204673,0.000336207,0.00118399,0.00264089,0.00119783,0.000402549,0.000448987,0.000693987
0.000718397,0.000293465,0.000778173,0.000452552,0.000217239,0.000335072,0.000918498,0.00184676,0.00118145,0.00146493,0.00279256,0.00201394
0.000534135,0.000440243,0.000338005,0.000235705,0.000138119,0.00031843,0.00153303,0.00367276,0.00201801,0.00110594,0.00345733,0.00214706
0.000757773,0.000442864,0.000327597,0.000271135,0.000210428,0.000139305,0.000758987,0.00115401,0.000581466,0.00127414,0.00294193,0.00172941
0.00169343,0.0012996,0.000515317,0.000351965,0.000360911,0.000305378,0.000786583,0.00212093,0.00121635,0.00187478,0.004206,0.00264859
0.00182447,0.00136887,0.000253502,0.000174295,0.000220294,0.000216803,0.00101217,0.00219763,0.00121961,0.00167902,0.00170518,0.000800538
0.00154671,0.00115726,0.000604262,0.000318891,0.00043963,0.000553679,0.0018533,0.00256543,0.00125791,0.000939181,0.00230856,0.0015245
0.00128186,0.000993675,0.000576271,0.0004677,0.000290966,0.000369858,0.00129252,0.00336634,0.00174238,0.000460896,0.00118538,0.000627472
0.000677495,0.000584503,0.000863077,0.00088702,0.000249643,0.000317584,0.000610082,0.0014651,0.000714522,0.0006619,0.00109727,0.000812748
0.000370952,0.000476235,0.000707833,0.000563781,0.000163119,0.000257684,0.00108654,0.00156821,0.000867334,0.000710384,0.00101688,0.00079999
0.000546238,0.000425525,0.000328869,0.000242355,0.000222196,0.000412903,0.00096458,0.00162069,0.000673941,0.000431538,0.000698014,0.000359698
0.000956318,0.000609285,0.000266941,0.000280629,0.000316464,0.00034904,0.00143006,0.00363231,0.00206068,0.000712813,0.00124494,0.000877997
0.00057508,0.000501611,0.000294224,0.000320855,0.000310474,0.000398366,0.00159113,0.002842,0.00135304,0.000846157,0.00190244,0.00118795
0.000696674,0.000752776,0.000853746,0.000464192,0.000224951,0.000212239,0.00285077,0.00598616,0.00297901,0.00132338,0.00379154,0.00243824
0.000330256,0.000563233,0.00134245,0.000865036,0.000290818,0.000146192,0.00184644,0.00392912,0.00163467,0.000414022,0.000577428,0.000492026
0.000277396,0.000395124,0.00132442,0.000878121,0.000193861,0.000146605,0.00148443,0.00323037,0.00157137,0.00082606,0.00193071,0.00158684
0.000388372,0.000499727,0.00111275,0.000780787,0.000191359,0.000212649,0.00119445,0.00434501,0.00282234,0.0005813,0.00209329,0.00170013
0.000457123,0.000607822,0.00204439,0.00130335,0.000248229,0.000298247,0.00098861,0.00266762,0.00169837,0.00103348,0.00199912,0.00120101
0.000312467,0.000450583,0.0012272,0.00187329,0.00080424,0.000323556,0.00170958,0.00315365,0.00146003,0.000773114,0.0012304,0.00129498
0.000468312,0.00071887,0.00139642,0.00262194,0.00139003,0.000351754,0.00141597,0.00345985,0.00226596,0.000861494,0.000892661,0.00115898
0.000703803,0.0028916,0.00449932,0.00286692,0.0011821,0.000447326,0.00114135,0.00241978,0.00157976,0.000793829,0.00133778,0.00114589
0.000338091,0.00331471,0.00840557,0.00465175,0.000662543,0.000283796,0.000694683,0.00160982,0.00122737,0.000875955,0.00102073,0.000832633
0.000515211,0.0020656,0.00417805,0.00610063,0.00329631,0.000722925,0.00114678,0.00274891,0.0014714,0.000470968,0.00066706,0.000476647
0.000358406,0.00144236,0.00662669,0.0058776,0.00149363,0.000785969,0.00147738,0.0025887,0.00127216,0.000548376,0.0005706,0.000228217
0.000545604,0.00738792,0.0143393,0.00625188,0.000789785,0.00051589,0.000756003,0.00166475,0.0011439,0.00061581,0.000602789,0.000493
0.000880147,0.00514573,0.0075426,0.00663577,0.00321252,0.000546672,0.000572258,0.00163732,0.000983629,0.00054169,0.00068908,0.00051013
0.000340416,0.00141832,0.00507427,0.00531655,0.00124482,0.000435904,0.000349012,0.000967112,0.000876871,0.000365298,0.000620213,0.000366845
0.000528927,0.0013682,0.00431103,0.00424673,0.00177472,0.000996644,0.000464331,0.000890834,0.000658517,0.000472427,0.000413401,0.000405713
0.000629719,0.00174469,0.0055114,0.00786363,0.00412475,0.000957185,0.000458757,0.000836105,0.000615233,0.000340564,0.000338861,0.000330347
0.000673825,0.00208818,0.00329647,0.00165417,0.000899511,0.000580637,0.000420146,0.000689006,0.000373369,0.000280155,0.000231732,0.000292747
0.00053821,0.00206526,0.00403245,0.00248986,0.00108193,0.000306305,0.000380214,0.00074078,0.000536965,0.000197986,0.000277633,0.000342054
0.000531929,0.0012827,0.000552513,0.00300249,0.00211247,0.000599173,0.000446151,0.000712153,0.000403608,0.000244455,0.000319615,0.000332082
0.000271778,0.00113576,0.00259934,0.00286613,0.00150204,0.000409392,0.000291074,0.00023679,0.000152726,0.000220113,0.000221609,0.000328704
0.000204981,0.000714351,0.00105954,0.00132949,0.000552645,0.000375809,0.000287528,0.000257736,0.000315079,0.000247672,0.000192034,0.000183871
0.000403063,0.000946972,0.00219855,0.00277838,0.00133199,0.000210345,0.000258617,0.000301985,0.000190301,0.000180486,0.000299486,0.000290357
0.000316282,0.00082643,0.00135186,0.00226386,0.00135155,0.000403632,0.000225515,0.00019218,0.00015914,0.000235686,0.000232687,0.000333508
0.000248794,0.000475311,0.00162966,0.00185765,0.000722032,0.000271171,0.000115657,0.000301444,0.000228722,0.000211389,0.000251486,0.000187681
0.000212108,0.000472736,0.00128106,0.00132435,0.000571368,0.000236626,0.000229639,0.000199543,0.000155558,0.000130702,0.000146209,0.000198051
0.000258392,0.000543841,0.000517581,0.00105632,0.000587866,0.000204201,0.000187981,0.000230112,0.000197977,0.00018523,0.000195923,0.000177107
0.000216463,0.000472851,0.000427468,0.00025858,0.000182045,0.000148339,0.000161111,0.000184407,0.000116663,9.96847e-05,0.000167844,0.000236081
0.00013965,0.000288802,0.000261511,0.000528881,0.000382047,0.000181843,0.000154463,0.000195227,0.000196726,0.000155924,0.000161454,0.000194925
0.000138766,0.000437056,0.000894141,0.000816364,0.000420105,0.00017312,0.000148523,0.000209324,0.000147931,0.000160195,0.000139084,0.00015543
0.000168232,0.000367283,0.00049804,0.000552768,0.000292927,0.000145243,9.74627e-05,0.00014533,0.000133877,0.000101866,0.000136015,0.000143557
8.04508e-05,0.000273644,0.000694517,0.000708531,0.00032281,0.000148814,0.000108984,0.000119961,0.000116242,0.000151445,0.000138355,0.000125904
0.000110356,0.000271642,0.00043438,0.000711919,0.000400483,0.000110855,0.000119939,0.000125096,9.71859e-05,8.52837e-05,0.000100722,0.000135415
0.000112348,0.000183855,0.00036724,0.000283984,0.00012228,0.000136744,0.0001036,9.01662e-05,8.91873e-05,7.48769e-05,5.91255e-05,7.21291e-05
0.000162598,0.000229602,0.000411415,0.000383789,0.000220769,0.000104881,9.97478e-05,9.62136e-05,7.63276e-05,8.53785e-05,9.7274e-05,9.67908e-05
0.000186348,0.000233389,0.000142859,0.000212856,0.000144726,7.71825e-05,7.53849e-05,7.47069e-05,7.58299e-05,5.77054e-05,8.17209e-05,9.74039e-05
0.000142427,0.000145983,0.000164007,0.00021367,0.000143655,0.000100003,7.85564e-05,6.89174e-05,4.30495e-05,8.46683e-05,9.71524e-05,8.71038e-05
0.000110519,0.00023022,0.000314144,0.000387866,0.000264365,0.000134465,7.54942e-05,7.69028e-05,7.99826e-05,7.45088e-05,0.000104149,0.00011641
9.74968e-05,0.000186955,0.000312695,0.000222775,0.000123158,0.00010256,0.000116721,0.00013625,0.0001166,7.88113e-05,9.44712e-05,0.000115502
0.000110577,0.000211253,0.000210122,0.000156285,0.000169436,0.000105479,5.53325e-05,5.70727e-05,9.70596e-05,9.06904e-05,0.000119027,0.000132321
0.000129491,0.000223268,0.000274775,0.000137805,9.26592e-05,9.05519e-05,9.69887e-05,0.000110343,0.000114653,9.35617e-05,0.000101787,0.00013874
0.000147917,0.000206553,0.000237176,0.000259741,0.000216657,0.000133199,0.000114358,7.86281e-05,9.65676e-05,8.60827e-05,0.000124428,0.000169477
0.000126237,0.000337104,0.00115829,0.000894668,0.000214206,0.00010733,0.000106427,0.000115537,0.00019362,0.00016631,0.000110948,0.000148873
0.000117018,0.000169939,0.000799194,0.00109097,0.000400944,0.000163096,9.75571e-05,9.3613e-05,9.21644e-05,9.17056e-05,0.000108422,9.99833e-05
0.000130053,0.000154658,0.000283152,0.00119989,0.000953384,0.000153987,6.8801e-05,7.09055e-05,7.50778e-05,6.59043e-05,0.0001116,0.000106635
0.000149249,0.000365781,0.0011827,0.000921728,0.000391686,0.000126761,0.000182515,0.000139196,0.000197443,0.000192064,0.000178648,0.000171705
0.000306074,0.000732151,0.00321956,0.00235243,0.000452374,0.00016464,0.000143797,0.000190691,0.000168756,0.000179313,0.000199409,0.000208509
0.000263767,0.000297991,0.000807193,0.00321827,0.00249427,0.000397417,0.000125313,0.00015787,0.000146469,0.000105889,0.000182804,0.000217045
0.000151772,0.0011223,0.00438916,0.00484635,0.00161737,0.000200459,0.000116565,0.000159802,0.000140328,0.000189793,0.000212526,0.000151337
0.000177802,0.00145558,0.00592629,0.00533622,0.00159101,0.000250874,0.000159427,0.000140453,0.000212998,0.000227652,0.000162796,0.000185074
0.000218667,0.000576374,0.00449113,0.00844158,0.00423379,0.000413706,0.000118434,0.000121985,0.000165706,7.43317e-05,0.000100376,0.000123692
0.000229534,0.000471169,0.00366398,0.00467126,0.00180424,0.000185975,7.45124e-05,0.000119053,0.00011243,0.000150197,0.000168991,0.000211677
0.000164676,0.00214735,0.00582417,0.00282449,0.00176924,0.000226628,0.000175422,0.000147279,0.00012526,7.36446e-05,0.000126131,0.000188914
0.000191776,0.000641131,0.00567389,0.0109059,0.00566741,0.000544484,0.000115896,0.000132198,0.000142069,0.00014366,0.000164604,0.000203316
9.57662e-05,0.000640961,0.00141169,0.00394685,0.00331825,0.000518361,0.000130782,0.00013685,0.000128973,0.000100862,0.000132821,0.000132058
0.000222739,0.00120352,0.00232797,0.0023772,0.00255179,0.000299018,0.000176996,9.90128e-05,0.000137786,0.00013607,0.000181027,0.000192701
0.000197738,0.000393286,0.000740773,0.000746698,0.000935717,0.000360322,0.000147287,9.06855e-05,0.000113353,0.000127917,0.000138319,0.000169763
0.000184144,0.000764593,0.0012969,0.00243838,0.00177979,0.000222734,9.08193e-05,9.8508e-05,0.000218313,0.000161984,9.71818e-05,0.000158374
0.000122797,0.000865911,0.00316821,0.00326779,0.00121696,0.000125478,0.000116701,9.26219e-05,0.000136944,0.0001152,0.000102952,0.000120765
0.000150747,0.000405514,0.00103082,0.000925961,0.000484562,0.000137002,8.55774e-05,7.32641e-05,0.000133406,0.000107222,0.000112914,0.000141222
0.000164492,0.000414586,0.00162219,0.00294466,0.00176015,0.00024584,6.50036e-05,8.18506e-05,9.39139e-05,0.000117192,8.39413e-05,0.000120911
0.000217261,0.000383491,0.00113389,0.000936238,0.000636918,0.000162226,8.35267e-05,5.67981e-05,9.88249e-05,9.72685e-05,5.62079e-05,0.000134292
0.000162648,0.000251525,0.000500956,0.00146201,0.000877206,0.000150101,0.000127102,0.000118204,0.000100837,7.43887e-05,9.54823e-05,7.88432e-05
0.000360693,0.000419395,0.000614967,0.000914058,0.000754985,0.000267073,0.000244006,0.000289093,0.000347455,0.000370133,0.000397109,0.000399804
0.000146463,0.00021187,0.000608377,0.000322796,0.000398864,0.000134714,7.97841e-05,5.93304e-05,3.86063e-05,6.66156e-05,8.64754e-05,9.56272e-05
0.000112159,0.000196695,0.000568462,0.000892484,0.00044356,0.00010736,8.09631e-05,5.07703e-05,5.87276e-05,7.99514e-05,7.86958e-05,0.000100603
0.000186939,0.000247077,0.000434268,0.000337942,0.000371276,0.000175897,0.000141899,0.000128756,0.000123373,0.000146392,0.000143746,0.000178811
0.000128249,0.000196595,0.00028173,0.000215805,0.000188048,5.10851e-05,7.12008e-05,4.47847e-05,5.68718e-05,6.94034e-05,6.68264e-05,9.15058e-05
0.000100158,0.000132011,0.000250597,0.000199277,0.000109158,8.55487e-05,7.30771e-05,5.7805e-05,7.95872e-05,0.000102602,0.000101778,9.8345e-05
6.9977e-05,0.000149832,0.00053016,0.000388855,0.000134419,8.12318e-05,6.91338e-05,7.22413e-05,0.00010008,8.27999e-05,0.000109151,0.000123699
5.83002e-05,0.000123525,0.000252728,0.000438509,0.000284163,8.39545e-05,6.58754e-05,6.93275e-05,7.64071e-05,7.1872e-05,0.00011121,8.12944e-05
6.90689e-05,0.000141956,0.000421414,0.000660594,0.000307831,6.79403e-05,6.35759e-05,5.87618e-05,6.54101e-05,6.21739e-05,6.39077e-05,6.32643e-05
6.60543e-05,0.000178911,0.00052636,0.000509196,0.000212659,8.75283e-05,7.73947e-05,6.31287e-05,6.02128e-05,5.86311e-05,6.98654e-05,7.97602e-05
9.25255e-05,0.000155024,0.000254329,7.91452e-05,0.000131751,0.000105224,0.000117849,0.000102153,0.000100437,9.18712e-05,8.66875e-05,8.98076e-05
7.01265e-05,0.000139239,0.000265989,0.000216597,0.000112578,8.45478e-05,0.000118606,6.41009e-05,7.67817e-05,4.90801e-05,7.39329e-05,7.41146e-05
0.000116918,0.000218146,0.000440624,0.000315977,0.000129587,8.16958e-05,0.000113281,8.97965e-05,8.34069e-05,7.68698e-05,9.56051e-05,9.84326e-05
9.78021e-05,0.000136933,0.000194011,0.000146843,0.000139566,7.99677e-05,0.00059153,0.00113034,0.000576388,0.000113014,8.8916e-05,9.88682e-05
0.000147845,0.000138683,0.000199573,6.44007e-05,0.000128461,0.000121671,0.00062161,0.00149743,0.000868595,0.000163019,9.34894e-05,9.61424e-05
0.000135403,9.99239e-05,0.000118067,0.000105155,0.000112361,0.000105944,0.000882428,0.00219594,0.00125947,0.000187116,8.36424e-05,9.22958e-05
0.000115816,6.63807e-05,0.00016131,0.000236206,0.00016267,0.000125562,0.000772919,0.00173841,0.000883882,0.000142223,6.18244e-05,9.82674e-05
0.000192006,0.000273163,0.000467992,0.000598058,0.000476379,0.000392783,0.00121729,0.00117553,0.000596552,0.000257534,0.000212162,0.000278272
0.000151627,0.000953441,0.00480336,0.00398377,0.000633256,0.000175749,0.000264764,0.000303699,0.000268857,0.000191875,0.000118434,0.000181306
0.000143449,0.0010434,0.00433354,0.00325978,0.000432052,0.000219607,0.000310688,0.000385972,0.000206343,0.000165297,0.000107634,0.000144239
0.000140668,0.000364225,0.000925284,0.000539831,0.000197136,0.000110761,0.000565924,0.00192431,0.00118818,0.000219897,8.77531e-05,0.000114312
0.000180038,0.000358127,0.000935217,0.000631051,0.000152369,8.38535e-05,0.000739676,0.00194535,0.00117787,0.000235415,9.6197e-05,0.000131742
0.000207333,0.000317368,0.000818045,0.0006203,0.000195233,0.000130812,0.00123665,0.0028937,0.00141266,0.000152369,6.77111e-05,0.000132034
0.000198659,0.000370876,0.000613738,0.000444787,0.000192282,0.000762997,0.00359363,0.00511448,0.00178628,0.000213573,0.000170666,0.000163508
0.00024586,0.00141369,0.0044645,0.00328735,0.000519024,0.000167135,0.000289598,0.000415443,0.000413773,0.000180935,0.000101185,0.000175326
0.000153281,0.0015682,0.00663449,0.00485686,0.000605728,0.000198709,0.000242815,0.000790313,0.000372475,5.34237e-05,0.000102487,0.000125378
0.000145349,0.0010723,0.00505751,0.00397329,0.000635458,0.000167902,0.000437223,0.000697257,0.000511601,0.00021523,0.000146581,0.000146323
0.00021467,0.000405267,0.000343209,0.00484666,0.00379976,0.000529026,0.000325299,0.000687681,0.000391336,0.000151518,0.000163168,0.000221805
0.000121398,0.000240477,0.00196179,0.0077386,0.0050792,0.000562478,0.000681132,0.00153448,0.000878826,0.000141666,9.56986e-05,0.000113347
0.000213725,0.00256359,0.00929255,0.00668356,0.00122786,0.000229663,0.000692728,0.00168716,0.000903094,0.000212728,0.00018961,0.000201138
0.000255243,0.00141515,0.0076982,0.00853826,0.00235853,0.000250752,0.000487315,0.00113495,0.000660882,0.000198899,0.000155283,0.000177903
0.000162141,0.000553756,0.00486346,0.0111408,0.00602381,0.000524472,0.000554702,0.00110785,0.000579736,0.000104735,0.00013898,0.000175143
0.000282553,0.0026756,0.0127105,0.00968793,0.0012476,0.000232405,0.000139628,0.000352832,0.000367923,0.000258374,0.000246308,0.000230656
0.000239212,0.0026171,0.0125283,0.0106253,0.00197498,0.000282346,0.000341159,0.000644648,0.000455546,0.000231186,0.000103711,0.000244768
0.000164032,0.000357734,0.00256285,0.00959726,0.00635904,0.000540398,0.000175859,0.000293622,0.000270436,0.000194588,0.000105069,0.000163632
0.000175704,0.00100459,0.00394938,0.00556783,0.00228725,0.000162351,0.00023039,0.000277781,0.000264793,0.000178027,0.000131855,0.000170086
0.000174458,0.000575111,0.00265605,0.000510073,0.00169333,0.000246734,0.000142779,0.000183274,0.000241366,0.000333481,0.000206722,0.000140018
0.000143839,0.000393156,0.00149459,0.00424691,0.00250237,0.000264795,0.000133508,0.00030041,0.0001916,0.000155026,0.000160311,0.000113313
0.000184728,0.000627846,0.00206584,0.00166075,0.000675821,0.000176695,0.000137402,0.000148491,0.000256537,0.000254914,0.000155583,0.000175504
0.000201339,0.000551173,0.00176595,0.00215648,0.00122099,0.000220989,0.000152133,0.000202129,0.00019806,0.000214848,0.000140472,0.000150709
0.000177168,0.000303713,0.000519418,0.00196884,0.00135723,0.000137707,0.000111425,0.000178744,0.000154788,7.62371e-05,0.000102071,0.000133889
0.000145077,0.000379382,0.00164483,0.00259765,0.00154005,0.000251515,0.00017827,0.000209428,0.000112734,0.000117213,0.000156448,0.000146289
0.000101397,0.00027953,0.00113038,0.00151335,0.000817348,0.000148587,7.2945e-05,0.000135919,0.000174241,0.000143806,0.000136065,0.000101106
0.000150781,0.000265179,0.000653616,0.000886158,0.000444981,7.88306e-05,9.92776e-05,0.000178123,0.000174408,0.000105775,8.18573e-05,7.19971e-05
0.000139536,0.000140844,0.00050946,0.000444976,0.000525693,0.000123752,9.67598e-05,0.00015056,0.000125218,0.00010105,6.12809e-05,5.84951e-05
0.000117836,0.000241535,0.001043,0.000591202,0.000201851,9.94831e-05,7.95576e-05,8.68359e-05,0.000120133,0.000100535,6.72902e-05,5.64371e-05
0.000398794,0.000510012,0.00121174,0.00116926,0.00053637,0.000371926,0.000325469,0.000316221,0.000363132,0.000463439,0.000583644,0.000601867
0.000150338,0.0002939,0.000501362,0.000694415,0.000438394,0.000120283,9.87537e-05,0.000124772,0.000108658,9.01958e-05,8.82442e-05,9.09702e-05
7.32871e-05,0.000151151,0.000276678,0.000258457,0.000282995,8.37129e-05,6.48277e-05,0.000143215,0.000118095,0.000111295,0.000122971,8.09972e-05
7.03054e-05,0.000326468,0.00125438,0.00109896,0.000275277,9.99727e-05,0.00012093,0.000116494,8.01993e-05,9.52788e-05,0.000101552,0.000123023
0.000133215,0.000155355,0.000433774,0.000376052,0.000196635,0.000108957,8.85535e-05,4.95478e-05,5.77331e-05,5.88937e-05,8.4298e-05,6.17108e-05
0.000125751,0.000145658,0.000233396,0.000336582,0.000225462,0.000120848,0.000107235,8.19896e-05,0.000106332,0.000112704,8.78974e-05,6.54327e-05
9.58627e-05,0.000139207,0.000274797,0.000351785,0.000183041,0.000103772,0.000404234,0.000813379,0.000440086,0.000123624,8.54937e-05,8.61978e-05
8.5854e-05,0.000121785,0.000330248,0.000227931,0.000161733,9.08956e-05,0.000481144,0.00132992,0.000773953,0.000130899,7.13239e-05,9.22762e-05
5.61459e-05,0.000123717,0.000302217,0.000245237,0.000249405,0.000131616,0.000528226,0.00139937,0.00090555,0.000192537,0.000117106,7.07102e-05
9.4749e-05,0.000105408,0.000375255,0.000407359,0.000189709,0.000103187,0.000272979,0.00120943,0.000900427,0.000176733,9.39549e-05,0.000127875
9.9883e-05,0.0001177,0.000240259,0.000244262,0.000138159,0.000119074,0.000247498,0.000738764,0.000521638,0.000247185,0.000163537,0.000142963
8.26629e-05,0.000197807,0.000197239,0.000117984,0.00011428,9.07238e-05,0.000187365,0.000461905,0.000332836,0.00014098,7.37029e-05,6.74741e-05
0.000161621,0.000748304,0.00277754,0.00202168,0.000345061,5.97201e-05,0.000201164,0.000569762,0.000447441,0.000152827,9.72273e-05,0.000111716
9.22413e-05,0.000783407,0.00328314,0.00241182,0.000399448,9.60494e-05,0.000239218,0.000594096,0.00044804,0.000150744,0.00011047,0.000107243
7.79956e-05,0.0005013,0.00211322,0.0016427,0.000338085,0.000109852,0.000149212,0.000362035,0.000294384,0.000115357,8.79478e-05,0.000119608
0.000218038,0.000271904,0.00122126,0.00100016,0.000285526,0.000204592,0.000170876,0.000588125,0.000439834,0.000191003,0.000142752,0.000194037
0.00011726,0.000160316,0.000390722,0.000265911,0.000119948,0.000117827,0.0001888,0.00026292,0.000201615,0.000149004,0.000144487,0.000136757
0.000137583,0.000174571,0.000225949,0.000198791,0.000127626,0.000104694,0.000147608,0.000417036,0.000325797,0.000108901,0.000103022,5.75916e-05
0.000119777,0.000197828,0.000502471,0.000350261,8.34633e-05,0.000101048,6.93719e-05,0.000200268,0.000258551,0.000158676,0.000108159,0.000119748
7.64062e-05,0.00018385,0.000521302,0.00042983,0.000158391,0.000100367,0.000141618,0.000377598,0.000270268,0.000109771,9.91612e-05,7.95484e-05
0.000136906,0.000213498,0.00019301,0.000154422,9.88789e-05,0.000101326,0.000171607,0.000360866,0.000362158,0.000198674,0.000160064,0.000163091
0.000160669,0.00083731,0.00347544,0.00258342,0.00033473,0.000131431,0.000113699,0.000128927,0.000161444,0.000128307,0.000117472,0.000132156
0.000100925,0.00115405,0.00440595,0.00309547,0.00042793,9.94008e-05,0.000125456,0.000250212,0.000227741,0.000124939,6.89194e-05,9.46517e-05
0.000114381,0.000760036,0.0017315,0.00120983,0.000368237,0.000109452,0.000533463,0.000782258,0.00039154,0.000144084,0.000149254,0.00011429
0.000105276,0.000252561,0.000729566,0.000420461,0.000169933,0.000110121,0.000290456,0.000886356,0.000569545,0.000114305,9.07136e-05,0.000122581
9.04787e-05,0.000139238,0.000355915,0.000382796,0.000174594,5.42251e-05,0.000212387,0.000547115,0.000358448,0.000145136,0.000125861,0.000114754
0.00014973,0.000193346,0.000500286,0.000392117,0.000137588,9.74395e-05,0.000104278,0.000183254,0.000186871,6.82415e-05,6.41735e-05,0.000108234
0.000211087,0.00083394,0.00297601,0.0023101,0.000379846,0.000163557,0.000137285,0.000235442,0.000230391,0.000124242,7.15424e-05,0.00014113
8.68145e-05,0.000917538,0.00390874,0.0029338,0.000404627,0.000118069,0.000111398,0.000218029,0.000192315,9.19765e-05,7.63515e-05,7.891e-05
0.000159279,0.000958405,0.00181964,0.00143741,0.000580302,0.000630681,0.000570797,0.000646407,0.000383038,0.000104969,0.000130242,0.00010978
8.61484e-05,0.00030033,0.000746116,0.000549953,0.000251581,0.000188316,0.00018495,0.000397998,0.000408471,0.000143985,6.39908e-05,7.17934e-05
0.00014494,0.000210575,0.000435347,0.00033168,0.00020412,0.000140171,0.000186515,0.000220851,0.000175128,0.000151519,0.000124239,0.000125181
0.0002332,0.00239952,0.00445407,0.00181977,0.000117319,0.000121037,0.000152992,0.000540113,0.000453785,0.000169281,0.000131793,0.000164891
0.000256271,0.00122453,0.0036566,0.00221821,0.000251486,0.000144449,0.00018494,0.000317015,0.000228453,0.000126121,0.000241472,0.000287416
0.000358191,0.000487435,0.000661167,0.000364479,0.000189436,0.00026108,0.000195318,0.000782846,0.000809452,0.000335437,0.000240629,0.000273641
0.000416468,0.000752725,0.00163214,0.000868441,0.000164554,0.000275986,0.000335698,0.000854916,0.000896179,0.000382107,0.000447804,0.000395462
0.000448791,0.00077643,0.00165018,0.000654915,0.000517704,0.000720514,0.00151818,0.00165793,0.000598485,0.000340099,0.000272002,0.000225041
0.000268857,0.00171646,0.0058637,0.00399917,0.000539838,0.000283717,0.000394649,0.000412861,0.000332989,0.000352112,0.000188515,0.000184256
0.000411971,0.00224156,0.0052511,0.00324265,0.000742432,0.000501927,0.00221102,0.00332093,0.00171091,0.0005683,0.000455858,0.00042043
0.000158606,0.000307494,0.000599722,0.000466954,0.000186531,0.000279205,0.000501828,0.000813566,0.000697344,0.000500773,0.000361379,0.000241966
0.000299007,0.000901823,0.0021794,0.00138563,0.00025142,0.000349607,0.000917397,0.00189983,0.00151111,0.000447365,0.000375256,0.000327836
0.000342379,0.00100551,0.00576912,0.00469675,0.000734836,0.000192849,0.000376538,0.00108153,0.00100877,0.000401792,0.000207076,0.000176107
0.000376143,0.00126091,0.00606491,0.0049033,0.0003352,0.000448329,0.000389864,0.00042167,0.000668825,0.000456515,0.000298826,0.000324003
0.000211098,0.000709999,0.00163433,0.000967819,0.000391783,0.000335676,0.000915778,0.00129272,0.000750272,0.00042434,0.00026807,0.000160857
0.0002923,0.000541049,0.000524553,0.00103017,0.000446793,0.000174754,0.000485723,0.00108923,0.000822691,0.000393101,0.000331861,0.000240766
0.000189022,0.00158234,0.00423258,0.00288837,0.000626851,9.64242e-05,0.00038293,0.000907094,0.000813706,0.00032787,0.000271763,0.000166211
0.000113974,0.00108974,0.00553165,0.00463056,0.000964367,0.000314193,0.000297605,0.000607531,0.000636654,0.000293186,0.000148439,9.32456e-05
0.000111206,0.000861181,0.0016328,0.00164297,0.00086273,0.000433337,0.000596494,0.000840854,0.00100165,0.000447135,0.000354924,0.000247432
0.000125154,0.000125021,0.001069,0.00112803,0.000224671,0.000222946,0.000179195,0.000857365,0.000801272,0.000215893,0.000204802,0.000169181
0.000110218,0.000192233,0.000613088,0.000912376,0.000277763,0.000146474,0.000229421,0.000498405,0.000392744,0.000295441,0.000244335,9.40211e-05
0.000190751,0.000352943,0.00106434,0.000975285,0.000315227,0.000103926,0.000263074,0.00096985,0.000920009,0.000298287,9.11814e-05,0.000242788
0.0001799,0.00102691,0.00425583,0.0035259,0.000565578,6.96836e-05,0.000209528,0.00036435,0.000346532,0.000218152,0.00016601,0.000120785
0.000361688,0.000927073,0.00281215,0.00211632,0.000494233,0.000234024,0.000425195,0.000721393,0.000472673,0.000229754,0.000168286,0.000272704
0.000157525,0.000266404,0.000252094,0.000216746,0.000230746,9.30242e-05,0.000400172,0.00119285,0.00103076,0.000312238,0.000114375,0.000135823
0.000143716,0.000294092,0.000590363,0.00044445,0.000122478,7.37025e-05,8.55375e-05,0.000345174,0.000482638,0.000257476,0.000137914,0.000175208
0.000150338,0.000214916,0.000357797,0.000272001,0.000115383,0.000122823,0.00010667,0.00053933,0.000596533,0.000254407,0.000172914,0.000190085
0.000204283,0.000502723,0.00186169,0.00164557,0.000276776,0.00014013,0.000255175,0.000390818,0.000403777,0.000191086,0.000145762,0.000141356
0.000211212,0.000979501,0.00369728,0.00276204,0.000446752,0.000139587,0.000187571,0.000231797,0.000230022,9.72178e-05,0.000120101,0.000168143
0.000192282,0.000353787,0.000729821,0.000517591,0.000165221,0.000199646,0.000251384,0.000817658,0.00059496,0.000120477,0.000131782,0.000121615
0.000116245,0.000254448,0.00037027,0.000151257,0.000171683,0.000106433,8.8238e-05,0.000477679,0.000535685,0.000168349,0.000123453,6.79403e-05
0.000125608,0.000142257,0.000363432,0.000283846,9.41935e-05,0.000140409,0.000373716,0.000867902,0.000654622,0.000161338,5.28219e-05,6.49933e-05
0.000100612,0.000253262,0.000427023,0.000248454,0.000131076,0.000125343,0.000370827,0.000657162,0.000254373,8.3403e-05,9.90285e-05,8.90311e-05
0.000128805,0.000130457,0.000308039,0.000212208,6.20237e-05,5.55233e-05,0.000135789,0.000448885,0.000345257,9.22916e-05,0.000109628,0.000137018
0.000120483,0.000524718,0.00127006,0.000741018,0.000128956,0.000109055,0.00017581,0.000366883,0.000397895,0.000173505,8.08678e-05,0.000107671
0.000244442,0.000857105,0.00166764,0.001288,0.000502504,0.000208283,0.000439971,0.00149312,0.00132512,0.000319476,0.000186962,0.000200283
0.000125923,0.000225363,0.000422772,0.000290544,0.000231068,0.000160161,0.000175093,0.000875749,0.000824677,0.000249219,0.00013689,0.000119661
0.000158343,0.000280258,0.00014933,0.000193855,0.000142152,0.000119978,0.000128022,0.000344697,0.000328821,0.000154127,0.000113415,0.000118983
0.000158446,0.000196109,9.77235e-05,0.000208278,0.000112461,0.000108671,0.000174556,0.000228577,0.000286749,0.000180398,0.000112042,0.000101754
8.3201e-05,0.000193056,0.00026754,0.000181013,0.000130408,9.6187e-05,0.000333716,0.00109303,0.000844122,0.000166292,7.2003e-05,0.000101778
0.000127757,0.000541531,0.00095178,0.000471536,0.000128493,0.000115948,0.000194012,0.000760126,0.000661065,0.000174337,0.000115409,0.00012143
0.000113509,0.000173142,0.00047291,0.000440243,0.000171772,0.000136087,0.000226172,0.000661398,0.000568001,0.000191031,0.000143687,0.000144934
0.000288356,0.00200013,0.00298318,0.000928442,0.000603449,0.000975325,0.00287258,0.00429578,0.00212787,0.000371399,0.000346764,0.000334185
0.000258566,0.000521864,0.00102874,0.000420267,0.00028131,0.000310277,0.000463649,0.000940451,0.000771919,0.000175245,0.000152637,0.000229375
0.000140096,0.000309705,0.000582516,0.000372468,0.000171484,0.00021431,0.000483211,0.00170152,0.00127558,0.000253615,0.000105187,0.000107949
8.92995e-05,0.000132787,0.000232154,0.000136549,0.000117627,0.000130964,0.000484469,0.00128865,0.000837438,0.000187586,0.000108969,0.000137629
0.000109103,0.000216003,0.000353424,0.000161836,0.000136642,0.00018331,0.000175016,0.000486588,0.000394524,0.000183877,9.53588e-05,8.48185e-05
0.000122647,0.000422409,0.000857781,0.00044221,0.000117145,0.000109275,0.000254623,0.000410932,0.00029967,0.000118251,8.82598e-05,9.91536e-05
0.000142273,0.000337504,0.000571218,0.000413692,0.00018788,0.000149397,0.000156599,0.00049693,0.000445613,0.000104349,0.00012437,0.000162328
0.000224895,0.000259141,0.000569703,0.000435434,0.000156059,0.000144189,0.000255748,0.000346042,0.00028294,0.000132066,8.60976e-05,0.000172035
0.000253339,0.000416133,0.000580915,0.00037976,0.000247395,0.000140843,0.000636011,0.00212536,0.00149715,0.000372248,0.000159858,0.000230545
0.000138462,0.00040122,0.000580294,0.000340129,0.000199532,0.000122793,0.000272519,0.00105088,0.000952271,0.000341433,0.000161191,0.000126994
0.000134545,0.000338467,0.000467949,0.000235751,0.000173458,0.000111641,0.000315176,0.00100979,0.000721494,0.000195808,0.000154623,0.000153234
0.000139891,0.000184494,0.000405968,0.000253617,0.000182023,0.000162426,0.000300468,0.0010299,0.000774682,0.000172978,9.09905e-05,0.000129259
0.000202644,0.000270593,0.000489716,0.000399539,0.000219284,0.000149806,0.000150796,0.000550675,0.000552759,0.000287574,0.000195382,0.000119692
9.33749e-05,0.000336907,0.00041698,0.000116969,0.000148307,0.000184592,0.000266632,0.00054057,0.000354879,0.00011835,9.70879e-05,5.3875e-05
0.00017281,0.000191955,0.000248495,0.000165138,0.000140251,0.000156703,0.000365243,0.000773486,0.000490258,0.000157379,0.000134221,0.000144762
0.000136743,0.000215098,0.000285979,0.000170286,0.000125094,0.000104323,0.000170258,0.000534204,0.000477525,0.000180315,0.000172238,0.000169628
0.000142556,0.000258899,0.000354547,0.000178789,0.000174531,0.00013285,0.000438049,0.000998906,0.000660115,0.000157793,0.00012064,0.000120477
0.000300064,0.000387517,0.000400121,0.000238265,0.000259932,0.000339208,0.00203945,0.00344247,0.00154266,0.000389745,0.000192394,0.000185952
0.000186634,0.000200045,0.0001675,0.000149529,0.000108342,0.000210426,0.000760961,0.000900454,0.00102803,0.000405296,0.000229878,0.000175256
0.000158523,0.000281048,0.000301937,0.000133016,8.43397e-05,0.000171106,0.000638712,0.000721259,0.000409259,0.000209754,0.00016809,0.000130486
0.000116595,0.000215364,0.000270924,0.000125411,9.63849e-05,0.000115828,0.000212191,0.000295348,0.000392868,0.000158693,0.00015093,0.000118686
0.000153063,0.000191469,0.000265803,0.000215981,0.000109794,7.05815e-05,0.000305133,0.000557079,0.000467524,0.00017227,9.89973e-05,0.000126691
0.000107445,0.000176299,0.00018184,0.000140915,0.000133542,8.85508e-05,0.000355936,0.000642971,0.000297534,8.28931e-05,9.90352e-05,8.38231e-05
0.000183162,0.000221973,0.000157208,0.000104373,7.84598e-05,6.96263e-05,0.000194624,0.000474097,0.000313458,0.000101752,0.000104992,0.000112834
8.47865e-05,0.00014345,0.000156976,0.000119723,0.000102997,7.35865e-05,0.000341825,0.000558101,0.00027056,6.4004e-05,9.50752e-05,8.6655e-05
8.38549e-05,0.000143445,0.000130963,7.56493e-05,0.000109086,9.73843e-05,0.000433554,0.000721923,0.000308402,9.43008e-05,7.94291e-05,6.85596e-05
0.00012423,0.000173446,0.000221083,0.000132309,0.00011181,0.000106259,0.000392967,0.000772399,0.000429545,0.000122937,6.13418e-05,9.15351e-05
9.85866e-05,0.000179855,0.000199852,0.000103943,8.7251e-05,0.000105336,0.000198323,0.000290268,0.000198104,9.22399e-05,7.37183e-05,7.82683e-05
6.70114e-05,0.000161386,0.000192034,0.0001355,0.000101602,0.000107977,0.000209405,0.000317549,0.000234615,0.000124972,9.12922e-05,6.83283e-05
8.62591e-05,0.000145792,0.000348571,0.000248786,9.6259e-05,6.96972e-05,0.000124795,0.000146861,8.19922e-05,9.15926e-05,9.04382e-05,8.76991e-05
0.000127402,0.000396731,0.00150186,0.00114408,0.000228908,7.77733e-05,9.31627e-05,0.000157732,0.000146358,0.000117776,8.44121e-05,9.37323e-05
0.000159754,0.00059399,0.0019596,0.00133759,0.000193347,9.23209e-05,0.000163779,0.000157004,8.02154e-05,5.79661e-05,9.30684e-05,0.000128415
0.000190297,0.000368787,0.00143638,0.00262596,0.00138224,0.000221371,0.000184016,0.000247127,0.000255048,0.000172234,0.000137559,0.000128917
0.000119507,0.000177898,0.000742635,0.00270323,0.00172754,0.000245154,0.000128235,7.75014e-05,0.000114767,0.000112231,0.000122309,0.00011794
0.000194432,0.000790261,0.00227768,0.00181998,0.000567045,6.79815e-05,0.000113335,0.00013191,0.00013842,0.000114158,0.000112126,8.83729e-05
0.00016909,0.000356441,0.0015357,0.00150004,0.000399855,0.000145716,0.000143381,0.000221114,0.000178454,0.000130663,0.000110028,0.000131835
0.00022516,0.000350171,0.00095696,0.0030342,0.00218288,0.000290359,7.91486e-05,0.000100424,6.33245e-05,7.74756e-05,9.64918e-05,0.000143706
0.000235433,0.000217932,0.000350967,0.00136838,0.00102611,0.000157232,0.000177714,0.000212575,0.000182991,9.8268e-05,8.61028e-05,0.000102448
0.000152889,0.000671486,0.00305959,0.00332753,0.00113614,0.000177157,0.000112359,0.0001278,8.84944e-05,9.36656e-05,0.000100381,0.000114526
0.000163337,0.000218641,0.00108037,0.00457508,0.0032951,0.000417544,0.000189967,0.00017124,0.000101978,7.35415e-05,4.98947e-05,6.72486e-05
0.000153765,0.000264179,0.00166001,0.00518422,0.00329005,0.000423625,0.000156811,0.000180365,0.000191375,8.77958e-05,0.0001037,0.00011449
0.000192706,0.00126318,0.00496861,0.00405871,0.0009007,0.000118392,9.98311e-05,0.000126685,0.00012363,0.000108486,8.39923e-05,0.000131838
0.000124778,0.000467798,0.00269691,0.00384912,0.00206012,0.000265183,0.000102172,0.000141065,0.000171173,0.000113197,0.00013103,0.0001261
0.000122052,0.000364855,0.0017073,0.0069079,0.00457943,0.000533295,0.000116334,7.53245e-05,9.5289e-05,7.78462e-05,0.000125745,0.000154778
0.000208237,0.000869841,0.00456663,0.00531643,0.00191639,0.000187144,0.000110552,0.000127875,0.000119617,0.000109555,9.89146e-05,0.000174768
0.000224185,0.000539966,0.00318762,0.00389151,0.00130051,0.000183473,9.52866e-05,7.27329e-05,9.12337e-05,0.000140619,0.000151908,0.000160878
0.000226321,0.000315362,0.000642741,0.00471371,0.00372546,0.000400258,0.000132196,9.54469e-05,4.23447e-05,3.62903e-05,9.46666e-05,8.61401e-05
0.000196847,0.00035128,0.00190116,0.00506121,0.00274525,0.000262526,7.78984e-05,6.46599e-05,9.69831e-05,0.000137546,0.000159126,0.000182433
9.36201e-05,0.00141959,0.00293335,0.00109502,0.00143672,0.000150863,9.2291e-05,7.73903e-05,7.33022e-05,9.37278e-05,9.41689e-05,0.000107845
9.43637e-05,0.000467714,0.00128368,0.00138693,0.000580933,0.000176124,0.000126426,0.000106035,0.000212445,0.000234986,0.000143903,0.000110349
0.000150252,0.000449688,0.00263548,0.00537488,0.00305774,0.000287692,0.00011385,0.000111092,0.000105922,7.75171e-05,0.00010373,0.000124922
0.000171577,0.000649593,0.00207878,0.00107101,0.000257325,0.000117558,7.01527e-05,6.28471e-05,0.000163152,0.000163773,0.000150969,0.00013227
0.000265931,0.000952365,0.0030843,0.00245324,0.000504931,0.000187414,0.000139641,0.000114589,0.000196259,0.000148303,0.000171095,0.000206828
0.000149916,0.000361014,0.0016063,0.00276866,0.00129273,0.000182804,9.04918e-05,9.74088e-05,0.000127013,0.000118954,0.00013287,0.000167551
0.000125908,0.000334156,0.00159,0.00264414,0.00128898,0.000116198,0.000123084,9.24284e-05,0.000164376,0.000160138,0.000106594,8.79101e-05
0.000150446,0.000325772,0.00135347,0.00218817,0.000942354,7.55853e-05,9.00434e-05,9.01155e-05,0.000104706,8.49636e-05,0.000121759,0.000102026
0.000151199,0.000320213,0.00105597,0.00152298,0.000626205,0.000100999,0.000114222,0.000115155,0.000107393,0.000102078,0.000118848,0.000131505
0.000107804,0.000156543,0.000551587,0.00127559,0.000809646,0.000133654,6.85221e-05,0.000107506,9.20064e-05,6.55219e-05,7.34612e-05,8.05676e-05
0.000121094,0.000179527,0.000593858,0.000244282,0.000115269,5.54987e-05,9.15656e-05,0.000124464,0.000103965,9.9362e-05,8.05383e-05,0.000101638
0.000129112,0.000198039,0.000532836,0.000756059,0.000411302,9.62892e-05,5.61017e-05,6.38903e-05,9.93316e-05,0.00010882,0.000113661,0.000100839
0.000104849,0.000218694,0.000509222,0.000457684,0.000193457,6.90497e-05,8.86588e-05,8.24961e-05,0.00015558,0.00014793,7.81297e-05,8.52744e-05
8.91437e-05,8.43734e-05,0.000478875,0.000752024,0.000370006,9.49653e-05,7.51887e-05,7.486e-05,9.51648e-05,8.32383e-05,7.36617e-05,0.000100464
0.000178427,0.000181581,0.000287346,0.000336496,0.000163195,0.000128655,0.000128339,0.000122208,0.000151627,0.000123049,0.000185609,0.000173529
0.000146046,0.000195267,0.00019309,0.000326951,0.000247798,0.000106473,0.0001019,0.000145743,0.000191729,0.000166735,0.00012659,0.000121248
0.000151425,0.000226449,0.000439504,0.000756155,0.000452867,0.00017601,0.000123242,0.000105754,8.08894e-05,0.000103436,0.000145724,0.000148407
0.000116441,0.000144639,0.000326462,0.000232832,0.000188923,0.000156732,0.000129587,0.000104242,0.000105804,0.000129301,0.000115709,0.000114912
6.20673e-05,0.000103118,0.000385278,0.000821368,0.000469931,0.000115463,0.000115656,0.000141447,0.000127469,8.09106e-05,9.15332e-05,0.000109417
4.09771e-05,7.25609e-05,0.000227198,0.00030315,0.000153249,0.000111578,5.20961e-05,8.56852e-05,9.99643e-05,6.87916e-05,6.73102e-05,7.04695e-05
9.87572e-05,0.000138021,0.000315991,0.000347317,0.000147299,0.000126733,0.000113871,8.34021e-05,8.24545e-05,8.72669e-05,5.94445e-05,8.6082e-05
0.000104583,0.00011063,0.00014784,0.000243202,0.000152569,9.08178e-05,0.000109089,0.000111683,0.000119246,7.25641e-05,0.000100578,9.05219e-05
8.66629e-05,0.000123829,0.000183534,0.000221773,0.000135371,6.02613e-05,9.40828e-05,7.97411e-05,0.000100161,8.05252e-05,8.1031e-05,9.56876e-05
8.37593e-05,0.000113186,0.000223707,0.000297811,0.000152764,6.70285e-05,5.93286e-05,5.80963e-05,8.60417e-05,0.000111401,0.000113103,0.000100121
0.000123218,0.000101636,0.000153356,0.000220218,0.000164583,0.000102989,5.74458e-05,8.88207e-05,6.99909e-05,0.000114647,0.000102613,7.6097e-05
0.00014822,0.000144337,0.000192858,0.00023352,0.000152581,0.000123303,0.000121092,0.000106705,9.31066e-05,5.99777e-05,0.000109323,0.00011525
0.000105871,0.000139253,0.00014851,9.68546e-05,7.26694e-05,8.45902e-05,0.00012058,0.000108778,6.5111e-05,4.98213e-05,7.47625e-05,6.90372e-05
9.32794e-05,7.5892e-05,7.03063e-05,5.61372e-05,8.21558e-05,8.14037e-05,6.4946e-05,8.37187e-05,8.65101e-05,8.25317e-05,9.54069e-05,6.77043e-05
0.000145087,9.985e-05,0.000146918,0.000246898,0.00024098,0.000176821,0.000141785,0.000104822,8.18474e-05,0.000105829,0.000169082,0.000179423
0.000131683,0.00014078,0.000190059,0.0001908,0.000150819,0.000151387,0.000473966,0.000599486,0.000216005,0.000275679,0.000318758,0.000329735
0.000145191,0.000180082,0.000249991,0.000191008,0.000173448,0.000173399,0.000595973,0.00099642,0.000640545,0.000689625,0.00157619,0.000767645
0.000172242,0.000216452,0.000392797,0.000295539,0.000127683,0.000194873,0.000859064,0.00206197,0.00138251,0.00101608,0.002686,0.00170822
0.000334546,0.000287497,0.000191086,0.000170497,0.000139822,0.000262238,0.000492524,0.000619865,0.00047463,0.00124854,0.00325853,0.00233519
0.000449043,0.000240865,0.000195741,0.000131454,9.87308e-05,0.00016367,0.000603755,0.00118799,0.000606273,0.000577281,0.00134622,0.00119614
0.00125973,0.000700155,0.000205294,0.000142381,0.000140462,0.000217933,0.000248581,0.000817746,0.000661612,0.000939175,0.000905619,0.000989343
0.00126459,0.00081114,0.000240998,0.000202821,0.000155998,0.00020756,0.000361082,0.000635506,0.00082476,0.000633026,0.000713655,0.000625585
0.000677039,0.000358373,0.000378951,0.000275712,0.000282622,0.000264206,0.00114402,0.00182513,0.00102948,0.000553034,0.000662166,0.00126699
0.000605915,0.000543616,0.00087719,0.00073825,0.000237688,0.000208492,0.000559306,0.00101354,0.000651871,0.00065971,0.000766981,0.000632245
0.000498847,0.000403668,0.00109975,0.000996577,0.000279055,0.000121213,0.000327224,0.0010137,0.000948216,0.000783781,0.000801524,0.000660021
0.000530342,0.000323246,0.000400724,0.000341916,0.000176511,0.000261634,0.000626866,0.00151296,0.00106685,0.000412148,0.000667956,0.000405516
0.000519708,0.000276969,0.000572585,0.000436921,0.000299237,0.000325413,0.00125249,0.00288469,0.00169342,0.000336031,0.000486071,0.000442359
0.000333727,0.000336411,0.000370531,0.000228674,0.000282691,0.000336261,0.00203278,0.00548928,0.00377119,0.000946626,0.00261384,0.00202547
0.000427137,0.000374275,0.000511979,0.00035549,0.000175227,0.000235445,0.00133407,0.00264176,0.00119836,0.00212886,0.00526122,0.00290186
0.000463663,0.000412403,0.000374744,0.000220808,0.000170619,0.000197146,0.00105191,0.00296423,0.00159146,0.0015503,0.00305476,0.00171775
0.000553772,0.000316708,0.000337471,0.000240305,0.000204444,0.000267255,0.000693177,0.0015363,0.0011531,0.00158263,0.00338824,0.0022772
0.0015183,0.000913996,0.000359436,0.000311447,0.000251227,0.000254704,0.000729175,0.00152512,0.000751622,0.000687111,0.00110117,0.000951531
0.0007661,0.000465722,0.000409407,0.000329066,0.00033561,0.000258425,0.00130232,0.00283173,0.00163732,0.00104859,0.00188149,0.00126326
0.00152929,0.000777716,0.000472174,0.000435396,0.000183453,0.000227765,0.000948167,0.00282472,0.00192467,0.000835512,0.000637686,0.00125329
0.000940725,0.000435765,0.000300488,0.000258632,0.000156349,0.000215438,0.000618094,0.00105989,0.000932899,0.000674377,0.000883657,0.00126434
0.000582056,0.000340795,0.000612599,0.00027915,0.000124902,0.000209688,0.000700505,0.00150375,0.000698614,0.000591329,0.000583158,0.000619495
0.000403276,0.000355184,0.000457057,0.000351072,0.000272843,0.000327209,0.0020199,0.00465189,0.00230254,0.000592392,0.000514782,0.000335861
0.000507597,0.000358743,0.000536777,0.000514096,0.000285332,0.000414766,0.00279969,0.0065222,0.00382518,0.000964705,0.000804183,0.000830406
0.00044077,0.000297301,0.000356476,0.000318743,0.000145366,0.000318167,0.00184652,0.00444069,0.00236224,0.000972656,0.00349232,0.00238032
0.00047465,0.000492086,0.000602685,0.000300393,0.000117529,0.000186273,0.00121895,0.00295287,0.00174101,0.00153265,0.00385031,0.00254398
0.000984601,0.000628944,0.000406856,0.000369599,0.00020855,0.000233317,0.00156051,0.00382304,0.00246395,0.000984588,0.00265854,0.00167749
0.0024821,0.0010551,0.000126135,0.000189768,0.000209477,0.000316739,0.00124213,0.00285505,0.00163334,0.000687838,0.00102701,0.00199687
0.00244241,0.00165955,0.000796828,0.000476288,0.000195566,0.000418195,0.00111123,0.00218562,0.00173714,0.00105466,0.00143097,0.00243199
0.00130773,0.000643269,0.000323905,0.000256804,0.000158916,0.000264379,0.00168168,0.00500122,0.00304923,0.000776538,0.00139698,0.00118094
0.00100154,0.000504746,0.00202228,0.00178188,0.000490173,0.000289417,0.000468976,0.00101918,0.000769943,0.000715554,0.000803969,0.000850788
0.000823918,0.000659639,0.00178387,0.00181745,0.000570657,0.000373373,0.00121184,0.00185808,0.00096307,0.000708857,0.00142876,0.000601116
0.000958318,0.000620626,0.00080124,0.000605348,0.000261869,0.000552364,0.000892817,0.00120586,0.000695477,0.00058632,0.00123709,0.00128045
0.00121832,0.00142147,0.00167131,0.000918201,0.000415178,0.000599033,0.00185929,0.00196321,0.000534364,0.000746675,0.000865057,0.000955107
0.000869522,0.00121713,0.00302104,0.00258172,0.000921351,0.00119809,0.00430254,0.00378086,0.0017791,0.00323539,0.00188802,0.000848466
0.000610437,0.00141918,0.00299379,0.00188682,0.000334408,0.000353081,0.00232309,0.00234957,0.00136369,0.00322308,0.00191127,0.00061156
0.000253097,0.000942313,0.002331,0.00167905,0.000533031,0.000585745,0.00233706,0.00183914,0.00142487,0.00338581,0.00197244,0.000741953
0.000588114,0.00105081,0.00157944,0.000785261,0.000273269,0.000289434,0.00155643,0.00332485,0.00297235,0.00554072,0.00472767,0.0012926
0.000530717,0.000581034,0.000989114,0.000850736,0.000300282,0.00042874,0.00183464,0.00252897,0.00172642,0.00359045,0.00370778,0.00202232
0.00046226,0.00133665,0.00367886,0.00227843,0.000321395,0.000290457,0.000836065,0.00154563,0.00211207,0.00544813,0.00621307,0.00262036
0.000527614,0.00135678,0.00367271,0.00184486,0.000209623,0.000426243,0.00179719,0.00262252,0.0015417,0.00132478,0.00179954,0.00133534
0.00125034,0.000740225,0.0011544,0.00102191,0.000218516,0.000221697,0.000825501,0.000885437,0.00109076,0.00304488,0.00202013,0.00104011
0.00109348,0.0011218,0.00155664,0.000975599,0.000208833,0.000276331,0.00084329,0.0014332,0.00142898,0.00267194,0.00190076,0.000594105
0.00196669,0.0014697,0.0020356,0.00112378,0.000128832,0.000884299,0.00358697,0.0026528,0.00112414,0.0019793,0.00147772,0.00149291
0.000736255,0.00148477,0.00380644,0.00231552,0.000263281,0.000700244,0.00397232,0.00337378,0.000816412,0.00168317,0.00178438,0.000913024
0.000520192,0.00168705,0.00450765,0.00269306,0.000420837,0.000405726,0.00148,0.00130281,0.00120464,0.0028493,0.00199411,0.000835953
0.000669918,0.000837321,0.00183943,0.00113102,0.00016111,0.000668798,0.0031185,0.00321751,0.00163531,0.00346007,0.00152037,0.000255654
0.000412822,0.00129422,0.00255909,0.00135463,0.000164089,0.000736845,0.00324736,0.00322273,0.00216326,0.00403168,0.00265698,0.000681335
0.000374888,0.000769767,0.00217353,0.00107244,0.000216248,0.000695404,0.00182917,0.00281816,0.00226039,0.00303961,0.00402211,0.00173687
0.000312033,0.00215397,0.00585974,0.00323139,0.000375773,0.000520225,0.00184833,0.00177105,0.000767831,0.00141328,0.00208195,0.00182372
0.000607918,0.001643,0.00407548,0.00210519,0.000248559,0.000575022,0.00169038,0.00137397,0.000630514,0.000650656,0.000877237,0.00070546
0.00245155,0.00132158,0.00112819,0.000904404,0.000156467,0.000434157,0.00157958,0.00144874,0.00113932,0.0030162,0.00273286,0.00111462
0.00163473,0.00191344,0.00293801,0.00150425,0.000190615,0.000397422,0.00107395,0.000956102,0.000798533,0.00165265,0.00172705,0.00159946
0.00108616,0.00110217,0.00232324,0.0010261,0.000163094,0.000438955,0.00092441,0.0011256,0.000500634,0.00181368,0.00162062,0.00116542
0.000651311,0.00243517,0.00564466,0.00302887,0.000467522,0.0011615,0.00466487,0.00357575,0.001293,0.00279827,0.00205429,0.00059776
0.0007625,0.00292426,0.00630009,0.0032773,0.000313247,0.000795751,0.00385924,0.00301831,0.00136653,0.00324112,0.00203766,0.000527266
0.000270222,0.00100766,0.00197693,0.000947663,0.000188368,0.000643816,0.00211271,0.00154836,0.00104628,0.00257127,0.00133374,0.000793669
0.000296255,0.00117463,0.00233752,0.00113741,0.000183737,0.000688788,0.00142566,0.00237489,0.00213551,0.00310387,0.000971326,0.000824337
0.000569921,0.00113189,0.00269145,0.00148016,0.000168474,0.000496593,0.00188122,0.00140486,0.00113921,0.00266489,0.00220439,0.000895344
0.000647788,0.00167208,0.00294217,0.00134329,0.000180586,0.000670072,0.0020828,0.0021653,0.00112305,0.00144389,0.000996833,0.00104507
0.000459475,0.00198657,0.00382949,0.00172982,0.000199161,0.000416542,0.001223,0.00109667,0.0013769,0.00198141,0.00275913,0.00179559
0.00100566,0.00216404,0.00409752,0.00199423,0.000197901,0.000421943,0.00117791,0.00151341,0.000403193,0.00176715,0.0025148,0.00148779
0.00155352,0.00210589,0.00248926,0.0009601,0.00010422,0.00041612,0.000927231,0.000971652,0.000560769,0.00129714,0.00170469,0.00143499
0.00152962,0.00140069,0.00127683,0.000526542,0.000152429,0.000299348,0.000695638,0.000753461,0.00034245,0.00103937,0.00120703,0.00107486
0.000873359,0.00101531,0.00170587,0.000963988,0.000535041,0.000665934,0.00242218,0.00257717,0.00121616,0.00174803,0.00151225,0.000571547
0.000430184,0.000991488,0.00193974,0.00110508,0.000416253,0.000482082,0.00208928,0.00454809,0.00285727,0.00078195,0.00172029,0.00141995
0.000354322,0.000385312,0.0010439,0.000571186,0.000401005,0.000379288,0.00174367,0.00527994,0.00353903,0.00236625,0.00450683,0.00264378
0.000377685,0.000883187,0.00115192,0.000553399,0.000352822,0.000600933,0.00144515,0.00259385,0.0022623,0.000939434,0.00187141,0.00132023
0.000473407,0.000314785,0.000323996,0.000385154,0.000308305,0.000733616,0.00211332,0.00406324,0.00233095,0.00115094,0.00125687,0.000873846
0.00295185,0.00174923,0.00102241,0.000581536,0.000348044,0.000372426,0.00137725,0.00207239,0.00108254,0.00117854,0.00223305,0.0019366
0.00209235,0.00148036,0.000786217,0.000367539,0.0005574,0.000609999,0.00155837,0.00357924,0.00208298,0.00142817,0.0013714,0.00162666
0.000953714,0.000691596,0.00107602,0.000668871,0.000288285,0.000346989,0.00125701,0.00249472,0.00137928,0.00189991,0.00274677,0.00140943
0.00170062,0.00112124,0.000334927,0.000294835,0.000270462,0.000341352,0.0010724,0.0020435,0.00126386,0.00111197,0.00144368,0.00168297
0.000216661,0.000559527,0.00124379,0.000828926,0.000237635,0.000277684,0.00100855,0.00224592,0.00132386,0.000499068,0.00113133,0.000899426
0.000855809,0.00059096,0.000596728,0.000519077,0.000250206,0.000508299,0.00104651,0.00116561,0.000833946,0.00128048,0.00161044,0.00113785
0.000473365,0.000608927,0.00090722,0.0005626,0.000152579,0.000403976,0.00195582,0.00442842,0.00252234,0.00168303,0.00228696,0.00108513
0.0004885,0.000475638,0.000792599,0.000467967,0.000353488,0.000481539,0.0014305,0.00450383,0.00293765,0.00132211,0.00399141,0.00234449
0.000729832,0.000623414,0.000259182,0.000207826,0.000144577,0.00020172,0.00119641,0.00375646,0.00248879,0.00171463,0.00515375,0.00328887
0.00116108,0.000888018,0.000391241,0.000332051,0.000283495,0.000252382,0.0013085,0.00365316,0.00250786,0.00158133,0.00241864,0.00205238
0.00332323,0.0016571,0.000485234,0.000353207,0.000237977,0.000558403,0.00168632,0.00329549,0.00214759,0.00182597,0.00316407,0.00295762
0.00233156,0.00134462,0.000704218,0.000379061,0.000279929,0.000600144,0.0020586,0.00348423,0.00170908,0.00238095,0.00326338,0.0023969
0.000557007,0.000577956,0.00123952,0.000830763,0.000402205,0.000408368,0.00130902,0.0038484,0.00277687,0.00149988,0.00192064,0.0017707
0.000424507,0.000414151,0.00139968,0.00100812,0.000280145,0.000247634,0.00105759,0.00224079,0.00166478,0.0013003,0.00171827,0.000903594
0.000704902,0.000457831,0.00264507,0.00206565,0.000388641,0.000238358,0.000603059,0.00164316,0.00125927,0.00127834,0.00213108,0.00183846
0.000728433,0.000552807,0.00196764,0.00140605,0.000282903,0.000298973,0.000936033,0.00177107,0.00102651,0.000578753,0.000988201,0.00138558
0.000477899,0.000451567,0.00102237,0.000817336,0.000415348,0.000468995,0.000963876,0.00205282,0.00135808,0.00124052,0.00157593,0.00110429
0.0011211,0.00067912,0.00041215,0.000397964,0.000528224,0.000758508,0.0022405,0.00523627,0.00349891,0.00182003,0.00225347,0.00161061
0.000329855,0.000280809,0.000445274,0.000528132,0.000431559,0.000367985,0.00157141,0.00512531,0.00390323,0.00215736,0.00555969,0.0036711
0.000569482,0.000374179,0.000696763,0.000432509,0.000224048,0.000191707,0.000691648,0.00235651,0.00227535,0.00169741,0.00425882,0.00313546
0.00170452,0.000767842,0.000716636,0.000505582,0.000179658,0.00030247,0.00129293,0.00291988,0.00214746,0.00172963,0.00254268,0.00294458
0.00254937,0.00157508,0.000604521,0.000504481,0.000297529,0.000507773,0.000469547,0.000891163,0.000903993,0.00158821,0.00210366,0.00121346
0.00152429,0.00109168,0.000656717,0.000388761,0.000251701,0.000606381,0.000720583,0.00113114,0.000947722,0.00163424,0.00206333,0.00152129
0.00139218,0.000994684,0.000583388,0.000381171,0.000323449,0.000273608,0.0012448,0.0028687,0.00201078,0.0013129,0.000840054,0.0010214
0.000841687,0.000883869,0.0025719,0.00176611,0.000374958,0.000352603,0.000950407,0.00198503,0.00149004,0.00086596,0.00128545,0.00137283
0.000293038,0.000332682,0.00175803,0.00129817,0.0002419,0.000103083,0.00063822,0.00141457,0.000600679,0.000797383,0.00132322,0.00119695
0.000339417,0.000360586,0.000481191,0.000296982,0.000194689,0.000429245,0.00137775,0.00130407,0.000427528,0.000621101,0.00117879,0.00116162
0.000427118,0.000875595,0.00214769,0.00125208,0.000249523,0.000684416,0.00212114,0.00151987,0.00138861,0.00309936,0.00200121,0.000834392
0.000935318,0.00128819,0.00221931,0.00143749,0.000349585,0.00078686,0.00263416,0.00207386,0.00221529,0.00585735,0.00352269,0.000554945
0.000211836,0.000723549,0.00189295,0.00108421,0.000246602,0.000616761,0.00222137,0.00322751,0.00293704,0.0060154,0.00387737,0.000676119
0.000264885,0.000588463,0.00125974,0.000839767,0.00020427,0.000483367,0.00208886,0.0018313,0.00124764,0.00316896,0.00195524,0.000402254
0.000586851,0.000393511,0.000926168,0.000545406,0.000176749,0.00049007,0.00193415,0.00294014,0.00148222,0.00456085,0.00451741,0.00220559
0.000773932,0.00095724,0.00110354,0.000762384,0.000442589,0.000467467,0.00118714,0.00177417,0.000757076,0.00191673,0.00241483,0.00140101
0.000561402,0.00136708,0.00377353,0.00253516,0.000500603,0.000299763,0.000559368,0.000984841,0.00156431,0.00194141,0.00362026,0.00258292
0.00158128,0.00131772,0.00256113,0.00154191,0.000418268,0.000343019,0.000379172,0.000498852,0.000616829,0.000999841,0.00211504,0.0024936
0.00320666,0.00235447,0.00152103,0.00103733,0.000268612,0.000280685,0.000831037,0.000892241,0.000651469,0.00215584,0.00211992,0.00192116
0.00245284,0.00168758,0.000972165,0.000556827,0.000185069,0.000205755,0.000522968,0.000511415,0.00114979,0.00244026,0.0019572,0.00161609
0.000478732,0.000451253,0.000955875,0.000580015,0.000242785,0.000225481,0.000801813,0.000908829,0.000359105,0.00104133,0.000877558,0.000424751
0.000349938,0.00113516,0.00335186,0.00197318,0.000353597,0.000792074,0.00178957,0.0012461,0.00199338,0.00489524,0.00341829,0.000756635
0.000786886,0.00203764,0.00476825,0.00267087,0.000291941,0.001189,0.00366353,0.00277737,0.00057051,0.00263732,0.00188429,0.000893364
0.000749673,0.00108453,0.0024269,0.00158542,0.000237215,0.000955689,0.00258856,0.00190808,0.00111599,0.00205074,0.00118939,0.000872508
0.000741882,0.00107342,0.00215376,0.00139416,0.000331655,0.000911393,0.00285853,0.00183865,0.000967725,0.00213694,0.00237651,0.00091516
0.000632468,0.000560577,0.00100232,0.000804811,0.000320396,0.00057318,0.00167803,0.00191439,0.001277,0.00201019,0.00328184,0.0017484
0.000431173,0.000885759,0.00222042,0.00124744,0.000461478,0.00058648,0.00172772,0.000845865,0.000646659,0.00191723,0.00160803,0.00110966
0.000369692,0.00116498,0.00343228,0.00205015,0.000299035,0.000479414,0.00148526,0.0010192,0.00078815,0.00204476,0.00346265,0.00199026
0.00273982,0.00293017,0.00386991,0.00230823,0.000369697,0.000367081,0.000884677,0.00112093,0.000984748,0.00115711,0.00146345,0.00111479
0.0022032,0.00202613,0.00159791,0.000991461,0.00021622,0.000286728,0.000595782,0.000710118,0.00048835,0.00132524,0.00168534,0.00112426
0.000532928,0.000638948,0.00124053,0.000878086,0.000217974,0.000315087,0.000720241,0.000681698,0.000445288,0.000594356,0.000911581,0.000537731
0.000697496,0.00174753,0.00310485,0.00164286,0.000247605,0.000567381,0.00178374,0.00155976,0.00149412,0.00318666,0.00129572,0.000665783
0.000270663,0.0017826,0.00510365,0.00309627,0.000251619,0.000900055,0.00314944,0.0022017,0.00123194,0.00355619,0.00263185,0.000485385
0.000392622,0.00133022,0.00351662,0.00219776,0.000312462,0.0012588,0.00338426,0.00171863,0.000895656,0.00248448,0.00166467,0.000699945
0.000712076,0.000811105,0.00188085,0.00132692,0.000496832,0.000509436,0.0010306,0.000839991,0.000718834,0.00152933,0.0016606,0.000851833
0.000349643,0.000943198,0.00202512,0.00116168,0.000222418,0.000261675,0.00108833,0.00180204,0.000935655,0.00161456,0.00136862,0.000963161
0.000832586,0.00155708,0.000904305,0.000735967,0.000198275,0.000362069,0.00166319,0.00284627,0.00147635,0.00128202,0.0019318,0.0011781
0.00167595,0.00203804,0.00443415,0.00245019,0.000582755,0.000488258,0.00143923,0.00225058,0.00153961,0.00183249,0.00156196,0.00129636
0.00145848,0.00195153,0.00405406,0.00212392,0.000373359,0.000254919,0.00134114,0.00146055,0.000503599,0.000842468,0.000968008,0.00154927
0.00132968,0.00104027,0.000766357,0.000453197,0.000213092,0.000439069,0.000618155,0.00038083,0.000602248,0.00139843,0.00120266,0.000365059
0.00117039,0.000898423,0.00120645,0.000879487,0.000211569,0.000166131,0.00058092,0.000587212,0.000465131,0.000709472,0.000700579,0.000691153
0.000261571,0.000756018,0.00117627,0.000605768,0.000296085,0.000283091,0.000495311,0.000574385,0.000495065,0.000745502,0.000564049,0.000449293
0.000644384,0.000767832,0.00159055,0.000861782,0.00016378,0.000647911,0.00363078,0.00642361,0.00346286,0.00125637,0.0043409,0.00338691
0.000890744,0.000648127,0.00132442,0.000733117,0.00029862,0.000284169,0.00245083,0.00649914,0.00372964,0.00286598,0.00787944,0.00436975
0.000596516,0.000603371,0.00135192,0.000665986,0.000217568,0.000416126,0.0033182,0.0079123,0.00493144,0.0036039,0.00981703,0.00627083
0.000256907,0.000351949,0.000559483,0.000376943,0.000251832,0.000306876,0.00245622,0.00654973,0.00370322,0.00171517,0.0040108,0.001884
0.000388361,0.000264749,0.000470711,0.000321763,0.000459862,0.000743742,0.00185619,0.00317612,0.00212,0.00143202,0.00492257,0.00350286
0.000383944,0.000673352,0.000802661,0.000622236,0.000373917,0.000793335,0.00245644,0.00417718,0.0026874,0.00237136,0.00490576,0.00317125
0.0001743,0.000634892,0.00151779,0.000897657,0.000236594,0.000225304,0.00206403,0.00463812,0.00225703,0.00100547,0.00316871,0.00312537
0.000304978,0.000486317,0.0012867,0.000665796,0.000394962,0.00046295,0.00132772,0.00204842,0.000921283,0.00121902,0.00335695,0.0022332
0.000381486,0.00066548,0.00118283,0.00061033,0.000273702,0.000447607,0.000746684,0.0021647,0.00137874,0.0010409,0.00246144,0.00167566
0.00321805,0.00227133,0.000362656,0.000250647,0.000196019,0.000419478,0.00206963,0.00284985,0.00123238,0.000998789,0.00184309,0.00139739
0.00264569,0.00231754,0.000613174,0.000654418,0.000709334,0.00116645,0.00187324,0.00315397,0.00270582,0.00203711,0.00174325,0.000917531
0.00129103,0.000988531,0.000697455,0.000420009,0.000409395,0.000683024,0.00249452,0.00553037,0.0031956,0.00184103,0.00343376,0.00286763
0.000724837,0.000869595,0.000418245,0.000190167,0.000314617,0.000456111,0.00278012,0.00644319,0.00380845,0.00190305,0.0061767,0.00434814
0.0012074,0.00116074,0.000446742,0.000271815,0.000156452,0.000457922,0.00140881,0.00426676,0.00270772,0.00165336,0.00323657,0.00148901
0.000763132,0.000483859,0.000287267,0.000153565,0.000121802,0.00064907,0.00292374,0.00452945,0.00189816,0.00156762,0.00423515,0.00251332
0.00132233,0.00120561,0.000612845,0.000446243,0.000400961,0.00047145,0.00130034,0.00219916,0.00125123,0.0016885,0.00432193,0.00292532
0.000735005,0.000867799,0.00165314,0.000920369,0.000464722,0.000518908,0.00186982,0.00459801,0.00291513,0.00143637,0.00345358,0.00185983
0.000411113,0.000480229,0.00149228,0.000800562,0.000336268,0.000553889,0.00167277,0.003718,0.00228316,0.00109814,0.00183439,0.0014033
0.000962385,0.000670376,0.000525831,0.00049104,0.000355848,0.00044433,0.00204246,0.00411744,0.00228082,0.00113351,0.00232183,0.00168343
0.000691446,0.000397149,0.000781983,0.000477794,0.000218024,0.000261475,0.000703486,0.00192215,0.00145685,0.000723734,0.000955019,0.00102621
0.00254222,0.00245034,0.000939939,0.00042869,0.000306861,0.000372319,0.00132887,0.00295792,0.00182482,0.00152718,0.00132908,0.00112575
0.00183934,0.00167333,0.000873071,0.000728753,0.000486591,0.000663684,0.00270311,0.004875,0.00216598,0.00274325,0.00559736,0.00348491
0.00217957,0.00164569,0.000641072,0.00056997,0.000246732,0.000447601,0.00188954,0.0052858,0.0032308,0.00444603,0.0126302,0.00786507
0.00190773,0.00152795,0.000466874,0.000256985,0.000257495,0.000302637,0.00171331,0.00442483,0.00346099,0.00292234,0.00773658,0.0045466
0.000906061,0.000564301,0.000283514,0.000182252,0.000172434,0.00044349,0.00189821,0.00528661,0.00289848,0.00245189,0.0068833,0.00423766
0.000682427,0.000461537,0.000423301,0.0002438,0.000206352,0.000488936,0.000726157,0.00165157,0.000917355,0.0019155,0.00443782,0.00217683
0.00103123,0.00123342,0.00121262,0.000885717,0.000564595,0.000574736,0.00121238,0.00196774,0.000910831,0.000722497,0.00147639,0.000858227
0.000559755,0.000751788,0.0015696,0.000833475,0.000301424,0.000514725,0.0019072,0.00468473,0.00255529,0.00106671,0.00365759,0.00252846
0.000734711,0.000928757,0.000984897,0.000413808,0.000213922,0.000423917,0.000961931,0.00240694,0.00128089,0.000790393,0.00144992,0.000973029
0.000568344,0.000691582,0.000679727,0.000367563,0.000228606,0.000424565,0.00116009,0.00182405,0.000936894,0.000385964,0.00112894,0.00102976
0.000622999,0.000291855,0.000509498,0.00029926,0.000353319,0.000462286,0.000535343,0.0012321,0.00141955,0.00159662,0.00152273,0.000944056
0.00196623,0.00133027,0.000499226,0.000218234,0.00018302,0.000293183,0.00109772,0.00189628,0.000769015,0.00088712,0.00109962,0.00138192
0.0012501,0.00172524,0.000899861,0.000367929,0.000220938,0.000489255,0.000525496,0.00126894,0.00112002,0.000964935,0.0023936,0.00195068
0.000826474,0.000974055,0.000457733,0.000304025,0.000298345,0.000303886,0.00133839,0.00315774,0.00196236,0.000768642,0.00147138,0.0013002
0.000540669,0.000773051,0.000463944,0.00018808,0.000233405,0.000274798,0.00075085,0.00146803,0.00087082,0.000823904,0.00183152,0.00112762
0.000721358,0.000520371,0.000339742,0.000179916,0.000124217,0.00019719,0.000663519,0.00165734,0.000890744,0.000436085,0.000946063,0.000782617
0.000640767,0.000593568,0.00036885,0.000190345,0.000197412,0.000250632,0.000409553,0.00107175,0.000763801,0.000329912,0.000542674,0.000330439
0.000763058,0.00136955,0.000793543,0.000232525,0.000162277,0.000299626,0.000340313,0.000510532,0.000430386,0.000359296,0.000822761,0.000498422
0.00048292,0.00106208,0.000592206,0.000153953,0.000152486,0.000144235,0.00021572,0.000550629,0.000404035,0.000275419,0.000807189,0.00055639
0.00050655,0.000522982,0.000465117,0.000195895,0.000139148,0.00015273,0.00030239,0.000581477,0.000504958,0.000598194,0.000975813,0.000739868
0.000636744,0.000627503,0.000343593,0.000153389,0.000120585,0.00013389,0.000292612,0.000450224,0.000342703,0.000247203,0.000353324,0.000294267
0.00178549,0.00122731,0.000308579,0.000263264,0.000169841,0.000248277,0.000294944,0.000536389,0.000386465,0.00030587,0.000432286,0.0011263
0.00125723,0.00174459,0.00087799,0.000325147,0.000281019,0.000263544,0.00033572,0.000829274,0.00111717,0.00069117,0.000604569,0.000561938
0.00126027,0.00226027,0.00113988,0.000100282,0.000170274,0.000184166,0.000535799,0.00130718,0.00140626,0.000735582,0.00169539,0.00135329
0.00100987,0.00185463,0.000931699,0.000127173,0.000115856,0.000122136,0.000768426,0.00201488,0.00127759,0.000435719,0.000970193,0.00084093
0.000819685,0.00150949,0.000769332,0.00010406,0.000117558,0.000119092,0.000709473,0.00159027,0.000940216,0.000544497,0.00164971,0.00115109
0.000348444,0.00061434,0.000388983,0.000111974,0.00013186,0.000179505,0.000542521,0.00124253,0.000669295,0.000459641,0.00114102,0.000670741
0.000898401,0.00111592,0.000651547,0.000438433,0.00049096,0.000350582,0.000627499,0.00118928,0.00110716,0.00119548,0.00107078,0.000726878
0.000679844,0.000983401,0.000428715,0.000237979,0.000154075,0.000157297,0.000319516,0.000579861,0.000687287,0.000473712,0.000724627,0.000707637
0.000431269,0.000894148,0.000412291,0.000198704,0.00017325,0.000254694,0.000370989,0.000477747,0.000719173,0.000800331,0.00068742,0.000510641
0.000533598,0.000957038,0.000379302,0.000200253,0.000217309,0.000115083,0.000301117,0.000626851,0.000556788,0.000340861,0.000614693,0.00037839
0.00146589,0.00135837,0.000414739,0.00017951,0.000133482,0.000177771,0.000215638,0.000287501,0.000521112,0.000804667,0.00053449,0.000481152
0.00161557,0.00133829,0.000289084,0.00024375,0.000354402,0.000320114,0.000207887,0.000523613,0.000507017,0.000471432,0.000358358,0.000534739
0.000914318,0.00188153,0.00122882,0.000291186,0.000137258,0.000286986,0.000374972,0.00044091,0.00122876,0.00146395,0.00122289,0.000452403
0.00110033,0.00222427,0.00119561,0.000158452,0.000199961,0.000232864,0.000325649,0.000889627,0.000877619,0.000964079,0.00176402,0.00140786
0.000571523,0.00131087,0.000754103,0.000101069,0.000147536,0.000212719,0.000320179,0.00082281,0.000702718,0.000725142,0.00100181,0.000592668
0.000644225,0.00110262,0.00068044,0.000211737,0.000217678,0.000285724,0.000173506,0.000416216,0.000340984,0.000614865,0.00165565,0.000895773
0.000792607,0.000961129,0.000462912,0.000242053,0.000236089,0.000261229,0.000191692,0.000280098,0.000276783,0.000503365,0.00122861,0.000705969
0.00065462,0.00112129,0.000903072,0.000546256,0.000280646,0.0001695,0.000282478,0.000664709,0.00071156,0.000823021,0.00108161,0.00098373
0.000846766,0.000872235,0.000316281,0.000268046,0.000265527,0.000434705,0.000278312,0.000371498,0.000775562,0.000749457,0.000834991,0.000692362
0.000554558,0.000904647,0.000546736,0.00021019,0.000279189,0.000268302,0.000210519,0.000463685,0.000718045,0.000578823,0.000884683,0.000774381
0.00259641,0.00279388,0.000805744,0.000225079,0.000191618,0.00018853,0.00026587,0.000584541,0.000875318,0.000895114,0.000861601,0.00117437
0.00301315,0.0040641,0.00131897,0.000275371,0.000154078,0.000397628,0.000396322,0.00035413,0.000542512,0.000561789,0.000559285,0.000862661
0.00155789,0.0032415,0.00366276,0.00172838,0.00135828,0.00301729,0.00233946,0.000921617,0.00251976,0.00456108,0.00263187,0.00159985
0.000540804,0.00378448,0.0063266,0.00262408,0.00110854,0.00376505,0.00250132,0.000555452,0.0019007,0.00462341,0.00292648,0.000967445
0.000595008,0.000905378,0.00231461,0.00123046,0.001512,0.00515887,0.00365384,0.000623429,0.00189989,0.0045769,0.00230609,0.0003096
0.000995922,0.00124684,0.0018579,0.00110211,0.00108212,0.00374056,0.00265397,0.000644152,0.00121762,0.00341921,0.00187806,0.000730035
0.000841154,0.00160348,0.00243845,0.00122667,0.00110015,0.00183234,0.0011613,0.000403292,0.000694424,0.00215001,0.00132212,0.00062306
0.00128572,0.00426194,0.00413164,0.00175081,0.000554489,0.0016005,0.00128684,0.000529272,0.00157558,0.00415532,0.00246775,0.000702354
0.00105193,0.0057011,0.0100689,0.00484075,0.000932911,0.00213121,0.00230888,0.000747998,0.00155655,0.00269771,0.00137471,0.000751447
0.00043891,0.00329981,0.00681333,0.00311088,0.000601186,0.00133248,0.000729693,0.000737048,0.000964076,0.00174928,0.00157151,0.000640392
0.000728112,0.00305195,0.00626478,0.00304634,0.000729434,0.00114317,0.000903128,0.00212068,0.00149345,0.00453429,0.00273462,0.000924512
0.000303855,0.00245274,0.00516283,0.0024038,0.000309943,0.00120041,0.00139638,0.00180685,0.00129717,0.00257774,0.0048988,0.00322929
0.000642397,0.00199729,0.00437614,0.00225609,0.00069363,0.00124558,0.000851933,0.00108128,0.00257371,0.00689084,0.00636798,0.00214631
0.000295763,0.00371114,0.009221,0.0049065,0.000950638,0.00303478,0.00252675,0.000935126,0.00201409,0.00339434,0.00178406,0.00169826
0.00034661,0.00441286,0.00931249,0.00445928,0.00221305,0.00678152,0.00399218,0.000903036,0.0036699,0.0100072,0.00697919,0.00177549
0.000434755,0.00247546,0.00597962,0.00264717,0.00433086,0.00841372,0.00399608,0.00123988,0.00271133,0.00651128,0.00249725,0.0015843
0.000399074,0.00354412,0.00714056,0.00336054,0.00130045,0.00309432,0.00220137,0.000780501,0.0026705,0.00693799,0.00339032,0.000731368
0.000588985,0.00338461,0.00551292,0.00242992,0.00127715,0.00285966,0.00195805,0.000758544,0.00233891,0.00521034,0.00308945,0.00095024
0.000471646,0.00236256,0.00540937,0.00269924,0.00162732,0.00216372,0.000915687,0.000371484,0.00209887,0.00622401,0.00392192,0.00108679
0.000260504,0.00329041,0.00695042,0.00332544,0.000872258,0.00175568,0.00118538,0.000462584,0.00182812,0.005462,0.00367186,0.000818047
0.000399957,0.00242902,0.00494636,0.0022779,0.00119895,0.00244526,0.00112505,0.000711787,0.00170308,0.00508048,0.00288329,0.000860732
0.000382842,0.00248749,0.00511483,0.00238716,0.000759204,0.00195502,0.001912,0.00387843,0.00380687,0.00543713,0.00541765,0.00214877
0.000580273,0.00229413,0.00578457,0.00291869,0.000985592,0.00118911,0.00112614,0.00180076,0.000979434,0.00226911,0.00228791,0.00202768
0.000515637,0.00392864,0.00901114,0.00441803,0.00209487,0.00304411,0.00288186,0.00272862,0.00304263,0.00704406,0.00563651,0.00240984
0.000398783,0.00379523,0.00873706,0.00438067,0.00278096,0.00754155,0.00544959,0.00173415,0.00257447,0.00848966,0.00520322,0.00129652
0.000327018,0.00278009,0.00630078,0.00279582,0.00313712,0.00711874,0.00362168,0.000912127,0.000728912,0.00377125,0.00334615,0.002337
0.0003902,0.00215404,0.00487957,0.00232972,0.00148639,0.00290393,0.00179067,0.00119916,0.00118062,0.00368371,0.00257351,0.000827753
0.000535203,0.00232113,0.00415835,0.00131019,0.000715601,0.0013138,0.000980724,0.0011723,0.00123626,0.0049118,0.00284969,0.000916267
0.000405553,0.00359287,0.00634906,0.00282698,0.0006338,0.00174641,0.00149847,0.000794747,0.00127201,0.00377301,0.00218193,0.000648498
0.000150827,0.0026054,0.00602593,0.00298217,0.000926685,0.00210527,0.00132207,0.00036932,0.000781873,0.00191235,0.00122827,0.00036908
0.000321775,0.00223189,0.00440131,0.00190716,0.000444567,0.00104244,0.000937254,0.00138927,0.00107798,0.00121416,0.000858128,0.000899578
0.000330999,0.00186283,0.00369883,0.00164187,0.000646729,0.00114844,0.00142312,0.00180463,0.000754743,0.00259792,0.00224246,0.000860481
0.000486507,0.00185473,0.0035752,0.00166784,0.000479756,0.0010939,0.000855015,0.00089813,0.000573697,0.00184887,0.00261686,0.00135007
0.000393112,0.000927159,0.00244052,0.00116113,0.000483241,0.00103372,0.000842203,0.0004875,0.000754615,0.00101131,0.000636565,0.00049982
0.000293707,0.000501436,0.000933797,0.000742134,0.000885743,0.00183978,0.00115307,0.000726328,0.000488998,0.0022913,0.00148762,0.000598815
0.000249724,0.000351664,0.000712903,0.000384313,0.000463237,0.00115071,0.000796517,0.000599314,0.000737582,0.00228655,0.00125735,0.000333982
0.000186674,0.000419426,0.000793392,0.000420928,0.000251895,0.000863626,0.000843677,0.00044129,0.000447538,0.00111215,0.000538352,0.000568642
0.000317055,0.00059234,0.000792362,0.000363448,0.000329187,0.000635707,0.000556745,0.000545493,0.000644723,0.00122003,0.00105961,0.00076611
0.000343888,0.000630862,0.000885018,0.000696367,0.000397109,0.000302402,0.000385747,0.000447897,0.000985163,0.0020312,0.00115767,0.0004641
0.000227049,0.000959913,0.00168582,0.000960563,0.000410172,0.000489142,0.000489838,0.000433339,0.000760977,0.00123659,0.000834885,0.000365589
0.000181857,0.000721872,0.001643,0.000907256,0.000293565,0.000573203,0.000248729,0.000484087,0.000609976,0.000787506,0.000430046,0.0002286
0.000401084,0.000558211,0.00110725,0.000695811,0.000284569,0.000541549,0.000499149,0.000485514,0.000456042,0.000585673,0.000779001,0.000542739
0.000248408,0.00059474,0.00117318,0.000784293,0.000547171,0.000730271,0.000520133,0.000607887,0.000567182,0.00153045,0.0012365,0.000513632
0.000236161,0.000354302,0.000747202,0.000470071,0.000226854,0.000255759,0.000472317,0.000579567,0.00043957,0.000879039,0.00127164,0.000440779
0.000190712,0.000454386,0.0010402,0.000640762,0.000484954,0.000718064,0.000534913,0.000530678,0.000832196,0.00145901,0.00109288,0.000571977
0.00029013,0.000609074,0.00125836,0.000682705,0.000404099,0.000867324,0.000621887,0.000283477,0.000832417,0.00135495,0.000575498,0.000385327
0.000180824,0.000377302,0.000822748,0.000494502,0.000429507,0.0011625,0.000885439,0.000435456,0.000478922,0.000868509,0.00069693,0.000307911
0.000184637,0.000443817,0.000609818,0.000295989,0.0002735,0.00100302,0.000874169,0.000465884,0.000459982,0.00101202,0.000650939,0.000174652
9.25979e-05,0.000173333,0.00028772,0.000160893,0.000419291,0.000915554,0.000557568,0.000236279,0.000275206,0.000759965,0.00054798,0.000163357
0.000171821,0.000747734,0.00136643,0.000768897,0.000175785,0.000282358,0.000377787,0.000323486,0.000464477,0.000858493,0.000529807,0.000269356
0.000142822,0.00103655,0.00215962,0.00104126,0.000272811,0.000488771,0.000368849,0.000268311,0.000708012,0.00125908,0.000774828,0.000214806
0.000198102,0.000796938,0.00151852,0.000689915,0.000218459,0.000519146,0.000481265,0.000250703,0.000365549,0.00057542,0.0004324,0.000127066
0.000337917,0.000832179,0.00131266,0.000708413,0.00033991,0.000439599,0.000300052,0.000423705,0.000189221,0.000435591,0.000964065,0.000640014
0.000283601,0.000376716,0.00070562,0.000340418,0.000164573,0.000288733,0.00043514,0.000641416,0.000623672,0.000289901,0.00143662,0.000931269
0.000238244,0.000430485,0.00075195,0.000390235,0.000216918,0.000531502,0.000378365,0.000325682,0.000971156,0.00311043,0.00271142,0.000756782
0.000228826,0.00088825,0.00163231,0.000753531,0.000310029,0.00104532,0.000932579,0.000445113,0.000828965,0.00205638,0.00151694,0.000707095
0.000287836,0.000471557,0.00100451,0.000474867,0.000433535,0.00113921,0.000841006,0.000459612,0.00042214,0.00126194,0.00111685,0.000590446
0.000258489,0.00049209,0.000793536,0.000374313,0.000507471,0.00136487,0.00083328,0.000235311,0.000516768,0.000936975,0.000600653,0.000207625
0.000256277,0.000429902,0.00072798,0.000309577,0.000459563,0.00121654,0.000794649,0.000220537,0.000514259,0.00106387,0.00097948,0.000379015
9.65675e-05,0.000238431,0.000331959,0.000203096,0.000169205,0.000401669,0.000324471,0.000217159,0.000306784,0.000975503,0.0008383,0.000330526
0.000166865,0.000504822,0.00101328,0.00053478,0.000277485,0.000566483,0.000524179,0.000120982,0.000670924,0.00128669,0.000664074,0.000346909
0.000307693,0.000539375,0.00115169,0.000608591,0.000163624,0.000488499,0.000495375,0.000279033,0.000499851,0.000722773,0.000715934,0.000487237
0.000432889,0.000480632,0.000690769,0.000376198,0.000335344,0.000584039,0.000483251,0.000437808,0.000600299,0.00122126,0.000827399,0.000586189
0.0003816,0.000416844,0.000551096,0.000329309,0.000263493,0.000524064,0.000541888,0.000513197,0.000641508,0.00111543,0.000512036,0.000672762
0.000363516,0.000499579,0.000314357,0.000632512,0.00108032,0.000971609,0.000546462,0.00061883,0.00096708,0.00111327,0.00100971,0.000955852
0.000859031,0.000373339,0.000466108,0.00212881,0.00458984,0.00284761,0.00232159,0.00591397,0.0042076,0.00070588,0.0021799,0.00223207
0.000404082,0.000295593,0.000316286,0.00488746,0.0116552,0.00629118,0.00282252,0.00673716,0.00413383,0.000562407,0.00089549,0.00157438
0.000419061,0.000249388,0.000245432,0.00331897,0.0084623,0.00517933,0.0032561,0.0101884,0.00687684,0.00118975,0.000802632,0.00174425
0.00028732,0.0001843,0.000302371,0.00266754,0.0065451,0.0038829,0.00232539,0.00427683,0.00209362,0.000483218,0.000985664,0.00273623
0.000324976,0.000209694,0.000410906,0.00296911,0.00635295,0.0028173,0.00122404,0.00350906,0.00222343,0.000510819,0.000949971,0.00182928
0.000324704,0.000178846,0.000599407,0.00465032,0.00698422,0.0024332,0.0016191,0.00511762,0.00351274,0.000626893,0.00217016,0.00259875
0.000361498,0.000215441,0.000337013,0.00418763,0.00815718,0.00345109,0.00062788,0.0017253,0.00144413,0.000602732,0.000691372,0.00140149
0.000468353,0.000387849,0.00025552,0.00342093,0.0073306,0.00343568,0.000852116,0.00244827,0.00173822,0.000478099,0.000749465,0.00123411
0.000418051,0.000305844,0.00032878,0.00306213,0.00739036,0.00539312,0.00123684,0.0021959,0.00183722,0.00370272,0.00234661,0.000981363
0.000442879,0.000328725,0.000271821,0.00320855,0.00624167,0.00415813,0.00142573,0.00273713,0.00207128,0.00278996,0.00123036,0.000919979
0.000776549,0.000535895,0.00146997,0.00311928,0.0054774,0.00431863,0.00234883,0.00424043,0.00215263,0.00220717,0.00249686,0.00307832
0.000930887,0.000313418,0.000311932,0.00768799,0.0137122,0.00445394,0.00429939,0.0117748,0.00676461,0.0015961,0.00243744,0.00293886
0.000814697,0.000259541,0.000531651,0.00811563,0.0148923,0.00745867,0.00260778,0.00579905,0.00323883,0.0023091,0.00318655,0.00601058
0.000361857,0.0002997,0.000403671,0.00645091,0.0140225,0.00638789,0.00170927,0.0031142,0.00185874,0.00132837,0.00213747,0.00259469
0.000518542,0.000319198,0.000375915,0.00413785,0.00974821,0.00551834,0.00142456,0.00626087,0.00426558,0.0009577,0.00172203,0.00312782
0.000255751,0.000220495,0.000323674,0.00450069,0.00956163,0.00390639,0.00188372,0.00376843,0.00182029,0.00145493,0.0016752,0.00178075
0.000654051,0.000129997,0.000337379,0.00514597,0.00931742,0.00347299,0.00315932,0.00772066,0.00418393,0.00194105,0.00227619,0.00443508
0.000678726,0.00038948,0.000256493,0.00348419,0.00673332,0.00275966,0.0022975,0.00479866,0.00292143,0.000687841,0.000636427,0.00195513
0.000559799,0.000262341,0.000328134,0.0030656,0.00801179,0.00629316,0.00257857,0.00542258,0.00412656,0.00538509,0.00326225,0.00191256
0.000470281,0.000298427,0.000265,0.00404194,0.00773644,0.00832659,0.00488244,0.0040842,0.00539444,0.00978691,0.00564252,0.00109622
0.000509577,0.000675863,0.00124927,0.00433135,0.00663483,0.00494714,0.00242083,0.0021882,0.00243184,0.0025428,0.00194183,0.0011438
0.000338927,0.000311351,0.000742195,0.00301526,0.00629821,0.00561671,0.00265579,0.0035587,0.00162418,0.00420107,0.00414981,0.00405673
0.000864053,0.000354634,0.000349293,0.00329764,0.00836687,0.00558736,0.00274488,0.0081091,0.0061919,0.0020857,0.00274668,0.00521977
0.000419375,0.000147483,0.00027791,0.00450191,0.0100645,0.00523129,0.00125111,0.0032698,0.00275594,0.00233548,0.00240378,0.00469503
0.000418909,0.000177806,0.000392064,0.0027405,0.00871885,0.00543401,0.00212314,0.00636978,0.00470121,0.00181658,0.0009314,0.00208325
0.000395796,0.000458233,0.000426867,0.00322174,0.00734388,0.0037989,0.00213411,0.00465385,0.00293139,0.00123159,0.00138474,0.00167767
0.000391311,0.000586543,0.000949261,0.00291889,0.00555105,0.00297228,0.00167756,0.0034519,0.00224847,0.00115502,0.00138318,0.00109921
0.00053144,0.000222943,0.000220253,0.00286999,0.00540924,0.00213878,0.00167665,0.00402937,0.00206444,0.00107875,0.000803421,0.000873704
0.000683045,0.000413431,0.000419862,0.00208517,0.00442453,0.00261204,0.00200465,0.00314186,0.00208199,0.00070826,0.000879335,0.00115186
0.000483891,0.000346753,0.000503408,0.00254281,0.00431305,0.00385236,0.00186671,0.00206603,0.00145525,0.00153396,0.00151889,0.000772807
0.000348225,0.000459163,0.000323056,0.00117761,0.00263188,0.00201229,0.000654784,0.00164477,0.0021086,0.00281847,0.00156292,0.000953561
0.0004363,0.00051355,0.000355155,0.000946474,0.00269382,0.00257347,0.000539107,0.0015703,0.00139155,0.00092679,0.00140224,0.000825741
0.000357949,0.000292939,0.00037456,0.00114335,0.00280429,0.00212516,0.000788965,0.00238087,0.00180211,0.00237145,0.001743,0.00156037
0.000256315,0.000188393,0.000166886,0.00176257,0.00407943,0.00209866,0.00222501,0.00526967,0.00306751,0.00143534,0.00113167,0.00150133
0.000154453,0.000158026,0.00019432,0.00118118,0.00235491,0.000988667,0.000949421,0.00265527,0.00170772,0.00165233,0.000940344,0.000697438
0.000191713,0.000210456,0.000167291,0.000857546,0.00213633,0.00158096,0.000795227,0.00186487,0.00102944,0.00121249,0.000859286,0.000583258
0.00037183,0.000530604,0.000455708,0.00115739,0.00235344,0.00110432,0.00168133,0.00356062,0.00234113,0.00186291,0.00161724,0.00123132
0.000205351,0.000195632,0.000213663,0.000753965,0.00185378,0.000973197,0.00123772,0.00272223,0.00231118,0.00352503,0.00220894,0.000288948
0.000195299,0.000353667,0.000382512,0.000878909,0.00140542,0.000645225,0.000934636,0.00150469,0.00183593,0.00328641,0.00166538,0.000272472
0.000135268,0.000174018,0.000164555,0.000549141,0.00118728,0.000936525,0.000633199,0.00170492,0.00230539,0.002913,0.00133089,0.000306688
0.000188697,0.000205466,0.000196796,0.000360575,0.0015267,0.00313633,0.00159832,0.00118514,0.0012885,0.00129233,0.000528506,0.000508624
0.000300154,0.000454051,0.000471539,0.000593198,0.000832945,0.00113168,0.00129294,0.00212269,0.00176037,0.00131916,0.00086816,0.000787455
0.000457826,0.000336945,0.000155031,0.000595825,0.00156224,0.00106475,0.000363906,0.00153213,0.00187794,0.00232933,0.00131071,0.00116233
0.00026847,0.00024221,0.000194192,0.000936651,0.00190607,0.000906546,0.000435474,0.00143991,0.00201733,0.00254855,0.00103834,0.00029261
0.000175908,0.00015427,0.000210795,0.000905103,0.00217047,0.00146406,0.000598341,0.00115675,0.00178437,0.00240325,0.00114821,0.000277799
0.00018992,0.000177629,0.00016001,0.000470448,0.00110535,0.000697357,0.000591027,0.00133252,0.00125101,0.00138458,0.000687169,0.000282525
0.0002396,0.000232613,0.000168825,0.000373267,0.000600473,0.000437092,0.000657392,0.00145768,0.00106362,0.00134428,0.00091108,0.000448481
0.000164624,0.000257554,0.000137503,0.000377988,0.000830519,0.000638534,0.000475999,0.000864647,0.0016186,0.00312329,0.00185529,0.000518283
0.000228561,0.000279727,0.000213226,0.000224196,0.000432035,0.000463139,0.000304587,0.000543079,0.00206234,0.00342451,0.00182256,0.000635403
0.000270307,0.000256005,0.000240442,0.000248986,0.000547684,0.000892917,0.00056802,0.00083565,0.00123188,0.00161174,0.000811092,0.000589551
0.000233122,0.000272773,0.000259854,0.000359462,0.000996615,0.00308915,0.0020905,0.000815277,0.0017784,0.00341022,0.00179252,0.000333031
0.000305312,0.000191685,0.000190253,0.000297359,0.00043073,0.000607934,0.000362626,0.000282672,0.00119802,0.00270849,0.00144232,0.000435583
0.000219375,0.00039009,0.000307926,0.000245037,0.000962139,0.00163657,0.00159576,0.00222916,0.00194191,0.00257663,0.00141098,0.000698574
0.000311585,0.000325676,0.000174782,0.000887348,0.00248575,0.00154074,0.00148563,0.00320415,0.0019861,0.001858,0.00115429,0.000705862
0.000132347,0.000299611,0.000264069,0.00098651,0.00227596,0.00128933,0.00101166,0.00248023,0.00181102,0.00087984,0.000563664,0.000615891
0.000105908,0.000218103,0.000156786,0.000253911,0.00036248,0.000663066,0.000729522,0.00166044,0.00115204,0.00107075,0.000541552,0.000511019
0.000164624,0.000146845,0.000165122,0.000335462,0.000822473,0.000366793,0.000787096,0.00204736,0.00107075,0.0011653,0.000901876,0.000872916
0.000224953,0.000325883,0.000300171,0.000569854,0.000612269,0.000649647,0.00071032,0.00138291,0.00132538,0.00298941,0.00157435,0.000769604
0.000287464,0.000213527,0.000179356,0.00035257,0.000646622,0.000423957,0.000449014,0.00105397,0.00118201,0.00303337,0.00170443,0.000867069
0.000294211,0.000228119,0.000187758,0.00024605,0.00023762,0.000814153,0.000882232,0.00122988,0.00154611,0.00232549,0.00113022,0.000346008
0.000327118,0.000256004,0.000263799,0.000214592,0.000591988,0.00185802,0.00130853,0.00078673,0.00154546,0.0039875,0.00230737,0.00047323
0.000420339,0.000568412,0.00047889,0.000680242,0.00126849,0.00158404,0.00114969,0.000778532,0.00273747,0.00565658,0.00267681,0.000531424
0.0013422,0.00116084,0.00249349,0.00176138,0.00143082,0.00218976,0.000969924,0.0013248,0.00146825,0.00319948,0.00250668,0.00155815
0.000543836,0.00572136,0.0110072,0.00476156,0.0015998,0.00370674,0.0020282,0.000925719,0.00213873,0.00571267,0.00335304,0.00116722
0.000531176,0.00521714,0.0101721,0.00464587,0.00204497,0.00559171,0.00374119,0.000859238,0.00177664,0.00447295,0.00276203,0.00104998
0.000345759,0.00384341,0.00817365,0.00404011,0.00133026,0.00419465,0.00288472,0.000466505,0.00101987,0.00252328,0.0014336,0.000462773
0.000325211,0.00341656,0.0072146,0.00352164,0.00223844,0.00638161,0.00442969,0.000789324,0.00149137,0.003027,0.00136431,0.000369787
0.000415135,0.00326358,0.00702898,0.00321751,0.00167539,0.00383644,0.00264261,0.00059141,0.00216424,0.00422434,0.00255816,0.000976549
0.000478929,0.00404728,0.00890376,0.00456502,0.000695922,0.00166267,0.00139685,0.000574607,0.0012099,0.00183544,0.000714877,0.000864224
0.000225175,0.00382134,0.00779421,0.00346028,0.000522593,0.00183934,0.00183576,0.000515025,0.00196517,0.00371139,0.0017269,0.000465223
0.000606353,0.00430312,0.00870773,0.0035939,0.00139223,0.000735299,0.000567543,0.000686107,0.00119486,0.00184474,0.00176181,0.00160407
0.000355264,0.00338143,0.00771236,0.00423765,0.00321964,0.0022076,0.00329872,0.00889934,0.00585578,0.00174758,0.00207904,0.00335217
0.000673102,0.00299275,0.00521429,0.00171738,0.00243754,0.00347593,0.00327588,0.00369599,0.00237187,0.00196342,0.00190744,0.00147228
0.00102522,0.00460087,0.0123908,0.00783891,0.00186326,0.00450751,0.00324384,0.00251049,0.00185158,0.00301356,0.00175702,0.00104364
0.000201507,0.00405583,0.00849213,0.00466366,0.00255776,0.00639188,0.00308001,0.0016762,0.00195203,0.00415854,0.00249683,0.000861807
0.000493271,0.00664026,0.0168937,0.0100161,0.00212375,0.00689067,0.00420271,0.00135398,0.00160118,0.00350185,0.00177988,0.00111153
0.000287053,0.00317502,0.00928103,0.00604963,0.00199623,0.00398516,0.00181596,0.00118389,0.00134241,0.00182997,0.00127068,0.00041887
0.000330897,0.00458499,0.0128179,0.00769843,0.00118345,0.00418253,0.00256444,0.00088645,0.000682047,0.00245706,0.00139229,0.000423548
0.000352602,0.0024639,0.0086172,0.00633104,0.00193838,0.00469227,0.002609,0.00253178,0.00151588,0.00360026,0.00160476,0.00145374
0.00025601,0.00305759,0.00757407,0.00416437,0.00169766,0.00510278,0.00335033,0.00121225,0.00207392,0.00347192,0.00180177,0.00114395
0.000553256,0.0017431,0.0038373,0.00204569,0.00106958,0.00161563,0.000822067,0.000667741,0.0015702,0.00337837,0.00181877,0.00127723
0.000351834,0.0024627,0.00608526,0.00521283,0.00477619,0.00387371,0.00209251,0.00360837,0.00245181,0.00112114,0.00128777,0.00221745
0.00052419,0.00316465,0.00675499,0.0043795,0.00365306,0.00237322,0.00109009,0.002238,0.00124775,0.00132002,0.00173865,0.00231089
0.000751405,0.00180462,0.00630893,0.00450946,0.00236165,0.00445375,0.00339796,0.00306811,0.00206939,0.00153287,0.00157063,0.00240043
0.000245757,0.00348839,0.0101751,0.00558167,0.00196195,0.0068314,0.00448176,0.00088378,0.00171699,0.00253876,0.0011708,0.00113956
0.000373471,0.00411188,0.0087053,0.00455562,0.0021146,0.00480627,0.003589,0.001346,0.00107938,0.00172765,0.000876753,0.0011703
0.000420593,0.00302024,0.00449429,0.00228621,0.00166931,0.00410913,0.0021606,0.000565986,0.000715177,0.00160757,0.000835655,0.000606618
0.000446098,0.00271583,0.00636129,0.00303112,0.000948341,0.00214219,0.00117067,0.000690377,0.000574463,0.000908141,0.000658091,0.00025552
0.000550747,0.00143407,0.00324619,0.00195356,0.000973308,0.00189319,0.00121937,0.000696936,0.00066912,0.000448831,0.000387615,0.000584356
0.000256791,0.00148671,0.00389137,0.0022199,0.00085733,0.00189444,0.00107606,0.000843983,0.00163786,0.00210433,0.00138144,0.00108379
0.000339337,0.00190104,0.00413691,0.00216958,0.00088183,0.00174075,0.00107564,0.000546029,0.00122229,0.00179687,0.00103294,0.000461371
0.000251527,0.00143322,0.00300197,0.00192149,0.00131502,0.00114318,0.00125843,0.0015794,0.000735245,0.00124494,0.000874003,0.00127227
0.000417908,0.000795707,0.00128235,0.00149289,0.00184619,0.00160002,0.000649635,0.00195092,0.00169718,0.000740827,0.000547849,0.000948179
0.000354471,0.000529635,0.0023295,0.00154798,0.000564555,0.000757107,0.000953808,0.000950841,0.000685365,0.000921684,0.000613899,0.00066815
0.000625801,0.00254177,0.00514069,0.00287739,0.00149483,0.00139406,0.000530634,0.000687068,0.000716779,0.000746066,0.000491255,0.000463293
0.000339081,0.00254802,0.00437474,0.00173897,0.000567498,0.00177674,0.00122884,0.000851618,0.000951819,0.000671145,0.000381947,0.000265073
0.000459207,0.00137809,0.00251851,0.001108,0.000679035,0.000828733,0.000534244,0.000497207,0.000586247,0.00088015,0.000612805,0.000486459
0.000268293,0.000546104,0.00162433,0.00101355,0.000273229,0.000975947,0.000743391,0.0005822,0.000498381,0.000794124,0.000392637,0.000322451
0.000337163,0.000898152,0.00222659,0.0011546,0.000481616,0.000942597,0.000498066,0.000552024,0.000339558,0.000515004,0.000397157,0.000307926
0.000285807,0.000971493,0.00196064,0.0010317,0.000261298,0.000778655,0.000707299,0.00053535,0.000328356,0.000601165,0.000332558,0.000182235
0.000435672,0.00119853,0.00192886,0.000740853,0.000263243,0.000394241,0.000607144,0.000646582,0.000563791,0.00034799,0.000170934,0.000364083
0.00048018,0.000615955,0.00137901,0.00100344,0.000954399,0.00076859,0.000414327,0.000496724,0.000538922,0.000606445,0.000630657,0.000822133
0.000372242,0.000600481,0.00103756,0.000656203,0.0013322,0.000968031,0.000452384,0.000612706,0.000604919,0.000438422,0.000689466,0.00126511
0.000396024,0.000523042,0.000985247,0.000472856,0.00091688,0.000951207,0.000457371,0.000424406,0.000384304,0.000458221,0.000517481,0.000563246
0.000498861,0.000930512,0.00216501,0.00138347,0.000416279,0.00058384,0.000644191,0.00066105,0.000460282,0.000583571,0.000399592,0.000537761
0.000179393,0.00226929,0.00424721,0.00172185,0.000398856,0.000801439,0.00071575,0.000597062,0.000546163,0.000539392,0.000412113,0.000297815
0.000211988,0.00201608,0.00429433,0.00181259,0.000239204,0.000395096,0.000492246,0.000586419,0.000709645,0.000591424,0.000300476,0.000198316
0.00021065,0.000930115,0.00165187,0.000721859,0.000318698,0.000440068,0.000366819,0.00040044,0.000303875,0.000330558,0.000248171,0.000283118
0.000254903,0.000481721,0.00132637,0.000797245,0.000217153,0.000619024,0.000416895,0.000223011,0.000214177,0.000494425,0.000383947,0.000327654
0.000136742,0.000972796,0.00217472,0.0010785,0.000381023,0.000707247,0.000527456,0.000355911,0.000358492,0.000448829,0.000308404,0.000171529
0.000200327,0.000661963,0.00159044,0.000927034,0.000287962,0.0004342,0.000439443,0.000285988,0.000366178,0.000604608,0.000520154,0.000488049
0.000430345,0.00069226,0.0015791,0.000881431,0.000476812,0.000583774,0.000270558,0.000338745,0.000420156,0.000566142,0.000433933,0.000636695
0.000258671,0.000612954,0.00121951,0.000851745,0.000533216,0.000282831,0.00045496,0.000756948,0.000794457,0.000761884,0.00064231,0.000679719
0.000280656,0.000566917,0.00100146,0.000600682,0.000337388,0.000267216,0.000238525,0.000846952,0.000611755,0.000342236,0.000258798,0.000417359
0.000443508,0.000647005,0.00118397,0.000628382,0.000164884,0.00037621,0.00066371,0.00092494,0.00067296,0.000421446,0.000333871,0.000288872
0.000482753,0.000924258,0.00138772,0.000769529,0.0006277,0.00154574,0.000561826,0.000781759,0.000637417,0.000578234,0.000580178,0.000836139
0.000478019,0.00152709,0.0032879,0.00188193,0.000739362,0.00211726,0.00137543,0.000388757,0.000393216,0.00066573,0.00053368,0.000642416
0.000240992,0.00164639,0.00447109,0.00266501,0.000458005,0.00174009,0.000998884,0.000270247,0.000479021,0.000723606,0.000455745,0.000279926
0.000268696,0.00118851,0.00302061,0.00170024,0.000601595,0.00135841,0.000909928,0.000425741,0.000520118,0.000585348,0.000523719,0.000317098
0.000461283,0.000977806,0.00136983,0.000609321,0.000422155,0.000856463,0.000792629,0.000943176,0.000547962,0.000368912,0.000336488,0.000275056
0.000285975,0.000815724,0.00133534,0.000824952,0.000536858,0.00107071,0.000790017,0.000618204,0.00064547,0.000550719,0.000376584,0.000313995
0.000233796,0.00105673,0.0016631,0.00102633,0.000633939,0.0012245,0.00113192,0.00281904,0.0017713,0.00156539,0.000849415,0.000204835
0.000353428,0.000623932,0.00112418,0.000579024,0.000414739,0.000828384,0.000940184,0.0011964,0.000869248,0.00145312,0.00118145,0.00114972
0.000630297,0.000807229,0.00202436,0.00163157,0.00147341,0.000510379,0.00134253,0.00255576,0.00175265,0.00197011,0.00199013,0.00207399
0.00115237,0.00214804,0.00324844,0.00167611,0.000936273,0.00141599,0.00151755,0.00170387,0.0011207,0.00116989,0.00150718,0.00208288
0.00683016,0.00902479,0.0140402,0.00738309,0.00610093,0.00755158,0.00780491,0.00720799,0.00683257,0.00562596,0.00501855,0.009212
0.00479498,0.00849353,0.0138042,0.00574516,0.0120461,0.0321801,0.0221754,0.00980698,0.00733672,0.00686435,0.00583804,0.0059696
0.00478322,0.00780417,0.0210874,0.0124028,0.0156992,0.0280549,0.0123285,0.00837518,0.00893541,0.0167549,0.0152258,0.0147306
0.00641803,0.0172177,0.0612474,0.0468756,0.0116659,0.0126941,0.00918601,0.00545929,0.009769,0.0182486,0.0263927,0.0210431
0.00281921,0.0169704,0.057198,0.0395091,0.00683104,0.00752818,0.0060586,0.00730444,0.00916229,0.0137045,0.0112145,0.00735692
0.00817436,0.014198,0.0360197,0.0192,0.00804632,0.0113186,0.00973288,0.00665447,0.00827299,0.011732,0.0101,0.0109868
0.0225158,0.0351639,0.0369525,0.0191173,0.00910545,0.00912192,0.0116764,0.0122354,0.0129537,0.0161166,0.0123544,0.0146289
0.0286682,0.0368937,0.0351005,0.0147577,0.00374275,0.00712535,0.00943272,0.00673405,0.010907,0.0163978,0.00821763,0.0131724
0.01785,0.0238059,0.0463945,0.0241785,0.00404268,0.00682807,0.00821558,0.0123766,0.0151457,0.0151149,0.0105691,0.0126333
0.00808814,0.0160389,0.0319993,0.0183624,0.00448911,0.00517514,0.00631173,0.00839719,0.0107296,0.014263,0.023315,0.0162089
0.00956436,0.0108606,0.0206721,0.0124821,0.00525496,0.00530559,0.00621731,0.00755309,0.00618478,0.0111051,0.0323145,0.0243943
0.00736613,0.0131054,0.0138584,0.0116608,0.00421885,0.0177517,0.0199653,0.00653509,0.0157933,0.034533,0.0258465,0.00880737
0.010901,0.0129492,0.0208121,0.0180282,0.0139895,0.0464052,0.0406529,0.0160065,0.0139095,0.0300134,0.0260576,0.0101647
0.00859717,0.0102135,0.0326189,0.0233306,0.00766281,0.013846,0.0155808,0.00968869,0.00964309,0.012935,0.0108226,0.0124943
0.00522049,0.0140712,0.0410478,0.0322109,0.00937772,0.00655002,0.00676378,0.00816187,0.00637252,0.0160317,0.0217085,0.0179462
0.00639017,0.0142185,0.0282334,0.0168787,0.00568329,0.0117024,0.0096682,0.00606075,0.00965884,0.0120384,0.0161469,0.0143775
0.0283275,0.0360586,0.0298032,0.016364,0.00910434,0.0139597,0.0134956,0.00875379,0.0072087,0.0210214,0.012127,0.012606
0.0115937,0.0176246,0.0319726,0.0224983,0.00803463,0.00879147,0.0111503,0.0108723,0.0200163,0.024606,0.0182452,0.00951828
0.0145281,0.0266438,0.0325046,0.0145923,0.0102896,0.00796939,0.00992051,0.0110601,0.0160196,0.0194191,0.0136494,0.00678956
0.0100933,0.0123579,0.0165034,0.0102334,0.00672388,0.00690225,0.00809413,0.0097972,0.0105322,0.0137223,0.0234804,0.0196712
0.00710077,0.0117118,0.0194438,0.00974327,0.00647635,0.00649796,0.0076978,0.00856224,0.00879758,0.0168662,0.0348179,0.0227513
0.0142718,0.0121501,0.0207857,0.012512,0.00615371,0.0112588,0.0139201,0.00772583,0.0154383,0.0284715,0.0272357,0.0185241
0.00771912,0.0180813,0.0233959,0.012156,0.0119618,0.0259101,0.0276664,0.00933635,0.0271271,0.0490267,0.0269249,0.011176
0.00912849,0.0187707,0.0274801,0.0149542,0.00938214,0.0153961,0.0164313,0.00791797,0.0150017,0.0201224,0.012576,0.0110684
0.00753998,0.0125162,0.0275263,0.0169585,0.011473,0.0116595,0.0151961,0.0222564,0.024013,0.0276886,0.0184941,0.0117309
0.00574589,0.00886523,0.0242051,0.0174526,0.0131659,0.0104291,0.017583,0.0261192,0.0234011,0.0215529,0.0143361,0.00804586
0.00625013,0.012245,0.0253078,0.016572,0.00905163,0.0242816,0.0244707,0.0148172,0.00996078,0.0134692,0.0100162,0.00907459
0.00643774,0.0146956,0.0322756,0.01409,0.0113735,0.0182623,0.0182687,0.00938151,0.0216511,0.0271747,0.0182551,0.0103591
0.0064202,0.0214522,0.0379575,0.0220852,0.00968508,0.0155131,0.0196943,0.0095316,0.0146839,0.0251468,0.0131043,0.00953937
0.00859251,0.0271252,0.0319466,0.0168147,0.0263626,0.01206,0.0124387,0.0122441,0.0170074,0.0277621,0.0150192,0.00771995
0.00736953,0.0196049,0.023564,0.0187398,0.0320629,0.0201032,0.0108995,0.010333,0.0142938,0.0270437,0.0151916,0.0102339
0.0104607,0.0189419,0.0258534,0.0211452,0.0191832,0.0174981,0.0141486,0.00626334,0.01058,0.0232945,0.0132667,0.00519355
0.0130513,0.0181261,0.0230758,0.01914,0.0174072,0.0273753,0.0156078,0.00910814,0.0260599,0.06124,0.0400099,0.0104341
0.0189815,0.0230114,0.0298153,0.0208085,0.0251809,0.0197556,0.0152562,0.0210486,0.0383015,0.0654736,0.0366806,0.0175103
0.0152294,0.0227649,0.0220604,0.0203485,0.0153442,0.00840123,0.0115757,0.0125105,0.0333166,0.0685847,0.0366944,0.00991383
0.0147618,0.023256,0.0283147,0.0211871,0.0254475,0.0396185,0.0269586,0.0104294,0.0241667,0.0540564,0.0343923,0.00993027
0.0110886,0.0237134,0.0208024,0.0108915,0.0232651,0.018852,0.0113382,0.0162033,0.0174241,0.0251249,0.0139264,0.00628734
0.0125197,0.0222869,0.0206713,0.0146244,0.0281363,0.0175714,0.0115371,0.0241789,0.02976,0.0381371,0.0184639,0.00680336
0.00880311,0.0158992,0.0125861,0.0147036,0.0239504,0.0178049,0.00860495,0.0217152,0.0335862,0.049328,0.0297915,0.0126711
0.00660452,0.0110334,0.0105303,0.00920668,0.0293452,0.0295813,0.0131553,0.0109311,0.0176929,0.0375725,0.0227421,0.00758748
0.00585193,0.0154371,0.0240307,0.0136751,0.0169119,0.0299123,0.0213838,0.0110981,0.0202644,0.0357896,0.0205522,0.00742541
0.00720905,0.0120106,0.0141005,0.00952366,0.016015,0.0289335,0.0191604,0.00525956,0.00892866,0.0209091,0.0117296,0.00820688
0.00971541,0.0184172,0.0120097,0.018194,0.0332089,0.0223954,0.011528,0.0119492,0.0154664,0.015809,0.0124987,0.0137744
0.0117317,0.0279877,0.0199387,0.028387,0.0512667,0.0315303,0.0144763,0.0194131,0.0199372,0.0267144,0.0187488,0.0139577
0.00879963,0.0222033,0.0179791,0.0192562,0.0321867,0.0227166,0.0153594,0.0133818,0.0205773,0.0436185,0.0313962,0.00975941
0.0101642,0.0262637,0.020678,0.012887,0.0275715,0.0314211,0.0226995,0.0105278,0.0217983,0.0573071,0.0380916,0.0105064
0.00734551,0.0183301,0.0149121,0.00718245,0.0250279,0.0371794,0.0199473,0.0071971,0.0121276,0.0385807,0.0241849,0.00698012
0.00803718,0.0246325,0.0186671,0.0147806,0.0298451,0.022365,0.00955436,0.0207807,0.0229214,0.0356124,0.0197077,0.00907579
0.00770448,0.0109478,0.014003,0.0192127,0.0334453,0.0248724,0.0127994,0.0215925,0.0296829,0.0591357,0.0381827,0.0146034
0.0105326,0.0117519,0.00927464,0.0142708,0.0306503,0.0242591,0.00959156,0.0178383,0.0367521,0.0466455,0.0200974,0.0105719
0.00523211,0.0110503,0.0102798,0.0124268,0.0221243,0.021343,0.00773652,0.00755438,0.0279074,0.0453135,0.0247691,0.00844204
0.0109695,0.0176847,0.0195643,0.0126821,0.015823,0.0184437,0.0106325,0.0070272,0.0199849,0.0312957,0.0146696,0.0086283
0.00979451,0.0210018,0.0123941,0.0167443,0.0287145,0.0158083,0.00653074,0.00828443,0.0133551,0.027143,0.0142726,0.00541364
0.0122311,0.0126687,0.0118483,0.0156597,0.0252185,0.0186448,0.0160359,0.0171678,0.0331933,0.0465612,0.0247943,0.0197748
0.0229934,0.026533,0.0143122,0.00695548,0.0247633,0.0180354,0.0108052,0.0162649,0.0268024,0.0475302,0.0297519,0.0119094
0.0108774,0.0139337,0.0370418,0.0281355,0.0175354,0.0177053,0.012362,0.0125938,0.019671,0.0393365,0.0224464,0.0167855
0.0211105,0.0142527,0.0180891,0.012386,0.00778902,0.0127992,0.0117879,0.00705852,0.0108343,0.0289531,0.0197012,0.0148463
0.0218168,0.0232275,0.011861,0.0138334,0.00923609,0.00593931,0.00641973,0.0105494,0.0119463,0.0267098,0.0215891,0.0109921
0.0116032,0.0258976,0.0274137,0.0134619,0.0104242,0.0108767,0.0113316,0.0157397,0.0333196,0.0474388,0.0271689,0.0115614
0.0332477,0.0182037,0.0062969,0.00921334,0.0146412,0.0101369,0.0125904,0.0135831,0.0314984,0.0535952,0.0246584,0.031981
0.0391947,0.025274,0.0121942,0.0103749,0.0179324,0.0131034,0.0111812,0.0136071,0.0287084,0.0534883,0.0538124,0.0886461
0.0435364,0.0256685,0.0136588,0.00496322,0.0106357,0.0111014,0.00783491,0.0191474,0.0261627,0.0339385,0.0336328,0.0592922
0.0123666,0.0181472,0.0132477,0.00894397,0.00633837,0.00652188,0.00726588,0.0127539,0.0276108,0.0617689,0.0314845,0.0194321
0.0178218,0.0224139,0.0161903,0.0108566,0.0148709,0.0161643,0.01567,0.0150762,0.0440435,0.119031,0.0663493,0.0104982
0.0246117,0.016375,0.0244261,0.0125626,0.00886249,0.0149095,0.0226875,0.0198626,0.044837,0.08441,0.0461841,0.024304
0.0187526,0.0176569,0.0403234,0.025722,0.00890036,0.0129216,0.0198113,0.0330863,0.028969,0.0305519,0.0190095,0.0175725
0.0136376,0.0210243,0.0418306,0.02434,0.00527568,0.00801514,0.00987724,0.0193621,0.0226138,0.0325616,0.0199265,0.0122899
0.0134095,0.0212857,0.0431224,0.0239888,0.00575092,0.00935043,0.0173546,0.0194047,0.0208771,0.0264195,0.0135699,0.0135911
0.0175382,0.0179948,0.020962,0.0142254,0.019282,0.0228639,0.0167376,0.0180647,0.0114513,0.0234019,0.0131673,0.00953072
0.00991113,0.026674,0.0470179,0.0227964,0.00792042,0.0127989,0.0172407,0.0221995,0.0152267,0.0204483,0.0142772,0.00757632
0.0104302,0.0147208,0.0354111,0.0207712,0.0058361,0.00986972,0.0141202,0.0106213,0.00843051,0.0163914,0.012086,0.0093774
0.00932076,0.0124977,0.0334248,0.0228369,0.0058431,0.010332,0.0155829,0.0151332,0.00732311,0.012457,0.00936895,0.00811632
0.0141797,0.018618,0.0340719,0.0171962,0.00995542,0.0138676,0.0102638,0.013109,0.0103395,0.0114352,0.00776705,0.0127428
0.0165593,0.0130347,0.0289097,0.0186417,0.00808855,0.0215339,0.0196244,0.0150164,0.0103905,0.0246613,0.0108719,0.0119931
0.00947832,0.0177686,0.0309765,0.0221355,0.00684455,0.01086,0.0170709,0.0145164,0.0199165,0.0316099,0.0127765,0.0116292
0.0135458,0.0156772,0.0303819,0.0178949,0.00699266,0.01173,0.0161883,0.0232095,0.0153988,0.0205792,0.0127997,0.0119006
0.00707808,0.0127551,0.0275268,0.0119902,0.0123196,0.0161098,0.0133194,0.0247934,0.0223412,0.0146517,0.00849399,0.0113836
0.0129458,0.0213424,0.0429666,0.0234015,0.0157878,0.0188368,0.0120506,0.0206613,0.0213224,0.0251747,0.0147382,0.0140086
0.00252087,0.0202562,0.0426178,0.0205477,0.010587,0.0107476,0.00929538,0.0131264,0.0213301,0.0385792,0.0231689,0.00803383
0.00950972,0.0233308,0.0416796,0.0190672,0.0147825,0.0255408,0.014917,0.0133718,0.0240785,0.0438077,0.0232963,0.00788626
0.0111951,0.0173595,0.0280065,0.0150449,0.00656838,0.0138539,0.0129824,0.0130678,0.0124148,0.0221149,0.00921953,0.00620868
0.00647435,0.0127171,0.0297424,0.0173636,0.00748022,0.0154624,0.0132981,0.0113162,0.00987529,0.0149944,0.0121511,0.00604468
0.00868533,0.0121815,0.0247128,0.0171968,0.00900488,0.0139355,0.0120533,0.00662166,0.0155902,0.0123228,0.00759954,0.00619932
0.00676392,0.0142947,0.0351558,0.0207759,0.0144382,0.0189403,0.0134494,0.0065317,0.0291684,0.0825686,0.0522312,0.0132072
0.0158578,0.0200136,0.0354027,0.0212446,0.0244055,0.0329375,0.0241501,0.00920845,0.0370672,0.098607,0.0549895,0.0125613
0.0114057,0.0213014,0.0246927,0.0151961,0.00706783,0.0143726,0.0212211,0.0156415,0.0165655,0.0391102,0.0235759,0.0136233
0.0257552,0.0146912,0.0263991,0.0163569,0.00926637,0.0152873,0.0163202,0.0187031,0.00969825,0.0340415,0.02615,0.0490812
0.0166639,0.012757,0.0208517,0.0110536,0.00658291,0.00773034,0.00740328,0.0139902,0.0182382,0.0372967,0.0263365,0.0195955
0.0153672,0.0274563,0.0210478,0.00857511,0.00503054,0.00854593,0.0112705,0.0155571,0.0190507,0.0300368,0.0187479,0.0108067
0.0231087,0.0516452,0.0458056,0.0142037,0.00684979,0.0131582,0.0142959,0.01938,0.0183891,0.0239619,0.0197903,0.015577
0.0134054,0.0226848,0.0323608,0.0201392,0.0118648,0.0103648,0.0167664,0.0168644,0.0312803,0.0467404,0.0230165,0.00714026
0.0110746,0.0218181,0.0241812,0.0148144,0.00648522,0.0103153,0.0124599,0.0101783,0.0313452,0.0918498,0.0521032,0.00818777
0.00810273,0.0165101,0.0317207,0.0161956,0.00413248,0.00955726,0.0125809,0.00932042,0.02781,0.0576811,0.0278817,0.00654957
0.0091097,0.0165134,0.0264251,0.0220459,0.00552915,0.00513293,0.0140021,0.0135698,0.0102137,0.024676,0.0155735,0.0061718
0.00594435,0.0447534,0.0843498,0.0430616,0.011395,0.0201181,0.0220295,0.0137658,0.0196219,0.0457266,0.0279606,0.0112357
0.0130492,0.0233563,0.0523097,0.0279366,0.0110489,0.0134529,0.0123643,0.0151113,0.0280425,0.0537641,0.0335452,0.0140779
0.00707419,0.0232993,0.0466109,0.0292249,0.0162638,0.0208234,0.0230891,0.0200759,0.0151918,0.0217161,0.00961164,0.0144746
0.00865826,0.0174476,0.0368535,0.0239058,0.0182236,0.0202964,0.0177154,0.0175334,0.0109675,0.0193465,0.0128186,0.00981544
0.00975885,0.0131627,0.0445724,0.0289917,0.0201974,0.014787,0.0156005,0.0167154,0.0156367,0.0242075,0.0114108,0.0106002
0.00658386,0.0174549,0.0409164,0.0296812,0.0225704,0.0290387,0.0285586,0.0213944,0.0167117,0.0205274,0.0110395,0.00626641
0.00532061,0.0210736,0.0353345,0.0137488,0.0119564,0.0137301,0.0167592,0.0179348,0.0183216,0.0348786,0.0206713,0.00536051
0.00654613,0.0227806,0.0482527,0.0204608,0.00804903,0.0122548,0.0113163,0.0130927,0.0140668,0.0252197,0.0135807,0.00511367
0.00770323,0.0218744,0.0498191,0.0242613,0.00806057,0.0125673,0.0127132,0.011326,0.00863794,0.0133469,0.0089402,0.00780025
0.0057675,0.0203291,0.0294216,0.0133653,0.00975182,0.0178208,0.0106503,0.0115394,0.0114756,0.0158704,0.0100739,0.0087051
0.00698797,0.0139219,0.0242335,0.0128941,0.0161663,0.0406306,0.0296238,0.0124616,0.00905909,0.0137931,0.0109106,0.00928711
0.00711449,0.013539,0.0398653,0.027125,0.0169433,0.0397827,0.0290907,0.0103206,0.00870149,0.0162239,0.0130238,0.00701106
0.00954999,0.0183536,0.0370391,0.0274972,0.0154632,0.013702,0.0167754,0.0201305,0.0165782,0.019715,0.015388,0.00969543
0.00440832,0.0168399,0.0350707,0.0204381,0.0106232,0.0154638,0.0143067,0.0273094,0.0274244,0.0225715,0.0157772,0.00789797
0.00353137,0.0112344,0.0266048,0.0111153,0.0109592,0.0197732,0.012664,0.0146584,0.0101766,0.0211291,0.0151233,0.00734991
0.00695701,0.0162448,0.0297251,0.0180004,0.00630146,0.012958,0.00842656,0.0192713,0.0301859,0.0417407,0.0273583,0.0121438
0.00713636,0.0145446,0.0269514,0.0174435,0.00746619,0.0156055,0.0199328,0.0163973,0.0215818,0.0280749,0.0189049,0.0065998
0.00832413,0.009003,0.0152782,0.0102068,0.013212,0.0304447,0.025463,0.0206598,0.017954,0.0257652,0.0168233,0.00616586
0.00323396,0.00820256,0.0200031,0.0159186,0.015308,0.0523657,0.0465877,0.0135101,0.0157594,0.0312418,0.0181621,0.0044022
0.00537998,0.0091882,0.0121025,0.00975968,0.00463183,0.00935817,0.0184703,0.0142331,0.0141635,0.022062,0.0134726,0.0054358
0.00425767,0.00754114,0.0148502,0.00953189,0.0167521,0.0298328,0.0237699,0.0138829,0.0181631,0.0381387,0.0289652,0.0113978
0.00732364,0.00804971,0.0199608,0.0148936,0.0164579,0.0243473,0.0141831,0.0190906,0.0272898,0.0580564,0.0314751,0.011142
0.00926505,0.00973143,0.0195586,0.0111369,0.0129159,0.0204297,0.0209551,0.0188373,0.0257108,0.0436962,0.0304619,0.0114062
0.0560208,0.012868,0.0226685,0.0149298,0.00560004,0.00659689,0.00953349,0.0106489,0.0153542,0.0340817,0.0397259,0.0885762
0.00850793,0.0279405,0.0389068,0.0189193,0.00380136,0.00630426,0.00636138,0.015036,0.0191654,0.0331341,0.0157221,0.009254
0.0183425,0.0463996,0.0550672,0.0161133,0.00573628,0.00870254,0.00858402,0.0154942,0.0217719,0.0247094,0.0173333,0.0161666
0.0239015,0.043189,0.0349094,0.016854,0.0106113,0.0142539,0.02116,0.0210047,0.0238498,0.0303278,0.0148689,0.018191
0.0088615,0.0158087,0.0289886,0.0210161,0.00856911,0.0135072,0.0168727,0.0100837,0.0238804,0.0516567,0.0247729,0.0113961
0.00675723,0.0169139,0.0237273,0.0141541,0.00807015,0.0126419,0.0131141,0.00923795,0.0176048,0.0273898,0.0155204,0.0138356
0.00861939,0.0157692,0.0268625,0.0146499,0.00882725,0.0239512,0.021505,0.0110734,0.0136777,0.0261515,0.0136093,0.010537
0.00633064,0.0223944,0.0417123,0.0209352,0.00605626,0.00810214,0.011886,0.0119466,0.0146562,0.019129,0.0134863,0.0102725
0.00631497,0.0379334,0.0929231,0.0548859,0.0150967,0.0142625,0.0235528,0.028937,0.0322653,0.0260296,0.0177455,0.012099
0.00760576,0.0373336,0.0986178,0.0585521,0.0105791,0.0135053,0.023782,0.0364154,0.0275064,0.0373228,0.0223611,0.00862675
0.00526015,0.0288278,0.071031,0.039736,0.00885375,0.011663,0.0236274,0.0341648,0.0236277,0.0388506,0.0206698,0.00581899
0.00680275,0.0269507,0.0549639,0.0254546,0.00503172,0.0105337,0.0214373,0.0298006,0.0223864,0.0277394,0.0151925,0.00522919
0.00706257,0.0129374,0.036864,0.021776,0.00542591,0.00764517,0.0180614,0.0262596,0.0210159,0.0257933,0.0154597,0.00640423
0.00753198,0.0270312,0.0628632,0.0344463,0.00730625,0.0106572,0.0223524,0.0269024,0.0244221,0.0297979,0.0175311,0.0114477
0.00804465,0.0217409,0.0710121,0.0471144,0.00776762,0.00898734,0.0168215,0.0213914,0.0148948,0.0206774,0.00994655,0.00648238
0.00608815,0.0169431,0.0370775,0.0264481,0.00649452,0.00647148,0.0147857,0.0163111,0.0174218,0.0200062,0.00956071,0.00476246
0.00613312,0.0195879,0.0444596,0.0234277,0.00551113,0.00553849,0.00976087,0.0127996,0.0129975,0.0244119,0.0126021,0.00546265
0.00488721,0.0213104,0.0436222,0.027032,0.005878,0.00569262,0.011293,0.0113199,0.0101534,0.0135819,0.0069729,0.00222114
0.00887186,0.0257019,0.0666567,0.0383962,0.0126535,0.0122241,0.00902703,0.0108719,0.0127192,0.0189791,0.0131475,0.0080938
0.00941824,0.0202431,0.0404426,0.0237611,0.0135384,0.00934332,0.012522,0.00937602,0.00796902,0.0153869,0.0121483,0.00845595
0.00841519,0.0136732,0.0292087,0.0236315,0.0100189,0.00663079,0.00702912,0.00761774,0.012953,0.0254937,0.0123945,0.00587294
0.00432268,0.0231967,0.0623623,0.0384615,0.00890991,0.00857557,0.00942578,0.00658957,0.0107663,0.0202826,0.0085484,0.00267398
0.00416746,0.0367451,0.0882516,0.0471112,0.00460288,0.00493745,0.00817849,0.00603865,0.00871682,0.0282028,0.0180471,0.00250208
0.00913228,0.0194204,0.0441248,0.0283238,0.00928909,0.00724774,0.0123545,0.00948344,0.0139317,0.0296283,0.0193392,0.00902346
0.00975169,0.0183331,0.0228642,0.0208472,0.00870005,0.0110628,0.0209471,0.0191351,0.0148658,0.0287674,0.0203787,0.0102419
0.00712733,0.0272885,0.0616259,0.0366432,0.00758194,0.00855116,0.0142475,0.0153154,0.0119532,0.0329756,0.0173167,0.00460523
0.00302392,0.0225163,0.0476285,0.0342325,0.0110821,0.00967189,0.0121734,0.0111809,0.0113575,0.0273634,0.0162688,0.00316067
0.00639513,0.0207848,0.0681254,0.0426872,0.00559786,0.00766208,0.0128321,0.0125941,0.0134276,0.0240671,0.0152548,0.00363054
0.00688809,0.0246161,0.0603782,0.0330549,0.0043558,0.00769641,0.0111442,0.00850249,0.0110758,0.0252081,0.0143747,0.0051033
0.00646111,0.0250914,0.0699572,0.0468757,0.0127484,0.0146962,0.013605,0.0123851,0.011199,0.033083,0.0209778,0.00559219
0.00780044,0.0261147,0.0560242,0.034069,0.0151211,0.0125242,0.0160137,0.0174782,0.0169941,0.0398027,0.0284347,0.00959913
0.00562433,0.0160993,0.035829,0.0181502,0.00652875,0.007958,0.0137799,0.0111665,0.0174395,0.0353484,0.0206409,0.00697569
0.00468284,0.0175165,0.0400935,0.0224745,0.00370851,0.00695026,0.0144182,0.0119728,0.0169499,0.0315367,0.0188815,0.00440101
0.00865819,0.030279,0.0758625,0.0500449,0.00909631,0.00628273,0.00943422,0.0122012,0.0155346,0.0217809,0.0151199,0.00775566
0.00824677,0.0260084,0.0630038,0.0371842,0.00704728,0.0118445,0.0157873,0.00741274,0.0124548,0.0281083,0.017969,0.00813135
0.00872727,0.0113617,0.0259907,0.024643,0.00796945,0.0126089,0.0217051,0.0122926,0.0167915,0.0207091,0.00862169,0.00816243
0.00685306,0.0199227,0.056408,0.0303658,0.00586703,0.00542738,0.00650943,0.00934966,0.0160729,0.0191035,0.012615,0.00632298
0.00453028,0.030116,0.0965131,0.0634968,0.00826893,0.00540692,0.00819464,0.00678714,0.0116063,0.0223138,0.0130943,0.00469958
0.0262244,0.0436892,0.0654553,0.0325563,0.00485265,0.00556821,0.00887498,0.0088302,0.00737851,0.0159915,0.0103846,0.00655932
0.0489266,0.0607127,0.0815221,0.0546252,0.015962,0.0129399,0.0171417,0.0290775,0.0166703,0.0218705,0.0156737,0.0165943
0.0513881,0.0550246,0.0661553,0.0417231,0.0111859,0.016056,0.0323672,0.0416186,0.0283185,0.0352635,0.0141652,0.0247557
0.0284711,0.0372889,0.049377,0.0288266,0.00897836,0.0143481,0.0268439,0.0288337,0.0171953,0.0247701,0.0122114,0.00955435
0.0231554,0.0345898,0.0729859,0.0471083,0.00746177,0.0098164,0.0211004,0.0304736,0.0220361,0.0334303,0.0241736,0.014602
0.0147929,0.0400077,0.075787,0.0400706,0.00655777,0.0097072,0.0196531,0.0271634,0.0175901,0.0341749,0.0236256,0.00870047
0.0189708,0.0339606,0.0989757,0.0598288,0.0114667,0.00929171,0.0189447,0.0275018,0.015511,0.0257522,0.0104662,0.00853684
0.0569757,0.0767217,0.109052,0.060361,0.00611814,0.00617877,0.00984696,0.0221051,0.0150338,0.0340916,0.0241103,0.0238423
0.0155144,0.0348258,0.0677115,0.0379752,0.00549482,0.00796226,0.0147757,0.0172578,0.018955,0.0325048,0.0152857,0.00749035
0.00973954,0.0330276,0.0912959,0.0550276,0.00855959,0.00545289,0.00997205,0.0162094,0.0177999,0.0280159,0.0139857,0.00479343
0.012982,0.037475,0.0821192,0.0564427,0.00987029,0.00767495,0.015764,0.0159968,0.0201975,0.0302656,0.0162606,0.0099649
0.0127587,0.0395781,0.0599078,0.031291,0.00799213,0.00752151,0.00946192,0.0129676,0.0110021,0.0276158,0.0181017,0.00995694
0.0226452,0.0358439,0.0494555,0.0269944,0.0140831,0.0170613,0.022953,0.0211761,0.0182365,0.0342977,0.0229575,0.0160189
0.0125524,0.0164532,0.0293319,0.0192536,0.0131894,0.0153829,0.0176853,0.0191112,0.0206746,0.0254439,0.0129647,0.0137509
0.012397,0.0136036,0.0468553,0.0294729,0.00785407,0.0087175,0.0132985,0.0133068,0.0178273,0.0359637,0.019399,0.00997834
0.0144599,0.0172443,0.0409727,0.0222378,0.00848021,0.00955299,0.0138008,0.0123719,0.0077166,0.0146478,0.00714844,0.00962052
0.0136032,0.0266557,0.0575166,0.0326214,0.00609047,0.00978695,0.0144777,0.0118895,0.0116315,0.0174151,0.0101799,0.0111806
0.0237582,0.0318307,0.0571118,0.0397521,0.0169504,0.0126273,0.0113928,0.0143169,0.0197522,0.0360664,0.0232552,0.0169595
0.0214274,0.0310957,0.045092,0.0222171,0.00965359,0.00718715,0.0117861,0.00948534,0.0233799,0.0349036,0.0161105,0.0145419
0.0127956,0.0205462,0.0592548,0.0353354,0.00880527,0.00697131,0.0156932,0.0135348,0.0157818,0.0274058,0.013456,0.00513955
0.00905043,0.0193804,0.0476683,0.0268296,0.00322887,0.011752,0.0215009,0.01714,0.016726,0.0232543,0.0129052,0.00692343
0.0154324,0.0187001,0.0288016,0.0221277,0.00648446,0.00747239,0.0135163,0.0135455,0.0104249,0.0173072,0.0113763,0.00958222
0.0139518,0.0206285,0.0495934,0.0266009,0.0147686,0.015765,0.0170012,0.0160505,0.0209062,0.0290682,0.0222418,0.0174832
0.0276962,0.0316577,0.0420466,0.0266279,0.00998434,0.011441,0.0185838,0.0199369,0.0200674,0.0265439,0.0119819,0.0147833
0.0128017,0.037714,0.0867172,0.0540675,0.0102517,0.00749815,0.0105252,0.0129305,0.0197746,0.0375595,0.0212269,0.0100003
0.0167216,0.0247274,0.0669429,0.0393509,0.00678717,0.0104307,0.0203179,0.0155586,0.0138017,0.0316654,0.0196958,0.00853987
0.0237326,0.021332,0.0651767,0.0354581,0.00583352,0.00972348,0.0167848,0.00990698,0.013365,0.0287654,0.012873,0.0166466
0.0375675,0.032894,0.0524528,0.0255457,0.00735761,0.0160688,0.0174146,0.012365,0.0208638,0.0359417,0.0188168,0.0184026
0.0384771,0.0320851,0.0441217,0.0197423,0.00990583,0.0155253,0.0251947,0.0139316,0.00915617,0.0167143,0.00985911,0.019947
0.0181163,0.0245637,0.0555258,0.0345264,0.0092278,0.00796786,0.0121796,0.0100938,0.0183388,0.0329383,0.0144136,0.00646404
0.0119671,0.0261026,0.0466347,0.0269201,0.00467661,0.00754073,0.0146322,0.0129242,0.0193611,0.0329655,0.0206859,0.0117061
0.00857042,0.0192612,0.0516807,0.0407052,0.0119516,0.00908949,0.0173245,0.0125533,0.00858777,0.0174494,0.0151485,0.00754089
0.0146245,0.0309384,0.0516716,0.0309061,0.0103034,0.0144651,0.021637,0.0201078,0.0187828,0.0225236,0.0254913,0.0158355
0.00750024,0.0275384,0.0753811,0.0467121,0.0110631,0.0184698,0.0258023,0.0497142,0.030627,0.0228785,0.0599221,0.043601
0.0152232,0.0272335,0.0658021,0.0424962,0.0151054,0.0112993,0.0248696,0.0406544,0.0331168,0.0375904,0.0434594,0.0238378
0.00583818,0.0305727,0.085164,0.051166,0.0109621,0.00485992,0.018111,0.0288346,0.021925,0.0300093,0.0208207,0.0171251
0.0103149,0.0253309,0.0737997,0.0416632,0.00893259,0.00839558,0.0231991,0.0316373,0.0249261,0.0263363,0.0193358,0.0177549
0.00965488,0.0275728,0.0570483,0.0398272,0.0118328,0.00729436,0.0214816,0.0331859,0.0171323,0.0216042,0.0279681,0.015718
0.00899289,0.0246651,0.0513044,0.02962,0.0138457,0.0112215,0.0248734,0.0487559,0.0262656,0.0256352,0.0439678,0.0275532
0.00705492,0.0204528,0.0412018,0.0215362,0.00560507,0.00752169,0.0231848,0.0415897,0.0268633,0.0290377,0.0414613,0.0252012
0.00643497,0.0276949,0.0601932,0.033331,0.00914309,0.00499133,0.0115656,0.0167675,0.021552,0.0269498,0.0131889,0.0118068
0.00569884,0.0311053,0.0906246,0.0579269,0.00602214,0.00555413,0.0143686,0.0203887,0.0144394,0.0267174,0.0236056,0.0109467
0.00897024,0.0184277,0.0451654,0.0229895,0.00710503,0.0077904,0.0171681,0.0181554,0.0114092,0.0228585,0.0192634,0.012246
0.00763371,0.0389188,0.0952308,0.0534382,0.018356,0.0157096,0.013291,0.0297246,0.0254305,0.0403862,0.0323502,0.0164802
0.00940191,0.0138663,0.0540538,0.0330281,0.00818582,0.0121585,0.0199775,0.0331708,0.0325253,0.0397554,0.0495979,0.0294306
0.00670254,0.0243444,0.0654255,0.0392068,0.00581653,0.00904627,0.0107794,0.0100252,0.0171086,0.0453662,0.0512898,0.0255884
0.00685081,0.0334317,0.0964151,0.0563929,0.00582981,0.00684627,0.0119487,0.0181683,0.018961,0.0456319,0.0384242,0.0173004
0.00587761,0.0234917,0.0489772,0.0278222,0.00659648,0.00705504,0.0150095,0.0233204,0.0188742,0.0275794,0.0165095,0.00745062
0.00631607,0.0286364,0.0735051,0.0486187,0.0143594,0.0124116,0.0208142,0.0470727,0.0367838,0.032662,0.0281067,0.0168209
0.0105388,0.0277656,0.0595844,0.0304093,0.0116741,0.0100202,0.025137,0.0453227,0.031777,0.0452059,0.0685335,0.0387183
0.00931675,0.0271556,0.0599796,0.0328147,0.0106726,0.00947063,0.0163294,0.0192439,0.0214124,0.0472565,0.0375577,0.0121331
0.00854975,0.0307065,0.0759609,0.0499985,0.0121318,0.00511387,0.00867775,0.0142464,0.0200409,0.0490657,0.0404979,0.0154223
0.006449,0.0320106,0.0843953,0.048464,0.00769791,0.00474493,0.00634116,0.0143363,0.0203388,0.0443133,0.0315552,0.009612
0.00979587,0.0221122,0.0472657,0.0224797,0.00572306,0.00891753,0.0173273,0.0313311,0.0237946,0.0380985,0.0384849,0.0231113
0.010669,0.0372252,0.093451,0.0470369,0.00787565,0.00996172,0.0217771,0.0381681,0.0301455,0.0344836,0.027053,0.0103645
0.0121165,0.0372587,0.056926,0.0252509,0.00767575,0.00774932,0.0140042,0.0250518,0.0239857,0.037302,0.0440348,0.0237512
0.0101101,0.038369,0.084295,0.0429132,0.00479558,0.00376599,0.0109411,0.0175908,0.0169456,0.0270485,0.0255443,0.0157148
0.00694909,0.0372314,0.0883892,0.049369,0.00552826,0.00487166,0.0130641,0.0153642,0.019897,0.0296201,0.0251442,0.0121029
0.00848417,0.0214348,0.0425772,0.0251444,0.00890726,0.0141029,0.0147051,0.0238535,0.0126591,0.0192728,0.0112587,0.00954919
0.00571017,0.0249377,0.0629592,0.0308667,0.0107991,0.0132328,0.0218462,0.0354194,0.0242057,0.0376072,0.062178,0.0374785
0.00640795,0.0205244,0.0405736,0.0240375,0.0106056,0.00905591,0.013057,0.027024,0.0258197,0.0365691,0.0538938,0.0293686
0.00499823,0.0259555,0.0652503,0.0377154,0.00594912,0.0076586,0.0128948,0.0125291,0.0100226,0.0220828,0.0262157,0.0141485
0.00588568,0.0266414,0.0844774,0.0512887,0.00631364,0.00471695,0.0134618,0.0195654,0.0201763,0.0355839,0.0289277,0.0133395
0.0112284,0.0322662,0.0662305,0.0353481,0.0136131,0.0270066,0.0254153,0.0180932,0.00901577,0.0251427,0.0267609,0.022891
0.0102951,0.0243745,0.0477457,0.0297129,0.0133412,0.0348677,0.0262869,0.0244181,0.045471,0.0886628,0.0505292,0.0138874
0.00778078,0.0228741,0.059669,0.0432783,0.025282,0.043613,0.041246,0.0217234,0.0297498,0.0606077,0.0406736,0.00834034
0.0110677,0.0242465,0.0719974,0.0514589,0.0241925,0.0234801,0.011764,0.0166246,0.0161405,0.0645509,0.0481725,0.0119518
0.0106213,0.0382117,0.0872021,0.0469944,0.0177426,0.0152171,0.0213034,0.0223721,0.0168849,0.0446862,0.0308023,0.0112739
0.0123639,0.0320095,0.0586297,0.0358704,0.0119827,0.0219251,0.0280115,0.0219184,0.0186494,0.0493353,0.0336497,0.0100144
0.0099745,0.01894,0.061971,0.0533247,0.0229061,0.0341386,0.02525,0.019602,0.0181524,0.0456742,0.0255477,0.00806817
0.00694843,0.0318373,0.0665545,0.0345342,0.0145607,0.0255333,0.0213122,0.0191756,0.0203406,0.0401269,0.0245531,0.00885514
0.00725335,0.0320795,0.0791835,0.0485656,0.0154951,0.0118201,0.0152745,0.0172055,0.0180376,0.0341956,0.0193879,0.00794307
0.00724472,0.0192775,0.0534845,0.040886,0.0147676,0.0068302,0.00851977,0.0121987,0.0134512,0.0215363,0.0135673,0.00706347
0.00404784,0.0240582,0.0657961,0.0388606,0.0143353,0.0140806,0.00961387,0.0106944,0.0156328,0.0327481,0.0199772,0.00611842
0.00513623,0.0199466,0.0430278,0.0268638,0.0107587,0.0219922,0.0143946,0.0134605,0.014853,0.0311911,0.0197001,0.0117277
0.00462124,0.0250341,0.058533,0.0305752,0.0126643,0.0291715,0.0202047,0.0128292,0.0226319,0.0455838,0.0199551,0.00891783
0.00788805,0.0239278,0.0628329,0.0397281,0.0118615,0.00907287,0.0139283,0.0197954,0.0226056,0.0574074,0.0319019,0.00876207
0.0101203,0.0178049,0.0428546,0.03137,0.00599128,0.00902549,0.00797836,0.0130256,0.0138457,0.0278246,0.017868,0.00893216
0.00907054,0.0253414,0.0628255,0.0360689,0.00691169,0.0102506,0.00856268,0.00983297,0.012539,0.0337021,0.0207368,0.0067639
0.00945886,0.0190407,0.0320157,0.0157347,0.0195015,0.0312393,0.0200963,0.0109236,0.0109563,0.0215166,0.0140322,0.00817585
0.00687336,0.0264807,0.0549314,0.0282582,0.01288,0.0336723,0.0294459,0.0134391,0.0133903,0.0428094,0.0244662,0.00594061
0.011262,0.028016,0.0561219,0.0254185,0.00934185,0.0142567,0.0145441,0.0113026,0.0286379,0.0688525,0.0429189,0.00953141
0.0105163,0.0192088,0.0578585,0.0346499,0.0082481,0.0124761,0.0121279,0.0101723,0.0194638,0.0399355,0.0249132,0.00868785
0.00570754,0.0250803,0.0582243,0.030013,0.00958912,0.0132172,0.0147348,0.0110355,0.0157125,0.0329512,0.0188496,0.00567076
0.00574484,0.0221115,0.0496412,0.0303729,0.0116237,0.0337506,0.0268722,0.0117175,0.0147101,0.0348792,0.0215244,0.0077173
0.0082781,0.0261787,0.0642025,0.0345918,0.0121804,0.0248246,0.0163338,0.0109693,0.0274496,0.0561238,0.032853,0.0100628
0.00838445,0.0150477,0.0359882,0.0237849,0.00796165,0.00883425,0.0124796,0.0118278,0.0243357,0.0642217,0.0412284,0.00882637
0.00391684,0.0132913,0.0347592,0.016793,0.00287165,0.00405299,0.0077915,0.0100404,0.0142282,0.038678,0.023918,0.00790111
0.00459765,0.0143343,0.0253433,0.0104691,0.00752983,0.0135559,0.0100038,0.00694948,0.0139142,0.0389974,0.0244501,0.00570404
0.00704737,0.0202401,0.0439308,0.0270254,0.00774957,0.0240648,0.02049,0.00913433,0.0161259,0.0404306,0.0263183,0.0106197
0.00690504,0.0176954,0.0322223,0.0219207,0.012372,0.0294693,0.0223017,0.00963294,0.0245958,0.0523986,0.0320939,0.0115034
0.00860645,0.0146037,0.0390432,0.0257435,0.00801811,0.0105682,0.0123532,0.00882187,0.0222993,0.0531038,0.028561,0.00675715
0.00572533,0.0198281,0.0479791,0.0329489,0.00902209,0.0113689,0.0138832,0.00765614,0.0172458,0.0438489,0.0277882,0.00479185
0.00719647,0.0321425,0.0957764,0.0602386,0.00893087,0.00943944,0.0108796,0.00836725,0.0166984,0.0390473,0.0233953,0.0103119
0.00828356,0.0245128,0.0562319,0.0305087,0.0053073,0.0119818,0.0133241,0.00783523,0.00875171,0.0255756,0.0352778,0.0229011
0.0122419,0.0230804,0.0663933,0.0410544,0.0120563,0.0130225,0.0169877,0.0188784,0.0195647,0.0207884,0.0289636,0.0164895
0.0142257,0.0348684,0.103761,0.0630196,0.00899609,0.0100406,0.0117306,0.0114106,0.0122034,0.0305369,0.0314444,0.0220421
0.00563938,0.0325786,0.0878508,0.0547904,0.0109089,0.0104333,0.0145105,0.0122307,0.0221805,0.0496939,0.0362952,0.0136397
0.0110309,0.0242246,0.0632032,0.0468741,0.0088903,0.00855173,0.0156885,0.016098,0.0138499,0.0298053,0.0245465,0.0144976
0.00392104,0.0245538,0.069951,0.0452653,0.0163358,0.0137227,0.0138375,0.0141557,0.0165188,0.034034,0.0352492,0.014764
0.00872606,0.026566,0.0590421,0.0388426,0.0118273,0.0170666,0.0145654,0.00862038,0.0110471,0.0210813,0.0212885,0.00873267
0.0040228,0.0345172,0.0967457,0.0610668,0.0121883,0.0116033,0.0180689,0.0122842,0.00988041,0.0222449,0.0234521,0.00716
0.00485332,0.0250884,0.0560377,0.0407688,0.0132486,0.00742672,0.00798443,0.00589364,0.00811284,0.0230788,0.0210841,0.00959055
0.00639498,0.0178271,0.0583001,0.0426306,0.00771585,0.00566766,0.00868064,0.00925737,0.00804867,0.0144847,0.0219795,0.0137015
0.00779368,0.031901,0.0961502,0.0616187,0.00755435,0.00378696,0.00796036,0.00548399,0.00539587,0.0203339,0.0336344,0.0226028
0.00593404,0.0221929,0.0652108,0.0412065,0.013757,0.00837983,0.0108587,0.00857452,0.0104707,0.0187879,0.0190838,0.0104233
0.00374681,0.0278301,0.0710448,0.0477485,0.0116677,0.0108441,0.00891902,0.00931183,0.0164685,0.0316971,0.023147,0.00929378
0.00599223,0.020137,0.0771036,0.0621325,0.0150451,0.00743742,0.00812514,0.00707377,0.0139243,0.0372341,0.0236272,0.00830385
0.00653589,0.0263341,0.0661096,0.0409853,0.00827445,0.00538548,0.00689196,0.00569366,0.0111998,0.0250161,0.0176312,0.00547385
0.00461091,0.0126392,0.0309356,0.0194789,0.00734139,0.00596474,0.00852691,0.00723375,0.0115684,0.0318859,0.0340246,0.0151477
0.00706277,0.0263476,0.0714994,0.0390309,0.0113232,0.0106349,0.0102307,0.00827099,0.0120747,0.028357,0.0321651,0.015263
0.0151341,0.0318162,0.100377,0.0685768,0.0161842,0.0162148,0.0154524,0.0143933,0.0228062,0.0315382,0.0356462,0.0255312
0.00754195,0.0279685,0.0752865,0.0445145,0.00938685,0.0102143,0.00705702,0.0110168,0.0196848,0.0257092,0.0178272,0.00720223
0.00688521,0.0236568,0.05881,0.0373525,0.00680007,0.00655503,0.00737485,0.0107154,0.00703714,0.0177631,0.017428,0.0107716
0.00546149,0.022354,0.0650544,0.0437451,0.00825934,0.00647145,0.0077583,0.00610557,0.0085511,0.0255434,0.0256822,0.0111449
0.00657102,0.0258647,0.0558106,0.0318044,0.00665518,0.00829783,0.0112224,0.0114992,0.0137054,0.0344634,0.0445783,0.0206515
0.0121272,0.0370201,0.0726105,0.0419601,0.0164712,0.0109535,0.0157367,0.0176864,0.0265165,0.0276172,0.0280716,0.016012
0.00739527,0.022666,0.0715307,0.0446386,0.00917534,0.00701305,0.0157149,0.0155997,0.01288,0.0257676,0.0242818,0.0128006
0.00591021,0.0287888,0.0480919,0.0200878,0.00464174,0.00359953,0.00995321,0.0133533,0.0077755,0.0165212,0.022657,0.00976099
0.00537065,0.0391486,0.10482,0.0580857,0.00653133,0.00429272,0.00626151,0.00719003,0.0133482,0.0255624,0.0197975,0.00708915
0.0053038,0.0181637,0.0369257,0.0296909,0.00664398,0.00664604,0.00795881,0.00739819,0.00987538,0.0183551,0.0253602,0.0133203
0.00890591,0.019641,0.0619236,0.0464797,0.00680348,0.0096723,0.0185543,0.0138125,0.0185298,0.0278556,0.0300349,0.0139756
0.00895381,0.0209017,0.0459927,0.026774,0.00822659,0.012766,0.0157318,0.0101206,0.0157456,0.0306549,0.0252648,0.0143509
0.00659398,0.0159141,0.0378611,0.0232234,0.00552063,0.00622471,0.00960388,0.00923757,0.0158389,0.0334358,0.0255679,0.00908685
0.00463041,0.0348039,0.08664,0.0487913,0.00477832,0.00246563,0.00688252,0.00772744,0.0145259,0.0295438,0.0199845,0.00641736
0.00934035,0.0174154,0.0444855,0.0292202,0.0152042,0.0103493,0.00842188,0.00810034,0.0103649,0.0222445,0.019737,0.00809403
0.0215455,0.028528,0.0236554,0.0241081,0.0117607,0.0128719,0.0190623,0.0323155,0.0337389,0.0442122,0.0363396,0.0261389
0.0429575,0.0613494,0.0820843,0.0491572,0.0181773,0.0161842,0.0227759,0.039645,0.0237865,0.0430072,0.0252043,0.0219023
0.00967123,0.0247814,0.0593755,0.0385948,0.00867647,0.00818594,0.0118184,0.0232221,0.022689,0.0377822,0.020407,0.0117136
0.00847406,0.0252244,0.0876145,0.0502218,0.00420154,0.00784637,0.0129138,0.0245323,0.0260155,0.0388104,0.0276048,0.0109518
0.0107425,0.0384937,0.0936863,0.0580213,0.0131441,0.0118892,0.0168504,0.0232852,0.0183516,0.0211897,0.0146414,0.00733721
0.0187917,0.0307346,0.0619044,0.0471354,0.0126124,0.010558,0.0157254,0.020919,0.0166356,0.0204302,0.0168117,0.0160968
0.0437398,0.0517309,0.0700893,0.038571,0.00803305,0.00971816,0.0173393,0.0206823,0.016371,0.0313116,0.0164965,0.0239781
0.0258263,0.0376356,0.0688552,0.0414027,0.00859623,0.00673163,0.00830488,0.0160209,0.0140883,0.0144248,0.00650257,0.0149899
0.00955906,0.0212647,0.0426321,0.0275641,0.00614678,0.00521904,0.0100835,0.0132932,0.0106291,0.0210795,0.0109924,0.00881461
0.0110576,0.0222365,0.054851,0.0375321,0.00676564,0.00565875,0.00794124,0.00961381,0.00742669,0.0080838,0.00885095,0.00931712
0.0259245,0.0196877,0.0340532,0.0243554,0.00903459,0.00652082,0.00933002,0.00897474,0.0122664,0.0194709,0.0100226,0.0228426
0.0625086,0.0458981,0.0522715,0.0381554,0.0104618,0.010726,0.0129488,0.00923998,0.0207113,0.0425272,0.0283831,0.0306987
0.0198682,0.0212332,0.0512731,0.0283882,0.00590716,0.0087561,0.0149521,0.0116204,0.0180638,0.0392785,0.0225823,0.0151268
0.0129535,0.0271236,0.0501065,0.0326582,0.00595416,0.00672882,0.010165,0.0075542,0.0158651,0.0380914,0.0212237,0.00764104
0.00976671,0.0349684,0.0689971,0.0347006,0.00395258,0.00405783,0.00745592,0.00551016,0.0115875,0.0307229,0.0194299,0.00752043
0.0113824,0.0320877,0.0698651,0.042688,0.0118828,0.00758345,0.00819867,0.00766258,0.00865107,0.0234804,0.0158351,0.00897944
0.045638,0.0443395,0.0623331,0.0377156,0.0138283,0.0114298,0.0185496,0.0129877,0.0174152,0.0285534,0.0131925,0.0300419
0.026929,0.0221729,0.0349683,0.0291994,0.0112243,0.00692456,0.0136643,0.0118166,0.0231977,0.0287858,0.0221212,0.0251376
0.0197026,0.0221252,0.0545546,0.0357708,0.0102484,0.00947515,0.016149,0.0157741,0.0175917,0.031256,0.0162441,0.00948572
0.0104545,0.0278819,0.0547315,0.0349929,0.00664431,0.00368615,0.00581849,0.00776993,0.0130562,0.0341665,0.0207922,0.00563507
0.0354095,0.0333622,0.0438444,0.0264283,0.00617718,0.00426726,0.00675064,0.00638712,0.012449,0.0319344,0.0187604,0.0157056
0.0271507,0.0292875,0.0449143,0.0258923,0.00763679,0.00565397,0.00946283,0.0108246,0.0193063,0.034959,0.0202687,0.0173211
0.0139434,0.020104,0.03945,0.0328638,0.012277,0.00773044,0.0118063,0.0134096,0.0199823,0.0381593,0.0260807,0.0172283
0.0125864,0.018014,0.0326716,0.027016,0.0073539,0.0098466,0.0182045,0.0120135,0.0204585,0.0508533,0.0305154,0.007583
0.0101696,0.0261833,0.0542591,0.028959,0.00397121,0.00380152,0.00939204,0.011108,0.0127261,0.0334923,0.020991,0.00761381
0.00843687,0.0244738,0.0561981,0.0342634,0.00599957,0.00422911,0.00998164,0.00824853,0.00878957,0.0291936,0.0173091,0.00683275
0.0294687,0.0221762,0.0408183,0.0291631,0.0065139,0.00698665,0.0091778,0.00976154,0.0176962,0.0322118,0.0196559,0.020526
0.0453839,0.0330835,0.0377469,0.0224345,0.00857611,0.0130166,0.0137373,0.0123023,0.0141548,0.0226201,0.0166073,0.0286728
0.0144504,0.0186758,0.0479085,0.0353969,0.00840122,0.00328924,0.0136869,0.0169531,0.011335,0.0207579,0.0112736,0.00851875
0.0101361,0.0349825,0.0964078,0.0616648,0.0083668,0.00582951,0.0140485,0.0135514,0.0146665,0.0230407,0.0141587,0.00622511
0.0111305,0.0254793,0.0598555,0.0280258,0.005967,0.00682311,0.0147182,0.0138673,0.0119199,0.0199239,0.0127638,0.00381805
0.0113927,0.015929,0.0222533,0.0245087,0.0190754,0.0184614,0.0116976,0.0218064,0.0185876,0.020365,0.0136991,0.0110267
0.0139135,0.0239326,0.0535545,0.0346033,0.0162004,0.0159289,0.0257376,0.0464736,0.0340169,0.0386654,0.0686105,0.044283
0.0145316,0.0243932,0.0772476,0.0465738,0.0124956,0.00877143,0.0226125,0.0337458,0.0177021,0.0394482,0.056162,0.0415759
0.00920248,0.0329901,0.0686828,0.0368215,0.00997518,0.0075416,0.00973279,0.0219107,0.0200986,0.0261662,0.034959,0.0205085
0.00923679,0.0452637,0.104434,0.0661786,0.0185473,0.0120752,0.010136,0.0203795,0.019881,0.0308118,0.0256227,0.0103442
0.00618953,0.0190309,0.0491826,0.0425392,0.0204588,0.011601,0.0185195,0.0261373,0.0211721,0.0276097,0.0398446,0.0250247
0.0091376,0.0277428,0.0374312,0.0344483,0.0118218,0.00862284,0.0267857,0.0371591,0.0295641,0.0335045,0.0480562,0.0273034
0.00773471,0.0326027,0.0667571,0.0416282,0.0123604,0.00593839,0.0171545,0.0191515,0.0141307,0.019081,0.0294291,0.0228784
0.00853361,0.0241696,0.074575,0.0496338,0.00978145,0.00534027,0.0128533,0.0240367,0.018673,0.0312128,0.033567,0.0203827
0.00555944,0.0199643,0.0626029,0.0429359,0.00731887,0.00273945,0.00915686,0.0153838,0.0143122,0.0267681,0.0182866,0.00646941
0.00858743,0.0163721,0.0388739,0.0314176,0.0122248,0.00844002,0.0115085,0.0146878,0.0112582,0.016096,0.0129058,0.00938987
0.0057882,0.0194469,0.0621996,0.0405056,0.00993419,0.0133697,0.0206561,0.0249763,0.0182281,0.0297735,0.0450601,0.0265836
0.00697187,0.0205073,0.0626942,0.0399395,0.00982252,0.0170905,0.021956,0.0326328,0.0244559,0.0354646,0.0385823,0.0222872
0.00726327,0.0334199,0.0965743,0.0600962,0.00779285,0.010183,0.017978,0.0204599,0.0162156,0.0159208,0.0185816,0.0157964
0.00819441,0.0244659,0.0654954,0.0418433,0.00954651,0.00596494,0.0110611,0.0114359,0.0163647,0.0308553,0.0277325,0.016565
0.00458732,0.0205582,0.0621505,0.0456279,0.00862997,0.00802791,0.0136821,0.0217847,0.0125957,0.0264609,0.0202588,0.00914179
0.00739861,0.0238837,0.0657999,0.0364835,0.0105857,0.01622,0.0194058,0.0314922,0.0298106,0.0337397,0.0351252,0.0220444
0.00472642,0.0161542,0.031576,0.0185438,0.00990849,0.0122513,0.0180444,0.0369041,0.02937,0.0304066,0.0359645,0.0203759
0.00789853,0.0191793,0.0388364,0.0214092,0.00613257,0.00456286,0.0113132,0.0126972,0.0176699,0.0316704,0.0288715,0.0125481
0.00497734,0.0308143,0.0805874,0.0445776,0.00872285,0.00620479,0.00770461,0.0157654,0.0198947,0.0378347,0.0344457,0.0144598
0.00583103,0.0310647,0.0876781,0.055707,0.00776539,0.00606191,0.0115537,0.0203929,0.0154082,0.0210413,0.015491,0.0069473
0.0115062,0.0250122,0.0755832,0.0516754,0.013988,0.0108483,0.0156304,0.0201433,0.0153499,0.0222124,0.0271051,0.0178246
0.0114382,0.0139552,0.0368398,0.0260301,0.0127481,0.0147937,0.0168408,0.0259497,0.0164502,0.0440474,0.0801135,0.0426581
0.00987576,0.0278032,0.0591853,0.0394017,0.00937259,0.00574588,0.0137188,0.023542,0.0216478,0.0380742,0.0473929,0.0257094
0.00531488,0.0256415,0.0829652,0.0558229,0.0076718,0.00661102,0.0092461,0.0116809,0.0147245,0.0237191,0.0351015,0.018881
0.00666702,0.0332837,0.0834062,0.0508318,0.00761692,0.00652051,0.013905,0.0195351,0.0143294,0.0145436,0.0147153,0.00626192
0.00392898,0.0211192,0.0559622,0.0374393,0.00687968,0.00595075,0.0166617,0.0281895,0.0242344,0.0269893,0.0378387,0.0222149
0.00958992,0.0184603,0.0451645,0.0276304,0.00613471,0.0103641,0.0204925,0.0232026,0.0190255,0.0402446,0.0521259,0.0243645
0.00632678,0.0195238,0.04586,0.0306545,0.00872262,0.00555124,0.0140574,0.0242614,0.0210724,0.0269198,0.0315056,0.0112019
0.00643425,0.0146318,0.0223855,0.0138351,0.00478045,0.00451938,0.0117097,0.0216123,0.0217111,0.0312937,0.0272297,0.0137482
0.00425122,0.0173752,0.0568681,0.0372779,0.00435289,0.0143986,0.0137023,0.0129043,0.0145461,0.0256535,0.0206664,0.00821253
0.00967551,0.018517,0.0419924,0.0322223,0.0173916,0.0248357,0.0239172,0.0145111,0.0187312,0.0289733,0.0176911,0.0103121
0.00980405,0.0130033,0.0260938,0.0142881,0.0137134,0.0263429,0.0398905,0.0244013,0.027685,0.0795508,0.0560048,0.0181618
0.00842547,0.0129728,0.0316814,0.0257636,0.017882,0.0244061,0.0355484,0.0325622,0.0362329,0.0548182,0.0313221,0.0115546
0.00558429,0.0232478,0.0734236,0.0470329,0.0126618,0.0162432,0.0231413,0.0253127,0.0241298,0.0398371,0.0276851,0.0103679
0.00830578,0.0319371,0.0970688,0.0568269,0.0110753,0.0189115,0.0184532,0.0231768,0.0224221,0.0399367,0.0244986,0.00951692
0.00826776,0.0129678,0.0557256,0.0448255,0.0219727,0.0294727,0.0258328,0.0163589,0.0194312,0.0312932,0.0180075,0.00999654
0.00523107,0.0259998,0.0554246,0.0292232,0.00440935,0.0226899,0.0285122,0.0214646,0.0255318,0.0464048,0.0241157,0.0101341
0.00618024,0.021672,0.0383129,0.0233152,0.00986431,0.0273996,0.0288078,0.0244111,0.0291207,0.0569728,0.0311058,0.0103351
0.00949229,0.0224052,0.05073,0.0263173,0.0128819,0.0186232,0.0135223,0.0159979,0.014764,0.0261391,0.0188016,0.0101823
0.00469856,0.0297144,0.0739351,0.0407077,0.0052424,0.00962341,0.00989073,0.0113462,0.00976085,0.0197905,0.0126262,0.0093095
0.00644651,0.027126,0.0563955,0.0291401,0.0105401,0.0216485,0.0169818,0.0108044,0.0138969,0.0247709,0.0200179,0.00749752
0.00409463,0.0156245,0.0372338,0.025379,0.0163305,0.0330833,0.020477,0.00989004,0.0190398,0.0342935,0.0217092,0.0091245
0.00298747,0.0150351,0.0415998,0.0292905,0.0105098,0.0232,0.0157881,0.0160198,0.0290368,0.0528664,0.026376,0.00638006
0.00837497,0.0187001,0.0522765,0.0355599,0.0157338,0.0288317,0.0256973,0.0206749,0.0222494,0.0305906,0.0160543,0.00678728
0.00362073,0.0150367,0.0421062,0.0229258,0.00924054,0.0112604,0.0139107,0.0167298,0.0250889,0.045854,0.0239966,0.00419002
0.00430098,0.0220781,0.0532848,0.0304858,0.0138124,0.0206259,0.0173031,0.0208061,0.0265909,0.0457197,0.0259121,0.0065076
0.00498411,0.0144382,0.0362541,0.0317436,0.0209938,0.0316368,0.0272442,0.0226745,0.0187997,0.0308838,0.0215606,0.00842444
0.00712458,0.0108356,0.0172767,0.013919,0.0126211,0.0238627,0.0207663,0.0194958,0.0249608,0.0385991,0.0186135,0.0109436
0.00503823,0.0137724,0.0157198,0.013279,0.0104844,0.0179141,0.0154075,0.0122839,0.0173327,0.0226958,0.0128996,0.00786224
0.00604441,0.0122322,0.0369206,0.0258137,0.00870871,0.00990188,0.010385,0.0122187,0.0197982,0.0409678,0.0254829,0.00688817
0.00697581,0.0224084,0.045286,0.0252577,0.0074207,0.0146461,0.00901143,0.00842327,0.0123125,0.0284175,0.0188524,0.00640494
0.0093173,0.0154101,0.0273954,0.0180076,0.0109576,0.0190461,0.0125462,0.00877054,0.0188,0.0265157,0.0111053,0.0080627
0.00916344,0.0227118,0.0583041,0.0334307,0.0148983,0.0174667,0.0103787,0.0107423,0.0259813,0.0517826,0.0286013,0.0115776
0.0108342,0.0204361,0.04747,0.0253861,0.00989498,0.0171265,0.0186764,0.0180297,0.016748,0.0343289,0.0264012,0.00764206
0.00573076,0.0267913,0.0550468,0.0259586,0.004802,0.0079911,0.0109158,0.0134782,0.013274,0.0264441,0.0214145,0.00327883
0.00457795,0.0297853,0.0628874,0.034557,0.0074215,0.0149419,0.0133335,0.00871299,0.00826796,0.012949,0.010496,0.00482721
0.00655576,0.0217328,0.0473163,0.0256252,0.0109167,0.0272076,0.0187789,0.012481,0.013779,0.0194829,0.0116706,0.00608913
0.00808503,0.0173317,0.0594908,0.0359862,0.0129366,0.0261722,0.0205441,0.0142863,0.0203471,0.028217,0.0125016,0.00735821
0.00655201,0.025225,0.0455647,0.0215268,0.0069448,0.0128791,0.0164252,0.0179999,0.0231331,0.0291184,0.0173868,0.00594085
0.00742205,0.0219214,0.0515491,0.0315396,0.00811549,0.00751686,0.0130047,0.0184609,0.0229714,0.0350617,0.0206087,0.00593583
0.00781875,0.0192809,0.0477985,0.0317716,0.0105545,0.00647158,0.0109655,0.0169847,0.0111061,0.0262605,0.0201434,0.00840141
0.00835414,0.0168644,0.0271205,0.022077,0.024131,0.0145406,0.0130535,0.0160091,0.0160393,0.0389853,0.0272056,0.00775975
0.0115212,0.0234235,0.021765,0.0158224,0.0244881,0.0211217,0.0110441,0.0230713,0.0391566,0.0727547,0.0488024,0.0133601
0.016445,0.0306549,0.0260088,0.0102567,0.0105363,0.00953673,0.0238609,0.0503093,0.0552186,0.0725093,0.0457564,0.0108359
0.0196186,0.0293429,0.0242534,0.0128812,0.0116334,0.00782991,0.0107861,0.0280512,0.0309015,0.0435752,0.0230137,0.0115082
0.0121026,0.0412228,0.0303018,0.0137668,0.0300583,0.0206411,0.0103055,0.0203951,0.0298696,0.0374263,0.0171175,0.0118922
0.0155597,0.025622,0.017134,0.00890735,0.0154802,0.0128014,0.00887786,0.0134865,0.0178847,0.0405992,0.0260488,0.0113333
0.0103432,0.020931,0.0159587,0.011156,0.0193286,0.014486,0.0198727,0.0335726,0.0294031,0.0391209,0.0207541,0.00741118
0.00400425,0.0180156,0.0187079,0.0130228,0.0167139,0.00755449,0.0210139,0.0417735,0.0304102,0.0502927,0.0277182,0.00782822
0.00840331,0.0187723,0.0164061,0.0116626,0.0133852,0.00577572,0.00793716,0.0208518,0.0299716,0.0459604,0.0281336,0.00856177
0.00403271,0.013142,0.0183119,0.013932,0.0249004,0.0129891,0.00624268,0.00944657,0.0204582,0.0391602,0.023558,0.00761167
0.00474852,0.0152933,0.0156768,0.00936805,0.0245826,0.0174013,0.00994277,0.0108589,0.0185689,0.0294126,0.0178913,0.00853943
0.0178723,0.0318369,0.0194877,0.0128459,0.0162832,0.0111131,0.0164101,0.0248993,0.0145422,0.0152284,0.0110799,0.0134062
0.0186224,0.0328739,0.0199702,0.0122717,0.0266823,0.0154567,0.0194117,0.0511279,0.0415982,0.0254168,0.0115222,0.00967651
0.021336,0.0478703,0.0315906,0.0115456,0.0130963,0.0100813,0.019056,0.0439223,0.0367174,0.0258165,0.0158552,0.0108671
0.0176584,0.0409683,0.0281926,0.0169736,0.0322321,0.0184555,0.0122651,0.0230753,0.0252423,0.0240135,0.00970972,0.0163594
0.016303,0.0377601,0.0296203,0.0122326,0.027006,0.0191809,0.0104895,0.0110882,0.0174521,0.0167645,0.0116955,0.0141402
0.0158483,0.0325859,0.0232029,0.00850178,0.0164249,0.0112413,0.00829304,0.0148887,0.0158099,0.0189859,0.0115025,0.00875578
0.0160257,0.0337265,0.02923,0.0167201,0.030215,0.0219973,0.0143816,0.0254693,0.0206109,0.0328443,0.0182999,0.0114976
0.00904057,0.0226407,0.0137633,0.0165007,0.0224605,0.0135636,0.0239942,0.0468902,0.0356961,0.0369761,0.0263213,0.0157839
0.0212235,0.0372693,0.0219473,0.019503,0.0378246,0.0198501,0.00970287,0.0202309,0.0207421,0.0313878,0.0222455,0.0155027
0.0149286,0.0165546,0.0199357,0.0206713,0.0491528,0.0295069,0.00731709,0.0176483,0.019234,0.0153217,0.014548,0.0184938
0.00844819,0.0138502,0.0140479,0.00868406,0.0292211,0.0157671,0.00637393,0.0157721,0.0195597,0.0171511,0.0110829,0.012797
0.00879719,0.0157229,0.0112765,0.0182801,0.0315008,0.0208891,0.0101888,0.0298198,0.0328372,0.0311078,0.0223156,0.0150673
0.0099492,0.015756,0.0133561,0.0173528,0.0337715,0.0191358,0.0251175,0.0681653,0.0539964,0.0521838,0.0319607,0.00976339
0.0119383,0.0252296,0.0186436,0.0185552,0.0372527,0.0204424,0.0119717,0.0324393,0.0492593,0.0554212,0.032679,0.0105562
0.0145667,0.0270216,0.0167924,0.0195853,0.0590958,0.0349479,0.00854732,0.0165852,0.0267606,0.0425044,0.0221603,0.014827
0.00645021,0.00908074,0.0055115,0.0215183,0.0539496,0.0300964,0.00661539,0.0079249,0.0213748,0.0388476,0.0265493,0.00946459
0.00879849,0.0219685,0.0167863,0.00829929,0.012793,0.0115841,0.00631162,0.0129848,0.0182751,0.0347951,0.0190328,0.0112421
0.00717446,0.0143573,0.0114138,0.0164758,0.0418393,0.0295063,0.0136177,0.0226037,0.0273848,0.0432759,0.0275463,0.00956542
0.0130891,0.0261767,0.0151264,0.0169217,0.0359187,0.0223119,0.0112437,0.0193995,0.0138955,0.0264863,0.019878,0.00866861
0.0148559,0.0296828,0.018757,0.0175709,0.031905,0.0190739,0.00571098,0.0138175,0.0155437,0.027196,0.0190445,0.0122056
0.0172702,0.0308719,0.0176283,0.00722364,0.0153006,0.0143107,0.00799905,0.0178591,0.0190608,0.0135138,0.00903434,0.00536218
0.0104557,0.0254661,0.0163094,0.00502778,0.0162273,0.0252138,0.0222044,0.0127019,0.0249472,0.0360734,0.0170246,0.0108661
0.0150334,0.0326011,0.0292024,0.0176492,0.0284514,0.028508,0.0168666,0.0163918,0.0471874,0.075417,0.0374211,0.013677
0.0207079,0.0262857,0.0172083,0.00950938,0.0224999,0.0182142,0.00766761,0.0131843,0.0345016,0.0733256,0.0440806,0.0166222
0.00884587,0.0171386,0.0140775,0.0078691,0.0155309,0.0153005,0.00899117,0.0151485,0.017861,0.0350527,0.0193609,0.0060031
0.00765466,0.0181233,0.01294,0.0123704,0.0356719,0.053951,0.0265574,0.0104929,0.0226494,0.0435235,0.0255539,0.0129946
0.0117046,0.0232671,0.0220958,0.010942,0.0241712,0.0391613,0.0160106,0.00701452,0.0319406,0.049976,0.0259043,0.00725171
0.00644611,0.00965439,0.0163007,0.0118358,0.0161863,0.0177562,0.0102814,0.0127729,0.0454659,0.070143,0.0362219,0.00857864
0.00972917,0.00393347,0.0169039,0.0141217,0.0090807,0.0125852,0.0106002,0.00937862,0.0339613,0.0724909,0.0395675,0.0130547
0.00463892,0.0115878,0.0275777,0.0178268,0.0106063,0.022943,0.0157373,0.0102559,0.0234967,0.0533328,0.0356856,0.012978
0.0061306,0.0167377,0.0284538,0.0130198,0.0140148,0.027069,0.0192038,0.0101124,0.020587,0.0385476,0.0279555,0.0122516
0.0101315,0.0121826,0.0143652,0.010373,0.0180921,0.0195155,0.0153968,0.0118536,0.0203419,0.0431316,0.02932,0.0112974
0.0108296,0.0279269,0.0432402,0.0278826,0.0158751,0.0162968,0.0170367,0.0166245,0.0214332,0.038426,0.0179181,0.00974619
0.00664387,0.0300881,0.0679047,0.0419847,0.0260282,0.0310731,0.0188375,0.016022,0.028703,0.0550533,0.0297093,0.00691702
0.0103313,0.0292745,0.0658211,0.0330726,0.0131435,0.0198255,0.0187254,0.0163499,0.0237116,0.0577121,0.0301544,0.00716652
0.00682823,0.0246641,0.0601634,0.0368482,0.0194918,0.0280346,0.0197561,0.01018,0.0264234,0.0531607,0.0259099,0.0125471
0.00622142,0.0227771,0.0485806,0.0278261,0.0128894,0.0222107,0.0214832,0.012701,0.0201587,0.0516551,0.0329087,0.00864202
0.0089478,0.0172453,0.036364,0.0171768,0.0178002,0.0210927,0.0168793,0.00790871,0.033873,0.0731922,0.0408124,0.00779718
0.00724236,0.0243097,0.0393193,0.0284339,0.0255692,0.0278785,0.0201125,0.0142369,0.0467053,0.0871905,0.0492648,0.0112572
0.0148479,0.0237168,0.0235944,0.0132236,0.0236992,0.0204386,0.00939716,0.00887009,0.0322841,0.0677512,0.0378978,0.00969382
0.0100563,0.0251634,0.0405493,0.0282758,0.016703,0.026054,0.017211,0.0111665,0.0217833,0.0487822,0.0243161,0.00564231
0.00688771,0.0179534,0.0242153,0.0131382,0.0142434,0.0319373,0.0162671,0.00714791,0.0195255,0.0378583,0.0190386,0.01015
0.00978639,0.0183051,0.0262027,0.0140828,0.0229434,0.0451839,0.0293603,0.00843004,0.0240615,0.0506965,0.0331819,0.0120757
0.0101645,0.012926,0.0184424,0.0170202,0.012165,0.0213608,0.0221181,0.0120458,0.051718,0.109269,0.0566646,0.0150524
0.00472122,0.0100537,0.0139403,0.00841331,0.0216781,0.0253335,0.0156308,0.0150051,0.0446011,0.0796679,0.0375556,0.00485396
0.0107748,0.012859,0.0284998,0.0219854,0.0309222,0.043791,0.0232417,0.00827233,0.0328075,0.0707475,0.0331872,0.0103107
0.00826044,0.0103494,0.0178896,0.0134701,0.0112123,0.0242802,0.0125512,0.0038829,0.0108749,0.0308811,0.019046,0.00733421
0.0076729,0.014834,0.0213366,0.0159509,0.01035,0.0102075,0.011733,0.0103297,0.0123461,0.0299544,0.0194945,0.00530419
0.0121431,0.0136024,0.0141461,0.0134701,0.0283928,0.0357056,0.0221247,0.0127312,0.04129,0.0809023,0.0397729,0.014597
0.0121036,0.0264854,0.022797,0.0156215,0.0258273,0.020142,0.00855524,0.00919975,0.0354874,0.0724606,0.0356556,0.00849323
0.0126269,0.0240923,0.025309,0.0168435,0.0189269,0.0186366,0.00893281,0.00763021,0.0225352,0.0431549,0.0239409,0.00878677
0.00707338,0.0179088,0.0284147,0.0115021,0.0204387,0.0325718,0.0157189,0.00862356,0.0177837,0.0488652,0.0300114,0.00784213
0.00580439,0.0111484,0.0156748,0.0112512,0.0131991,0.0169303,0.0169606,0.0132693,0.0262667,0.0368642,0.0179484,0.00605054
0.0114378,0.0174466,0.0216213,0.0153951,0.021798,0.0206249,0.0162014,0.0428432,0.0640356,0.0553697,0.0313813,0.0161467
0.0111921,0.0206714,0.00959668,0.0134274,0.0241997,0.0215666,0.0158932,0.0208228,0.052284,0.0741524,0.0515283,0.020555
0.0121353,0.0208926,0.0131616,0.0140227,0.0333701,0.024025,0.0133864,0.0198117,0.0356879,0.0604417,0.0379557,0.0104007
0.0122223,0.0206559,0.0170446,0.0161423,0.0331434,0.017748,0.00914717,0.0155859,0.0256388,0.0500145,0.0353409,0.0147121
0.00901389,0.0144151,0.0127589,0.00592271,0.0162436,0.0131244,0.00909115,0.0243575,0.0411279,0.0652506,0.0366518,0.0166677
0.00608886,0.0122621,0.0110273,0.0167658,0.0289447,0.0179213,0.013174,0.03625,0.039702,0.040565,0.0339421,0.0136221
0.00620279,0.00822064,0.00720594,0.00714602,0.0246346,0.0144923,0.0151252,0.0432978,0.0410068,0.0291592,0.0289697,0.0131698
0.00723824,0.0115082,0.0085027,0.0104962,0.0214963,0.0115792,0.00881249,0.0198232,0.0265956,0.040139,0.0301727,0.0129589
0.00520986,0.0101969,0.0104616,0.00933677,0.0207164,0.0116129,0.0112597,0.0205047,0.0311507,0.0435966,0.0340635,0.0197752
0.00465835,0.00759462,0.0122104,0.00819605,0.0184793,0.0121144,0.0130199,0.0243336,0.0182851,0.0430168,0.0351717,0.0189991
0.00863119,0.00825401,0.0132757,0.0136185,0.0172751,0.0198831,0.0252899,0.0206335,0.0293979,0.0288589,0.0156034,0.00940777
0.0107263,0.00847683,0.013255,0.0319307,0.0787388,0.0527528,0.0302016,0.0676087,0.0522317,0.0390096,0.033026,0.0155533
0.00938741,0.0126703,0.0210252,0.0403259,0.0966426,0.0596082,0.0159109,0.0255752,0.0223085,0.0386905,0.0501707,0.0202697
0.00978785,0.00766007,0.0144803,0.0368135,0.0863045,0.0593048,0.018148,0.0267957,0.0235892,0.0279665,0.036281,0.0264945
0.00264797,0.0109387,0.0225746,0.0234306,0.033492,0.0196256,0.0119212,0.0281179,0.0221217,0.0299911,0.0306369,0.0141477
0.0074816,0.00901005,0.0180172,0.0164183,0.0211049,0.0158923,0.0214116,0.0280106,0.0194665,0.0194325,0.0141478,0.0149778
0.00981809,0.0114212,0.0137382,0.0132535,0.0152527,0.00803629,0.0142849,0.0361744,0.0362479,0.0227856,0.0346124,0.0176032
0.0137901,0.0145767,0.0135357,0.0173071,0.0270869,0.016968,0.013888,0.024987,0.0326707,0.0528507,0.0433189,0.0216255
0.00938276,0.0115994,0.00821924,0.0114649,0.0179495,0.0109114,0.015701,0.032471,0.0320686,0.045923,0.0365841,0.0246893
0.013452,0.0215621,0.023878,0.0186886,0.0253071,0.0133816,0.0107733,0.0374394,0.0333706,0.0278534,0.0244189,0.0242229
0.00540871,0.00879125,0.0162419,0.0169974,0.019992,0.0137896,0.0151587,0.0384742,0.0307585,0.0166824,0.0174696,0.0133619
0.00840601,0.00766955,0.0167966,0.0188861,0.0238473,0.0119624,0.0139034,0.0332577,0.0336789,0.0363789,0.0554761,0.0329192
0.0151214,0.0143818,0.0174614,0.0155089,0.019172,0.014034,0.0148677,0.03774,0.042042,0.0566699,0.0636178,0.0283151
0.0140847,0.0168334,0.0114037,0.0155929,0.0356074,0.0277052,0.0118532,0.0184007,0.0284064,0.0454274,0.0421475,0.0171171
0.00783169,0.0139727,0.0116701,0.0146117,0.0324539,0.0207439,0.0157258,0.0351629,0.0293327,0.0426082,0.0380044,0.0182626
0.0124724,0.0213628,0.0223065,0.0132593,0.0187804,0.0114545,0.00792833,0.0206213,0.0281352,0.041009,0.0277493,0.0145628
0.0117289,0.010852,0.0179553,0.0145356,0.019564,0.0152091,0.0194634,0.0192847,0.0244738,0.04478,0.0421134,0.0193463
0.010151,0.0117397,0.0127081,0.0113911,0.0266779,0.0184871,0.0103248,0.0190759,0.0302836,0.06587,0.0566483,0.0203169
0.00571144,0.0128826,0.0114615,0.0142241,0.0295149,0.0164026,0.00672751,0.0149923,0.0275386,0.0548662,0.0509913,0.0185896
0.012044,0.0189546,0.0121668,0.0108374,0.0282201,0.0174299,0.00995949,0.0236535,0.02582,0.0333255,0.021201,0.0197046
0.00825325,0.0170495,0.0155299,0.01437,0.023003,0.0197617,0.00825232,0.0176125,0.0248285,0.039532,0.0302991,0.018148
0.0104338,0.0124539,0.0152585,0.0105726,0.0177856,0.0242407,0.0177581,0.0146822,0.0296029,0.0396461,0.0246308,0.0135207
0.0105197,0.0201745,0.0158178,0.0195709,0.0422874,0.039038,0.0188983,0.0197011,0.0515578,0.085948,0.0441419,0.0208653
0.0158442,0.0344781,0.0250404,0.015865,0.0340668,0.0308125,0.0138626,0.0139026,0.0423905,0.0920451,0.0500209,0.0155197
0.0121049,0.02499,0.0290027,0.0188084,0.0166186,0.025514,0.0206865,0.0199382,0.0185406,0.0597418,0.0362597,0.0152393
0.0129843,0.0247037,0.0170931,0.0125061,0.0174755,0.0193025,0.0150823,0.0130888,0.0172426,0.0380244,0.0233038,0.00592041
0.00906304,0.0163361,0.0181554,0.0126857,0.0174761,0.0176972,0.0140608,0.0127246,0.0195596,0.0320602,0.0171675,0.00761339
0.00873672,0.017716,0.022146,0.0132668,0.0129075,0.0152424,0.00889671,0.00681143,0.0263658,0.0577319,0.0342714,0.0131085
0.00451929,0.0136423,0.0217541,0.014964,0.016218,0.0182431,0.011524,0.0126564,0.0419591,0.0939787,0.0609212,0.0105732
0.00491606,0.00935576,0.0193926,0.014231,0.0090527,0.0151798,0.0151271,0.0146265,0.0211494,0.055661,0.0389527,0.00759028
0.00623467,0.0138031,0.0376576,0.0257914,0.012169,0.0233313,0.0203764,0.0148408,0.0148166,0.0341962,0.0287893,0.011949
0.00626124,0.011335,0.0212472,0.0172586,0.0153629,0.023947,0.0145925,0.0067696,0.0105136,0.0144133,0.0117229,0.010036
0.0102065,0.0167326,0.0423848,0.0315636,0.0255258,0.0341203,0.023023,0.0127235,0.0210088,0.0410321,0.0199981,0.0107092
0.016794,0.025421,0.0610913,0.0334767,0.0142836,0.0240853,0.0277646,0.0272125,0.0440011,0.0793375,0.0417363,0.0194406
0.0122812,0.0231215,0.0477837,0.029987,0.0236085,0.0365755,0.0271242,0.0271212,0.0253666,0.0335548,0.018514,0.016039
0.00643658,0.026121,0.0620578,0.0374894,0.0130461,0.0258007,0.0187502,0.0155033,0.0162094,0.0150281,0.0102423,0.0109298
0.00692692,0.016637,0.047487,0.0299362,0.00980292,0.0186445,0.020569,0.0135238,0.0187112,0.0347715,0.0222116,0.0077116
0.0100343,0.0114694,0.017776,0.00772501,0.0100888,0.0139841,0.013973,0.0142419,0.018636,0.0391217,0.0242899,0.0119114
0.00893378,0.0102521,0.0213346,0.0107758,0.0189035,0.0260098,0.0122946,0.0144005,0.0428992,0.08614,0.0459756,0.0136802
0.009478,0.0128529,0.0278745,0.0146893,0.0257483,0.0313183,0.0156736,0.0136787,0.0387027,0.0867686,0.0504373,0.013282
0.00570578,0.0139878,0.0272509,0.018186,0.0248,0.0370724,0.0194288,0.00900623,0.0190938,0.0369556,0.0234114,0.00505458
0.00698057,0.0125807,0.0192203,0.01185,0.0191243,0.0304663,0.0183004,0.00856939,0.0153029,0.0266357,0.0162873,0.0107634
0.00828516,0.0114237,0.0170308,0.00913784,0.0214897,0.0478812,0.0280128,0.0149882,0.0267612,0.0636652,0.0336359,0.00819541
0.00926891,0.0159968,0.0206911,0.0183341,0.0147808,0.0213969,0.0210572,0.0172427,0.0472682,0.099621,0.0539657,0.0114971
0.0104681,0.0226744,0.0255583,0.0210525,0.0193026,0.0233988,0.016349,0.00873258,0.0253834,0.0587106,0.0376974,0.00916409
0.00954226,0.0190588,0.0190678,0.013501,0.0251836,0.033332,0.0180301,0.00859313,0.0187897,0.0369772,0.024765,0.0075725
0.00730469,0.0138956,0.0146007,0.0138517,0.0207921,0.0329992,0.0150204,0.00755733,0.0196435,0.0367215,0.0188109,0.0071006
0.00827438,0.0166025,0.0223076,0.00989275,0.0120374,0.028143,0.0129763,0.00845115,0.0186671,0.0411268,0.0247719,0.00964047
0.00619751,0.0114338,0.02145,0.0130127,0.0229736,0.0365162,0.0231735,0.00742684,0.032288,0.0803502,0.0467104,0.0150431
0.00570899,0.0104682,0.0215675,0.0218182,0.025024,0.0161443,0.00821442,0.0152392,0.0343057,0.0767962,0.0495453,0.0172095
0.0054191,0.0112221,0.0230679,0.0229736,0.0284058,0.0218813,0.00976345,0.00975759,0.032204,0.0656006,0.0355942,0.00979786
0.00647536,0.00959247,0.0182921,0.0146924,0.0204348,0.0233997,0.0121456,0.00705954,0.0185629,0.0393124,0.0179451,0.00598727
0.0069063,0.0145105,0.0186121,0.0145992,0.0247019,0.0201182,0.0134608,0.0177774,0.01372,0.0311182,0.0231392,0.0108101
0.00862439,0.0175792,0.017432,0.00849721,0.0179402,0.0229329,0.0231937,0.04832,0.0548063,0.0644991,0.0430329,0.0145432
0.0147453,0.0368498,0.0280544,0.0211753,0.0379806,0.0266987,0.021381,0.0460472,0.0623562,0.0869484,0.0549365,0.0185258
0.0198429,0.0375711,0.0246397,0.0106791,0.0235886,0.0141746,0.0101874,0.0198885,0.0299512,0.0511514,0.0337544,0.0155979
0.0157436,0.0397965,0.0186208,0.00789832,0.0172961,0.0158068,0.00774422,0.01643,0.0266874,0.0357434,0.0168748,0.0111543
0.0123813,0.0259722,0.016193,0.010533,0.0303585,0.0175508,0.00896758,0.0155468,0.017554,0.0246374,0.016907,0.00839122
0.00897736,0.0277341,0.0230448,0.0191101,0.0180169,0.0162045,0.0165524,0.0264782,0.0311419,0.0431596,0.0237131,0.011664
0.00503673,0.0173162,0.0231664,0.0123967,0.0216295,0.0165096,0.00945707,0.0324449,0.034841,0.0527334,0.0377208,0.0152656
0.00591485,0.0137133,0.0188793,0.0114851,0.0112586,0.00968277,0.012197,0.0322732,0.0285814,0.0377051,0.0278112,0.0126356
0.00736682,0.0217689,0.0178894,0.0133067,0.0334167,0.0255896,0.0115811,0.0213502,0.0184976,0.0251805,0.0155657,0.0178964
0.0073566,0.0203359,0.0152301,0.0102715,0.0320882,0.0229927,0.0107255,0.0246872,0.0255054,0.0294851,0.0165513,0.0131168
0.0148852,0.0335082,0.025752,0.0204548,0.0426259,0.0236139,0.0138822,0.0270875,0.0141611,0.0264773,0.024108,0.0208033
0.0223668,0.0382715,0.0189565,0.0153501,0.0258406,0.0122504,0.0159135,0.042832,0.0410593,0.0300557,0.0204751,0.0107623
0.0200793,0.0253837,0.0147225,0.0176191,0.0216254,0.0118187,0.0114154,0.0255248,0.0333716,0.0268085,0.0119981,0.0121984
0.0146781,0.0210657,0.0130922,0.0186196,0.0412177,0.0228634,0.0077435,0.0219078,0.0250923,0.0230924,0.0142965,0.0117135
0.0134335,0.0330475,0.0287218,0.0154616,0.0319505,0.0179792,0.00818844,0.0160776,0.0147394,0.0119639,0.00859664,0.0156368
0.0130235,0.0278488,0.0237631,0.0150631,0.0303501,0.0201004,0.0117236,0.0227575,0.0234772,0.00976454,0.0111254,0.00872378
0.0122083,0.0199748,0.0156377,0.0115249,0.0243184,0.014221,0.0238194,0.052306,0.0503577,0.0416537,0.0208799,0.00826859
0.0131292,0.0229576,0.0136974,0.0118304,0.0255114,0.0140218,0.0104166,0.0291399,0.0358206,0.0393312,0.0268829,0.0136691
0.0162821,0.0320242,0.018313,0.00751962,0.0160401,0.0118353,0.00798459,0.0231518,0.0252558,0.0229992,0.0138902,0.00674852
0.0206565,0.0413879,0.0250516,0.0105017,0.0296056,0.0133597,0.0112885,0.006896,0.0244025,0.0297681,0.0125304,0.0113656
0.0130242,0.0253465,0.0180361,0.0163824,0.0389064,0.0242729,0.00786847,0.00849318,0.0232044,0.0289724,0.0163445,0.013572
0.00897104,0.0188692,0.0180406,0.0210062,0.0425738,0.0243291,0.016975,0.0425125,0.0495024,0.047073,0.0252566,0.013773
0.00989184,0.0267003,0.0191731,0.00882373,0.0123808,0.0116086,0.00614579,0.0206388,0.0404135,0.0554729,0.0350265,0.0133375
0.0142817,0.0362386,0.0261929,0.00902845,0.0200637,0.0165934,0.00577351,0.0154918,0.0235991,0.0438892,0.0279488,0.00957264
0.0197381,0.0310921,0.0186799,0.00463797,0.0235932,0.0160911,0.00752325,0.0101865,0.021402,0.0341281,0.0248074,0.0145991
0.0168836,0.0240589,0.0149374,0.0117374,0.028905,0.0188648,0.00832356,0.0196133,0.0224562,0.0397143,0.0224056,0.0111293
0.00791056,0.0342025,0.0246839,0.0135124,0.0259881,0.020689,0.00631011,0.0115732,0.0344279,0.0607532,0.030644,0.0130115
0.00701584,0.01935,0.0192099,0.00815858,0.0256503,0.0163369,0.00402231,0.0265755,0.0419006,0.0595233,0.0358268,0.0171503
0.0114448,0.0184344,0.0148113,0.0103007,0.0201463,0.010586,0.00660703,0.014154,0.0319206,0.0497201,0.0327883,0.0121389
0.012778,0.0292751,0.0158445,0.00802722,0.0203367,0.0127618,0.0058021,0.0151765,0.0313081,0.045673,0.0271761,0.0113526
0.0133876,0.0279699,0.0106976,0.00934178,0.01983,0.014032,0.00655745,0.00775731,0.0187536,0.0358126,0.0211616,0.00959374
0.0132746,0.0272888,0.0316644,0.0138412,0.0156179,0.0140595,0.0127863,0.0190353,0.0251272,0.0334491,0.0157996,0.0102545
0.0159093,0.0245182,0.0238441,0.0142375,0.0154188,0.0220773,0.0225054,0.0200427,0.0277526,0.0529128,0.0343616,0.0171232
0.0127822,0.0227246,0.0140252,0.0110566,0.0204789,0.024113,0.0188449,0.0155322,0.0277693,0.0573429,0.0348474,0.0103946
0.0131152,0.0234262,0.0304746,0.0253637,0.0263095,0.0157588,0.00642186,0.00852442,0.0319091,0.0665726,0.0334103,0.00672303
0.00947308,0.0230724,0.0346123,0.0229276,0.0205627,0.0179831,0.00944867,0.00702323,0.021894,0.0611393,0.0380461,0.00753079
0.0114317,0.0198893,0.0128484,0.0114674,0.00963944,0.0149567,0.0132056,0.00661786,0.0190081,0.035848,0.0222635,0.00822887
0.0115121,0.0207294,0.034697,0.0258946,0.0229982,0.028268,0.0179991,0.0135282,0.0312186,0.0653703,0.0437696,0.00968949
0.0106117,0.0179739,0.0185445,0.00899886,0.0210798,0.0270916,0.0157618,0.00838921,0.0239186,0.0714345,0.0501915,0.0124285
0.00868446,0.0121866,0.0171126,0.0141241,0.0156501,0.0189237,0.00928122,0.00719056,0.0209552,0.0498893,0.0318092,0.0100172
0.00476601,0.00985087,0.0202353,0.012928,0.0108016,0.0107866,0.00652662,0.00524444,0.0206498,0.0464898,0.0328496,0.00742378
0.0117101,0.0225121,0.0334612,0.0220778,0.0129519,0.0153026,0.0112942,0.00922335,0.025665,0.0374159,0.0199735,0.0100076
0.0073599,0.0132305,0.0352652,0.0233297,0.0131236,0.0196875,0.0214116,0.0218952,0.0282824,0.0478331,0.0247119,0.00970669
0.00732895,0.0205643,0.0388986,0.0241514,0.0145017,0.0215741,0.0171241,0.0162617,0.020994,0.0258164,0.0140273,0.00909975
0.0127951,0.0202694,0.0438397,0.0225925,0.0138934,0.0236927,0.0134244,0.0105719,0.0154723,0.0351961,0.0187777,0.00731117
0.00550603,0.0216233,0.0472737,0.0319157,0.0092578,0.0208151,0.0144921,0.0102692,0.0257489,0.0545009,0.0313732,0.0070039
0.00856358,0.0217206,0.0509803,0.0386831,0.020543,0.0192598,0.0105145,0.0133165,0.0128343,0.026768,0.0226275,0.00824217
0.0086519,0.0146009,0.0318749,0.0250714,0.0260709,0.0242602,0.0157508,0.0155381,0.0159572,0.0231549,0.0210942,0.0131589
0.00480681,0.0226332,0.0412605,0.0181939,0.029402,0.0452533,0.028893,0.0248861,0.0322322,0.0551739,0.030895,0.0122322
0.00890666,0.0169969,0.0293055,0.0225512,0.0246206,0.0205028,0.00706083,0.0117169,0.0208552,0.0393556,0.0178375,0.00812594
0.00661024,0.0171102,0.0340353,0.0226773,0.0214118,0.0217074,0.01079,0.0106026,0.0354629,0.0706508,0.034776,0.00748435
0.0062062,0.0184055,0.032134,0.0204132,0.014451,0.0132331,0.00709924,0.0109844,0.0290835,0.063941,0.0373073,0.00775289
0.00889482,0.0115312,0.0215593,0.0117673,0.012713,0.0141714,0.0125742,0.0113021,0.0199136,0.0366219,0.0182706,0.00678942
0.0108537,0.0281307,0.0512839,0.0322455,0.00679368,0.0327662,0.0229611,0.0152566,0.0144765,0.0428199,0.0218641,0.0093709
0.00784027,0.0202912,0.0266484,0.0214664,0.0262087,0.0324099,0.0152402,0.0141935,0.0207538,0.0447211,0.0246636,0.00815617
0.0101685,0.0249248,0.0528077,0.0300561,0.00949521,0.014493,0.0121848,0.0111175,0.0218107,0.042585,0.0236099,0.00633459
0.00603626,0.0206478,0.0388981,0.0221209,0.0104218,0.00976302,0.00724416,0.00585699,0.0260891,0.0506859,0.0230165,0.00493623
0.00754715,0.0130942,0.0185439,0.014903,0.013569,0.019127,0.0111069,0.0108171,0.0301793,0.0419404,0.017967,0.0111841
0.0059857,0.0173493,0.0219988,0.0174088,0.0188139,0.0293202,0.0167523,0.0111228,0.0246029,0.0551505,0.0355642,0.0110326
0.0123871,0.0207602,0.0196472,0.00964457,0.0224375,0.0371636,0.0213969,0.00872629,0.0167722,0.0432095,0.0247659,0.0128643
0.0101815,0.0199987,0.0272146,0.0184732,0.0155936,0.0155718,0.0129429,0.0114935,0.0263542,0.0505578,0.0340089,0.00904694
0.00945341,0.0194043,0.0267093,0.0260918,0.0225183,0.0136545,0.00683254,0.00727856,0.02934,0.0672092,0.0374317,0.00580469
0.0114524,0.0124467,0.0104409,0.0167785,0.0236649,0.0236153,0.0122807,0.00772901,0.0187448,0.0501973,0.0331774,0.0117034
0.019549,0.0305437,0.038829,0.021119,0.0214398,0.0223005,0.0120915,0.00879468,0.0324836,0.0598296,0.0311016,0.0129906
0.00752555,0.0239168,0.0462377,0.0376013,0.0374399,0.0299471,0.0102227,0.0162728,0.0332685,0.0682677,0.0400814,0.0176287
0.0121679,0.0296087,0.0320077,0.0190634,0.030719,0.0161949,0.0103218,0.0131664,0.0342027,0.050891,0.0224796,0.00973646
0.0106155,0.0219346,0.0357263,0.0251689,0.0287624,0.0155739,0.00431163,0.00527627,0.0319045,0.0658625,0.0315995,0.00646592
0.00809524,0.0169915,0.0151388,0.011536,0.0307365,0.0187702,0.00509953,0.00856563,0.0278703,0.0498219,0.0217284,0.012992
0.0108925,0.0134779,0.0162786,0.0183721,0.0183702,0.0132522,0.00789462,0.00961152,0.0236455,0.0525274,0.0302382,0.00717595
0.00524673,0.00993209,0.0284329,0.0139228,0.0420168,0.0271946,0.00802007,0.00991101,0.0326976,0.0838243,0.0533015,0.0184853
0.00714587,0.00638162,0.0226985,0.0130963,0.0284027,0.0183436,0.00674945,0.00874603,0.0201963,0.0678191,0.0498391,0.0131662
0.00712594,0.0109689,0.0192475,0.0118967,0.0275491,0.0187889,0.00780604,0.00782547,0.0316244,0.0762141,0.0475256,0.0155824
0.0054999,0.00719351,0.0164782,0.00904435,0.0152984,0.00894067,0.00481748,0.0080542,0.0332417,0.0681195,0.0356858,0.00942273
0.00813812,0.013058,0.0248648,0.013194,0.0303444,0.0184075,0.0124043,0.0101933,0.0153391,0.0397719,0.0213451,0.00815202
0.010517,0.0197957,0.0468459,0.0312385,0.0175322,0.0159825,0.0201255,0.0111514,0.0299945,0.0561399,0.0335167,0.0176798
0.0126897,0.0209364,0.0498954,0.0304469,0.0306416,0.0199977,0.0146125,0.0120852,0.0218982,0.0498324,0.0255698,0.0125609
0.00959064,0.0191231,0.0472799,0.0321581,0.0281812,0.0147758,0.00506315,0.00802603,0.0283972,0.0624482,0.033113,0.0101376
0.00746298,0.0277231,0.0595793,0.0332281,0.0163551,0.00613606,0.00558892,0.00644305,0.022792,0.0555591,0.0296797,0.00765516
0.00988284,0.0172321,0.0416725,0.0285045,0.0227516,0.0139997,0.0101288,0.00885817,0.0157249,0.0337787,0.0206499,0.00639853
0.0105346,0.0174914,0.0348314,0.0262475,0.0420525,0.0235781,0.00888732,0.0136021,0.0243073,0.0326658,0.0202506,0.021097
0.00700759,0.0146732,0.023407,0.0213157,0.040886,0.0313806,0.0130269,0.0137966,0.0287329,0.0600521,0.0342247,0.0103268
0.012921,0.0160239,0.0182211,0.00837863,0.0214325,0.0175541,0.00388606,0.00946361,0.0226964,0.0427734,0.0234615,0.0135747
0.00808688,0.0197709,0.0448442,0.0324726,0.0264971,0.0158924,0.00606785,0.00603619,0.0245361,0.0598111,0.0385772,0.0123333
0.00827929,0.0215769,0.0436993,0.0174541,0.0113625,0.00956722,0.00768027,0.00742242,0.0175715,0.0337727,0.0212042,0.0104506
0.014152,0.0229297,0.0446196,0.0196246,0.0264184,0.0207817,0.0120774,0.0109996,0.013663,0.0341068,0.0236082,0.01747
0.0109676,0.0110829,0.0213309,0.0170857,0.0452153,0.027938,0.0121733,0.0199198,0.0257331,0.0363438,0.0233374,0.021621
0.0192598,0.0168062,0.0263855,0.0274345,0.0247983,0.0115577,0.00613669,0.0106546,0.0123397,0.0323553,0.0188532,0.0175664
0.0138997,0.0143982,0.0285445,0.0189095,0.0239743,0.0150367,0.00480409,0.00983774,0.0147322,0.0374458,0.023887,0.0116047
0.0130222,0.0135008,0.0216875,0.0124602,0.0128432,0.0067319,0.0031682,0.00760593,0.0130366,0.0348794,0.0264519,0.0127153
0.0115189,0.0130918,0.0268485,0.0117406,0.0252376,0.0207122,0.0104816,0.00800528,0.0194822,0.0351539,0.0175952,0.00710981
0.00897602,0.0113641,0.0286222,0.0217617,0.0303222,0.0214886,0.0106646,0.0107561,0.02258,0.0581927,0.0330439,0.0131386
0.00813347,0.016076,0.0292998,0.0220538,0.0306673,0.0198803,0.00900461,0.0158583,0.0284286,0.0532851,0.0329927,0.0157317
0.0119461,0.0220625,0.026216,0.0186578,0.0284335,0.0148771,0.00563895,0.0104151,0.0162506,0.0442763,0.0280775,0.0128782
0.0125148,0.0254428,0.0395251,0.0262488,0.0223797,0.0127923,0.00460239,0.00513563,0.028904,0.061906,0.0299471,0.00853768
0.00805206,0.028966,0.0165543,0.0106363,0.0207853,0.00772717,0.00739895,0.00840283,0.0288278,0.0457163,0.0234953,0.0127069
0.0156605,0.0257906,0.0258292,0.0206515,0.0368717,0.0242668,0.0104073,0.0166662,0.0223311,0.0482994,0.0312625,0.00632781
0.0120509,0.0308923,0.0229467,0.0201438,0.0359393,0.0257226,0.00875129,0.00799483,0.0204182,0.0517533,0.0379653,0.0206951
0.0240686,0.0378795,0.0247599,0.0186431,0.0265767,0.0142672,0.00452563,0.00543618,0.0163011,0.0265469,0.0204179,0.0110088
0.0154664,0.0711655,0.0555743,0.015485,0.0297905,0.0184401,0.00434326,0.00621622,0.0157551,0.032677,0.0205723,0.00787334
0.0201543,0.0470878,0.0258741,0.00857771,0.00871941,0.00535889,0.00817624,0.00675578,0.0205448,0.0414245,0.0253544,0.00807725
0.0159165,0.0422995,0.0360471,0.0215871,0.0267001,0.0155756,0.0100359,0.00946468,0.0267953,0.0503575,0.0263634,0.00777857
0.00793285,0.0170082,0.0128917,0.0121207,0.0167409,0.00995948,0.00694865,0.0131992,0.0341294,0.0541612,0.0327175,0.017111
0.0147175,0.014511,0.00928688,0.0118748,0.0220427,0.0129578,0.0053555,0.00977416,0.0136688,0.0303383,0.0250594,0.017141
0.0228169,0.0620554,0.0389714,0.0126953,0.0174188,0.00786907,0.00561988,0.00977172,0.0281077,0.0437192,0.0279808,0.00895413
0.0212323,0.0606278,0.0404922,0.0110763,0.0114202,0.00981199,0.00527773,0.00557421,0.0169958,0.0281424,0.0171813,0.00740328
0.013262,0.0368532,0.0321359,0.0246535,0.0336543,0.0184165,0.00846818,0.00973979,0.0200955,0.028907,0.0119074,0.0109755
0.0177529,0.0511533,0.0326458,0.0187375,0.0280092,0.0195076,0.00857248,0.00830261,0.0255227,0.0379244,0.0231547,0.0133608
0.0221165,0.0558923,0.0340601,0.0191529,0.0408721,0.020663,0.00503695,0.0108726,0.0296049,0.0227731,0.0185016,0.0199401
0.0153642,0.0385131,0.0243434,0.0186134,0.0347797,0.0209978,0.0055877,0.00590149,0.0184619,0.032292,0.0200037,0.00950523
0.0131423,0.0322595,0.027134,0.0134078,0.0196963,0.0139551,0.00672374,0.0097873,0.0298195,0.0409821,0.0243798,0.00746999
0.017354,0.0431388,0.0250623,0.0117388,0.0174463,0.00848801,0.00608526,0.00858262,0.0208119,0.0330068,0.0206151,0.0114239
0.0164427,0.0487775,0.0333091,0.0124526,0.0319993,0.0202966,0.00679597,0.00975173,0.0245734,0.0489089,0.0314582,0.0111176
0.0162977,0.0434608,0.0336084,0.0153835,0.0302279,0.0203894,0.00921659,0.013119,0.03928,0.0739294,0.0433261,0.0141998
0.026055,0.0700481,0.0429203,0.0173473,0.0431563,0.0256258,0.0043021,0.00687958,0.0301215,0.0509255,0.0363341,0.0177421
0.0168339,0.0328523,0.0261399,0.00908813,0.0208749,0.0119669,0.00311261,0.00560823,0.0312776,0.063749,0.0347856,0.0140594
0.0144352,0.0480968,0.0359201,0.00991596,0.0142889,0.0085009,0.00515961,0.00623319,0.0212942,0.0457803,0.0273858,0.0115384
0.0153894,0.0510183,0.0357453,0.0144965,0.0357837,0.0242296,0.00537996,0.00989932,0.016954,0.0372072,0.019447,0.0130436
0.0127694,0.0453672,0.0346005,0.010551,0.0247022,0.01761,0.0106822,0.0155736,0.0345423,0.0537392,0.031523,0.0196637
0.0210694,0.049979,0.0284509,0.0134775,0.0389621,0.0285886,0.00691741,0.00793172,0.0347971,0.069564,0.0491126,0.0234839
0.0186937,0.0479259,0.0329705,0.0128939,0.0405993,0.0271416,0.00457397,0.00501264,0.0307334,0.0650091,0.0399352,0.0132329
0.0137933,0.0282268,0.0198315,0.0101339,0.0285084,0.0189151,0.0037274,0.00672182,0.0307466,0.0444947,0.0244155,0.00756954
0.0239964,0.0468618,0.0291862,0.00656417,0.0233294,0.0179468,0.00652152,0.011101,0.0310848,0.0388763,0.019872,0.00819868
0.0186988,0.0491577,0.0366515,0.0201401,0.0326895,0.022327,0.0101314,0.0115364,0.0232573,0.039,0.0333657,0.014031
0.02281,0.0563196,0.0287879,0.00849957,0.0287132,0.0210616,0.006537,0.0119334,0.0292381,0.0411368,0.0270435,0.0127567
0.0186786,0.0621323,0.0443344,0.017149,0.0287938,0.0199722,0.00617163,0.0102441,0.0302043,0.0413765,0.0259496,0.00728416
0.0139479,0.0429766,0.0289542,0.00904883,0.0180473,0.0107779,0.00500195,0.0104069,0.025399,0.0445779,0.0250629,0.00607825
0.0144216,0.0355011,0.0261761,0.0118822,0.0153994,0.0101284,0.00578364,0.0115448,0.0187627,0.0297407,0.0200054,0.00630252
0.00829675,0.0218139,0.0214563,0.0130303,0.0142364,0.0100765,0.00815706,0.00971166,0.0143489,0.0398601,0.0308333,0.00937951
0.0100979,0.0221615,0.0281085,0.0129651,0.0161175,0.0121671,0.00745852,0.00776595,0.0160303,0.0448906,0.0360496,0.00836032
0.0107426,0.0147483,0.0377945,0.0261318,0.00890301,0.00815634,0.00551091,0.00657072,0.0159324,0.0619406,0.0480678,0.00910952
0.00688924,0.0201356,0.0291397,0.0181544,0.0205102,0.0169673,0.00492621,0.00767497,0.0223981,0.069059,0.0494132,0.0117966
0.00684189,0.0299285,0.0429496,0.0195331,0.0128712,0.0154556,0.00808611,0.00723519,0.00942422,0.0223592,0.0243274,0.00784487
0.00656311,0.0236581,0.0501298,0.0262155,0.011732,0.0107337,0.00808766,0.00831558,0.0107832,0.0425357,0.0332484,0.00660622
0.00555138,0.0195487,0.0317847,0.0156142,0.00530889,0.00715398,0.00643094,0.00404237,0.0131244,0.0428166,0.0314068,0.00690676
0.00526622,0.0196364,0.0282239,0.013415,0.00785269,0.00677413,0.00729623,0.00540063,0.0144642,0.0444936,0.030627,0.00570626
0.00627017,0.0145789,0.0320546,0.0177551,0.0090706,0.00602722,0.00417376,0.00479518,0.0107633,0.0316213,0.0224015,0.00632379
0.00571743,0.0133619,0.0281011,0.0156043,0.00482341,0.00597259,0.00416526,0.00318119,0.0077454,0.0245851,0.0190533,0.00566594
0.00465182,0.011964,0.0215293,0.0119476,0.0058356,0.00601362,0.00324677,0.00331902,0.00664161,0.0186764,0.0152201,0.0032516
0.002767,0.00801207,0.017402,0.00927723,0.00323154,0.00274084,0.00233456,0.00275744,0.00564207,0.0201529,0.0155067,0.0037628
0.00150296,0.00760752,0.0146346,0.0082476,0.00436983,0.0042056,0.00294202,0.00185378,0.00234687,0.0127844,0.0105586,0.00223781
0.00135755,0.00466094,0.0106463,0.00567568,0.00454556,0.00443688,0.00268681,0.00198444,0.00480083,0.0118912,0.00786182,0.00237647
0.00239171,0.00491629,0.00882888,0.00688578,0.00576307,0.00599772,0.00436559,0.00195,0.00255074,0.00516684,0.00309071,0.000919261
0.00183087,0.00478383,0.00873567,0.00597523,0.00370177,0.00608784,0.00514877,0.00147931,0.0023665,0.00384283,0.00261062,0.00134624
0.00229066,0.00554575,0.00981671,0.00549624,0.0028143,0.00669624,0.00499525,0.00177689,0.00256671,0.00622335,0.00404172,0.00178924
0.00202504,0.00759656,0.0142453,0.00785054,0.00265989,0.00450174,0.00294888,0.00139473,0.00179758,0.00245333,0.00200278,0.00174174
0.0025901,0.00993975,0.0202126,0.0103368,0.00334971,0.00799155,0.00516639,0.00104428,0.00282158,0.00614578,0.00457639,0.00235759
0.00206988,0.0132189,0.0276985,0.0138381,0.00328885,0.00807295,0.006329,0.001388,0.00301196,0.00554943,0.00281386,0.00164952
0.00165991,0.013909,0.027903,0.0133925,0.00383604,0.00640808,0.00447879,0.00120272,0.00312563,0.00666337,0.00343516,0.00205921
0.00303618,0.0159556,0.0294732,0.0140675,0.00316045,0.00669663,0.00479409,0.00148861,0.00445841,0.0109943,0.00646033,0.00204353
0.00250741,0.0121434,0.025534,0.0129647,0.0047746,0.0102589,0.00667401,0.00107338,0.0040127,0.00846278,0.00439053,0.00165889
0.00227641,0.0100877,0.0209525,0.0113254,0.00351165,0.00705956,0.00501668,0.00109839,0.00381118,0.00835011,0.00441749,0.00186182
0.000960025,0.00654297,0.0136397,0.00753919,0.00230052,0.00505997,0.00365981,0.000933087,0.00264849,0.00529939,0.00254163,0.00161838
0.00101767,0.00503997,0.00904598,0.00429935,0.00308644,0.00595368,0.00361016,0.000855769,0.00156104,0.00351703,0.00197466,0.000750646
0.000817613,0.00338641,0.00782644,0.00425891,0.00293321,0.00686936,0.00398636,0.000512753,0.00123611,0.0025408,0.00147507,0.00067741
0.000849405,0.00287086,0.00703647,0.00437605,0.00186238,0.00383517,0.00246937,0.000853209,0.00123601,0.00317455,0.00170068,0.000656003
0.000570794,0.00298365,0.00631902,0.00329738,0.000943961,0.00164466,0.00141183,0.000881962,0.00210606,0.00480522,0.00247378,0.000525792
0.0006426,0.00338332,0.00653344,0.0033123,0.000915578,0.00150325,0.0011412,0.000374811,0.00243822,0.00532968,0.00285407,0.000649982
0.000577374,0.0031954,0.00600619,0.0028156,0.00173318,0.00204575,0.00129473,0.000505745,0.00120948,0.00289681,0.0020175,0.000962886
0.000655515,0.00326143,0.00514789,0.00277756,0.00250729,0.00272738,0.00150179,0.000839533,0.00240104,0.00430063,0.00244884,0.00111648
0.00144558,0.00389491,0.00520281,0.00215717,0.00239262,0.00224157,0.00150032,0.000930198,0.00325412,0.00549597,0.00285508,0.00132577
0.00156549,0.00348164,0.00401709,0.00261172,0.00276883,0.00270894,0.0015092,0.00110528,0.00417204,0.00609876,0.00291833,0.00213521
0.001293,0.00340005,0.00463989,0.00215443,0.00378255,0.00229741,0.00132571,0.00119946,0.00375416,0.00687568,0.00408234,0.00151142
0.0013467,0.00451932,0.00597872,0.00274133,0.00391345,0.00268133,0.000840348,0.00121922,0.00414294,0.0066432,0.00355437,0.00115257
0.000652052,0.00263197,0.0043472,0.00319531,0.00335863,0.0024893,0.00112263,0.001083,0.00425309,0.00694913,0.00351777,0.00227635
0.00134972,0.00370076,0.00439215,0.00158246,0.00376933,0.00278506,0.00106981,0.00124898,0.00322263,0.00657143,0.0041062,0.00152901
0.000962809,0.00257797,0.00342245,0.0028247,0.00435383,0.00248472,0.00136787,0.00170468,0.00333858,0.0076338,0.00510244,0.00215246
0.00100402,0.00233327,0.00251775,0.00168416,0.00278092,0.00211546,0.00103047,0.00161517,0.00518101,0.00902088,0.00460045,0.00132646
0.00144242,0.00323668,0.00289956,0.000968611,0.00276777,0.00213952,0.000837923,0.000784056,0.00416691,0.00787253,0.0040009,0.00102177
0.000863873,0.00189416,0.00221623,0.00226741,0.00515225,0.00316462,0.000992751,0.00117037,0.00364493,0.0071531,0.0039001,0.00151784
0.000644244,0.00137422,0.0016076,0.00169686,0.00415435,0.00216557,0.000781848,0.00129838,0.00312901,0.00562672,0.00302263,0.000989024
0.00111959,0.0014812,0.00105394,0.000885424,0.00296624,0.00212707,0.00106561,0.00162803,0.00325281,0.00447457,0.002023,0.0010762
0.000661171,0.00146909,0.00139581,0.00138809,0.00247507,0.00126226,0.000477614,0.000576825,0.0011307,0.00276733,0.00171759,0.00090349
0.000351887,0.000694251,0.000820584,0.000728297,0.00180004,0.000870262,0.000623109,0.000665713,0.00144068,0.00238552,0.00161278,0.000610476
0.000536643,0.000988062,0.000757009,0.000783041,0.00162914,0.000899205,0.000600262,0.000600033,0.00139888,0.00267457,0.00137769,0.000484369
0.000223206,0.0006713,0.000601768,0.000743126,0.00160594,0.000869714,0.000415587,0.000430253,0.00159431,0.00273053,0.00131194,0.000293284
0.000386272,0.000902584,0.000790732,0.000614845,0.0011148,0.000606702,0.000336531,0.000427508,0.00152888,0.00268179,0.00136717,0.00040165
0.000206884,0.000375052,0.000498607,0.000366487,0.000710385,0.00051604,0.000316792,0.000483306,0.00157271,0.00237703,0.00114967,0.000323877
0.000220829,0.000615765,0.000512565,0.000322131,0.000820287,0.000776072,0.000506668,0.000496604,0.00140751,0.00203889,0.000939742,0.00023105
0.000237376,0.000369113,0.000351561,0.000505403,0.000689569,0.000484889,0.000290376,0.000170106,0.000808828,0.00156144,0.000914895,0.000251485
0.000173287,0.000332443,0.000353142,0.000440784,0.00100456,0.000595024,0.000315839,0.000253713,0.000785519,0.00158275,0.000986499,0.000233516
0.000161539,0.000355914,0.00043968,0.000343602,0.000433285,0.000235981,0.000182428,0.0001624,0.000741762,0.00143273,0.000834014,0.000189496
0.000201048,0.000268968,0.000299817,0.000204441,0.000369275,0.000301836,0.00025365,0.000284725,0.000615671,0.00131182,0.00075558,0.000221953
0.000161339,0.000194425,0.000213746,0.000219693,0.000280277,0.000244973,0.000186652,0.000194707,0.00057962,0.00127383,0.000803023,0.000270616
0.000221479,0.000334096,0.000312109,0.000208518,0.000282637,0.000223653,0.00013899,0.000216789,0.000496261,0.00118087,0.000750298,0.000250759
0.000192713,0.000252086,0.000221235,0.000189417,0.000318604,0.000162706,0.000117635,0.000183934,0.000486829,0.00111529,0.00062139,0.000273501
0.000117119,0.000225978,0.00027352,0.000243941,0.000245231,0.000203921,0.00024243,0.000245273,0.000488275,0.00106589,0.000650185,0.000204086
0.000237338,0.000167503,0.000240902,0.000158522,0.000304129,0.000249142,0.000264936,0.000234544,0.000454634,0.00109956,0.000628963,0.000173825
0.000258287,0.000225898,0.000245334,0.000187381,0.000488775,0.000506617,0.000657978,0.0016236,0.00140843,0.00118913,0.00067538,0.000246615
0.000342131,0.000390321,0.000269731,0.000524967,0.00117847,0.000770357,0.000989935,0.00291405,0.00281267,0.00221191,0.00115367,0.000687225
0.000436384,0.000692054,0.000769539,0.00102534,0.00166772,0.000699972,0.00184626,0.0058989,0.00656283,0.00425734,0.00146914,0.000728111
0.00188851,0.00253484,0.00139065,0.00147714,0.00230807,0.00122482,0.00208332,0.0058416,0.00636162,0.00512415,0.00240557,0.00202362
0.00251063,0.00384393,0.00159522,0.00222544,0.00320063,0.00161611,0.00297875,0.00698872,0.0070863,0.00546412,0.00374882,0.0038604
0.00127556,0.00156007,0.00115336,0.00303229,0.00557925,0.00317458,0.00232546,0.00703899,0.0087759,0.00735765,0.00308722,0.00171364
0.00192296,0.00213803,0.00182629,0.00218014,0.00429388,0.00170568,0.00215824,0.00649551,0.00998632,0.0105842,0.0050577,0.00230556
0.0018626,0.00181274,0.000759638,0.00228442,0.00616134,0.00420595,0.00399991,0.0124885,0.0119001,0.00958433,0.00589539,0.0042064
0.00259145,0.00324199,0.00115879,0.00226257,0.00518528,0.00249988,0.00285441,0.00585921,0.00717486,0.0113869,0.00811978,0.00486176
0.00233327,0.00417409,0.00211583,0.00254733,0.00383212,0.00183231,0.00308294,0.0074158,0.0097354,0.015128,0.00828649,0.00131562
0.00237219,0.0038654,0.00202059,0.00221242,0.00537602,0.00353146,0.00246065,0.00514163,0.00900638,0.0162926,0.00913618,0.00225521
0.00156469,0.00315457,0.00145047,0.00158764,0.00311793,0.0016557,0.0034344,0.00876048,0.0115316,0.0157347,0.00826986,0.00216606
0.00112456,0.0018205,0.000813865,0.00125575,0.0025254,0.0015344,0.0037482,0.00884749,0.0109775,0.0151676,0.00749596,0.00140573
0.000939551,0.0014078,0.00100921,0.000842853,0.00146118,0.0012949,0.00252797,0.00541058,0.00860562,0.0133564,0.00733503,0.00206207
0.000858107,0.00138852,0.000866576,0.00076558,0.00211577,0.00142947,0.00189105,0.0036766,0.00667057,0.0129261,0.00766794,0.0016987
0.00100425,0.00119481,0.000615147,0.0010051,0.00214204,0.00134982,0.00186087,0.00439651,0.00587202,0.0108453,0.00639489,0.0018046
0.000828103,0.00140049,0.00125093,0.0010291,0.00176184,0.00128817,0.00150997,0.0034607,0.00422422,0.00847308,0.0051793,0.000876818
0.000751927,0.00158742,0.00240478,0.00166006,0.00116287,0.000733928,0.00174665,0.0035827,0.00392756,0.00739286,0.00445633,0.000913233
0.00112892,0.00329033,0.00420708,0.00183403,0.00289843,0.00329727,0.00280022,0.00377783,0.00391188,0.00704003,0.00403505,0.00125605
0.00100319,0.00322614,0.00610544,0.00305293,0.0026174,0.00458656,0.00303406,0.00311836,0.00409822,0.00665602,0.00370731,0.00103674
0.00145244,0.00395107,0.00697754,0.00355009,0.00205526,0.00427459,0.00247014,0.00231523,0.00469466,0.00845979,0.00424717,0.00187591
0.00107816,0.00474738,0.00925583,0.00458067,0.00271117,0.00376084,0.00228219,0.00264622,0.00531801,0.00961691,0.0049344,0.00111415
0.00112978,0.00558214,0.0125102,0.00721958,0.00420538,0.00774743,0.00473301,0.00152062,0.00444742,0.0109299,0.00550468,0.00165149
0.000868078,0.00535999,0.0127292,0.00693992,0.00281174,0.00693614,0.00421975,0.00178512,0.00454061,0.00941346,0.00481642,0.00136234
0.00108285,0.0045457,0.00995415,0.00541128,0.00200634,0.00591996,0.00438826,0.00147313,0.00398519,0.00883577,0.00479452,0.000731457
0.000555205,0.00393388,0.00931034,0.00526789,0.00191663,0.00495098,0.00352355,0.000947943,0.00315533,0.00751078,0.004123,0.00101469
0.000536204,0.00350381,0.00928403,0.00567143,0.00150961,0.0026399,0.0015083,0.000934623,0.00299281,0.0063017,0.00354991,0.000648459
0.000649984,0.0038319,0.00935976,0.00544257,0.0011398,0.00235409,0.00142795,0.00122692,0.00211871,0.00472246,0.00277658,0.000468715
0.000599124,0.00331348,0.00820046,0.0051449,0.00165588,0.003055,0.00210763,0.000963652,0.00185451,0.00427687,0.00242126,0.000640787
0.000592104,0.00337274,0.00840122,0.00459507,0.00130821,0.00298341,0.00182827,0.000619965,0.00177902,0.00374596,0.00185368,0.000453744
0.000622631,0.00310101,0.00683044,0.00374491,0.00161868,0.00269276,0.00173176,0.000574038,0.00184033,0.00387876,0.00214214,0.000483148
0.000527197,0.00192993,0.00377194,0.00218508,0.00104828,0.001654,0.00116468,0.000491456,0.00161319,0.00364502,0.00199488,0.000474156
0.000563378,0.00187823,0.00359643,0.00183058,0.000629451,0.00132553,0.00118638,0.000703309,0.0015873,0.00394872,0.0022431,0.000341003
0.000536861,0.0012341,0.00332393,0.00196897,0.000879902,0.00120542,0.000779165,0.000667405,0.00200717,0.00355236,0.00169459,0.000391732
0.000465306,0.000911948,0.00175743,0.00107986,0.000596455,0.00118301,0.00102899,0.000795084,0.00143236,0.00261235,0.00132558,0.000416143
0.000343248,0.000859743,0.00169736,0.00120713,0.000685726,0.000935586,0.000616098,0.000630751,0.00151541,0.00230483,0.00100276,0.000159043
0.000497212,0.00103845,0.00202535,0.00121008,0.000439275,0.000891961,0.000581192,0.000605817,0.00115852,0.00151833,0.000577828,0.00018472
0.000333563,0.00115505,0.00201708,0.00110183,0.000260366,0.00049018,0.000511209,0.000414927,0.000780383,0.00156268,0.00081544,0.000277048
0.000351374,0.000810311,0.00159401,0.000984488,0.00054733,0.00079465,0.000442595,0.00027467,0.000792245,0.00180652,0.00100186,0.000284774
0.000320833,0.00052773,0.00164606,0.00111176,0.000303264,0.000675702,0.000575656,0.000361297,0.000745599,0.00172447,0.00109602,0.000267047
0.000417092,0.000522248,0.00130483,0.000868289,0.00028476,0.000273896,0.000253535,0.000213446,0.000808835,0.00176326,0.000986434,0.000219201
0.000205566,0.000442182,0.00101751,0.000580664,0.000345189,0.000476762,0.00027183,0.000167765,0.000653919,0.00148652,0.000835344,0.000184626
0.000230228,0.000433978,0.00101353,0.000660407,0.000372586,0.000557304,0.000377926,0.000296508,0.000626721,0.00128365,0.000692776,0.000169112
0.000212929,0.000391717,0.000777138,0.000557367,0.000278152,0.000357837,0.000265588,0.000319057,0.00057194,0.00128283,0.000793905,0.000219409
0.00013153,0.000199932,0.000485411,0.000434625,0.000222603,0.000142684,0.000177201,0.000219481,0.000633187,0.00113163,0.000757187,0.000328366
0.000209991,0.000412895,0.000511613,0.000265426,0.000266857,0.000498549,0.000298378,0.000216574,0.000676674,0.00112289,0.000546358,0.000149874
0.000179632,0.000231175,0.000285108,0.000113028,0.000228996,0.000346786,0.000315064,0.000245983,0.000443364,0.000906471,0.000611357,0.000213834
0.000189689,0.000237747,0.000256885,0.000204381,0.000189517,0.000204761,0.000265838,0.00032464,0.000442836,0.000583572,0.000384612,9.56403e-05
0.000218176,0.000220119,0.000286719,0.000208642,0.000234862,0.000402946,0.000631676,0.000816693,0.000548914,0.000523026,0.000256105,0.000186483
0.000319151,0.000519366,0.000591886,0.000402398,0.000300212,0.000444745,0.000871095,0.00171058,0.00133248,0.000726105,0.000370705,0.00017565
0.000635797,0.000726435,0.000921894,0.000547461,0.000513725,0.000821408,0.0026819,0.00478941,0.00256711,0.000726539,0.00113578,0.00106457
0.000853359,0.000835774,0.00113045,0.00078844,0.000816205,0.00140241,0.00361812,0.00802752,0.00501167,0.00165377,0.00270689,0.00201941
0.000645425,0.000854827,0.00188483,0.00137546,0.00126115,0.00253517,0.00515957,0.0124345,0.00802998,0.00263129,0.0039583,0.00261697
0.000922618,0.00118813,0.00278547,0.00172285,0.000780483,0.00130774,0.00690825,0.0176639,0.0108928,0.00367651,0.00689346,0.0042816
0.00104783,0.00109044,0.00235442,0.00154242,0.000835497,0.00190886,0.00710296,0.0182084,0.0101073,0.00395282,0.00774638,0.00536086
0.000928924,0.000322275,0.00119662,0.00125797,0.00162325,0.00261874,0.011715,0.0282938,0.0166336,0.00329782,0.00740402,0.00607445
0.000783973,0.000859583,0.00275771,0.00219238,0.000946143,0.000951452,0.00878103,0.0265214,0.0177471,0.00487715,0.0096274,0.00549162
0.00365551,0.00290697,0.00357173,0.00222925,0.00112763,0.00184481,0.00939153,0.02414,0.0170664,0.00706269,0.0110294,0.00657802
0.00373648,0.00319724,0.00288556,0.00165521,0.000967467,0.00277646,0.00995243,0.0247429,0.0185783,0.00784977,0.00864006,0.00500767
0.0116857,0.00660345,0.00228004,0.00197633,0.000785315,0.00216683,0.00630826,0.0146204,0.0110428,0.00818031,0.00896999,0.006332
0.00977184,0.00716688,0.00348517,0.0020978,0.000661672,0.00122645,0.00735829,0.0160487,0.0118393,0.00834947,0.00557496,0.00400356
0.00361351,0.0026494,0.00336317,0.00206756,0.000533639,0.001003,0.00642418,0.0120006,0.00744925,0.00644026,0.00379324,0.00172087
0.010878,0.00812085,0.0029794,0.00137047,0.000559583,0.00148464,0.0053811,0.0107548,0.00888731,0.00694196,0.00452699,0.00498845
0.0100301,0.00604465,0.00103102,0.000976108,0.000504169,0.00134751,0.00450074,0.0079711,0.00570647,0.00584078,0.00426429,0.00344808
0.00713825,0.00475406,0.00252344,0.001299,0.000382965,0.00113551,0.0047573,0.00876192,0.00531115,0.00695199,0.00574336,0.00303801
0.00773782,0.00489763,0.00336999,0.00176451,0.000571184,0.00123894,0.00301942,0.00489048,0.00309339,0.00622341,0.00596754,0.00391901
0.00401346,0.003892,0.00395662,0.00160809,0.00050035,0.00089933,0.00251042,0.00494782,0.0041082,0.00455606,0.00443228,0.00326709
0.00391245,0.00419878,0.00651718,0.00371082,0.000874192,0.00162394,0.0035698,0.00674686,0.00529159,0.00699282,0.00756673,0.00280441
0.00372013,0.00286824,0.00333876,0.00174225,0.000798341,0.0015192,0.00450866,0.00892851,0.00541275,0.00398193,0.00490394,0.00291136
0.00429538,0.00412639,0.00452659,0.00316425,0.00193891,0.00266965,0.00551818,0.00934696,0.00534954,0.00370474,0.00562449,0.0028804
0.00335275,0.00403961,0.00588355,0.00363893,0.00140044,0.0024024,0.00655743,0.0120422,0.00632551,0.00346039,0.00489459,0.00335003
0.00222696,0.00336679,0.00948712,0.00641854,0.00109521,0.0026849,0.00705193,0.0122253,0.00609739,0.00434706,0.00654958,0.0040672
0.00320091,0.00443177,0.00968751,0.00549392,0.000679512,0.0022071,0.00778385,0.0148658,0.00837753,0.0040122,0.00343284,0.00263195
0.00170961,0.00280193,0.00406961,0.00307159,0.00119348,0.00239373,0.00721828,0.0134316,0.00735767,0.00211252,0.00385364,0.00347446
0.0019003,0.00270568,0.00753527,0.00436639,0.00173508,0.00229873,0.00614085,0.0124833,0.00726514,0.00333672,0.00573317,0.00436857
0.000850128,0.00217286,0.0076356,0.0052184,0.00122923,0.0015198,0.00525258,0.0106764,0.00656309,0.00293004,0.00304301,0.00296346
0.00192633,0.00166898,0.00420418,0.0020164,0.000710155,0.00127598,0.00423142,0.00789177,0.00396297,0.0018353,0.00235082,0.00281244
0.00081252,0.00231294,0.0052518,0.0029528,0.000474366,0.00092514,0.00347359,0.00568013,0.00249597,0.00167562,0.00338029,0.00261171
0.00132953,0.00195403,0.0035332,0.00176571,0.000455015,0.000750888,0.00289009,0.00525781,0.00301494,0.00171639,0.0029614,0.00266385
0.000510115,0.00147633,0.00382411,0.00219895,0.000516794,0.000465821,0.00200101,0.00404945,0.00275922,0.00139833,0.00205806,0.00114883
0.00073059,0.00142185,0.00353275,0.00199578,0.000359728,0.000654612,0.00174155,0.00301598,0.00169823,0.00114665,0.00177612,0.00135004
0.000401724,0.00121902,0.00340584,0.00206639,0.00057439,0.00113118,0.00197406,0.00245304,0.00133297,0.00126299,0.00116594,0.00060412
0.000491613,0.000805965,0.00226063,0.00129913,0.000369005,0.000561634,0.00137237,0.00137679,0.000874532,0.0010234,0.00147884,0.000968909
0.00030346,0.000580089,0.000802943,0.000792711,0.000434935,0.000454478,0.00136507,0.00234517,0.00148828,0.00101665,0.000871208,0.000637817
0.000519294,0.000580336,0.00122672,0.000991953,0.000260105,0.000323307,0.00123562,0.0023866,0.00135919,0.00073188,0.000803612,0.00066723
0.000452649,0.000424373,0.000983641,0.000695653,0.000316308,0.000335801,0.00114387,0.00215962,0.00116392,0.000512204,0.000747287,0.000745348
0.000346142,0.000459901,0.000948717,0.00053795,0.000366775,0.000468622,0.00115583,0.0021444,0.00138068,0.000715833,0.000635105,0.000503491
0.000231949,0.000336975,0.000519715,0.000420726,0.000337102,0.000398965,0.000905344,0.00184734,0.00100783,0.000284605,0.000396473,0.000490005
0.000308122,0.000342956,0.000815153,0.000560515,0.000256149,0.000328331,0.000770864,0.00139573,0.000781043,0.00042509,0.000557441,0.00036696
0.000437557,0.000524434,0.000938442,0.000517117,0.000298604,0.000375978,0.000640145,0.00109387,0.000755336,0.000351101,0.000404982,0.000388294
0.000280149,0.000417294,0.000999553,0.000691748,0.000140017,0.000146384,0.000501155,0.000984136,0.000547932,0.000290528,0.000347709,0.000416891
0.000290777,0.000355123,0.000712115,0.000401883,0.00017686,0.000179421,0.000410285,0.000881239,0.000707426,0.000461499,0.000495382,0.000495805
0.000248791,0.000275066,0.000413045,0.000264858,0.000164201,0.000214616,0.000342399,0.000637948,0.00046359,0.000180541,0.000373216,0.000319989
0.000223575,0.000291717,0.000470014,0.000317517,0.000164479,0.000142273,0.000371807,0.000687026,0.000518556,0.00028896,0.000268809,0.000253218
0.000362661,0.000235055,0.000431111,0.000374905,0.000250271,0.000220195,0.000460309,0.000771778,0.000528502,0.000209647,0.000209571,0.000342766
0.000168696,0.000202405,0.000430432,0.000318917,0.000212142,0.000172835,0.00038858,0.000711772,0.00050281,0.00021005,0.000183087,0.00019146
0.000179043,0.000238159,0.000571315,0.000909051,0.000480518,0.000193061,0.000194819,0.000585724,0.000576482,0.000372595,0.000377914,0.00021587
0.000300071,0.000759313,0.00122435,0.0013087,0.000704161,0.000398058,0.00104559,0.00136032,0.00106166,0.00075001,0.000583039,0.000425848
0.00091886,0.00088382,0.00238251,0.00318485,0.00184093,0.00116017,0.0022662,0.00406636,0.00218348,0.00124373,0.00148076,0.00143613
0.00058856,0.000551812,0.00259023,0.00445779,0.00237921,0.00133856,0.00440725,0.00775829,0.00358571,0.00172114,0.00387645,0.00253919
0.000493212,0.000435862,0.00255363,0.00428577,0.00197306,0.000903875,0.00447408,0.00920978,0.00524289,0.00218394,0.00392247,0.00255442
0.000601375,0.000872868,0.0036912,0.00628411,0.00381326,0.0021749,0.0072191,0.0150347,0.00879031,0.00404657,0.00610773,0.00320203
0.00123851,0.00106733,0.00328502,0.00288731,0.00210589,0.00126398,0.0084438,0.0192552,0.0112705,0.00274648,0.00587978,0.00507053
0.000766227,0.000988086,0.00290628,0.00291447,0.00281685,0.00267084,0.00882906,0.0196737,0.0120677,0.00377375,0.00557593,0.00440397
0.00125441,0.0012663,0.00624686,0.0108205,0.00613205,0.00205033,0.00934987,0.0214157,0.0139982,0.00336085,0.00447519,0.00520407
0.000865209,0.00108276,0.00422408,0.00984765,0.00732866,0.00396949,0.00867183,0.025326,0.0179924,0.00484333,0.0028512,0.0035476
0.00107305,0.00105335,0.00386432,0.00580406,0.00349785,0.00269122,0.0103484,0.0222961,0.015913,0.00655919,0.00479281,0.00388989
0.000701941,0.00143035,0.00464174,0.00547694,0.00217856,0.00306258,0.0101755,0.022804,0.0158344,0.00787979,0.00558308,0.00249161
0.00070685,0.00210741,0.00440722,0.00424538,0.00296577,0.00396474,0.00819242,0.0124753,0.0080021,0.0116586,0.00739636,0.00230311
0.000416475,0.00110264,0.00330414,0.00363464,0.00278382,0.00405511,0.00575903,0.00929717,0.00800772,0.0060051,0.00555034,0.00244821
0.000865249,0.00100354,0.00195353,0.00254685,0.0015419,0.00244492,0.00623128,0.0102924,0.00623555,0.00749668,0.00615436,0.00214662
0.000561019,0.000988406,0.0024007,0.00232866,0.00178102,0.00313364,0.0048962,0.00632371,0.00687518,0.0103333,0.00622449,0.00150602
0.000289703,0.00116597,0.00246295,0.00175298,0.00232339,0.00353001,0.00374654,0.00389795,0.00459969,0.00717638,0.00463612,0.00164898
0.000700374,0.00134794,0.00275804,0.00270031,0.00157259,0.00221607,0.00335598,0.00529924,0.00505733,0.00514241,0.00367008,0.00174968
0.000906714,0.00152674,0.0032599,0.00277099,0.00120355,0.00110045,0.00299114,0.00615846,0.00540681,0.00430484,0.00240006,0.00124261
0.000952999,0.00227207,0.0045931,0.00260498,0.00196293,0.00234988,0.00319448,0.00515548,0.00460802,0.0056616,0.00520214,0.00331244
0.0011229,0.00160153,0.00350542,0.00235537,0.00169831,0.00216402,0.00253086,0.00443699,0.00263377,0.00502257,0.00689273,0.00361297
0.00117332,0.00174076,0.00271189,0.00184906,0.00213469,0.00259702,0.00365772,0.00597882,0.00324317,0.00371242,0.00592448,0.00351756
0.00178909,0.00198301,0.00432415,0.00334396,0.00123338,0.00261166,0.0054939,0.0101218,0.00587066,0.00207446,0.0048276,0.00417378
0.00169521,0.00205442,0.00368111,0.00269009,0.00123044,0.00226882,0.00516095,0.0127938,0.00791881,0.00242946,0.00525383,0.00413164
0.00130446,0.000808814,0.00264271,0.00220413,0.00139217,0.00214876,0.00553624,0.0117177,0.00747906,0.0036941,0.00618989,0.00444806
0.000982902,0.00138299,0.00364843,0.00268651,0.00143086,0.00235526,0.00632951,0.0140324,0.00924003,0.00277183,0.00342704,0.00334797
0.00107739,0.00113523,0.0031964,0.00246563,0.00126997,0.002019,0.0062613,0.0154837,0.0102337,0.00360501,0.00416871,0.00323955
0.000695858,0.00143165,0.00324863,0.00226178,0.00107256,0.00193316,0.00558815,0.0117945,0.00750891,0.00337508,0.0035442,0.00120661
0.00082747,0.00125833,0.00287935,0.0018201,0.00104323,0.00187939,0.00425061,0.00761345,0.00322307,0.00157186,0.00352578,0.00218377
0.000549283,0.00125945,0.00277683,0.00189401,0.000726592,0.000735494,0.00301097,0.00558465,0.00280548,0.00110069,0.00192956,0.00137653
0.000673864,0.00136409,0.00261415,0.00163885,0.000788212,0.00122763,0.00335204,0.00561385,0.0030544,0.00108555,0.00165574,0.00155376
0.00069509,0.000933308,0.00238959,0.00159397,0.000524627,0.0007595,0.00271221,0.00524089,0.00272109,0.00115922,0.00211354,0.00179765
0.000659106,0.000854413,0.00161284,0.00105842,0.000533989,0.000832816,0.00265825,0.00446171,0.00205837,0.000926134,0.00220835,0.00182573
0.000499521,0.000614558,0.00148199,0.000951394,0.00046009,0.000708855,0.00190417,0.00386801,0.00205011,0.00112661,0.00209978,0.0015858
0.000751462,0.000703411,0.0014546,0.000828581,0.000495111,0.000668236,0.00220056,0.00417685,0.00215916,0.00103262,0.000997254,0.00142515
0.000385684,0.000868264,0.00165411,0.000903056,0.000295975,0.000609199,0.00228848,0.00393587,0.00203917,0.00100635,0.000953548,0.000498701
0.000294788,0.000424732,0.00110726,0.000627576,0.00026437,0.000382181,0.00166403,0.00315673,0.00161203,0.000624444,0.000247744,0.000305019
0.000247863,0.000536551,0.00112408,0.000755881,0.000425892,0.000523744,0.00143117,0.00270051,0.00157347,0.000508915,0.000339269,0.000289418
0.000237621,0.000483278,0.00125004,0.000872362,0.000289201,0.000452613,0.00129007,0.00232245,0.00159829,0.000737107,0.000665746,0.000444155
0.000253625,0.000414345,0.00115531,0.000805779,0.000182238,0.000279634,0.00104819,0.00182697,0.00121573,0.00050882,0.000519739,0.00046038
0.000206845,0.000440365,0.000972485,0.000538802,0.000176563,0.000352684,0.000975709,0.00141662,0.00086404,0.000490149,0.000506916,0.000399257
0.000209935,0.000363002,0.000699027,0.000386213,0.000187382,0.000263841,0.00087256,0.00156315,0.000761952,0.000306151,0.000442155,0.000264809
0.000280647,0.000301429,0.000589825,0.000361201,0.000155123,0.000189019,0.000842658,0.00157338,0.000876956,0.000219824,0.000300422,0.000330381
0.000145577,0.000262883,0.000547783,0.000317534,0.000126019,0.000236519,0.000489603,0.000958056,0.000677402,0.000268564,0.000294782,0.00023401
8.78378e-05,0.000228396,0.000501712,0.000335281,0.000175486,0.00020051,0.000361076,0.000890134,0.000701059,0.000200745,0.000290558,0.000222252
0.000102271,0.000145502,0.000390326,0.000266841,0.000167976,0.000149834,0.000419798,0.000860582,0.000546021,0.000199041,0.000246073,0.000138047
0.000100378,0.000207016,0.00035818,0.00026091,0.00014239,0.000172595,0.000410743,0.00085324,0.000525788,0.000170464,0.000257696,0.000149926
0.000123396,0.000279882,0.000416832,0.000265743,0.000128902,0.000116498,0.000329883,0.000690966,0.000545903,0.000304961,0.000255241,0.000195102
0.00020944,0.000467602,0.00102374,0.000543036,0.000119535,0.000116636,0.000402836,0.000670741,0.000432779,0.000289707,0.000342123,0.000254524
0.000500583,0.000824875,0.00174523,0.00120072,0.000625071,0.000906235,0.000607774,0.00062358,0.000984095,0.00131323,0.000843218,0.00095857
0.000680239,0.00136594,0.00347726,0.00195506,0.00100015,0.00198756,0.000714387,0.000344591,0.00118546,0.00239753,0.00151278,0.000866018
0.000778226,0.00218069,0.00500866,0.00285202,0.00115555,0.00171648,0.0014601,0.000769195,0.0014831,0.0028854,0.00184703,0.000745243
0.000559464,0.00303447,0.00658137,0.00336358,0.00139716,0.00172162,0.00127279,0.000989178,0.00244887,0.00484154,0.00252123,0.00110618
0.000796097,0.00419294,0.0112844,0.00662067,0.000984524,0.00168736,0.00211345,0.00101843,0.00237089,0.00611227,0.00350976,0.000504918
0.000872625,0.00572276,0.0153263,0.00867865,0.00212842,0.00171835,0.00143164,0.000829076,0.00368175,0.00946403,0.00551536,0.0010978
0.00172252,0.00865596,0.0269397,0.0174731,0.00376488,0.00242269,0.00137084,0.000620781,0.00451435,0.010831,0.00593814,0.00125644
0.0019809,0.00771086,0.0145492,0.00649297,0.00233387,0.0024797,0.00113988,0.000462095,0.00297877,0.00957395,0.00611235,0.00136966
0.00211058,0.00953441,0.0277823,0.0168148,0.00446094,0.00277933,0.00139598,0.000694063,0.00217872,0.00702394,0.00472999,0.00117903
0.00158784,0.00631253,0.0156733,0.00924888,0.00187162,0.00279867,0.00205847,0.00115898,0.00443131,0.0110099,0.00622288,0.00137392
0.00168322,0.00618121,0.0130465,0.00781471,0.00359884,0.00311875,0.00157268,0.00133261,0.00442282,0.00874064,0.00407215,0.000908906
0.00138892,0.00433576,0.0116905,0.0072912,0.00220886,0.00215772,0.000883243,0.0036629,0.00404429,0.00655102,0.00320046,0.00131076
0.000824182,0.00371356,0.00944718,0.00503064,0.00299885,0.00242457,0.00126224,0.00195656,0.0018839,0.00245927,0.00141752,0.000835155
0.000716635,0.00466929,0.0110337,0.0057024,0.00294578,0.0024345,0.00146389,0.00233321,0.00149424,0.00243783,0.00178541,0.00152049
0.000716205,0.00414782,0.010486,0.00616254,0.00186441,0.00187913,0.00144572,0.00316915,0.00239494,0.00155948,0.00114594,0.000517948
0.00104149,0.00408177,0.0102354,0.00572109,0.00234842,0.00230314,0.00136856,0.00295648,0.00298016,0.00343484,0.0019444,0.00132583
0.00100795,0.00375212,0.00877648,0.00421321,0.0011746,0.00120768,0.000977438,0.00250313,0.00272938,0.00388108,0.00226264,0.00120299
0.00173102,0.00359993,0.00730321,0.00393507,0.00158291,0.000858365,0.000877727,0.00150713,0.00183705,0.00339494,0.00191065,0.00119458
0.0012382,0.00383409,0.0055618,0.00297583,0.00202549,0.00207121,0.00193574,0.00220216,0.00268796,0.00379355,0.00262377,0.000473791
0.000952722,0.00457069,0.00734005,0.00374433,0.00181416,0.00254827,0.00154305,0.00158441,0.00363885,0.00580238,0.00292067,0.00140475
0.00161929,0.00404205,0.00831411,0.00493469,0.00158476,0.00152431,0.00212606,0.00181752,0.00427029,0.00768556,0.00376124,0.00114778
0.00130026,0.0040409,0.00847317,0.00420707,0.0025808,0.00363381,0.00238963,0.00145002,0.00404857,0.00729671,0.00311996,0.000800913
0.00109047,0.00383145,0.00765557,0.00407739,0.0024556,0.00365515,0.00230561,0.000946662,0.00523857,0.00868857,0.00376553,0.00147589
0.001248,0.00401922,0.00731199,0.00352947,0.00150908,0.00456371,0.00276978,0.00141148,0.00570307,0.012868,0.00689475,0.00107907
0.0012072,0.00406774,0.0070307,0.00350005,0.0014766,0.00340119,0.00197759,0.000506305,0.00513655,0.010037,0.00460229,0.00101956
0.00108848,0.00339371,0.0054811,0.00232271,0.00114537,0.00114248,0.000851657,0.000768154,0.00328128,0.00658474,0.00307511,0.000893648
0.000563958,0.00258176,0.00572804,0.00325797,0.00080743,0.00109658,0.000877135,0.000677401,0.00218629,0.00366199,0.00153899,0.000606473
0.000585722,0.0022693,0.00461656,0.00259573,0.00113797,0.00177372,0.00134627,0.000963593,0.00162448,0.00306425,0.00176001,0.000541431
0.000711803,0.00214052,0.00388726,0.00219546,0.000987894,0.0013746,0.00108276,0.000474256,0.00164742,0.00373868,0.00230349,0.000754852
0.000279895,0.0016386,0.0035981,0.00182145,0.000733619,0.00170312,0.00109568,0.00033637,0.00130349,0.00200352,0.000973697,0.000402064
0.000485881,0.00122384,0.00243297,0.00130607,0.00103922,0.00199778,0.00115768,0.000305294,0.00116962,0.00221482,0.00114007,0.000351548
0.000352723,0.000796578,0.00167375,0.000905239,0.000515669,0.000961275,0.000636725,0.000287397,0.00110323,0.00233891,0.00108608,0.000229955
0.000256026,0.00094605,0.00213994,0.00117299,0.00052078,0.00104025,0.00087271,0.000464117,0.00100666,0.0021076,0.0011726,0.000268853
0.000565922,0.00125934,0.0022109,0.00115327,0.000376345,0.000892529,0.000621776,0.000451744,0.000746136,0.00137376,0.000762593,0.000450309
0.000378948,0.000900915,0.00179601,0.000889291,0.000593215,0.00104007,0.000664159,0.000329229,0.00052199,0.000903721,0.000635773,0.000410952
0.000254388,0.000559533,0.00129079,0.000867916,0.000321653,0.000207042,0.000317973,0.000297709,0.000470936,0.000685505,0.00029386,0.000175705
0.0003243,0.000750412,0.00130797,0.000715119,0.000471669,0.000619181,0.000389998,0.000306149,0.000420694,0.000868074,0.000466682,0.000187046
0.000254282,0.000484142,0.000778459,0.000499726,0.000354675,0.000468204,0.000331292,0.000226586,0.000283792,0.000727461,0.000557461,0.000202697
0.000296216,0.000446608,0.00109272,0.00066441,0.000311909,0.000384347,0.000298962,0.000170504,0.000390739,0.00081674,0.000536605,0.000287084
0.000386954,0.000715715,0.00133188,0.000745548,0.000260203,0.000366335,0.000385494,0.000326634,0.000279344,0.000644455,0.000432564,0.000355669
0.000214487,0.000498678,0.00115947,0.00064917,0.000262639,0.000385906,0.000322289,0.000264262,0.000358501,0.000469269,0.000291261,0.000232028
0.00022162,0.000476594,0.00102936,0.00057939,0.000191874,0.000494658,0.000471741,0.000211046,0.000239568,0.000455128,0.000274092,0.000219031
0.00021534,0.000527097,0.00127046,0.000701121,0.00022359,0.000426749,0.000250434,0.000178667,0.000253158,0.000472128,0.000272228,0.000176177
0.000162686,0.000388053,0.00086057,0.000464729,0.000141273,0.000298084,0.000239296,7.37463e-05,0.000234615,0.000311187,0.000234351,0.000153805
0.000151548,0.000290638,0.000496794,0.000265933,0.000180609,0.000245347,0.000195955,0.000113073,7.70978e-05,0.000225392,0.000180081,0.000108956
0.00014291,0.000221811,0.00036252,0.000203027,0.000113977,0.000187023,0.000257085,0.000238411,0.000155321,0.000296944,0.000183585,0.000149471
0.000165933,0.000226138,0.000297526,0.000172776,0.000177003,0.000277857,0.000169613,9.16918e-05,0.000172267,0.00021237,0.000153533,0.000134201
0.000165161,0.000265009,0.000476563,0.000315857,0.000158804,0.000220584,0.000222638,0.000110784,0.000131804,0.000232346,0.000170859,0.00011778
0.000144716,0.000239247,0.000459404,0.000335752,0.000217858,0.000198324,0.00016185,0.000239999,0.000353935,0.000421676,0.000286775,0.000133648
0.000692149,0.00109134,0.000814669,0.000562483,0.000638143,0.000337856,0.000169379,0.00022383,0.000614707,0.00114806,0.000637877,0.000296851
0.000409402,0.000556609,0.00066977,0.000474152,0.00066522,0.000415169,0.000291156,0.000385759,0.00117408,0.00226491,0.00123088,0.000565269
0.000842393,0.00155107,0.00110451,0.000478021,0.00102506,0.000534607,0.000251279,0.000503464,0.00151717,0.0031259,0.00159983,0.000754982
0.000466954,0.00180797,0.00134947,0.00107531,0.00239078,0.00126154,0.000358624,0.00082411,0.00313998,0.00505048,0.00313371,0.00125555
0.00117879,0.00322645,0.00228274,0.00100511,0.00175557,0.00103553,0.000743608,0.000986961,0.00372628,0.00760632,0.00447909,0.00100618
0.00174758,0.00489277,0.00322399,0.000911323,0.0017093,0.00116087,0.000869486,0.000889211,0.00411338,0.00924296,0.00549302,0.00132503
0.0024201,0.00569405,0.00347489,0.00142559,0.00222418,0.00130062,0.000745679,0.00112817,0.00573951,0.0115582,0.0065803,0.00165818
0.00313675,0.00782119,0.00428396,0.000884815,0.00279355,0.00143182,0.000592197,0.000983929,0.00657284,0.0144463,0.00827193,0.00125509
0.00285106,0.00677742,0.0039309,0.00110272,0.00290044,0.0018545,0.000914231,0.000936692,0.00688315,0.0171426,0.010194,0.00190578
0.00347865,0.0104924,0.00836745,0.00305193,0.00455393,0.00293062,0.000869735,0.00151104,0.00694012,0.0174228,0.0107785,0.00246429
0.00257594,0.00723994,0.00482165,0.00190354,0.00395654,0.00238413,0.000442977,0.00117816,0.00672407,0.0147091,0.00898052,0.00259822
0.0033661,0.00584313,0.00499341,0.00208729,0.00253047,0.00206078,0.000574404,0.000847824,0.00470614,0.0112223,0.0073663,0.00340166
0.00266344,0.00412737,0.00379744,0.00193041,0.00314646,0.00257348,0.00151886,0.00110954,0.00487293,0.00943456,0.00606114,0.00260409
0.00197018,0.00450116,0.00426547,0.00179963,0.00342117,0.00405611,0.00220546,0.00164219,0.00313428,0.00703527,0.00477104,0.00149182
0.00290997,0.00555818,0.00600463,0.00270836,0.00147876,0.00288232,0.00195325,0.00104119,0.00305696,0.00638449,0.00422543,0.00138621
0.00183986,0.00229566,0.00290819,0.00237713,0.000757437,0.00187579,0.00126399,0.000958793,0.00452792,0.00886704,0.00491872,0.000713292
0.001198,0.00354212,0.00372099,0.00138149,0.00229472,0.00370263,0.00200546,0.000774667,0.00371847,0.0092772,0.00546427,0.000767111
0.00184297,0.00158491,0.00111914,0.000889108,0.00262878,0.00392009,0.00209409,0.000699134,0.00287902,0.00844333,0.00501674,0.000931413
0.00159771,0.00185793,0.000832106,0.00116958,0.00191259,0.00291409,0.00206229,0.00110053,0.00313695,0.00777175,0.00444812,0.00123492
0.000795074,0.00250751,0.00375245,0.002979,0.00345737,0.00257582,0.0011657,0.000614932,0.00310018,0.00777368,0.00433091,0.000907791
0.00102372,0.00156255,0.00196014,0.00198744,0.00292202,0.00197833,0.000957581,0.0016979,0.00391517,0.00746248,0.00427216,0.000959359
0.00073983,0.000656931,0.00156248,0.00136623,0.00355383,0.00288341,0.00150547,0.00181336,0.00217303,0.00678167,0.00377365,0.00102567
0.000843445,0.0013186,0.00159464,0.00168297,0.00449542,0.00377001,0.00176168,0.00308046,0.00406721,0.00786499,0.00424058,0.000982371
0.00100528,0.00163662,0.00178489,0.00147969,0.00303965,0.00158942,0.0014357,0.00223689,0.00564983,0.0103241,0.00594613,0.00158195
0.00129417,0.00169558,0.00183004,0.000939402,0.00392067,0.00306137,0.000876686,0.00192564,0.00524197,0.0116269,0.00713239,0.00195593
0.00164696,0.00250001,0.00146454,0.00167483,0.00424446,0.00313316,0.00134413,0.00296518,0.00724883,0.0147471,0.00811135,0.0017831
0.00215672,0.00389179,0.00249794,0.00278921,0.00599009,0.00342734,0.00119229,0.00248873,0.00829588,0.0162165,0.00915014,0.00222312
0.00227881,0.0041139,0.00214816,0.00286566,0.00789993,0.00486502,0.00116109,0.00316806,0.00710178,0.0158326,0.00912291,0.00207483
0.00216195,0.00430192,0.00264767,0.00200257,0.00638727,0.00412499,0.00131947,0.00290734,0.00556338,0.0149596,0.00937967,0.00196314
0.00242378,0.0047203,0.00204971,0.0025725,0.00495835,0.00274902,0.000916312,0.002113,0.00543152,0.01339,0.00812092,0.00143877
0.00285294,0.00530514,0.0024186,0.00143594,0.00193422,0.000962039,0.00119687,0.0026407,0.00545652,0.0119075,0.00733907,0.00174707
0.00260351,0.00577507,0.00349789,0.0010091,0.00114669,0.000898177,0.00136228,0.00222759,0.00517269,0.0121359,0.00723949,0.00161406
0.00292512,0.00516239,0.00280383,0.00100383,0.00146721,0.000922977,0.000813726,0.00144489,0.00527866,0.0117199,0.00706887,0.00166823
0.00256217,0.00427174,0.00208286,0.000796908,0.00187361,0.00133179,0.000826574,0.00218582,0.00336612,0.00870634,0.0063019,0.00189445
0.0016372,0.00356698,0.00188235,0.00106549,0.00186081,0.00119467,0.000577828,0.00157632,0.00289104,0.00661567,0.00510473,0.00167627
0.00139134,0.00208068,0.00129916,0.000723193,0.00086787,0.00092851,0.00044297,0.0010683,0.00240193,0.0064783,0.00484273,0.00157557
0.000701843,0.000896031,0.000592437,0.000784086,0.00180669,0.00105758,0.00057442,0.000998132,0.00315684,0.00728985,0.00480045,0.000981536
0.000745056,0.00137727,0.00167711,0.00104828,0.00121231,0.00081266,0.000510096,0.00105556,0.00266921,0.00643538,0.00433129,0.00122119
0.000813215,0.0010345,0.0016809,0.00107039,0.000449487,0.000394055,0.000500176,0.00084311,0.00266328,0.00612956,0.00380221,0.000922669
0.000764192,0.00150952,0.00360002,0.00228921,0.00052044,0.000373834,0.000428003,0.000555291,0.00184362,0.00528038,0.00313178,0.000752852
0.000934916,0.00177669,0.00428863,0.00289498,0.00111939,0.000820573,0.000594799,0.000698173,0.00154679,0.00443272,0.002631,0.000747524
0.00104126,0.00194486,0.00452944,0.00261422,0.00140712,0.00114566,0.000647669,0.000523432,0.00151873,0.00385132,0.00268363,0.00061126
0.00108703,0.00300449,0.00678823,0.00343339,0.00109987,0.00172636,0.00104455,0.000342759,0.00122138,0.00353511,0.00232604,0.00074893
0.0016539,0.00632308,0.0114597,0.0051277,0.000963502,0.00150741,0.000780768,0.000757866,0.00227502,0.00538476,0.00296954,0.000922424
0.0019988,0.00377048,0.00878199,0.00536523,0.00109374,0.00221032,0.00193282,0.00127205,0.0026421,0.00693258,0.00393679,0.00121609
0.00215206,0.00281155,0.00639702,0.00407972,0.00144295,0.00237424,0.00158381,0.00108531,0.0038789,0.00842033,0.00402086,0.00108043
0.00101972,0.0075466,0.0179741,0.0090258,0.00179414,0.00217963,0.00156831,0.000616045,0.00389691,0.00890355,0.00420281,0.000554918
0.00165022,0.00796524,0.0169592,0.00846359,0.00197844,0.0020966,0.00145115,0.000555745,0.00355282,0.00831679,0.00456029,0.00122107
0.0016361,0.00383002,0.0122489,0.00749741,0.00246088,0.00264296,0.00196031,0.000672095,0.00292295,0.00676339,0.00356103,0.000714761
0.00313105,0.00345566,0.00730422,0.00452499,0.00224415,0.00486608,0.00308065,0.000647936,0.00310979,0.00801643,0.00446106,0.00157862
0.00160345,0.0073735,0.0135085,0.00612545,0.00343327,0.00460361,0.00281082,0.000948125,0.0038115,0.00840458,0.00400629,0.000608119
0.0021828,0.00783669,0.0167989,0.00958163,0.00299317,0.00321488,0.00196685,0.000666796,0.00387814,0.00881321,0.00484278,0.00130484
0.000799216,0.00346913,0.00895015,0.00558797,0.00234975,0.00275962,0.00175192,0.000656232,0.00286589,0.0074442,0.00439545,0.000990244
0.0018126,0.00445918,0.00896389,0.00439541,0.00217505,0.00484807,0.00441884,0.00153747,0.00314073,0.0073972,0.0037003,0.000775575
0.00217995,0.00371942,0.010061,0.00583565,0.00239456,0.00461196,0.00308437,0.00116367,0.00281493,0.00708141,0.00402598,0.00138508
0.00145379,0.00291412,0.0066119,0.00396203,0.00168115,0.00281643,0.00190808,0.00083489,0.00262773,0.00762743,0.0042062,0.00104921
0.00144495,0.00293879,0.00746487,0.00504291,0.00197408,0.00409992,0.00321702,0.0010691,0.00308489,0.00716562,0.0038158,0.00105147
0.000810805,0.00424014,0.0104031,0.00609613,0.00205845,0.00336936,0.00271648,0.00100082,0.00264895,0.00547757,0.00275143,0.00106176
0.00134018,0.00464494,0.0124554,0.007523,0.00239173,0.00476066,0.00326642,0.00094919,0.00245855,0.00567297,0.00289147,0.00108
0.00146821,0.00461772,0.0110912,0.00713886,0.00255806,0.00605288,0.00384315,0.00145257,0.00208299,0.00496702,0.00286502,0.00114536
0.00216914,0.00517268,0.0100762,0.0059897,0.00454503,0.00945968,0.00552674,0.000816007,0.00225361,0.00460722,0.00228464,0.00141468
0.00219008,0.0038252,0.00975879,0.00598633,0.00375167,0.00936183,0.00511826,0.000719986,0.00229162,0.00500437,0.00266598,0.00158578
0.00126208,0.00378257,0.00906134,0.00548051,0.00342801,0.0115334,0.00740396,0.00150016,0.0017552,0.00432299,0.00202372,0.000864245
0.0013668,0.00451066,0.00939621,0.00512193,0.00210109,0.00824244,0.00628219,0.00123297,0.00177297,0.00351575,0.00181702,0.00116916
0.00161837,0.00406237,0.00861331,0.00548435,0.00636569,0.00819198,0.00388529,0.00104579,0.0018292,0.00434768,0.00225832,0.00150329
0.00129946,0.00388399,0.00870405,0.00595269,0.00854995,0.00685818,0.00403757,0.00100098,0.00241427,0.00505858,0.00285294,0.00281894
0.000646919,0.00364689,0.00853261,0.00693571,0.0130367,0.0101523,0.00272215,0.0010798,0.00233394,0.00537953,0.00332212,0.00227343
0.00113236,0.00355671,0.00906266,0.00757406,0.0151789,0.0128153,0.00359205,0.000850756,0.00238026,0.00567896,0.00391358,0.0042277
0.00037141,0.00317105,0.00751966,0.00528337,0.00680913,0.00467881,0.00237922,0.000813781,0.00225637,0.00536126,0.00331164,0.00263904
0.000974951,0.00223451,0.00531402,0.00351425,0.00346019,0.00483794,0.00279326,0.00389638,0.00405445,0.00459551,0.00275504,0.00146042
0.00120869,0.00162996,0.00320445,0.00216556,0.00275377,0.00294458,0.00261957,0.00692562,0.0055804,0.00401142,0.00244542,0.00168033
0.00103788,0.00224874,0.00513373,0.00364108,0.00317063,0.00267671,0.00302534,0.00872349,0.00676678,0.00374263,0.0019419,0.00115327
0.000664474,0.00258975,0.00617106,0.00359909,0.00249388,0.00224446,0.00353303,0.0111634,0.00801995,0.00307409,0.00166306,0.00148592
0.000558596,0.00299951,0.00663976,0.00326125,0.00116533,0.00139815,0.00224475,0.0144314,0.0114535,0.00324145,0.00164842,0.00121874
0.000875747,0.00251375,0.00604386,0.00342962,0.00166194,0.00181489,0.00149787,0.00427275,0.00440299,0.00274272,0.00155203,0.000949199
0.000575165,0.00269049,0.00597102,0.0031899,0.00108905,0.00267634,0.00216145,0.00191938,0.00262458,0.00335637,0.0018792,0.000434255
0.000453811,0.00220836,0.00534664,0.00261549,0.00153525,0.00477685,0.00298046,0.00305364,0.00317965,0.00248485,0.00167541,0.000660132
0.000680186,0.00238558,0.00486257,0.00231933,0.00390792,0.00606164,0.00232461,0.00133607,0.00181147,0.00235434,0.00139309,0.00142512
0.000649538,0.00225637,0.00507075,0.00213414,0.00307943,0.00749637,0.00435129,0.00218896,0.00228383,0.00252513,0.0015514,0.00141364
0.000763534,0.00275529,0.00586867,0.00321558,0.00364405,0.00916277,0.0062308,0.0012774,0.0010675,0.00202929,0.00110813,0.0012851
0.000559291,0.00253187,0.00585056,0.00286636,0.00395979,0.0090915,0.00542407,0.00207396,0.00205661,0.0021822,0.00119222,0.00152618
0.000387157,0.00228102,0.00518184,0.00270317,0.00656942,0.0132226,0.006371,0.00149834,0.0017949,0.00217664,0.0011644,0.00156946
0.000298293,0.00211898,0.003963,0.00188426,0.0023143,0.00702188,0.00548082,0.00255973,0.00202321,0.00183679,0.00108094,0.00136887
0.000587305,0.00114536,0.00241582,0.0011835,0.00242533,0.00863857,0.0062168,0.00239171,0.00216395,0.00117399,0.000954843,0.00159547
0.000625292,0.000945439,0.00146818,0.00110364,0.00769867,0.0104736,0.00311285,0.00245346,0.00209001,0.00108444,0.000667672,0.00269339
0.000428261,0.000784971,0.00134323,0.000745665,0.00489803,0.0129125,0.00821553,0.00247487,0.00150808,0.00067105,0.000326896,0.00138764
0.000541028,0.000663366,0.00102997,0.000660612,0.0052955,0.014766,0.00986916,0.00218551,0.00166369,0.000892302,0.000266345,0.00108617
0.000476191,0.000844383,0.00131688,0.00100647,0.00675803,0.017244,0.0100779,0.00284213,0.00384073,0.00158411,0.000359914,0.00159173
0.000609883,0.000786285,0.0014557,0.000958538,0.00866238,0.0175601,0.0090135,0.00447341,0.00595672,0.00288027,0.000746231,0.00105758
0.000978274,0.000739143,0.00170384,0.00175018,0.00370965,0.0153501,0.0115113,0.00565156,0.00819392,0.00386629,0.000910977,0.0017251
0.000889424,0.00107222,0.00172261,0.00187251,0.00385293,0.010667,0.00837334,0.00552421,0.00973415,0.00493791,0.00144027,0.00225386
0.00118075,0.00094424,0.00190051,0.00239176,0.00534953,0.0204637,0.0138046,0.00557865,0.0101676,0.00537408,0.000798863,0.00170467
0.00156989,0.00100146,0.00151399,0.00243311,0.00484484,0.00895027,0.005942,0.00516258,0.0103851,0.00538583,0.0017019,0.00249511
0.00325905,0.000600788,0.00146435,0.00209425,0.00356391,0.00598397,0.00505634,0.00515937,0.0110674,0.00606557,0.00357587,0.00922909
0.00243966,0.000672067,0.00166586,0.0025054,0.00309429,0.0065167,0.00367481,0.00544453,0.012284,0.0064593,0.00242327,0.00610935
0.00318369,0.000529552,0.00156177,0.003131,0.00300419,0.00423616,0.00285785,0.00583268,0.0143417,0.00814208,0.00319671,0.00869272
0.00295271,0.000936218,0.00115319,0.00219774,0.00138989,0.0033727,0.00241453,0.00645716,0.0165532,0.00906468,0.00367529,0.00725374
0.00256546,0.000458367,0.00107441,0.00272875,0.00302738,0.00489473,0.00361338,0.00749898,0.0194739,0.0113639,0.00421279,0.00833502
0.00559427,0.00077768,0.0024622,0.00504767,0.00223783,0.00511133,0.00351412,0.0103692,0.0253139,0.0138165,0.00678706,0.0151598
0.00647428,0.00200756,0.00150891,0.0066303,0.00707694,0.00466483,0.00311904,0.0126162,0.0300664,0.0164443,0.00675213,0.01485
0.000731008,0.00137709,0.00109681,0.00506457,0.0130972,0.00883678,0.00364011,0.0116613,0.0301521,0.0176445,0.00534608,0.00679917
0.00170456,0.00060133,0.00138045,0.0072132,0.014302,0.00699002,0.00296187,0.011008,0.031041,0.0182674,0.00464346,0.00714556
0.00225062,0.000878385,0.00210045,0.00713622,0.0177444,0.00964239,0.00183632,0.0152695,0.0368809,0.0200126,0.00391043,0.00612754
0.00355027,0.00149109,0.00187654,0.00631673,0.0180518,0.0117449,0.0026107,0.0163937,0.0383419,0.0205813,0.00255197,0.00402076
0.00338215,0.00162614,0.00159096,0.00975449,0.0229966,0.011473,0.00155555,0.0103722,0.0316975,0.0194411,0.00478256,0.00620298
0.00136937,0.000605528,0.00154549,0.00697299,0.0212538,0.0142968,0.00293718,0.0101515,0.0289652,0.0171965,0.00326527,0.00584312
0.00311067,0.00127073,0.00134936,0.00306921,0.00473026,0.00829551,0.00543356,0.0140219,0.0332629,0.0177476,0.00273735,0.00456917
0.00462745,0.00178814,0.00179855,0.00570744,0.00813312,0.00975778,0.00475883,0.0129149,0.0336441,0.0188557,0.00233663,0.00488078
0.000579291,0.000794208,0.000764166,0.00258497,0.00763053,0.0110256,0.00500885,0.0103024,0.0297819,0.0177526,0.0028914,0.00203373
0.00160632,0.00102352,0.000811474,0.00184544,0.00443946,0.0117362,0.00716542,0.00992367,0.0266742,0.0152887,0.00238548,0.00276221
0.000949986,0.000476179,0.00094672,0.00282238,0.00548578,0.00913594,0.00534853,0.00984435,0.0255359,0.0142389,0.00169861,0.00196308
0.00155367,0.000835712,0.00129702,0.00261035,0.0044734,0.0032208,0.00129548,0.00881912,0.0235121,0.0134736,0.00198899,0.00270497
0.00127853,0.00337144,0.00678423,0.00340398,0.00389419,0.00506736,0.00288238,0.00782172,0.0206092,0.0126905,0.00185688,0.000970233
0.00166908,0.00276598,0.00883416,0.00507381,0.00372482,0.00363418,0.00167156,0.0063274,0.0175151,0.0112538,0.0022334,0.001908
0.000791562,0.00595195,0.0147564,0.00744224,0.00128502,0.00160551,0.00136346,0.0049288,0.014136,0.00948567,0.00198237,0.00197174
0.00111673,0.00632025,0.0143499,0.00700615,0.00153633,0.000957097,0.000735506,0.00440897,0.0131662,0.00909442,0.00182854,0.00149302
0.00130403,0.0039204,0.00767926,0.00342513,0.00246838,0.00252072,0.00111744,0.00481919,0.0125043,0.00767373,0.00131085,0.00145137
0.000819966,0.00225716,0.00536818,0.00272404,0.00490091,0.00469009,0.0015945,0.00421245,0.0111882,0.00690978,0.00146271,0.00200168
0.000385816,0.00197899,0.00499676,0.0067088,0.0112017,0.00605351,0.000983282,0.00313246,0.00903028,0.00593394,0.000978077,0.00110105
0.000626599,0.00201082,0.00489403,0.00800638,0.0175986,0.00936056,0.000745001,0.00322926,0.00876368,0.00558636,0.0017744,0.00327367
0.000399741,0.00132026,0.00273547,0.00519071,0.0168189,0.00966179,0.000906361,0.00340663,0.00902236,0.00553877,0.00131942,0.00377231
0.00240135,0.00364206,0.00341993,0.0012164,0.00325772,0.00217708,0.0010862,0.00487219,0.0105849,0.00702135,0.00168968,0.00206094
0.00289425,0.0065684,0.0050525,0.00234718,0.00339207,0.00278057,0.00271212,0.00152937,0.004111,0.00157811,0.00180702,0.00285069
0.00351668,0.010725,0.00803276,0.00146521,0.00139209,0.00137454,0.00223995,0.00269258,0.00321592,0.00200314,0.000682242,0.00194265
0.00427478,0.0148289,0.010155,0.00129262,0.00277427,0.00200843,0.00172963,0.00249606,0.00362465,0.0023947,0.000764429,0.00118631
0.00609429,0.0195323,0.0118048,0.00171255,0.00269606,0.00210068,0.0019044,0.00331578,0.00483148,0.00331838,0.00155953,0.00115758
0.00840473,0.0241776,0.0135521,0.00151667,0.00262163,0.0017596,0.00154747,0.00431129,0.00551244,0.00327298,0.00120555,0.000917927
0.00975645,0.0327819,0.0214796,0.00282315,0.00150845,0.00105361,0.0012766,0.00377575,0.00507522,0.00349056,0.00140232,0.000845913
0.00648133,0.0232551,0.0178835,0.00352898,0.00192641,0.000983952,0.00201125,0.00564892,0.00657209,0.0039,0.000865982,0.000870428
0.00233437,0.0084612,0.00863231,0.00495982,0.00657845,0.00370678,0.00159065,0.00543002,0.00401688,0.00228136,0.00132227,0.0016468
0.00132568,0.00263282,0.00221175,0.00389894,0.0142671,0.00998934,0.0029589,0.0066486,0.00513993,0.00225563,0.00145117,0.00378164
0.00103847,0.00207711,0.000357271,0.00501918,0.0167473,0.0101924,0.00340986,0.00737765,0.00449138,0.00288636,0.00119683,0.0024181
0.00102115,0.00344938,0.00344554,0.0080428,0.0162626,0.00677709,0.00264972,0.00934258,0.00847577,0.00346819,0.0016271,0.00123046
0.00116223,0.00292786,0.00255684,0.00865116,0.0257255,0.014727,0.00378872,0.0110153,0.0103221,0.0034244,0.00228562,0.00490008
0.00118387,0.00237614,0.00296418,0.00995916,0.0247823,0.0144458,0.00249938,0.00560235,0.00466945,0.00174983,0.00211275,0.00645541
0.00079133,0.00501544,0.0125431,0.00801166,0.00575384,0.00307052,0.00162957,0.00488486,0.00487205,0.00303597,0.00110298,0.00129276
0.000836865,0.010275,0.0236491,0.0115208,0.00331425,0.00241125,0.00230761,0.00609017,0.00652028,0.00307835,0.000695881,0.00232575
0.00158272,0.0202665,0.0424548,0.0191426,0.0042175,0.0025429,0.0025112,0.00777599,0.00823355,0.00459772,0.00181652,0.00209455
0.000921856,0.0101229,0.0271086,0.01442,0.00160894,0.000586558,0.000920012,0.00370543,0.00347259,0.00292239,0.00213201,0.00198228
0.00110579,0.00396182,0.0102975,0.00613984,0.00316223,0.00483424,0.00251467,0.00400427,0.00365381,0.00223074,0.00104288,0.00120445
0.000773902,0.00340219,0.00835083,0.00451097,0.00582418,0.00995775,0.00567692,0.00556148,0.00418462,0.00166514,0.000761548,0.00181172
0.000463224,0.00285704,0.00714316,0.00362154,0.00491496,0.010228,0.00622409,0.00537474,0.00441715,0.00197395,0.00098296,0.00297674
0.000538577,0.00313115,0.00584921,0.00255361,0.0059747,0.0123729,0.0068763,0.0046343,0.00309727,0.0014245,0.000780037,0.00290901
0.000523245,0.00325758,0.00710581,0.00364596,0.00738653,0.017992,0.0101565,0.0053621,0.00373132,0.00128545,0.00064651,0.00303957
0.0005781,0.0009529,0.00239926,0.00176077,0.0081114,0.0184821,0.0113507,0.00597242,0.00291845,0.00110385,0.000764668,0.00262136
0.00109926,0.00231479,0.00223683,0.00155919,0.0043187,0.00784228,0.00556823,0.00506566,0.00391129,0.00225682,0.00204203,0.00268533
0.000974878,0.0020245,0.00479516,0.00661651,0.00486337,0.00588555,0.00352721,0.00284446,0.00195386,0.00129792,0.00103369,0.00089526
0.000502687,0.00131085,0.00354925,0.00423579,0.00204181,0.000814577,0.0014669,0.00415679,0.0030149,0.00105792,0.0022591,0.00164262
0.000657816,0.00131585,0.00281344,0.00445746,0.00325634,0.00221687,0.00231544,0.00373131,0.00256897,0.00186499,0.00282841,0.00197367
0.000493903,0.000917658,0.00421931,0.00625061,0.0020641,0.00244601,0.00217211,0.0032702,0.00239945,0.00342563,0.00459622,0.00201769
0.000511734,0.000530379,0.0037493,0.00672018,0.00365471,0.00278866,0.00204656,0.00291384,0.00158052,0.00168478,0.00316383,0.00170712
0.000453729,0.00101877,0.00319132,0.00987917,0.00809418,0.00333815,0.00192403,0.003068,0.00208464,0.000748071,0.00236922,0.00188148
0.000545171,0.00120585,0.00303009,0.0109211,0.00766068,0.00138238,0.00155258,0.00324462,0.00164415,0.0029763,0.00566373,0.0027896
0.000463698,0.000755001,0.00628123,0.00869376,0.00360115,0.00180596,0.00191665,0.0027024,0.00174579,0.00565946,0.00867731,0.00324546
0.000299869,0.000436179,0.00427948,0.0106387,0.00598294,0.00157097,0.00118007,0.00323392,0.00181257,0.0011572,0.00235234,0.00142866
0.000408663,0.000891985,0.00334145,0.0109593,0.00756508,0.000989979,0.00212901,0.0039922,0.00251718,0.00182081,0.00378613,0.00243781
0.00049117,0.00101472,0.00749571,0.0171017,0.0088821,0.0020837,0.00260666,0.00393355,0.00362354,0.00423841,0.00676636,0.00368305
0.000688684,0.00142006,0.00435195,0.0071123,0.00355076,0.00312478,0.0032738,0.00598957,0.00530249,0.00344809,0.0054149,0.00313065
0.000550644,0.00106215,0.00249112,0.00845928,0.00610801,0.00182865,0.00344178,0.00308361,0.0026722,0.00157178,0.0021293,0.00219188
0.00109942,0.00152609,0.00418999,0.0143585,0.0101785,0.0036966,0.00437173,0.00341852,0.00176869,0.00110921,0.00151859,0.00162936
0.000940124,0.00120768,0.00685404,0.0134133,0.00708194,0.00278051,0.00625542,0.00472325,0.00214147,0.00596716,0.00951156,0.00448865
0.00118857,0.00162047,0.00200301,0.00758501,0.00453783,0.00207867,0.00535041,0.00332498,0.000845952,0.00151615,0.0016378,0.00187873
0.000953329,0.00214885,0.00465019,0.0149261,0.00966449,0.00335988,0.00903201,0.00651879,0.00215728,0.000675179,0.00197597,0.00226323
0.00139992,0.00236059,0.0071878,0.0204009,0.0123598,0.00426865,0.0122509,0.00745185,0.00190646,0.00287205,0.00252344,0.00137846
0.000664202,0.0018422,0.00471301,0.00856199,0.00462358,0.00399219,0.0119806,0.00946787,0.00259305,0.00244676,0.00454079,0.00263382
0.000736517,0.00275735,0.00412955,0.00886816,0.00681023,0.00504164,0.0142604,0.0105304,0.00341785,0.0026588,0.00264223,0.00196511
0.00173404,0.00326209,0.00276925,0.00681026,0.00453862,0.00598983,0.0155591,0.0097329,0.0031046,0.00745799,0.00705801,0.00236838
0.00104248,0.00259697,0.00329222,0.00474768,0.00212741,0.00615365,0.0179312,0.0120094,0.00393513,0.00730097,0.00689608,0.00284345
0.00101766,0.00318128,0.00255467,0.00480855,0.00313874,0.00484145,0.0181691,0.0126086,0.00409429,0.00909487,0.00616767,0.00227427
0.000684404,0.00222587,0.00188767,0.00568619,0.00288633,0.00411214,0.0169339,0.0133965,0.00671172,0.00836089,0.00420669,0.00194215
0.00118498,0.00373702,0.00392295,0.0044522,0.00251148,0.00510643,0.0177919,0.0123693,0.00773416,0.0159995,0.00955162,0.00154773
0.00120124,0.00337161,0.00302804,0.00435326,0.00328716,0.00643449,0.0181281,0.0110805,0.00599183,0.0176954,0.0133622,0.00248265
0.000921995,0.00199016,0.00131172,0.00422974,0.00271614,0.00544756,0.0180012,0.0131896,0.00689693,0.0172512,0.0115284,0.00273036
0.000726705,0.00161071,0.00223559,0.0029818,0.00188547,0.00410701,0.0156871,0.0127827,0.0134512,0.0186898,0.00642231,0.00247814
0.000677605,0.00431455,0.0062703,0.00232682,0.00167282,0.00432138,0.0158007,0.0121012,0.0068351,0.00929266,0.0030668,0.00147892
0.000757048,0.00322899,0.00702691,0.00468188,0.00157862,0.00442742,0.0136753,0.0092441,0.00425253,0.0063196,0.00232616,0.000763108
0.000697126,0.00272495,0.00824166,0.00488981,0.000885988,0.00314055,0.0110838,0.00810448,0.00226718,0.00270206,0.00164555,0.00082644
0.000457906,0.00485489,0.0139501,0.0075539,0.000913563,0.0026206,0.00994652,0.00729078,0.0017504,0.00442771,0.0036419,0.0016841
0.000553219,0.00133562,0.00674365,0.00556244,0.000996927,0.00305135,0.0103136,0.00738267,0.00303545,0.00554319,0.00583602,0.00160938
0.000844776,0.00139941,0.00754637,0.0052385,0.00031025,0.00299029,0.00859621,0.00613216,0.00391162,0.00928136,0.00625175,0.00115039
0.00060715,0.00595467,0.0138729,0.00765519,0.000912361,0.0030685,0.00915305,0.00551177,0.00265429,0.00388203,0.00251298,0.0010809
0.000893269,0.00272617,0.00432499,0.0021252,0.00102304,0.00215146,0.00773631,0.00565911,0.00202003,0.0031677,0.00287986,0.00151552
0.000569351,0.00341153,0.00828496,0.00824819,0.00333149,0.00186238,0.0066017,0.00479295,0.00102425,0.00268359,0.00282545,0.00138363
0.000534983,0.00194445,0.00289667,0.00417729,0.00326254,0.00202773,0.00651917,0.00446948,0.00168411,0.00196321,0.00201183,0.000956186
0.000540029,0.000856986,0.00254078,0.00317566,0.00193734,0.00196303,0.00601887,0.0039966,0.00154618,0.00160638,0.00133436,0.00101319
0.000559189,0.00191781,0.00424866,0.00230537,0.001793,0.00186554,0.00574518,0.00391811,0.00136801,0.00207303,0.00150887,0.00103524
0.000862242,0.00208361,0.0032304,0.00358297,0.00166327,0.00153575,0.00527866,0.00400587,0.00125001,0.00174336,0.00167053,0.0008333
0.00366395,0.00176682,0.00157699,0.00104795,0.000866619,0.001841,0.00562528,0.00416806,0.00107279,0.00145533,0.00103654,0.00172829
0.00600844,0.00321885,0.000936136,0.00116286,0.000737,0.00150335,0.00496542,0.00375614,0.00124973,0.000936828,0.000609171,0.00227395
0.00731188,0.00556834,0.002577,0.00190426,0.0024458,0.00306021,0.00669653,0.00616796,0.00422193,0.00282735,0.00333189,0.00440732
0.00788288,0.00487827,0.00233492,0.00191061,0.000627804,0.00189222,0.00565693,0.00485358,0.00185086,0.000663124,0.00058265,0.00312495
0.0110231,0.00664015,0.00159826,0.00173075,0.000662985,0.00159674,0.00453728,0.00374758,0.00149504,0.00134859,0.000824251,0.00417631
0.00298984,0.00173369,0.00365534,0.0019449,0.00118322,0.0017591,0.00429741,0.00364286,0.00207438,0.00221782,0.00140719,0.00212204
0.00390451,0.00272508,0.00248988,0.00197963,0.000624883,0.00130853,0.00386768,0.00246205,0.000837201,0.00209524,0.00154635,0.00156921
0.00246004,0.00272545,0.00494892,0.00305563,0.000446914,0.00105844,0.00343664,0.00248677,0.00111722,0.00279191,0.00186396,0.00087243
0.00231318,0.00379783,0.00853885,0.00406926,0.000442293,0.00128185,0.00364679,0.0025692,0.00128053,0.00233958,0.00121114,0.000755981
0.00083505,0.00442917,0.0115833,0.0064763,0.000904321,0.00129346,0.0030253,0.00224248,0.000968543,0.00179792,0.00103013,0.000715069
0.00153554,0.00336694,0.00734284,0.00457251,0.000565222,0.000574906,0.00174738,0.00150116,0.00131499,0.00334136,0.00236251,0.00104335
0.00301489,0.00261886,0.00387446,0.00178506,0.000600477,0.000914049,0.00195106,0.00149676,0.000989617,0.00184939,0.00248248,0.00489398
0.00647673,0.00133132,0.00457221,0.00273658,0.00135061,0.00202485,0.00199694,0.00115488,0.000974903,0.00165359,0.00280226,0.0096349
0.00691347,0.00204185,0.002925,0.00180375,0.0015771,0.00251503,0.00163672,0.000926449,0.000294153,0.000861388,0.00301471,0.0102877
0.00706123,0.00181727,0.00374408,0.00238932,0.00149514,0.00354409,0.00326516,0.00215793,0.00090843,0.00122199,0.00250418,0.0103821
0.00905827,0.002156,0.0034945,0.00194255,0.00144563,0.00316244,0.00201207,0.000625718,0.000895461,0.00204123,0.00339927,0.0134505
0.0139358,0.00189053,0.00274218,0.00181072,0.00178899,0.00437141,0.00353002,0.00184163,0.00094185,0.00133377,0.00514115,0.0196108
0.0156507,0.00233073,0.00158004,0.00119838,0.00203457,0.00502283,0.00326406,0.00127887,0.000811479,0.00121191,0.0058035,0.0237261
0.00839752,0.00485893,0.0104155,0.00603111,0.00238589,0.00608345,0.00431142,0.00119087,0.00186756,0.00445117,0.0042396,0.0122817
0.00655713,0.0015516,0.00440979,0.00331933,0.00288165,0.00706064,0.00463422,0.00147932,0.0010318,0.00292217,0.00390544,0.00993274
0.00313021,0.00622068,0.0137945,0.00647368,0.0030802,0.00826713,0.00548968,0.00106448,0.00169735,0.00304143,0.00243933,0.00432958
0.00404084,0.00692624,0.0219194,0.011659,0.0034414,0.00936991,0.00661309,0.00133892,0.00105986,0.00282514,0.00266484,0.00490613
0.00227344,0.0040006,0.0115443,0.00685191,0.00404469,0.0117499,0.00777118,0.00161613,0.00159564,0.00497029,0.00406366,0.00383948
0.00851573,0.00770715,0.00831455,0.00371742,0.00530317,0.0136033,0.00838606,0.00277734,0.00276864,0.00386463,0.00265858,0.00339093
0.0112735,0.0094715,0.0061898,0.00347713,0.0046544,0.0144094,0.00972012,0.00271548,0.00203477,0.00232464,0.00127568,0.00344389
0.0170266,0.00984841,0.00153104,0.000956306,0.00408389,0.0148031,0.011429,0.00398165,0.00208011,0.00165542,0.00125027,0.00670687
0.0177777,0.0155533,0.00668038,0.00278251,0.0057974,0.016316,0.0102209,0.00283891,0.00200618,0.00148946,0.000812797,0.00531218
0.00577175,0.00819333,0.00460557,0.00188048,0.00729157,0.0190188,0.0110244,0.0017331,0.00194092,0.00210608,0.00118966,0.00187303
0.00872395,0.00659986,0.00722296,0.0041546,0.00623947,0.0190528,0.0124371,0.00206383,0.00216662,0.00381613,0.00217591,0.00334292
0.00718251,0.00533482,0.00281143,0.0026952,0.00536858,0.0173213,0.0124958,0.0019152,0.000442626,0.000340577,0.000688862,0.00226071
0.00557128,0.00471156,0.00192953,0.00257564,0.0066241,0.0162921,0.00998231,0.00183314,0.000952384,0.000879234,0.00122217,0.00208538
0.0024238,0.0016193,0.00235517,0.00314545,0.00720478,0.0174212,0.0100964,0.00107404,0.000881387,0.00147933,0.000986752,0.00116172
0.00215911,0.00203907,0.00135408,0.00208953,0.00489882,0.015599,0.0105147,0.00177619,0.00116979,0.00205978,0.00214604,0.00205314
0.00103492,0.000956312,0.00174604,0.00273901,0.00568042,0.0150778,0.0107399,0.00192637,0.000736423,0.000832118,0.000935237,0.00107886
0.00137089,0.00177276,0.000875215,0.00311682,0.00600196,0.0132218,0.00898041,0.00173961,0.000706682,0.00119006,0.0010383,0.000883368
0.00166915,0.00204585,0.000685889,0.00443683,0.00659263,0.0114176,0.00710171,0.00114195,0.0008564,0.00136704,0.000898932,0.000530297
0.00197336,0.00132264,0.00183163,0.00414823,0.00552328,0.0110595,0.00735787,0.00133462,0.00114196,0.00172727,0.00177296,0.00161095
0.0018647,0.000805672,0.00179479,0.00224143,0.00320072,0.00816019,0.00591756,0.00092563,0.000485157,0.000731896,0.001139,0.00104575
0.00161565,0.00280307,0.00179512,0.00130581,0.00246748,0.00777391,0.005798,0.00106814,0.000543229,0.000697147,0.00073933,0.000780872
0.00222334,0.00409514,0.00261099,0.000750773,0.0015627,0.00639378,0.0045418,0.00053762,0.000976886,0.00148898,0.000859747,0.000580491
0.000927807,0.00256567,0.0018086,0.000917308,0.00278746,0.00788573,0.00549283,0.00113152,0.00118039,0.00160943,0.000944141,0.000430906
0.00112828,0.00416114,0.00292622,0.00102025,0.00305119,0.00830626,0.005779,0.00113054,0.00100261,0.00129859,0.000792569,0.000648009
0.00137678,0.00536236,0.00394481,0.000979981,0.00221363,0.00851882,0.00650515,0.00145791,0.000999489,0.000952128,0.000627547,0.00054654
0.0040268,0.00817019,0.00413095,0.00114318,0.00256553,0.00811139,0.00606667,0.00122162,0.000871898,0.00108168,0.000951481,0.000533565
0.00630313,0.0120542,0.00545654,0.00078424,0.00247712,0.00862917,0.00636343,0.00174247,0.00186749,0.00191704,0.00100998,0.000508197
0.00304238,0.00779663,0.00503992,0.00069151,0.00338269,0.0103178,0.00723046,0.00122844,0.00104257,0.00129122,0.000607887,0.000546544
0.00260952,0.00876038,0.00673504,0.00206686,0.00466212,0.00803984,0.0051033,0.00186883,0.0021548,0.00216342,0.00104456,0.000873633
0.00502175,0.0101051,0.00460066,0.00149471,0.00238238,0.00611379,0.00378296,0.001476,0.00198531,0.00135832,0.00126575,0.0011576
0.00688044,0.0131689,0.00567008,0.00304507,0.00474838,0.00445633,0.00243662,0.0019966,0.00310099,0.00173712,0.00075279,0.00111872
0.0026261,0.00563635,0.00379737,0.00262462,0.00622754,0.00503016,0.00252158,0.00139919,0.00173831,0.000960307,0.00091508,0.00137137
0.0034176,0.0106215,0.00703913,0.00211024,0.0047953,0.00412152,0.00241587,0.0018415,0.00156883,0.00112554,0.000758164,0.00140375
0.00590579,0.0105551,0.00471967,0.0027929,0.00708451,0.00533594,0.00190819,0.00188059,0.00229465,0.00140873,0.00110808,0.00153081
0.00593765,0.0139587,0.00724937,0.00303951,0.00839791,0.00544313,0.002288,0.00301032,0.0037728,0.00172492,0.00124979,0.00217426
0.00275691,0.00740301,0.00634076,0.00338998,0.00879575,0.00687204,0.00300462,0.00251556,0.00253059,0.00119348,0.00115683,0.00196337
0.00358313,0.0130504,0.00855604,0.00317024,0.00978403,0.00727225,0.00301718,0.00254375,0.00285142,0.00119785,0.00123792,0.00276262
0.00387222,0.00690699,0.00334437,0.00411489,0.0113624,0.00697146,0.00205993,0.00297333,0.00349653,0.00212493,0.00078487,0.00195836
0.00197299,0.00275526,0.00188442,0.00325357,0.0108755,0.00745843,0.00329719,0.00396238,0.00297164,0.00159865,0.00149613,0.00277338
0.00285163,0.00460121,0.00266108,0.00214721,0.00909109,0.00663698,0.00222224,0.00394525,0.00268478,0.00147111,0.00119622,0.00227514
0.00228749,0.00159703,0.000884338,0.00319845,0.0118285,0.00932106,0.00333269,0.00247103,0.00155457,0.00126311,0.00139495,0.00264933
0.00145855,0.00153129,0.000972594,0.0046134,0.0140831,0.00785212,0.00214487,0.00442661,0.00232892,0.00113934,0.000695435,0.00229507
0.00230076,0.00222744,0.000915929,0.00462404,0.0142139,0.00951745,0.00269174,0.00357829,0.00263267,0.00110211,0.00191783,0.00384307
0.00286217,0.00197779,0.00114107,0.00284521,0.0125997,0.00907698,0.00292458,0.00625997,0.00509967,0.00171979,0.00131055,0.00412777
0.0024735,0.00117896,0.00103477,0.00325866,0.0122066,0.00893032,0.00269689,0.00344852,0.00268277,0.00106584,0.00131884,0.00398188
0.00193422,0.00116924,0.000866655,0.00496036,0.0147919,0.00902976,0.00221317,0.00262909,0.00212376,0.00164998,0.00170892,0.00317618
0.00217472,0.00195363,0.00168746,0.00414048,0.0128222,0.00817171,0.00208469,0.00154808,0.00159525,0.00116767,0.00111257,0.00352309
0.00192791,0.000744015,0.00093091,0.00208972,0.00908821,0.00641002,0.00123139,0.00199834,0.00230901,0.00137174,0.00167237,0.00362929
0.00296641,0.00103961,0.00122348,0.00274594,0.00971135,0.00731732,0.00199219,0.00217076,0.0014703,0.00073442,0.00109584,0.00363784
0.0071491,0.00453048,0.00146664,0.00293795,0.00953604,0.00716876,0.00177239,0.00214947,0.00218996,0.00128363,0.00101881,0.00416458
0.00627658,0.00494866,0.0010782,0.00212369,0.00763545,0.00495668,0.000854438,0.00139492,0.00172939,0.000926665,0.000835206,0.00268532
0.00890457,0.00704461,0.00121963,0.00210608,0.00689806,0.00486847,0.00168035,0.0024853,0.00224745,0.0012557,0.00142709,0.00328746
0.0135377,0.00844835,0.00155985,0.00270673,0.00776662,0.00505172,0.00113992,0.00119476,0.00118762,0.000951594,0.00090022,0.00514966
0.009885,0.00819089,0.0017074,0.00141418,0.00651163,0.00514783,0.00116326,0.0014434,0.00185407,0.000936806,0.000953786,0.00443041
0.00303132,0.00624561,0.0036031,0.00209456,0.0063947,0.00446981,0.000941872,0.00144362,0.00176303,0.000989202,0.000810169,0.00212949
0.00574203,0.00793658,0.0033364,0.00161263,0.00582832,0.00404635,0.000784872,0.000737867,0.00106381,0.000715867,0.0007525,0.00234975
0.0076362,0.0119011,0.00509082,0.00149513,0.00504246,0.00310102,0.000612845,0.000973738,0.00229173,0.00117105,0.000442642,0.0019422
0.00356666,0.00884355,0.00477337,0.00140707,0.00464305,0.00361554,0.000707037,0.000725195,0.000626927,0.000551866,0.000688255,0.00138483
0.00465485,0.00748539,0.00333411,0.00196389,0.00543683,0.00360116,0.00103914,0.000719427,0.00163164,0.000911606,0.00106335,0.00106942
0.00342184,0.00463251,0.00206097,0.00149201,0.00412827,0.00313047,0.001123,0.000728048,0.00121276,0.00179964,0.00809432,0.00922323
0.00153998,0.00299542,0.00180856,0.00103981,0.00265849,0.00227122,0.000968257,0.000606933,0.00102773,0.00158429,0.00334867,0.00221004
0.00192983,0.00282928,0.0014134,0.00077316,0.00263233,0.00292835,0.00157124,0.000550987,0.00106954,0.0015407,0.00771031,0.0063621
0.00128342,0.00176391,0.00111038,0.00106287,0.00338585,0.00413091,0.00194298,0.000582395,0.000682914,0.00167705,0.00877056,0.00698653
0.0139059,0.011544,0.00253232,0.0012825,0.00371791,0.00320257,0.00158811,0.00146079,0.00111018,0.00124812,0.00607598,0.00814605
0.0124083,0.0102167,0.00165376,0.00089273,0.00258642,0.00205914,0.000825681,0.000988022,0.00107014,0.00138411,0.0068047,0.00670183
0.0236244,0.0128068,0.000969215,0.00117089,0.00313092,0.00279083,0.000778927,0.00211096,0.00202206,0.000983312,0.00256725,0.0106394
0.0263086,0.0155871,0.00170674,0.000979812,0.00250144,0.00279727,0.00191966,0.00228082,0.00183817,0.000835325,0.00210711,0.00966692
0.0286534,0.0273123,0.00609202,0.000714227,0.00211213,0.0029691,0.00276864,0.00268938,0.00208303,0.000889951,0.00240755,0.00750635
0.00518712,0.00454727,0.00178387,0.000946879,0.00138657,0.00192193,0.00196639,0.00186209,0.00369535,0.00245566,0.003036,0.00272415
0.00589249,0.00431672,0.000834919,0.00126754,0.00368515,0.00239768,0.00183276,0.00226997,0.00852394,0.0194404,0.0108202,0.00369663
0.00533019,0.00411709,0.00177015,0.00400357,0.00567973,0.00364239,0.00130242,0.00144165,0.00880317,0.0248495,0.0150335,0.00202376
0.0036388,0.00342728,0.00196933,0.00303881,0.00450023,0.00323931,0.00160635,0.00151203,0.0113692,0.0315042,0.0170524,0.00195217
0.00464564,0.00413788,0.00216775,0.00376434,0.00469675,0.00265507,0.0008506,0.00181725,0.0151312,0.0420721,0.023659,0.00251068
0.00461669,0.00403014,0.00320331,0.00654584,0.00329045,0.00225768,0.00175883,0.00179262,0.0169408,0.0489437,0.0290886,0.00375537
0.00207905,0.00201111,0.00327064,0.00893593,0.00767892,0.00456937,0.00129732,0.000677622,0.0203204,0.0617617,0.036793,0.00351656
0.0173687,0.0119876,0.00666258,0.0112321,0.00935213,0.00380598,0.00296933,0.00677155,0.0311819,0.0566814,0.0310215,0.0106085
0.0197754,0.0149533,0.00493547,0.0114378,0.00653826,0.00195043,0.00112993,0.00197081,0.00657738,0.0165166,0.00991228,0.00444233
0.0386688,0.0254274,0.00633328,0.0126815,0.00728502,0.00155125,0.00147553,0.00337474,0.00625482,0.00932169,0.00315991,0.0137447
0.0429839,0.0211162,0.00463732,0.0132073,0.0087412,0.00178204,0.00159185,0.00475563,0.00899917,0.0155061,0.007601,0.0189989
0.028884,0.0237364,0.00867353,0.0153401,0.00965859,0.00195338,0.000990362,0.00323916,0.0050726,0.009221,0.00632893,0.00636478
0.00842955,0.00734501,0.00612385,0.0172979,0.0103788,0.00193969,0.00204495,0.00307926,0.00627708,0.0112038,0.0139123,0.0158094
0.010199,0.00784131,0.00758816,0.0190727,0.0106259,0.0011974,0.000867134,0.0016621,0.00163743,0.00668222,0.0119162,0.0101816
0.00675302,0.00345426,0.00686017,0.0199354,0.0119957,0.00319779,0.0018329,0.0014751,0.00256716,0.00995969,0.0186089,0.00938194
0.00417801,0.00383934,0.00726666,0.0203276,0.0130433,0.00368365,0.00145705,0.00130391,0.00468229,0.0167862,0.0310344,0.0183266
0.0134744,0.010025,0.012828,0.0214766,0.0118452,0.00378321,0.00284125,0.00230064,0.00278957,0.0052607,0.0243109,0.0240057
0.00609836,0.00614601,0.0144562,0.0227781,0.0108074,0.00224711,0.00167907,0.00163563,0.00161733,0.00636201,0.0154346,0.0110431
0.00177755,0.00438291,0.0189658,0.0237388,0.00988518,0.001553,0.00085517,0.00182371,0.000948124,0.0036535,0.00528771,0.00329388
0.00324829,0.00784221,0.0285486,0.0301853,0.0119316,0.00169503,0.00089243,0.00116668,0.00177319,0.00466878,0.00585552,0.00471006
0.000573966,0.00529083,0.0222072,0.0259406,0.0102126,0.0015411,0.000744207,0.00109226,0.00174954,0.00610839,0.00789738,0.00479924
0.00333893,0.00461821,0.0117004,0.0150348,0.00762578,0.00159947,0.00158758,0.00157629,0.00145634,0.00524512,0.00481619,0.00285836
0.0176471,0.0111455,0.012323,0.017289,0.00686389,0.00117901,0.00128038,0.00230383,0.0027348,0.00506837,0.00739765,0.00722078
0.0211688,0.0157047,0.0128128,0.0179872,0.00803612,0.00116839,0.00115309,0.0029293,0.00254471,0.002594,0.0050288,0.00806563
0.0182992,0.0125614,0.00984943,0.0172025,0.00828199,0.00122718,0.0012342,0.00296705,0.00216914,0.00262565,0.00306857,0.00422967
0.0230211,0.0126244,0.00879292,0.0123044,0.00604119,0.00101486,0.0011741,0.00285019,0.00196216,0.00113672,0.00282911,0.0106647
0.0274363,0.0111801,0.00749947,0.0113528,0.00542508,0.000593825,0.00200622,0.00396072,0.00227846,0.00239171,0.00397705,0.014399
0.0386893,0.0261936,0.00739022,0.0134075,0.00669328,0.000674372,0.00090205,0.00290753,0.00273724,0.001396,0.00190001,0.0127122
0.0226267,0.0199311,0.00701541,0.0120375,0.00747355,0.00139186,0.000960547,0.0021379,0.0016664,0.000924918,0.00238553,0.0038161
0.0295498,0.0135188,0.0052937,0.0104457,0.00578472,0.000679775,0.00227619,0.00434203,0.00206588,0.00166142,0.00282421,0.017031
0.0250694,0.0126827,0.00577339,0.010174,0.00522561,0.000429301,0.00145484,0.0040095,0.00363303,0.00277915,0.00354089,0.0107381
0.0220033,0.0207388,0.00734441,0.00904543,0.00521956,0.000554557,0.000962799,0.00137464,0.0016862,0.00170429,0.00288374,0.00495561
0.0235583,0.0179115,0.00575782,0.0073269,0.00506962,0.00115843,0.000649716,0.00111492,0.00120943,0.00105735,0.00285587,0.0076053
0.0366953,0.0187878,0.00441666,0.00523029,0.0030147,0.00119557,0.00194209,0.00420857,0.00277988,0.00157386,0.00278564,0.0185517
0.0391664,0.0316765,0.0074495,0.00890311,0.0053441,0.0013145,0.00142717,0.00498587,0.00464984,0.00173964,0.00169253,0.00902116
0.0205527,0.0252016,0.0101422,0.013916,0.00850867,0.0016407,0.00139306,0.00405542,0.00336163,0.00172326,0.00172981,0.00375077
0.0477542,0.0339714,0.00805044,0.0153205,0.0091786,0.00127805,0.00202221,0.00487313,0.0035187,0.00187938,0.00334877,0.0146089
0.0527745,0.0334408,0.00785275,0.0134265,0.00776755,0.00117148,0.0021174,0.00162308,0.0016211,0.0025455,0.00376908,0.01663
0.0202472,0.0244647,0.00845236,0.0137804,0.00751426,0.00167292,0.0025222,0.00245162,0.00257196,0.00191001,0.00326513,0.00630568
0.0351876,0.0313558,0.00987853,0.012862,0.00813507,0.000996216,0.00225544,0.00405362,0.00346836,0.00190492,0.00319986,0.0104221
0.018249,0.0235039,0.0110639,0.0147635,0.00844848,0.0013135,0.00239255,0.00201069,0.0022342,0.00171159,0.00276993,0.00300375
0.0133143,0.0123028,0.00654505,0.0148971,0.00866214,0.00145702,0.00272438,0.00387381,0.00331556,0.00109539,0.00284518,0.00325055
0.00879358,0.0106878,0.00796483,0.0177879,0.0100649,0.00120369,0.00253107,0.00226594,0.00306711,0.00411706,0.00404059,0.00242108
0.0104528,0.00941992,0.00765055,0.017466,0.0100522,0.00106122,0.00199847,0.00274094,0.00295785,0.00574916,0.00484073,0.00430148
0.00555804,0.00399798,0.00577814,0.016425,0.00925453,0.000520082,0.00189524,0.00184219,0.00154399,0.00523255,0.00546085,0.00404604
0.00735877,0.00648931,0.00659337,0.0166388,0.00993546,0.00151849,0.00140849,0.00169306,0.00204981,0.00375168,0.00397335,0.00185889
0.00929159,0.00820455,0.0064973,0.0166481,0.00919114,0.000722314,0.00117579,0.00166875,0.0022822,0.00650793,0.00529254,0.00137752
0.00767287,0.00645731,0.00671781,0.0166835,0.00860891,0.000927171,0.00157211,0.00143954,0.00261683,0.00907233,0.00641152,0.00276524
0.0059944,0.00603735,0.00569083,0.015636,0.00895588,0.000983882,0.00134978,0.00153826,0.0026062,0.00786436,0.00545221,0.00197666
0.00368042,0.00367414,0.00499745,0.0131975,0.00754161,0.000711403,0.00121109,0.0014224,0.00341337,0.00997941,0.00774389,0.00200385
0.0044327,0.00282603,0.00580079,0.0128286,0.00620489,0.0010474,0.00142184,0.00164988,0.00453914,0.0111385,0.00514777,0.00587709
0.019248,0.00497805,0.00557785,0.0137723,0.00668132,0.0008807,0.00414103,0.00445966,0.00381038,0.00963766,0.00897828,0.0216572
0.0220161,0.00556738,0.00566695,0.0136065,0.00701802,0.00102626,0.00574816,0.00685693,0.00241475,0.00481787,0.00380957,0.0228068
0.025428,0.00697521,0.00469521,0.0131414,0.00771242,0.00126358,0.00650202,0.00717482,0.00316011,0.00436353,0.00384112,0.0263069
0.0246405,0.00378426,0.00489323,0.0121709,0.00618181,0.00126678,0.00547455,0.00515612,0.00190017,0.00288913,0.00898677,0.0344506
0.026454,0.00486805,0.00559502,0.0133549,0.00680275,0.00105423,0.00559252,0.00578698,0.00195547,0.0022068,0.00488777,0.031475
0.0170397,0.00375449,0.00506239,0.0127843,0.00672224,0.000968119,0.00146954,0.00218134,0.0011575,0.00260234,0.0054962,0.0203554
0.0200213,0.0154589,0.00616115,0.0110829,0.00667302,0.00102527,0.00214551,0.00315204,0.00247612,0.00311161,0.00245101,0.00865428
0.0335034,0.0193295,0.0041962,0.00835158,0.00487876,0.000537804,0.00202044,0.00390834,0.00232251,0.00254797,0.00298263,0.0144248
0.0294212,0.0143847,0.00341763,0.00799609,0.00420993,0.000401896,0.00247849,0.00452473,0.00266838,0.00275365,0.00241104,0.0137811
0.0433386,0.0284746,0.0060967,0.00838284,0.00458501,0.000501586,0.00128337,0.00168785,0.00183096,0.00203607,0.00254671,0.0165798
0.0439945,0.031615,0.00597192,0.0087264,0.00506099,0.000758716,0.00100903,0.00257561,0.00198683,0.00134362,0.00196836,0.015444
0.023894,0.0166708,0.00462521,0.00802408,0.00506682,0.000622086,0.00132373,0.00249613,0.00151048,0.00113138,0.00216832,0.0125814
0.0122522,0.00901109,0.00449801,0.00867001,0.00966193,0.00408497,0.00153402,0.00361477,0.0252057,0.0495853,0.025323,0.00455733
0.0140038,0.00907662,0.00259168,0.00818606,0.00790283,0.00295179,0.00128697,0.000763836,0.0197487,0.0604202,0.0352262,0.00840636
0.00828436,0.00615522,0.00330773,0.00799339,0.00663418,0.00211235,0.000780606,0.00129131,0.0218945,0.0656233,0.0382934,0.00510035
0.0057942,0.0038567,0.00288363,0.00778116,0.00990064,0.00448662,0.0014166,0.00195421,0.0244905,0.0792807,0.048417,0.00522359
0.00489792,0.00236322,0.00157601,0.00842528,0.0149077,0.00772885,0.00122964,0.000728294,0.0349354,0.113429,0.0708033,0.00931371
0.00237775,0.00160368,0.00136608,0.00853156,0.0173816,0.0104015,0.00210825,0.00180768,0.0408896,0.141158,0.0917174,0.0104307
0.00993779,0.00640235,0.0022626,0.00571743,0.00824655,0.00563461,0.00158313,0.00272547,0.0447732,0.106815,0.0612855,0.00387033
0.0259555,0.00832845,0.00196187,0.00364028,0.0040683,0.0025243,0.00413442,0.004011,0.0112361,0.0351687,0.0185925,0.0340902
0.0331221,0.00538781,0.0017228,0.00320291,0.00293943,0.00117514,0.0032611,0.00319243,0.0108529,0.0348372,0.0284313,0.0478691
0.0307612,0.00367835,0.00109331,0.00229267,0.00224301,0.00182119,0.00460991,0.00343456,0.00976176,0.0281506,0.0114523,0.0439521
0.032583,0.00452686,0.0013248,0.0032669,0.00294129,0.00307469,0.00861116,0.00499261,0.00519533,0.0142028,0.0231173,0.0546897
0.037968,0.00441951,0.00112268,0.00451504,0.00351005,0.00120674,0.00382901,0.00293773,0.00358982,0.0100533,0.0234968,0.0648778
0.0420695,0.00534381,0.00212224,0.00725686,0.00612966,0.00251969,0.00479888,0.0038148,0.00211113,0.00765529,0.015761,0.0656984
0.041422,0.00502373,0.0023984,0.00615807,0.0055811,0.00252638,0.00512543,0.00359246,0.00281001,0.00492455,0.0204901,0.0638133
0.0272179,0.00582759,0.00224163,0.00247304,0.00283464,0.00259589,0.00469526,0.00269933,0.00215685,0.00515162,0.01193,0.0381301
0.0104877,0.0043847,0.00446641,0.00531483,0.00390531,0.00266019,0.00940084,0.023362,0.0206035,0.0102494,0.00597631,0.016826
0.00714644,0.00181795,0.00290826,0.00474615,0.00474631,0.00285589,0.00756865,0.029565,0.0285016,0.00474134,0.00576353,0.0162748
0.0107627,0.00266854,0.00349138,0.00496836,0.00467619,0.00223553,0.00547816,0.0220873,0.0161371,0.00480505,0.00262804,0.0168385
0.0084563,0.00233469,0.00487815,0.00552432,0.00655558,0.00381104,0.00541249,0.0156341,0.0120097,0.00356167,0.00448668,0.0132137
0.00500978,0.0021911,0.00681502,0.0055023,0.00358242,0.00179627,0.00726217,0.0184412,0.0124627,0.00383686,0.00418869,0.00923899
0.00419755,0.00120163,0.00368198,0.00462567,0.00448732,0.00214225,0.00465505,0.0287132,0.025919,0.00468494,0.00370262,0.00969843
0.0031372,0.00131015,0.00378879,0.0056809,0.00560779,0.00303529,0.00585739,0.0273439,0.0244245,0.00639279,0.00192389,0.00667794
0.00416451,0.00165086,0.00328,0.00321372,0.00528322,0.00370635,0.00952542,0.0269122,0.0149705,0.00325698,0.00288309,0.00968002
0.00212956,0.00213764,0.00550399,0.00471938,0.0065253,0.00410184,0.0119919,0.0320232,0.0184885,0.00413714,0.00358295,0.00527929
0.00380332,0.00189431,0.00285992,0.00480202,0.0100391,0.0064589,0.0074335,0.016358,0.0111082,0.00567208,0.00376979,0.0051069
0.00863849,0.00209186,0.00249398,0.0050064,0.010785,0.00753874,0.0100501,0.0159982,0.00823174,0.0039981,0.00452652,0.0124052
0.0147488,0.00226353,0.00150033,0.00532052,0.0120536,0.00790474,0.00692464,0.00889441,0.00585713,0.00524392,0.00908504,0.0243377
0.0290281,0.00453091,0.00236171,0.00460896,0.0129363,0.00857199,0.00702703,0.00745899,0.00388191,0.00242976,0.0114161,0.0444212
0.0242611,0.00324031,0.00198372,0.00540162,0.0141971,0.0093357,0.00609686,0.00741321,0.00587534,0.00297586,0.00959995,0.0369268
0.0127658,0.00150083,0.0021923,0.00599483,0.0176327,0.00963762,0.00307084,0.00379139,0.00375057,0.00223442,0.0070344,0.0221467
0.00432505,0.000682705,0.0010909,0.0103603,0.0277719,0.0147016,0.00256963,0.00576708,0.00346728,0.00428787,0.00432298,0.0115242
0.00213422,0.000954112,0.00175102,0.00853213,0.0255345,0.0161,0.00368755,0.00450291,0.0033377,0.00280822,0.00258103,0.0069146
0.0061116,0.00112142,0.0016434,0.00913582,0.030283,0.0178502,0.00225693,0.00293246,0.00194539,0.001725,0.0041063,0.0167082
0.0072805,0.00161553,0.00172606,0.00820603,0.0199594,0.0119693,0.0056551,0.00558217,0.00239266,0.00137449,0.00499371,0.0151148
0.00524836,0.00101084,0.0016338,0.00925058,0.0216776,0.0104151,0.0113853,0.0126022,0.00352974,0.00125908,0.00270028,0.00834706
0.00255294,0.000892829,0.00109008,0.00683045,0.0185109,0.0116653,0.0204205,0.0203907,0.00400278,0.00100458,0.00142428,0.00388646
0.00147422,0.00061227,0.00107881,0.00624393,0.0186416,0.0143852,0.0190528,0.0176714,0.00411642,0.00119801,0.000984711,0.0036373
0.00163287,0.000679469,0.000920278,0.0103065,0.0215258,0.0113256,0.0175123,0.0221752,0.00619402,0.00143772,0.00184563,0.00341099
0.00182209,0.00118615,0.00134986,0.0104958,0.0214174,0.00987719,0.00554775,0.0135106,0.00754765,0.00174993,0.00190361,0.00432615
0.00196635,0.000407761,0.000963483,0.00819658,0.0194297,0.0113244,0.00861075,0.00959581,0.00475023,0.00105799,0.00166452,0.00405103
0.00243925,0.000579035,0.000886991,0.00422477,0.0157697,0.0117906,0.0117671,0.0175263,0.00806069,0.00112955,0.00121706,0.00424227
0.00202872,0.000835866,0.00147477,0.0101259,0.0213644,0.0104442,0.0040377,0.0142571,0.00942193,0.00107155,0.00119554,0.00352263
0.00127215,0.000994056,0.00100657,0.00869234,0.0158914,0.00853046,0.0121814,0.020972,0.00814198,0.000625449,0.000837432,0.00213445
0.00201401,0.000628574,0.000886042,0.00483834,0.0105419,0.00525532,0.00327382,0.0117151,0.00921187,0.00127426,0.00129271,0.00351605
0.00133398,0.000490948,0.000623426,0.00224807,0.00832469,0.00633772,0.0100649,0.0257415,0.0174328,0.0022857,0.00169801,0.00289992
0.00138213,0.000439795,0.000758425,0.00678274,0.0131818,0.00633787,0.00809599,0.0128146,0.00524185,0.00106851,0.00111966,0.00269342
0.00117474,0.000501688,0.000783069,0.00713239,0.0137441,0.00832017,0.00958755,0.0200781,0.0106595,0.00123314,0.00152543,0.00262754
0.00164279,0.000528492,0.00134116,0.00392926,0.0074346,0.00667287,0.00544358,0.0247693,0.0213777,0.00405075,0.00125866,0.00221539
0.00121454,0.000530864,0.000942036,0.00405742,0.00823641,0.00424204,0.0105567,0.032328,0.022675,0.00363602,0.000942461,0.00197879
0.000853026,0.000799321,0.000940159,0.00480811,0.0109026,0.00687592,0.0132206,0.0200685,0.00665091,0.00189384,0.00234496,0.00181535
0.00109064,0.0012207,0.00131053,0.00407865,0.00593965,0.00148457,0.0115543,0.0353055,0.0247033,0.00431445,0.00397106,0.00237342
0.00157765,0.00153139,0.00195071,0.00349427,0.00698771,0.00544193,0.00930916,0.0319522,0.0250716,0.00546331,0.0070392,0.00553667
0.00231034,0.00179825,0.00168498,0.00308965,0.00772539,0.00962251,0.0139204,0.0365531,0.0268316,0.00593387,0.00880398,0.0071165
0.0046344,0.00966917,0.00907452,0.00551343,0.00750885,0.010976,0.00776691,0.00616626,0.0070339,0.0057784,0.0125845,0.00843531
0.00258603,0.0171582,0.0210717,0.00788535,0.0073724,0.010666,0.00996288,0.013322,0.00915926,0.00456678,0.0115278,0.00852181
0.00234335,0.0138294,0.0166659,0.0064742,0.00693977,0.0105146,0.00828669,0.00928577,0.00663236,0.00387796,0.0110529,0.00885461
0.00240913,0.0150491,0.0165915,0.00493132,0.00430765,0.00847808,0.00787891,0.00868323,0.00479005,0.0032247,0.0110556,0.00905541
0.0021453,0.010245,0.0130098,0.00471273,0.00470871,0.00861883,0.00803649,0.00933754,0.00605115,0.00435763,0.012276,0.00928769
0.00242064,0.0169315,0.0234353,0.00685186,0.00377181,0.00862313,0.00683134,0.00516321,0.00305624,0.00443222,0.0138282,0.0101394
0.00568504,0.00688773,0.00906614,0.00255323,0.00277179,0.00823382,0.00771419,0.00779161,0.00516973,0.0040845,0.0138545,0.0122977
0.010849,0.010174,0.0129457,0.00392647,0.00297348,0.00984647,0.0083635,0.00676505,0.00387411,0.00298645,0.012974,0.0203492
0.0063511,0.00851914,0.00899734,0.00385586,0.00553949,0.0126898,0.0106076,0.00738474,0.00677924,0.00752436,0.0153177,0.0142448
0.00329733,0.0125195,0.0145911,0.00477298,0.00469866,0.0115817,0.0172525,0.0121754,0.00298465,0.00707406,0.0177554,0.0114364
0.00334226,0.00298297,0.00414132,0.00212808,0.00261052,0.0132768,0.0254736,0.0159495,0.00482909,0.00621586,0.0185468,0.0135683
0.00301258,0.00174056,0.00233506,0.00163471,0.00381957,0.0169506,0.0274137,0.0149765,0.00362916,0.00504516,0.0179152,0.013955
0.00269759,0.00347171,0.0060433,0.00266,0.00686344,0.0188871,0.02151,0.0127466,0.00349294,0.00610229,0.0181009,0.0129564
0.00241749,0.00268277,0.00333075,0.00157382,0.00595157,0.0181839,0.0199631,0.00922733,0.00192507,0.0077244,0.0206357,0.0136707
0.00320814,0.00372303,0.00387483,0.0026818,0.00427672,0.018631,0.0284072,0.0204451,0.0104554,0.00847484,0.0218065,0.0148842
0.0025736,0.0016824,0.00258204,0.00216218,0.00523042,0.0156711,0.0160676,0.0105603,0.00600733,0.00533896,0.019568,0.015206
0.00188661,0.00144261,0.00292122,0.0015741,0.00632857,0.017738,0.0231074,0.0210042,0.00761523,0.00640785,0.0199248,0.0132436
0.00171611,0.00237164,0.0031764,0.00137785,0.0062216,0.0154592,0.0156846,0.00823452,0.00409125,0.00890575,0.0198485,0.0113674
0.00199968,0.001593,0.00274641,0.00523199,0.013032,0.0164533,0.0139977,0.00710649,0.00389456,0.00693851,0.0172065,0.0113344
0.00175911,0.00266102,0.00420548,0.00557629,0.0146376,0.0173162,0.0131652,0.00895801,0.00346402,0.00406142,0.0146035,0.0134381
0.00178464,0.00243256,0.00536132,0.00133405,0.0137285,0.0186242,0.00848922,0.00582053,0.00240009,0.0033074,0.0137469,0.0145614
0.00145483,0.00192314,0.00249404,0.00249534,0.00746274,0.0145271,0.0160621,0.00975762,0.00402766,0.00500935,0.0133025,0.00962373
0.00120727,0.00101795,0.00118029,0.00351196,0.00916426,0.0109762,0.0124245,0.00597581,0.00245569,0.00513307,0.0145123,0.0101167
0.0014924,0.00176742,0.0023991,0.00180362,0.0039467,0.00677964,0.0113624,0.00663337,0.00160894,0.00370993,0.0132393,0.0101687
0.00140644,0.00100963,0.00255691,0.00223219,0.00510752,0.0103354,0.021389,0.0119186,0.002526,0.00315394,0.0104606,0.00816324
0.00189243,0.00195582,0.00186848,0.00217526,0.00401039,0.0117359,0.0231709,0.0143161,0.00388022,0.00396207,0.0099965,0.00680644
0.00264813,0.0020432,0.00220444,0.00315399,0.00463431,0.00926318,0.0181749,0.010535,0.00251653,0.00499322,0.0157589,0.0102121
0.00192733,0.00175415,0.00319417,0.00489438,0.00478599,0.0129731,0.0152693,0.00601744,0.00225537,0.00648964,0.0200755,0.0134093
0.00249136,0.00163705,0.00396966,0.00547182,0.00727534,0.0122509,0.0119462,0.00550781,0.00296523,0.00937705,0.018618,0.0112026
0.00231228,0.00184733,0.00217751,0.0082664,0.00863342,0.00556672,0.0113427,0.00912996,0.00312099,0.0080147,0.0134627,0.00487563
0.00210743,0.00188668,0.00187594,0.0055148,0.00660458,0.00521119,0.0104565,0.00772037,0.00477646,0.011912,0.0149372,0.00808523
0.000927863,0.00111992,0.00302572,0.00911277,0.0089918,0.00563644,0.00765291,0.00590666,0.00488799,0.0126041,0.011231,0.00475152
0.00176411,0.00210829,0.00146648,0.00599858,0.00896589,0.00423895,0.00359919,0.00329596,0.00362808,0.0129824,0.0111481,0.00366362
0.00153771,0.00186192,0.00216505,0.00797744,0.014322,0.0105941,0.00693141,0.00477731,0.0043253,0.0130063,0.0121366,0.00449904
0.00166877,0.00196562,0.00440301,0.0134824,0.0147021,0.00906527,0.0086052,0.00531468,0.00443705,0.0136913,0.0105791,0.0033365
0.00124563,0.00220067,0.00298849,0.00766058,0.0125581,0.00482335,0.00386937,0.00226264,0.00413331,0.0151529,0.0163797,0.00693997
0.00161164,0.00268769,0.00329824,0.00996088,0.0137149,0.00897283,0.00482085,0.00278734,0.00491689,0.0143863,0.0115417,0.00301295
0.0013392,0.00282602,0.00177812,0.00999931,0.0167856,0.00923732,0.00307635,0.00210445,0.00538593,0.0171289,0.0158956,0.00569038
0.00176755,0.00307771,0.00463712,0.0191994,0.0214077,0.0106035,0.00305343,0.00192647,0.00486907,0.0184125,0.0161773,0.00545733
0.00128441,0.00257022,0.00485584,0.0151995,0.01813,0.0110151,0.00229633,0.00208288,0.00506744,0.0203273,0.0192845,0.00680219
0.00178455,0.00275787,0.00610342,0.0189474,0.0228253,0.0095953,0.00217251,0.00185406,0.00748501,0.0218208,0.0166647,0.00578234
0.00164805,0.00320176,0.0033224,0.0186696,0.0223947,0.00822456,0.00165217,0.00209005,0.00795549,0.0225381,0.0212142,0.00783934
0.00121195,0.00302339,0.00848819,0.0112086,0.0167185,0.0101735,0.00155459,0.00147452,0.00678181,0.0232482,0.0198287,0.00470851
0.00117806,0.00325562,0.00316887,0.009464,0.0168172,0.00997817,0.00195184,0.00125483,0.00733103,0.0251378,0.0213605,0.00524295
0.00169676,0.00294544,0.00340494,0.0156958,0.0227033,0.00997849,0.00149747,0.00121028,0.00908283,0.0264811,0.0263258,0.0111924
0.00145961,0.00226569,0.00506181,0.0207746,0.021257,0.00782376,0.000916369,0.00116814,0.0077991,0.0253791,0.0220144,0.00669124
0.00124184,0.00203685,0.00434513,0.0111585,0.0122469,0.00658577,0.00138107,0.000943227,0.00654447,0.0236987,0.0213778,0.00628048
0.000726601,0.00186595,0.00649253,0.0215648,0.0219828,0.0081242,0.0013496,0.000832067,0.00620182,0.0240787,0.0254225,0.0098629
0.000786557,0.00143223,0.00243128,0.0140803,0.0169142,0.00710973,0.00228296,0.00166443,0.0081785,0.0218928,0.0215535,0.00917328
0.000697552,0.00105143,0.00412592,0.0201142,0.0202722,0.00630742,0.00105962,0.000999262,0.00632533,0.0219002,0.022912,0.0096242
0.000619676,0.000910416,0.00513056,0.0199531,0.0167072,0.00372194,0.0010883,0.00108184,0.00692837,0.0211019,0.0203786,0.00804561
0.00201949,0.00161285,0.00291462,0.00915088,0.00920943,0.00320019,0.000851875,0.00108009,0.00752123,0.0183509,0.0167465,0.006984
0.0124946,0.00213388,0.0011355,0.00662307,0.00843328,0.00415648,0.00155246,0.00131785,0.00509763,0.01237,0.0157661,0.0285097
0.0108559,0.00147087,0.00145359,0.00481104,0.00542482,0.00248901,0.000926682,0.00135453,0.00439536,0.00900983,0.0115654,0.0237448
0.00958466,0.00140122,0.00170548,0.0028459,0.0033207,0.00346541,0.00395088,0.00358557,0.0036379,0.00635143,0.0104105,0.0191151
0.00513749,0.000897366,0.00239554,0.00503366,0.00344353,0.00205924,0.00238396,0.00583602,0.00736187,0.00541494,0.0118115,0.0135306
0.00837771,0.000986685,0.00265619,0.00755223,0.00681042,0.00344729,0.00252942,0.00513888,0.0132012,0.0114823,0.0099316,0.0153681
0.00560238,0.0018389,0.00407947,0.0107835,0.00728056,0.00231005,0.00211895,0.00656619,0.0152442,0.00818185,0.00478235,0.00744379
0.00738175,0.00096648,0.0040141,0.0104954,0.0068499,0.00220878,0.002214,0.0082249,0.0178624,0.0106614,0.00818647,0.0158442
0.00832473,0.0015546,0.00404891,0.0100999,0.0065935,0.0024228,0.00215138,0.00734853,0.0198175,0.0144674,0.0103435,0.0176338
0.00493661,0.00175615,0.0042737,0.0112247,0.0063277,0.00170245,0.00188371,0.00826971,0.0207411,0.0113813,0.00497805,0.00943391
0.00372318,0.00206368,0.00553665,0.0127815,0.00673288,0.00212127,0.0025466,0.0128143,0.0313903,0.0238079,0.00752323,0.00608615
0.0066436,0.00211128,0.00428389,0.0121972,0.00770104,0.00291449,0.0025666,0.0129798,0.0337011,0.0281385,0.00792849,0.0119102
0.0032997,0.000795175,0.00485779,0.0123356,0.00883218,0.00375926,0.00289771,0.0113488,0.0401319,0.0393096,0.0136045,0.0062246
0.00389545,0.00142667,0.00668073,0.0151043,0.00862785,0.00153607,0.00232908,0.015459,0.0396651,0.0305976,0.0105129,0.00844644
0.00515396,0.00267037,0.0081906,0.0160047,0.00893127,0.00240458,0.00190924,0.0181328,0.0465638,0.038499,0.00966343,0.00760507
0.00336062,0.00245199,0.00662444,0.014735,0.00908039,0.00215947,0.00273782,0.0178961,0.0543855,0.0304246,0.00487673,0.00441648
0.00282616,0.00117506,0.00552725,0.0144986,0.00956482,0.0021879,0.00219581,0.0207331,0.0639501,0.0415266,0.00426798,0.00367321
0.00465135,0.00199375,0.00586446,0.0153846,0.0090444,0.00168862,0.00272096,0.0317769,0.0787876,0.0444932,0.00541245,0.00367407
0.00441879,0.00174217,0.00580993,0.0114955,0.00554684,0.00262424,0.00399445,0.0284821,0.0731363,0.0425508,0.00541579,0.00436548
0.00319064,0.00222235,0.00428123,0.0109635,0.00766609,0.00535165,0.00418235,0.0151428,0.045826,0.0269862,0.00370601,0.00297929
0.00305634,0.00109505,0.00457168,0.0115128,0.00985143,0.0100964,0.00678367,0.0170007,0.0415697,0.0267235,0.00716006,0.00564676
0.00466833,0.00126077,0.00430579,0.00985033,0.00758965,0.00869665,0.00612661,0.0172667,0.0407042,0.0231434,0.00336004,0.00434567
0.00418605,0.00221621,0.00531908,0.0080534,0.00416673,0.00399403,0.00243175,0.0140015,0.0372817,0.0212893,0.00405297,0.00435831
0.00399818,0.00196991,0.00336324,0.00956543,0.0102496,0.00726371,0.00326199,0.0121204,0.0329173,0.0208217,0.00473056,0.00285471
0.00227378,0.0013537,0.00312942,0.0102301,0.00896051,0.00411915,0.00217313,0.0143803,0.0335478,0.0201747,0.00363583,0.00161322
0.00195463,0.00222974,0.00497075,0.0112651,0.0085106,0.00522521,0.00245688,0.0143959,0.032534,0.0179896,0.00398807,0.00245759
0.00343603,0.00763881,0.0199288,0.0123322,0.00789992,0.00329628,0.00174912,0.0116185,0.0317675,0.0195642,0.00372718,0.00333513
0.00274328,0.0134397,0.0307813,0.0208846,0.00668919,0.0021829,0.00320311,0.0122669,0.0352088,0.0251083,0.00537535,0.00235395
0.00394253,0.0167572,0.0386897,0.0272844,0.00960887,0.00383965,0.00557119,0.0200017,0.0405519,0.0282625,0.00713414,0.00358984
0.00562527,0.0131602,0.00774353,0.00589005,0.00391792,0.00442763,0.00829414,0.015324,0.0268132,0.0207791,0.00544114,0.00208644
0.00515635,0.0141656,0.00904809,0.00467762,0.0026788,0.00397472,0.00956905,0.011807,0.0211852,0.0128854,0.0016224,0.00162448
0.0106096,0.0251773,0.0170146,0.00750156,0.00446167,0.00376866,0.00742514,0.00974551,0.017115,0.0102949,0.00230997,0.00171344
0.0188427,0.0329346,0.0123704,0.00290228,0.00253275,0.00267613,0.00589997,0.0132846,0.019561,0.00979409,0.00220042,0.00222639
0.00990059,0.0278842,0.0191931,0.00552354,0.00460318,0.00229093,0.00584145,0.0133281,0.0185017,0.0100687,0.00194418,0.00127925
0.00785645,0.022589,0.0172962,0.00608275,0.00444453,0.0037725,0.00992018,0.0207866,0.0234129,0.0105687,0.00148564,0.00194134
0.0138515,0.0258764,0.0128605,0.0052357,0.00356567,0.00365492,0.0103828,0.0242824,0.0232767,0.00889059,0.0017698,0.00203625
0.0178721,0.0336358,0.0162178,0.0043255,0.0032729,0.00275538,0.0113793,0.0229095,0.019414,0.00778052,0.00187345,0.00179866
0.00691135,0.0121003,0.0109938,0.00353709,0.00321491,0.00255334,0.0121876,0.0256153,0.0166409,0.00631232,0.0026568,0.0016602
0.00761659,0.0211214,0.0143488,0.00287861,0.00225122,0.0022371,0.0131636,0.0286147,0.0187372,0.00565245,0.00256978,0.00241989
0.0151467,0.0252798,0.0138199,0.00429837,0.00172149,0.0021483,0.0135071,0.0311052,0.0209136,0.00644692,0.00206053,0.00259936
0.0128861,0.0283029,0.0178384,0.00488452,0.00247996,0.00231007,0.014495,0.0322919,0.0219579,0.00735837,0.00317833,0.00176827
0.00579393,0.015851,0.0147911,0.00457693,0.00199205,0.00203814,0.0150288,0.0340092,0.0239468,0.00923156,0.00281313,0.000902348
0.00675261,0.0232157,0.0156031,0.00256162,0.00213751,0.00230069,0.0145487,0.0342641,0.0242093,0.00714788,0.00228169,0.00175836
0.0116074,0.0226228,0.0117778,0.00212517,0.00172036,0.00134026,0.0146232,0.0351073,0.0222091,0.00630728,0.00244303,0.0024819
0.00588047,0.0150607,0.0116288,0.00543847,0.00289427,0.00317699,0.0175922,0.0361622,0.022286,0.00624456,0.00307934,0.00176017
0.00448493,0.0174974,0.017358,0.00572935,0.00223644,0.00321483,0.0179232,0.0374217,0.0232489,0.00849602,0.00239209,0.00174264
0.00756068,0.0206967,0.0154653,0.00356936,0.00200718,0.00330607,0.018241,0.0376669,0.0250233,0.00742219,0.002632,0.00195521
0.0112335,0.0308314,0.0201397,0.00252352,0.00168115,0.00242646,0.0156199,0.0350052,0.0216866,0.00640299,0.002046,0.00245834
0.00632095,0.0210148,0.0142288,0.00211549,0.00167221,0.00205911,0.0162279,0.0348283,0.0241595,0.00807201,0.00288895,0.00222611
0.00961214,0.0312864,0.0234157,0.00483468,0.0019518,0.0028392,0.0160005,0.0343189,0.0247479,0.0102233,0.00228814,0.00189409
0.00388951,0.0166729,0.0145471,0.00417436,0.00145197,0.00219914,0.015379,0.0314698,0.021191,0.00623325,0.00169598,0.00107178
0.00408481,0.0138014,0.0111247,0.00264273,0.00111992,0.00169841,0.0123283,0.0284035,0.0228556,0.0237013,0.0116992,0.00190003
0.00369096,0.0104657,0.00706624,0.00184532,0.00136827,0.00182079,0.0114067,0.0250342,0.0184918,0.0137808,0.00615381,0.0019043
0.00106994,0.0030472,0.00372953,0.00186777,0.00098196,0.0021537,0.0116544,0.0228714,0.0212234,0.0218314,0.00993976,0.00118658
0.00150616,0.00560182,0.00553462,0.00179012,0.00149156,0.00342367,0.013125,0.0208956,0.018716,0.0227968,0.00956387,0.00142238
0.00114074,0.00356017,0.0052596,0.00298697,0.00216069,0.00414615,0.0125433,0.0200009,0.025476,0.0340086,0.0142942,0.00101227
0.00276714,0.00502327,0.00561351,0.00381852,0.00281696,0.00526707,0.0111162,0.0151401,0.0276838,0.0420494,0.019005,0.00271981
0.00251596,0.00492939,0.00438187,0.00209382,0.00200077,0.00370088,0.0086778,0.0133011,0.0285345,0.0435178,0.0173585,0.00141037
0.00253784,0.00559799,0.00574649,0.00285699,0.00205032,0.00298526,0.0165508,0.0285442,0.0123011,0.0180676,0.00868003,0.00187519
0.00220984,0.0051632,0.00455238,0.00194711,0.00145736,0.00591634,0.0256107,0.0367798,0.0248587,0.0211779,0.00847666,0.00160695
0.00181903,0.00328207,0.00289094,0.00336088,0.00273564,0.00558048,0.0295762,0.0457125,0.021266,0.0122874,0.00381359,0.00171685
0.00286752,0.00763358,0.00668554,0.00360091,0.0027054,0.00633817,0.0185104,0.0342735,0.0193299,0.0125879,0.00512894,0.000601133
0.00391053,0.00757873,0.00450086,0.00348869,0.0038062,0.0115589,0.0228659,0.0222248,0.0118124,0.0174924,0.00694662,0.00133501
0.00329944,0.00729916,0.00443301,0.0033198,0.00400504,0.0107009,0.0254838,0.0189261,0.0102611,0.0126399,0.00586903,0.0015744
0.00305023,0.00735568,0.00430864,0.00292389,0.00333801,0.00996531,0.0203139,0.0114612,0.00295529,0.00603365,0.00369283,0.00167189
0.00315374,0.00632984,0.00414651,0.00446956,0.003379,0.0132289,0.0304927,0.0208022,0.00775906,0.00844486,0.00646368,0.00244914
0.00337044,0.00655211,0.00364029,0.00272702,0.00258674,0.0120263,0.0223319,0.0110774,0.0034462,0.00356375,0.00382267,0.0018771
0.00331184,0.00637028,0.00426477,0.00335581,0.00196634,0.00937327,0.0195357,0.00961941,0.00307311,0.00305538,0.00438847,0.00208894
0.00336419,0.0091783,0.0166927,0.013016,0.00451022,0.00696333,0.0170068,0.0143271,0.00598489,0.00412933,0.00266666,0.00152779
0.00259798,0.00690171,0.0141189,0.0113084,0.00313911,0.00939021,0.0162699,0.00636708,0.00267908,0.00316631,0.00220338,0.00142435
0.00267581,0.00685628,0.0128786,0.00687134,0.00161775,0.0079984,0.0148343,0.00797459,0.00547641,0.00807502,0.0051027,0.00129368
0.00542934,0.0134466,0.0107832,0.00394986,0.00120484,0.00574247,0.0124422,0.00862285,0.00317205,0.00520745,0.00308643,0.00246758
0.0193792,0.0174748,0.00871071,0.00465373,0.00135827,0.00532862,0.0115675,0.00943791,0.0042285,0.00216448,0.00175826,0.00469178
0.0312201,0.0216222,0.00528973,0.00231603,0.00221551,0.00589972,0.0120947,0.00843269,0.00279864,0.00137136,0.00137271,0.0115049
0.00876256,0.00894753,0.00511886,0.00329646,0.00243858,0.00644588,0.0113865,0.00478256,0.00244115,0.0031712,0.00167755,0.00223783
0.0201517,0.0106432,0.00298817,0.0014815,0.00108221,0.00314288,0.00669417,0.0052385,0.00124062,0.00127986,0.0028376,0.0149989
0.0175333,0.00576292,0.00399626,0.00349979,0.00122347,0.00331051,0.00711804,0.00459685,0.00203078,0.00107573,0.00408711,0.0183933
0.019784,0.00603946,0.00166762,0.00193676,0.00102252,0.00293772,0.00601351,0.00344542,0.000885324,0.00114379,0.00538035,0.0233898
0.0139994,0.00390688,0.00257788,0.00172618,0.00155736,0.00590782,0.00769834,0.00362869,0.000831095,0.000896916,0.00976482,0.0239505
0.00872189,0.00399003,0.00149916,0.00149811,0.00157756,0.00515541,0.00774809,0.00445046,0.000930646,0.000882882,0.00854787,0.0215049
0.0206551,0.00352259,0.000912429,0.00110393,0.00189975,0.00648984,0.00833089,0.00435454,0.00101557,0.000849984,0.00603715,0.025502
0.0185697,0.00380185,0.00251191,0.00155323,0.0030399,0.00788744,0.00722513,0.00308662,0.00149669,0.00137104,0.00572783,0.0278639
0.0213625,0.0044197,0.00168823,0.00141118,0.00353571,0.0110508,0.0100096,0.00334461,0.00113655,0.00132147,0.0105104,0.0308437
0.0101886,0.00271653,0.00079992,0.000814692,0.00454337,0.013424,0.0102625,0.00229747,0.000883468,0.000907637,0.00637214,0.0198341
0.0261439,0.00658693,0.00157707,0.00129448,0.00552741,0.0156802,0.0129189,0.00444201,0.0012552,0.00111271,0.00653401,0.0323621
0.0193355,0.00369279,0.00109151,0.00104666,0.00613546,0.0169473,0.0118797,0.00296354,0.000946034,0.00121106,0.00720529,0.0291403
0.0177591,0.00255398,0.000862295,0.00113166,0.00644617,0.0176328,0.0124903,0.00284351,0.000671814,0.000585684,0.00973344,0.0279957
0.0158405,0.00234449,0.000592347,0.000700352,0.00658995,0.0169381,0.0109037,0.00246729,0.000991866,0.000929428,0.00690936,0.0249762
0.0190498,0.0034798,0.000684429,0.000719794,0.00654768,0.0163562,0.0110724,0.0031944,0.00074917,0.00117612,0.0058095,0.025222
0.0143576,0.0021599,0.000547975,0.000630454,0.00701912,0.0164132,0.010473,0.00245911,0.00104968,0.00122847,0.00691367,0.0241354
0.0179753,0.0027362,0.000727389,0.000763177,0.00716362,0.017389,0.0118286,0.00297007,0.000895131,0.00113397,0.00653148,0.0262606
0.0124089,0.00224704,0.000990763,0.00092199,0.00667616,0.0162235,0.0100201,0.00206171,0.00065941,0.000913061,0.00408169,0.0173971
0.0129169,0.00221111,0.000872422,0.000717987,0.00660845,0.01556,0.00915434,0.00191999,0.000750172,0.000789225,0.00467216,0.018545
0.0102619,0.00169065,0.000760505,0.000664358,0.0064091,0.0155247,0.0095463,0.00193846,0.000436344,0.000476203,0.00526,0.0176395
0.0132528,0.00302237,0.000815494,0.000803021,0.00640603,0.0152795,0.0101694,0.00333868,0.00107405,0.00061955,0.00195056,0.0140195
0.00990423,0.00347358,0.000568297,0.00061381,0.00631525,0.0147501,0.0105044,0.00423519,0.00105318,0.00057543,0.00188621,0.00789964
0.00941473,0.00463466,0.00109428,0.000400105,0.00620237,0.014874,0.00823327,0.00145973,0.000947742,0.000886152,0.0028203,0.0102345
0.00369337,0.00161278,0.000758298,0.000687758,0.00581764,0.0148559,0.00981749,0.00543982,0.00433625,0.00142283,0.000464709,0.00300364
0.00509293,0.00142129,0.000768347,0.000694679,0.0057359,0.014202,0.00859743,0.00401948,0.0032775,0.000912752,0.000782522,0.0052602
0.00397859,0.0017544,0.000711919,0.00114089,0.00605007,0.0149224,0.0100525,0.00622299,0.0040167,0.00114053,0.00149356,0.00477792
0.00374362,0.00165748,0.000435317,0.00128219,0.00594116,0.0141871,0.00998491,0.00518081,0.00214755,0.00114816,0.00139187,0.00308677
0.00389283,0.00123658,0.000663498,0.00124143,0.00489066,0.0104658,0.00758567,0.00685205,0.00385459,0.00139413,0.00144992,0.00379788
0.0023051,0.00134744,0.000964254,0.0031622,0.00671577,0.0078579,0.00615465,0.0105984,0.0079303,0.00175562,0.00204669,0.00283682
0.00237719,0.00183435,0.00144938,0.00302761,0.0055394,0.00671424,0.00654425,0.0126214,0.00874682,0.00204117,0.00142581,0.00210195
0.00295408,0.00135247,0.00114636,0.00297004,0.00839736,0.00737083,0.00354659,0.0080737,0.0068093,0.00183855,0.00123882,0.00283643
0.00267236,0.00174988,0.00100861,0.00237609,0.00462348,0.00357071,0.0028712,0.00626235,0.00464462,0.000958451,0.000801448,0.00190908
0.00327868,0.00123569,0.00104243,0.00249296,0.00420252,0.00667755,0.00277851,0.00563105,0.00465158,0.00131901,0.00156147,0.00366496
0.00167784,0.00145433,0.00145012,0.00239243,0.00734977,0.0103325,0.0044855,0.00302373,0.00328679,0.00122597,0.00170865,0.00261938
0.00188649,0.00112838,0.0011266,0.00304045,0.00944745,0.0130939,0.00679524,0.0025673,0.00278064,0.000994455,0.00136088,0.00258046
0.00207177,0.00130127,0.0011611,0.00319447,0.0108235,0.0151708,0.00671882,0.00213109,0.00221779,0.00120868,0.00166206,0.00325822
0.00127639,0.00144283,0.00117674,0.00305663,0.00698234,0.00630338,0.00284879,0.0022751,0.0019904,0.00057496,0.00155496,0.00186525
0.00119326,0.000882872,0.00117231,0.00203748,0.00639066,0.00630008,0.00296711,0.00205363,0.00121229,0.00102343,0.00152448,0.00239861
0.00145862,0.000920528,0.00109252,0.00322186,0.00931128,0.00662747,0.00228281,0.00182613,0.00159285,0.00124219,0.00156901,0.00258322
0.000684906,0.000953351,0.000820001,0.00324909,0.00936053,0.0074302,0.00236869,0.00212123,0.00182709,0.00037683,0.00147074,0.00243679
0.000630103,0.000878959,0.000705116,0.00557922,0.0097401,0.00672248,0.00239217,0.00213019,0.00155421,0.000823342,0.000960325,0.00142685
0.00109998,0.00145637,0.00286689,0.00262705,0.00422843,0.00337096,0.0013269,0.000673978,0.000914312,0.00178267,0.00189104,0.00220679
0.00127182,0.00118115,0.003281,0.00375724,0.00661886,0.00421024,0.00193886,0.00157731,0.0011702,0.0012644,0.00125776,0.00186002
0.000952699,0.000426098,0.00137716,0.00319477,0.00546184,0.00348589,0.00141007,0.00139888,0.00142422,0.00130878,0.00125392,0.00152751
0.000652685,0.000574852,0.00217184,0.00335496,0.00476437,0.00193446,0.000712751,0.00127869,0.00134508,0.0012632,0.00126874,0.000693374
0.00216542,0.00160374,0.00279288,0.00352453,0.00480144,0.00267075,0.0008923,0.00114155,0.00117257,0.000768058,0.00104825,0.00101073
0.00327944,0.00234753,0.00272868,0.00351675,0.00500838,0.0028314,0.00107664,0.00127418,0.00144988,0.000912023,0.000785301,0.00197937
0.00309641,0.00191001,0.00112077,0.00248807,0.00484217,0.00312776,0.00150139,0.00258066,0.00208917,0.000811627,0.000840156,0.00152284
0.00389135,0.00198023,0.00174035,0.00295845,0.00510818,0.00222112,0.000948471,0.00211537,0.00169318,0.000637828,0.00105176,0.00236641
0.00389984,0.00197324,0.00152953,0.00292868,0.00495888,0.00268878,0.000748044,0.00138643,0.00101863,0.000644023,0.000812076,0.00268191
0.00162899,0.00130488,0.000878711,0.00252953,0.00464242,0.0027091,0.000977411,0.000680904,0.000866004,0.00086269,0.00246035,0.00159593
0.00146136,0.00135358,0.00120777,0.00228795,0.00449879,0.00268291,0.00101713,0.00061034,0.000465658,0.00129624,0.0027314,0.00214639
0.000874734,0.000763957,0.000781675,0.00206382,0.00439177,0.00288296,0.000900972,0.000841702,0.000756846,0.00155558,0.0036571,0.0018089
0.000581538,0.00068426,0.000829241,0.00228274,0.00446151,0.00249816,0.000763999,0.000833297,0.000749953,0.00127082,0.00354029,0.00193807
0.000874101,0.00114841,0.00135238,0.00209946,0.00429399,0.00346777,0.00127775,0.00089418,0.000855402,0.00157951,0.00354798,0.00215428
0.00116353,0.000526428,0.000607818,0.00175302,0.00372421,0.0036061,0.00152653,0.000824974,0.000516387,0.00195931,0.00567362,0.00399624
0.000874755,0.000558148,0.000724594,0.00146974,0.00339609,0.00323855,0.00175137,0.0013159,0.000839511,0.00200208,0.00508774,0.00364089
0.000814538,0.000447926,0.00120732,0.00292528,0.00378484,0.00218076,0.000793762,0.000698791,0.00110425,0.00164549,0.00302642,0.00229771
0.000523692,0.000480487,0.000920183,0.00114201,0.0022685,0.00159746,0.000778035,0.000696072,0.00284329,0.00600807,0.00428571,0.00161598
0.00076984,0.000394678,0.00111015,0.002084,0.00268073,0.00180171,0.000630333,0.000716715,0.00257627,0.00700996,0.00493566,0.00157822
0.000406429,0.000402304,0.00118576,0.0024526,0.00285645,0.00151182,0.000492543,0.000416268,0.00242838,0.00739494,0.00530903,0.00146178
0.000640518,0.00056668,0.00134976,0.00354369,0.00370614,0.00193046,0.000573477,0.000780159,0.00321682,0.00910355,0.00584147,0.00117343
0.00102231,0.000565144,0.00131185,0.00357678,0.00294296,0.00200333,0.00103295,0.00120516,0.00425705,0.0122612,0.00744464,0.00132956
0.000853791,0.0005323,0.00167521,0.00421531,0.00415944,0.00316717,0.00116564,0.000854736,0.00551079,0.0145583,0.0080854,0.000978462
0.000747649,0.000506451,0.00210618,0.00508785,0.0035729,0.00276571,0.00152053,0.000990023,0.00590983,0.0162189,0.00979537,0.00170934
0.00092437,0.000673856,0.00240875,0.00549959,0.00373927,0.00261508,0.00110366,0.00130436,0.00738729,0.0196289,0.0117377,0.00152145
0.000831566,0.000454893,0.00216943,0.0052393,0.00398465,0.00214361,0.000937997,0.00108313,0.00681799,0.0195176,0.0118129,0.00179307
0.000862533,0.000562005,0.00242816,0.00571566,0.00396279,0.00168153,0.00075078,0.00119688,0.00730704,0.0209624,0.0123886,0.00173683
0.000877477,0.000581057,0.00273813,0.00606339,0.00411921,0.00153826,0.000614061,0.000817732,0.00833537,0.0224384,0.0131537,0.00180298
0.000398534,0.000424281,0.00291439,0.00662798,0.00473992,0.00158574,0.000547202,0.00076585,0.00874062,0.0223637,0.0124036,0.0012739
0.000486303,0.000561801,0.00298626,0.00699064,0.00503238,0.0016053,0.00049793,0.000759534,0.0100139,0.0237441,0.0128273,0.00159618
0.000427534,0.000336338,0.00338463,0.00775488,0.00514373,0.00154608,0.000502981,0.000726791,0.0075756,0.0205529,0.0120912,0.00183979
0.000354071,0.000418344,0.0035552,0.00827796,0.00564528,0.00176774,0.000492366,0.000523799,0.00870104,0.022602,0.0131337,0.00167962
0.000526423,0.000520843,0.00408837,0.00924306,0.00609522,0.00175795,0.000837295,0.00094994,0.00906905,0.0238714,0.0140449,0.00183855
0.000374383,0.000545146,0.00421075,0.00994216,0.00653666,0.0015656,0.000552012,0.000930555,0.00883623,0.0244401,0.0144261,0.00188218
0.000575441,0.000441464,0.00411707,0.0102356,0.00674678,0.00163397,0.00048175,0.000796113,0.00914614,0.0249326,0.0147007,0.00213037
0.00052888,0.000519717,0.00445888,0.0104352,0.00656765,0.00148904,0.000531382,0.000915872,0.00834546,0.0230322,0.014168,0.00196791
0.000303732,0.000355081,0.00435629,0.00967832,0.00584649,0.00133016,0.000455393,0.000817354,0.0071234,0.0213436,0.0134028,0.00190809
0.000312591,0.000481422,0.00440305,0.00919288,0.00507359,0.00103865,0.000398838,0.000627039,0.00729144,0.0234278,0.0154306,0.00233001
0.000509953,0.000517882,0.00392892,0.00940573,0.00544378,0.00112301,0.000787678,0.000917671,0.00792204,0.02402,0.0153769,0.00204756
0.000288257,0.00053023,0.00376645,0.00946677,0.00562116,0.00125022,0.000832315,0.00135719,0.0105327,0.0250928,0.014176,0.00194864
0.000267074,0.000340025,0.00357824,0.00801822,0.00459489,0.000924424,0.000712733,0.00121066,0.00744947,0.0198237,0.0124331,0.00200723
0.000287492,0.000297091,0.00331166,0.00710471,0.00367758,0.000547407,0.000571565,0.000785699,0.00356711,0.0140637,0.0107493,0.00191161
0.00036295,0.000402172,0.00319687,0.00684418,0.00372175,0.000597564,0.00044524,0.000811889,0.00513428,0.0151085,0.00973698,0.001567
0.000310629,0.00017523,0.00240031,0.0057347,0.00387658,0.000986789,0.000418126,0.000892804,0.00828711,0.0182838,0.00990817,0.00129109
0.000437637,0.000186396,0.00193272,0.00487044,0.00351175,0.000938796,0.000440698,0.000864376,0.00772186,0.0176912,0.00965302,0.00117548
0.00025899,0.000223714,0.0019101,0.00416253,0.00189924,0.000481677,0.000368913,0.000473558,0.0026102,0.0100314,0.00715719,0.00114591
0.000278011,0.000251406,0.00201072,0.00430481,0.00239231,0.000569039,0.000311254,0.000510617,0.00342352,0.0108426,0.00751884,0.00132979
0.000285526,0.000216314,0.00208961,0.00442371,0.00261248,0.000522176,0.000292536,0.000505233,0.00554797,0.0132064,0.00737493,0.00110704
0.000268566,0.000165887,0.00181375,0.00398733,0.00245598,0.000728051,0.000407477,0.000479514,0.00483579,0.013449,0.00823553,0.00119418
0.000282942,0.000268054,0.00167707,0.00369874,0.00211637,0.000366929,0.0003184,0.000422901,0.00261362,0.00935567,0.00674043,0.00122471
0.000405074,0.000381412,0.00175042,0.00331168,0.00186704,0.000465367,0.000344384,0.000453785,0.00222223,0.00720917,0.00504564,0.00101898
0.000268498,0.000234487,0.0011104,0.00198295,0.00111342,0.000578415,0.000327388,0.000433203,0.00349401,0.00934814,0.00543604,0.000573859
0.000376379,0.000408049,0.00130777,0.00218208,0.00166191,0.000746117,0.000692429,0.000491635,0.00459364,0.0121605,0.00702423,0.000812664
0.000201358,0.00038243,0.00108077,0.00182058,0.00117561,0.000567999,0.000584821,0.000458275,0.00298528,0.00887999,0.00554383,0.000817742
0.000281231,0.000450294,0.00125645,0.0014516,0.000972895,0.00065847,0.000660771,0.000333626,0.00232255,0.00681601,0.00447358,0.000746117
0.000275404,0.000357199,0.00136243,0.00156844,0.00106301,0.000515755,0.000434986,0.000391647,0.000743313,0.00230587,0.00192687,0.000510154
0.000251987,0.000503197,0.000931082,0.00100436,0.000899939,0.000642336,0.000553555,0.000336121,0.00100547,0.00299928,0.00238057,0.00084911
0.000236746,0.000526845,0.00122948,0.00097592,0.000719938,0.000784224,0.000790593,0.000505649,0.00131346,0.00382981,0.0031625,0.00100539
0.000293875,0.000475742,0.000945756,0.000785309,0.00079635,0.000638254,0.000651499,0.00048398,0.000969651,0.00275087,0.00277488,0.00125971
0.000185712,0.000357715,0.000955625,0.000912926,0.000597145,0.000465359,0.000569593,0.000320388,0.00105234,0.00287391,0.00294511,0.00119754
0.000396162,0.00122579,0.00221641,0.00107374,0.000594625,0.000664587,0.000666829,0.000455873,0.00152991,0.00327631,0.0022197,0.00143512
0.000364347,0.00147434,0.00330189,0.00188435,0.000829375,0.00199409,0.00176511,0.000660199,0.00186262,0.00425173,0.0037117,0.00184218
0.000428666,0.0016954,0.00376388,0.00206348,0.00143565,0.00250416,0.00141623,0.000545101,0.00152129,0.00330667,0.00386517,0.00206085
0.000546877,0.00168132,0.00361336,0.00183638,0.000669685,0.00254993,0.00192425,0.000396025,0.00116028,0.00331437,0.00459978,0.00220893
0.000674879,0.00173481,0.00349131,0.00166883,0.00125311,0.00277621,0.00191531,0.000495482,0.00110714,0.00354517,0.00497784,0.00214692
0.000610943,0.0016714,0.00356717,0.00195872,0.000747766,0.00192855,0.00160171,0.00047809,0.000988105,0.00300529,0.00466225,0.00233913
0.00173616,0.00214009,0.00356351,0.00177754,0.00075073,0.00139528,0.00142732,0.000878751,0.00111197,0.00317825,0.00483917,0.00316803
0.00280011,0.00317051,0.00336456,0.00136258,0.000777918,0.00154442,0.00154564,0.00070059,0.000736072,0.00163386,0.00303035,0.00214934
0.00371905,0.00350891,0.00284155,0.00147147,0.000501438,0.00113077,0.00129675,0.00072085,0.000648412,0.00147619,0.00181334,0.000926422
0.00518381,0.00491469,0.00331752,0.00158892,0.000750611,0.00136782,0.00149428,0.00106821,0.0010761,0.00143019,0.00151865,0.001758
0.00634755,0.00534916,0.00353251,0.00189741,0.000748509,0.00113053,0.00123684,0.00104792,0.00104949,0.00167323,0.00120639,0.00239303
0.00855437,0.00653191,0.00401228,0.00211027,0.000692529,0.00133778,0.00184145,0.00155489,0.00122926,0.00176767,0.0011435,0.00330353
0.00502327,0.00384084,0.00428303,0.00226388,0.00047461,0.000890064,0.0019158,0.00122895,0.00132148,0.00249229,0.0015883,0.00194304
0.00289385,0.00218594,0.00728665,0.00393453,0.000482549,0.00113215,0.00197641,0.00103793,0.00166434,0.00409477,0.00248047,0.00193326
0.00271698,0.00321334,0.00956177,0.00541635,0.000865251,0.00145982,0.00198799,0.00110553,0.00129146,0.00427007,0.00269306,0.00145293
0.00149093,0.00326672,0.00835858,0.00461907,0.000807739,0.00111965,0.00151038,0.00107746,0.00209451,0.00533497,0.00324678,0.00105982
0.00162344,0.00311924,0.00682131,0.00445568,0.00100004,0.00128063,0.00182153,0.000816188,0.00207151,0.00569516,0.00371014,0.00104938
0.00134539,0.0024292,0.00685002,0.00484979,0.00153981,0.00154203,0.00241553,0.00124496,0.00221503,0.00531638,0.00356373,0.00096908
0.00114347,0.00212018,0.00449644,0.00412356,0.00142344,0.00110771,0.00167256,0.000865716,0.00182318,0.00557461,0.00447401,0.00117788
0.000638652,0.00245366,0.00757833,0.00959453,0.0040104,0.000882012,0.00111416,0.000608541,0.00228106,0.00647074,0.00605982,0.00183567
0.000872707,0.00157952,0.00651603,0.00770679,0.00333666,0.0006008,0.000690525,0.000385304,0.00255007,0.00694609,0.00628752,0.00184645
0.000695607,0.00191563,0.0056782,0.00475718,0.00216833,0.00451613,0.00215844,0.000607422,0.0025194,0.00725117,0.00501153,0.0016656
0.000856898,0.00173163,0.00362133,0.00453753,0.00453349,0.00832227,0.0053307,0.000591936,0.002537,0.00736873,0.00463697,0.00124155
0.000883247,0.0015817,0.00332305,0.00238139,0.00361652,0.0104365,0.00593669,0.000673667,0.00220892,0.00701931,0.00531589,0.000928433
0.000569403,0.00150189,0.00322614,0.00234289,0.00422357,0.00794313,0.00497676,0.00146891,0.00235681,0.00634164,0.00438345,0.000844057
0.000785988,0.0018985,0.0037252,0.00272938,0.000939983,0.00190928,0.00218946,0.00653673,0.00621902,0.00597962,0.00359346,0.000789358
0.000566437,0.000554735,0.0018605,0.00191753,0.00133687,0.00232395,0.00303542,0.00793938,0.00584132,0.00437781,0.00311307,0.000891334
0.000505049,0.000831059,0.00165367,0.00204669,0.00133986,0.000944012,0.00402887,0.00777142,0.00503422,0.00405354,0.00305513,0.000820588
0.00062333,0.00119841,0.00204105,0.00175674,0.00101996,0.00131515,0.00370926,0.0079764,0.00482698,0.00289213,0.00183338,0.000566196
0.000453703,0.000629163,0.00184579,0.00189026,0.000513135,0.00220645,0.00185228,0.00501116,0.00604136,0.00457758,0.00164586,0.000439325
0.000429138,0.0006372,0.00134256,0.00151777,0.00122412,0.00209145,0.00104985,0.00317106,0.00855361,0.00667593,0.00182291,0.000391326
0.000530743,0.000713634,0.00148327,0.000968798,0.000421382,0.00110696,0.00134402,0.00504035,0.0100706,0.00591468,0.00107555,0.000768615
0.000667357,0.000697938,0.00145859,0.00121047,0.000988194,0.00159415,0.00187103,0.00609439,0.00808438,0.003862,0.000952643,0.00123493
0.00141947,0.000518499,0.00150313,0.00169494,0.00139757,0.00259286,0.0021283,0.00379795,0.00841648,0.00496995,0.00172325,0.0019644
0.00133385,0.000937846,0.00109825,0.000783987,0.000988505,0.00252729,0.00185458,0.00495131,0.0141327,0.00840715,0.00134995,0.00209435
0.00113079,0.000524468,0.00082136,0.00107279,0.00107972,0.00135071,0.00138989,0.00821082,0.0183519,0.00932087,0.00109223,0.00137624
0.00125455,0.000504479,0.000522831,0.000680239,0.000597348,0.00132944,0.00200027,0.00416227,0.00416606,0.00203466,0.000803498,0.00161772
0.00100034,0.000506551,0.000876556,0.000831494,0.000465775,0.000931226,0.00106095,0.0056162,0.0131579,0.00653504,0.00107651,0.00182762
0.00154145,0.000571246,0.000661262,0.000579297,0.000367043,0.00118209,0.00164201,0.00730719,0.016103,0.00768262,0.00103552,0.00226902
0.00208468,0.000379673,0.000666449,0.000989903,0.000604091,0.00108343,0.00194376,0.00612517,0.0144747,0.00719757,0.00176481,0.00386633
0.00246468,0.000456308,0.000916615,0.00101873,0.00060178,0.00142013,0.00162177,0.00876119,0.0132809,0.00597143,0.00196578,0.0044124
0.00294178,0.00055074,0.00038887,0.000591949,0.000441576,0.00149867,0.00346595,0.00439855,0.00556409,0.00253546,0.00217697,0.00529761
0.00269884,0.000487117,0.000404212,0.000577786,0.000403481,0.00188202,0.00518345,0.00581002,0.00196027,0.00232761,0.00207137,0.00514149
0.00317935,0.000292584,0.000725522,0.00125954,0.000613198,0.00176805,0.00431133,0.00897359,0.00626109,0.00218966,0.00202925,0.0057045
0.00282418,0.000522941,0.000682229,0.00128803,0.000846633,0.00208963,0.00544408,0.00806692,0.00721865,0.00244047,0.00195146,0.0046706
0.00172777,0.000301268,0.000883252,0.00144703,0.000809363,0.00159132,0.00377479,0.0145969,0.011349,0.00174812,0.00107907,0.00291803
0.00191121,0.000543168,0.00126099,0.00238729,0.00126246,0.000352056,0.00484828,0.0196399,0.0144407,0.00267843,0.00222174,0.00484464
0.00365187,0.00068003,0.00106976,0.00269591,0.00154271,0.0014814,0.00624757,0.0039668,0.00324152,0.000684042,0.00236906,0.00620464
0.00257051,0.000566207,0.000401839,0.000904609,0.00329593,0.00866048,0.00717794,0.00695713,0.00513847,0.00189998,0.00199974,0.00470909
0.00309054,0.000267356,0.000298373,0.000487485,0.00417885,0.0123765,0.00629765,0.00169496,0.00163968,0.00145435,0.00239491,0.00610081
0.00304293,0.000798753,0.000572737,0.00142765,0.00682875,0.0135515,0.00739904,0.00615071,0.00356818,0.00106829,0.00307346,0.00798821
0.00669885,0.00110276,0.00139677,0.00324144,0.00893005,0.0184832,0.00701859,0.00537836,0.00324373,0.00144663,0.00380494,0.0112296
0.0039839,0.000766847,0.00078227,0.00172078,0.00601476,0.0194216,0.0118028,0.00259615,0.00203004,0.000773938,0.00130854,0.0055686
0.0018822,0.000595544,0.00102589,0.00199095,0.00643613,0.0226063,0.0121862,0.0019255,0.0021151,0.00127853,0.0024669,0.00507648
0.00483571,0.000548567,0.000898019,0.00235405,0.00936542,0.0227452,0.00919715,0.00201026,0.00349313,0.00131856,0.00330065,0.00948068
0.00535654,0.000734339,0.00106085,0.00216069,0.0102271,0.0281733,0.0162246,0.00335669,0.00129542,0.000660418,0.00330315,0.00953805
0.00560619,0.00108477,0.00256796,0.00463886,0.00637311,0.0131213,0.00948317,0.00424405,0.00184967,0.000856136,0.00189956,0.00815234
0.00641317,0.00137191,0.00169484,0.00692025,0.0201141,0.016088,0.0045777,0.001457,0.00175311,0.00130694,0.00406149,0.0103094
0.00342622,0.000792365,0.000946289,0.0043909,0.0163775,0.0120194,0.00138977,0.00136403,0.00135354,0.00156847,0.00313207,0.00778389
0.00402101,0.000956085,0.000816305,0.00487544,0.0169427,0.0130726,0.00448713,0.00320785,0.00206299,0.00221275,0.00646496,0.00793374
0.00223295,0.000861201,0.000583392,0.00631176,0.0232031,0.0132068,0.00299654,0.0026577,0.00153205,0.00346325,0.00605685,0.0045665
0.00313946,0.00102561,0.00104285,0.00952727,0.0317184,0.0228448,0.00398442,0.00154825,0.00154473,0.00293521,0.00819912,0.00753057
0.00273543,0.000621341,0.000843713,0.00657078,0.0244283,0.0151778,0.00331739,0.00140343,0.000771326,0.00402988,0.00942158,0.00949588
0.00175323,0.000547477,0.000860627,0.00642495,0.0272087,0.0188382,0.00265563,0.00109546,0.00107064,0.00405048,0.0106461,0.00905673
0.00208212,0.000465687,0.000840453,0.00795168,0.0320431,0.0264843,0.00679348,0.00272602,0.00155646,0.0042839,0.0116482,0.0121063
0.00191635,0.00046509,0.000422213,0.00750558,0.0286622,0.0185232,0.00298636,0.00159049,0.000910345,0.0045932,0.0125631,0.010553
0.00060282,0.000487016,0.000578295,0.00741372,0.0302827,0.0219919,0.00302342,0.00159705,0.00126511,0.00544797,0.013088,0.0117883
0.00142832,0.000468748,0.000415362,0.00798939,0.0330681,0.0258691,0.0048834,0.000953505,0.000735508,0.00571191,0.0147559,0.0136068
0.00131871,0.000391451,0.000715957,0.00622938,0.026749,0.0200181,0.00368587,0.00116786,0.000979022,0.00606024,0.0159516,0.0126422
0.00146795,0.000452604,0.000442211,0.00727978,0.0285957,0.0199188,0.00383323,0.00158701,0.00119581,0.00540563,0.0146847,0.0123025
0.00118134,0.00027704,0.000589587,0.00488789,0.0207309,0.0159679,0.00277302,0.00100956,0.000727445,0.0053893,0.0141841,0.0106805
0.00054927,0.000390758,0.000507178,0.00169202,0.00829582,0.00631175,0.00127415,0.000949696,0.000577733,0.00483002,0.0111367,0.00640479
0.000282118,0.00119401,0.00141348,0.00201539,0.00724225,0.00428642,0.000789988,0.000844902,0.000580809,0.00516768,0.0112562,0.00578161
0.00084472,0.00051164,0.00126631,0.00243023,0.00940073,0.00913197,0.00259865,0.00058164,0.000338007,0.00457092,0.0124814,0.00831549
0.000830589,0.000453062,0.00115635,0.00196718,0.00659252,0.00465462,0.000876623,0.00089084,0.000725866,0.00311255,0.00913996,0.00655793
0.000291737,0.000660299,0.00180125,0.00201062,0.00390651,0.0024408,0.00123019,0.000886805,0.000373244,0.00301884,0.00740044,0.00548028
0.000476039,0.00162973,0.00353447,0.00263023,0.00396117,0.00323743,0.000983295,0.00086969,0.000758199,0.00295017,0.00699142,0.00493103
0.000344498,0.0021506,0.00537325,0.00308779,0.00171607,0.00158948,0.00109982,0.000676242,0.000318106,0.00263191,0.00693179,0.00477601
0.000510973,0.000699218,0.00277397,0.00259984,0.00211492,0.00180648,0.000966703,0.000580341,0.000531172,0.00132723,0.0047413,0.00394175
0.00156276,0.00148143,0.00143273,0.00140299,0.0016671,0.00147128,0.000740215,0.000594189,0.000439704,0.00152659,0.00330058,0.00256794
0.00404124,0.00218011,0.00127932,0.00117321,0.00118974,0.0015237,0.00098419,0.000366846,0.000213685,0.00192946,0.00376082,0.00315161
0.00584224,0.00294176,0.0010513,0.000982014,0.00179983,0.00238301,0.00117937,0.000354219,0.000499587,0.00204404,0.00455744,0.00595119
0.00904595,0.00538211,0.00278396,0.00185515,0.00200111,0.00215594,0.00127479,0.000599292,0.000489925,0.00140349,0.0039852,0.00589425
0.0041658,0.00234718,0.00107778,0.00108951,0.00177388,0.00146636,0.000615058,0.000644178,0.00055619,0.0017679,0.00506503,0.00578824
0.00189818,0.00101489,0.00171969,0.00118476,0.00102038,0.00121725,0.000668869,0.000607273,0.000342903,0.00234467,0.00570516,0.00321452
0.00120331,0.000995767,0.00114822,0.000804676,0.00071535,0.000827819,0.000404966,0.000364619,0.000544962,0.00297758,0.00676349,0.00342191
0.00106447,0.000764797,0.000486402,0.000432497,0.000769171,0.000789116,0.00041325,0.000304324,0.0003939,0.00253077,0.00769836,0.00496801
0.00125711,0.000906994,0.000895796,0.000369653,0.000794106,0.000587756,0.00036937,0.000463354,0.000712358,0.00209623,0.00571446,0.00383855
0.000864238,0.000592696,0.000480838,0.000474781,0.00105832,0.00120684,0.00050628,0.000334777,0.00278095,0.00599871,0.00530147,0.00260465
0.000614338,0.000576355,0.000724282,0.000356657,0.000732236,0.000455088,0.000299879,0.000393516,0.00187419,0.0082916,0.00794662,0.00195475
0.000897931,0.000518401,0.000610461,0.000515346,0.000850359,0.000808718,0.000437678,0.000365913,0.00299897,0.0104386,0.0072125,0.0026131
0.000325014,0.000298707,0.000539232,0.000426987,0.000633878,0.000856906,0.00102125,0.0045139,0.00615338,0.00533182,0.00438632,0.00175905
0.000489325,0.000271771,0.000471853,0.000474351,0.00060427,0.000696249,0.00215017,0.00926948,0.00802575,0.00306896,0.00229799,0.00118586
0.000507393,0.000354894,0.000511953,0.00091117,0.000388213,0.00056137,0.00348184,0.0138849,0.0109231,0.00189204,0.00142895,0.000697867
0.00117785,0.000490032,0.000382953,0.000845885,0.000921505,0.00123554,0.00427883,0.015767,0.0129358,0.00178998,0.0021861,0.00101594
0.00150896,0.000715759,0.000473564,0.000971417,0.00144069,0.00230738,0.00159451,0.00379107,0.00533451,0.00315476,0.00203366,0.0011574
0.000942157,0.000623353,0.000464245,0.000984232,0.00394144,0.010026,0.00663779,0.00467894,0.00639126,0.00296177,0.000941971,0.00103564
0.00094729,0.000701419,0.000533495,0.000895602,0.00483247,0.0113617,0.00534589,0.00392721,0.00544661,0.00323118,0.00161604,0.00103896
0.00103476,0.000570948,0.000550731,0.000798137,0.00540913,0.0116151,0.00504102,0.00398933,0.00534206,0.00274409,0.00176285,0.00127105
0.000919003,0.000523413,0.000348385,0.000313125,0.00734064,0.0165468,0.00742238,0.0031401,0.00512704,0.0025159,0.00115149,0.00120982
0.000730093,0.000389634,0.000609832,0.0010093,0.00616883,0.0172881,0.00968136,0.00198177,0.00404787,0.00267852,0.00086317,0.00083325
0.000229891,0.000253272,0.000685152,0.00146907,0.00639216,0.0191352,0.0106407,0.00296107,0.00572389,0.00333229,0.000574858,0.00075081
0.000276019,0.000202351,0.000601401,0.00122963,0.00696472,0.0202896,0.0115414,0.00324543,0.00546186,0.00329997,0.000833242,0.000875044
0.000194873,0.000160007,0.00038498,0.000894958,0.0103712,0.026024,0.013612,0.00403636,0.00720467,0.00365517,0.000510823,0.00117019
0.000285846,0.000147425,0.000582295,0.0013668,0.00774541,0.0195402,0.0106141,0.00480146,0.00745267,0.00393882,0.000790409,0.00149243
0.00230925,0.0013239,0.00078197,0.00117226,0.00233127,0.0071958,0.00462649,0.00465862,0.00773578,0.00392518,0.00124658,0.00186177
0.0031281,0.00175977,0.000452218,0.000892682,0.0010776,0.00303808,0.00181941,0.00345653,0.00720373,0.00379804,0.000682092,0.00164015
0.00523542,0.00262513,0.000486804,0.00081836,0.00090046,0.00220867,0.00130786,0.00305948,0.0065645,0.00369419,0.000862086,0.00300045
0.00534538,0.00276351,0.000369236,0.00071449,0.00199197,0.00483151,0.00273405,0.00309345,0.00656984,0.00356791,0.000940624,0.00298107
0.00833973,0.00437571,0.000546208,0.000674285,0.00168384,0.00520968,0.00285985,0.002749,0.00638864,0.00355648,0.000867644,0.00460048
0.010889,0.00525042,0.000484699,0.000664647,0.00161167,0.00491078,0.0026218,0.00259397,0.00581329,0.00314002,0.000613875,0.00649542
0.00125621,0.000660621,0.000479643,0.00104374,0.00172746,0.00399502,0.00213288,0.00405321,0.00801821,0.00486345,0.000746953,0.000970648
0.00117623,0.000719134,0.000400833,0.00095702,0.00148261,0.00329287,0.0019351,0.00656945,0.0155221,0.00779534,0.000548884,0.00121839
0.000220414,0.00024542,0.000372349,0.000704394,0.000957619,0.00282993,0.00156625,0.00979423,0.0228499,0.011198,0.000719985,0.0008089
0.00148445,0.000880131,0.000617567,0.00115357,0.000646819,0.00151643,0.000836751,0.00701372,0.0179214,0.0104283,0.001464,0.00119257
0.00156766,0.00119901,0.000762005,0.00147077,0.00122013,0.00127112,0.000979793,0.00691396,0.0111678,0.00519423,0.00103455,0.000835991
0.000988324,0.000695389,0.000532415,0.00117489,0.000689721,0.000496283,0.00180883,0.00963718,0.0122062,0.00619102,0.00104855,0.0006484
0.000388195,0.000177914,0.000475448,0.00110922,0.000828859,0.000841631,0.00297232,0.0121795,0.0129293,0.00792208,0.000823081,0.000588698
0.0013241,0.000862088,0.000874031,0.00133649,0.00220213,0.00741334,0.00710836,0.0076955,0.0129216,0.00679392,0.000840631,0.00124415
0.000971322,0.000632027,0.000566956,0.00141127,0.00202283,0.00632665,0.00423016,0.00706435,0.0121996,0.0073684,0.0010225,0.00107907
0.000195753,0.000243862,0.000364179,0.00113587,0.00169278,0.0082624,0.00603345,0.0060019,0.0142313,0.00805607,0.000851403,0.000548355
0.000956789,0.000788091,0.000524763,0.00183342,0.00549038,0.00854456,0.00407885,0.00577153,0.0128583,0.00702426,0.00121847,0.00105128
0.000674064,0.000631025,0.00411134,0.0122248,0.00817706,0.00446018,0.00399436,0.00721425,0.0136541,0.00740624,0.0024354,0.00155563
0.00160827,0.00112146,0.00575785,0.0143486,0.0065611,0.00362204,0.00278248,0.00694261,0.0159099,0.00948366,0.00345092,0.00252037
0.00114042,0.000633772,0.00524092,0.0140919,0.00766736,0.00312262,0.00311413,0.0065738,0.0147138,0.00824545,0.00282965,0.00174996
0.00182581,0.00204899,0.00329189,0.00415777,0.00292297,0.00203394,0.00115668,0.00529287,0.0120542,0.00830123,0.00234208,0.00215598
0.000768245,0.00535643,0.0183895,0.0137455,0.00393603,0.00160847,0.00105016,0.00535108,0.0142315,0.0116423,0.00342661,0.00149471
0.0012723,0.00390745,0.0139817,0.0105005,0.00228134,0.00223495,0.00151051,0.00727741,0.0175133,0.013875,0.00469404,0.00126496
0.00143681,0.00494526,0.0201131,0.0135149,0.00164026,0.00286281,0.00245271,0.00744925,0.017454,0.0150287,0.00556788,0.00158688
0.000695742,0.00771095,0.0301689,0.0217252,0.00304098,0.00144049,0.0013984,0.00552634,0.017079,0.0192696,0.00870767,0.00154656
0.00129952,0.0105744,0.0391782,0.0261668,0.00325878,0.00208307,0.00125775,0.00472418,0.0167948,0.0202111,0.00951765,0.00177568
0.00130586,0.0108607,0.0315793,0.0203727,0.00274376,0.00329037,0.00189829,0.00631975,0.0177609,0.0170265,0.0064711,0.00113509
0.00463569,0.00448158,0.00968235,0.0065614,0.0025165,0.00413626,0.00215758,0.00678211,0.0169086,0.0110103,0.00262732,0.00348622
0.00666608,0.00723685,0.0152147,0.0112501,0.00247319,0.00157003,0.000628142,0.00551716,0.0155063,0.0108094,0.00261106,0.00423184
0.0110975,0.00862522,0.0164845,0.0108487,0.00175195,0.00177131,0.00123905,0.00493686,0.014485,0.0098387,0.00240681,0.0105004
0.013301,0.0103011,0.011518,0.00654846,0.00137719,0.00135879,0.00107736,0.00666459,0.0167615,0.0100361,0.00201319,0.00687732
0.0125049,0.00953392,0.00874657,0.00438552,0.00122834,0.001051,0.00104291,0.00735855,0.0180711,0.0107407,0.00194034,0.0050435
0.00265452,0.00449009,0.00957361,0.00638471,0.002094,0.00153006,0.000952359,0.00628705,0.0170978,0.0115658,0.0126365,0.010095
0.00211909,0.0020268,0.00402323,0.00278613,0.000578436,0.000843474,0.00075318,0.00442393,0.0139479,0.0109169,0.00854929,0.00657955
0.00173841,0.000816223,0.0028636,0.00176299,0.000891151,0.000614468,0.00056572,0.00650076,0.0166706,0.0108247,0.00774497,0.00363032
0.00379709,0.00213545,0.00317592,0.00268192,0.000774606,0.000596074,0.00106924,0.0131375,0.0408821,0.0271473,0.00797186,0.00517977
0.00331894,0.00205297,0.00248007,0.00222266,0.00137003,0.00113452,0.00122038,0.0129057,0.0390105,0.0220807,0.00672834,0.0043463
0.00114925,0.00141622,0.00323688,0.00265606,0.0013596,0.00034579,0.00076199,0.00963708,0.0305314,0.0177651,0.00372719,0.00191512
0.00228121,0.00233268,0.00277669,0.00115499,0.000694176,0.00101749,0.00344348,0.0123939,0.0312633,0.0201487,0.00492519,0.00296622
0.00120034,0.0008705,0.00234542,0.00211075,0.00139579,0.000819683,0.00227503,0.0176777,0.0320767,0.0184092,0.00322176,0.00176756
0.00167042,0.000730556,0.00194961,0.0026571,0.00133108,0.000886233,0.00315624,0.0146307,0.0245354,0.0171025,0.00332188,0.00323884
0.00114359,0.000766493,0.00133891,0.00200993,0.0013921,0.000851015,0.00276445,0.0164375,0.0257028,0.0132882,0.00286345,0.00191549
0.00130653,0.000800923,0.00123508,0.00260623,0.00209343,0.00432342,0.00354052,0.011818,0.02487,0.0140328,0.00488614,0.00357519
0.00196947,0.00135749,0.00174318,0.00256262,0.0031075,0.0087257,0.00565942,0.0114493,0.0237851,0.0129032,0.00225707,0.0014191
0.00234397,0.00156494,0.00168977,0.00232657,0.0024907,0.0115904,0.00892891,0.0110818,0.0277691,0.017147,0.00375472,0.00208206
0.00105973,0.000785677,0.000944045,0.00176696,0.00279461,0.00525488,0.00312509,0.00946271,0.0277508,0.0167353,0.00409196,0.00265206
0.00110965,0.00137715,0.00206013,0.00677189,0.00522176,0.00345508,0.00170347,0.0120834,0.0271998,0.0158273,0.00334227,0.00216709
0.00239895,0.00161952,0.00116087,0.00585759,0.00531185,0.00590625,0.00415534,0.00801941,0.0195187,0.0118294,0.00298073,0.00258993
0.00107742,0.000906363,0.00257755,0.00890463,0.00625288,0.00405026,0.00459732,0.00781125,0.012185,0.00741071,0.00269731,0.0015885
0.000534872,0.000558129,0.00230918,0.00640289,0.00379688,0.00127032,0.00208353,0.0053484,0.0108027,0.00725642,0.00390141,0.00198876
0.00112734,0.000861338,0.00300012,0.00558754,0.00260497,0.00400953,0.00393156,0.00681051,0.0108571,0.00641473,0.00294184,0.0015945
0.00102866,0.00111239,0.00274234,0.00591416,0.00355492,0.000606608,0.00232639,0.006495,0.0110759,0.00869683,0.00945505,0.00506779
0.00063028,0.000449329,0.00239811,0.00746147,0.00467937,0.00135287,0.00224846,0.00689407,0.0100737,0.00552458,0.0029122,0.000925543
0.000799939,0.000851076,0.00320908,0.0102752,0.00566367,0.00137144,0.00243579,0.00547555,0.00825549,0.0048528,0.00454882,0.00275442
0.000770358,0.000972444,0.00471229,0.0112413,0.00586611,0.00130584,0.00239457,0.0068406,0.00612227,0.00532789,0.00619009,0.00407207
0.000844793,0.000808496,0.00147745,0.0049995,0.00338732,0.00202098,0.00209022,0.00363299,0.00378496,0.00284197,0.00388929,0.00280924
0.000467004,0.000586946,0.00172282,0.00438587,0.00234036,0.000676508,0.00177783,0.00467861,0.00369716,0.00414849,0.00804121,0.00458986
0.000673747,0.000323886,0.00114878,0.00226406,0.00115519,0.00150978,0.00187956,0.00457667,0.00427525,0.00377318,0.00816237,0.00510516
0.00055573,0.000620827,0.00109012,0.00195394,0.0015254,0.00127087,0.00227751,0.00513259,0.00481752,0.00381347,0.00977844,0.00611121
0.000659402,0.000708776,0.00221064,0.00358093,0.00172327,0.0010861,0.00179774,0.00413578,0.00297963,0.00494759,0.0130058,0.00788209
0.000859227,0.0010872,0.00171568,0.00154771,0.000481631,0.000845176,0.00204583,0.00770428,0.0143821,0.00887016,0.00743739,0.00436378
0.000452852,0.000802198,0.00168064,0.00122851,0.000942752,0.00108865,0.0027772,0.00997279,0.0193747,0.0119622,0.00626972,0.00354015
0.000416527,0.000661449,0.0019401,0.00232445,0.000953116,0.000648499,0.00206227,0.0096203,0.0250968,0.014448,0.00220733,0.0020612
0.00053755,0.00062356,0.00148599,0.00134065,0.00100794,0.00080687,0.00230194,0.0118724,0.0264195,0.0139617,0.00240758,0.00192322
0.000724891,0.00355614,0.00605178,0.00253986,0.000765202,0.000506821,0.0014882,0.00646068,0.0109051,0.00585514,0.00344988,0.00197718
0.000560632,0.000795204,0.00146031,0.00122095,0.000720474,0.000586402,0.00541311,0.010218,0.00817548,0.00426145,0.0019268,0.00168602
0.000471819,0.000555104,0.00167797,0.00123997,0.000467343,0.000502309,0.00231634,0.00849429,0.00981408,0.00331863,0.00400261,0.00277717
0.000257021,0.000827828,0.00204985,0.0020851,0.000913182,0.000588653,0.00418665,0.00843912,0.00653325,0.00326703,0.00226554,0.00119708
0.000660887,0.000737382,0.00150121,0.00153052,0.00226761,0.00438419,0.00528965,0.00594645,0.00403999,0.00176896,0.00172831,0.00158483
0.000255598,0.000755639,0.00158417,0.00108583,0.00197437,0.00516729,0.00330937,0.00317039,0.0032707,0.00160228,0.000832069,0.000533724
0.000377384,0.000619232,0.00139068,0.0011384,0.00365783,0.00837387,0.00453188,0.00431822,0.00238983,0.00174658,0.00287964,0.0024506
0.000390373,0.00048867,0.00118035,0.0007957,0.00361338,0.00803414,0.00440782,0.00529503,0.00290988,0.00108277,0.00153628,0.0017044
0.000485364,0.000908395,0.00207523,0.00501036,0.00364637,0.0016948,0.00157897,0.00349946,0.00269429,0.00136674,0.00248894,0.0017504
0.000262278,0.000337631,0.00179708,0.00404789,0.00276853,0.00171895,0.00153039,0.00146047,0.00160513,0.00135265,0.00198378,0.0011904
0.000224283,0.000577181,0.00221888,0.00379652,0.00210293,0.00104246,0.0013839,0.00274161,0.00128442,0.00122077,0.00272541,0.00173469
0.000267976,0.000306964,0.00145721,0.00432516,0.00279544,0.00145307,0.000966888,0.00147459,0.00157449,0.00133964,0.00236372,0.00139886
0.000181435,0.000214507,0.00213048,0.00621375,0.00430408,0.00156405,0.00144415,0.00260583,0.00152832,0.000994489,0.0015459,0.000920127
0.00172101,0.00170134,0.00295133,0.00687032,0.00424366,0.00170713,0.00123008,0.00173149,0.00141865,0.00203051,0.00256122,0.00214899
0.00335442,0.00786858,0.00368904,0.00328107,0.00273468,0.0014129,0.0011499,0.00157509,0.00128974,0.00101109,0.00127955,0.00147453
0.00103006,0.0045757,0.00329174,0.000967038,0.00102557,0.00194157,0.00153452,0.00180189,0.00162141,0.000794313,0.00159019,0.0012726
0.00252231,0.00623768,0.00329022,0.00127017,0.00142954,0.00292068,0.00202496,0.00166237,0.00210069,0.00137053,0.0007035,0.000833338
0.00338452,0.00821928,0.00424782,0.000707811,0.00177804,0.00360391,0.00193785,0.00135171,0.00130905,0.00105632,0.00107004,0.00102132
0.00322795,0.00852937,0.00474356,0.00174686,0.00230155,0.00520316,0.00263283,0.000979107,0.00202122,0.0015038,0.00135372,0.00137534
0.00259509,0.00866027,0.00608933,0.00210255,0.00259821,0.0061268,0.0034126,0.00124056,0.00264234,0.00171091,0.0010376,0.00109906
0.00584501,0.013123,0.00625745,0.00126377,0.002864,0.0063195,0.00368174,0.00133064,0.00290331,0.0021043,0.000788906,0.000621761
0.0077726,0.0132271,0.00510122,0.00089446,0.00305664,0.00679633,0.00375247,0.00162299,0.00304672,0.00234903,0.00106953,0.000933925
0.00437319,0.0123838,0.00743132,0.00166795,0.00335516,0.00710035,0.00397965,0.00112989,0.00170342,0.00117559,0.000733213,0.00083713
0.00397012,0.0113519,0.00759484,0.00168338,0.00319613,0.00822455,0.00454667,0.00144201,0.00245947,0.00158452,0.000783782,0.000799776
0.00687551,0.0148777,0.00735713,0.000914723,0.00365807,0.00965626,0.00560448,0.00157834,0.00246244,0.00190761,0.000743879,0.000813603
0.00936471,0.0196583,0.00915724,0.000958992,0.00395182,0.01029,0.00578451,0.00135227,0.00182585,0.00166183,0.000738654,0.000917821
0.00389576,0.00509938,0.0051607,0.000848105,0.00391041,0.0104696,0.00613879,0.00120096,0.0015621,0.00135891,0.000795055,0.000903944
0.0062539,0.0177057,0.0105353,0.00143015,0.00411991,0.0114754,0.00719261,0.00171075,0.00196386,0.00165671,0.000768095,0.000759851
0.00954755,0.0171382,0.00797089,0.00114204,0.00465487,0.0128122,0.00791738,0.00214662,0.00208265,0.0017356,0.000939592,0.000868222
0.00668399,0.0133505,0.00543412,0.000991532,0.00518308,0.0130516,0.00743259,0.00113866,0.00146581,0.00173559,0.000867223,0.000398803
0.00312798,0.00804481,0.00644349,0.00141873,0.00506156,0.0127345,0.00698074,0.00143057,0.00180036,0.00181916,0.00101849,0.00102489
0.00319707,0.010843,0.00654654,0.00028395,0.00465701,0.0130298,0.00758288,0.00072636,0.000919833,0.00186328,0.00106335,0.000717868
0.00745209,0.0144181,0.00628968,0.000846917,0.00495386,0.01487,0.00944236,0.00217221,0.00288537,0.00290684,0.00123085,0.000494555
0.00478251,0.0109324,0.00541028,0.00063804,0.0054514,0.0139501,0.00783343,0.00197831,0.00355409,0.0036339,0.00130364,0.000510562
0.00406139,0.011928,0.00756486,0.0011279,0.00592869,0.0140086,0.00755778,0.00141155,0.00276194,0.00253193,0.000800555,0.00094346
0.00202529,0.00615969,0.00377032,0.000586651,0.00509196,0.0126183,0.00699552,0.00126093,0.00138312,0.00163971,0.000758673,0.000523295
0.00435417,0.0104292,0.00546118,0.000653077,0.00473436,0.012475,0.00753897,0.00123017,0.00203955,0.00267839,0.00102601,0.000478552
0.00397899,0.0100128,0.0056241,0.000664011,0.00469839,0.012858,0.0078055,0.00150175,0.00271845,0.00333502,0.00130509,0.000528314
0.00113518,0.00431692,0.0033724,0.000772296,0.00406388,0.0102135,0.00596131,0.00128418,0.00195993,0.00203778,0.000991242,0.000457053
0.00364882,0.00952636,0.00531792,0.000869789,0.0032352,0.00860295,0.00499255,0.00131634,0.00182515,0.00108109,0.000455952,0.000367785
0.00471414,0.0118585,0.00630011,0.000571521,0.00315293,0.00846015,0.00483258,0.000691111,0.0013655,0.00170905,0.000831585,0.000237058
0.00127979,0.00533059,0.00385984,0.000785354,0.00338604,0.00902151,0.00561039,0.00104856,0.00176006,0.00192843,0.000875769,0.000312002
0.00373515,0.0104338,0.00584618,0.000492398,0.00251635,0.00713822,0.00449807,0.00128677,0.00247056,0.00244423,0.000788795,0.000296095
0.00352751,0.00783425,0.00375427,0.000548771,0.00179321,0.00523709,0.00311571,0.000585449,0.000913747,0.00154415,0.000864827,0.000244264
0.00337646,0.00819375,0.00411749,0.000524124,0.0019891,0.00527843,0.0029908,0.00093256,0.00191611,0.00174657,0.000613555,0.00041388
0.00124096,0.00350519,0.00223931,0.000434296,0.00193694,0.00517091,0.00304032,0.000571547,0.000753053,0.00106221,0.000585685,0.000337107
0.00246525,0.0058514,0.00303629,0.000458463,0.00173307,0.0048073,0.00289299,0.000623702,0.00112994,0.00130705,0.000541453,0.000225898
0.00155461,0.00370749,0.00182479,0.000363536,0.00186565,0.0045825,0.00270171,0.000714734,0.00122569,0.00117982,0.000436808,0.000163788
0.00153024,0.00344979,0.00162145,0.000342334,0.00179368,0.00430093,0.00240232,0.000704422,0.00162896,0.00119938,0.000343051,0.000178008
0.00312626,0.00612841,0.00260839,0.000289619,0.00146202,0.00407963,0.00236029,0.000465286,0.000761597,0.000753859,0.000339698,0.000299004
0.00170284,0.00117618,0.00143443,0.00035684,0.00146929,0.00391882,0.00237682,0.00062836,0.000458301,0.000605732,0.00026684,0.000548272
0.00265735,0.0023357,0.00115592,0.000237406,0.00158906,0.00408718,0.00228489,0.000537142,0.000448845,0.000676084,0.00027731,0.000493039
0.00379532,0.00313165,0.000768872,0.000510039,0.00205303,0.00432043,0.00249752,0.000960209,0.000375433,0.000593719,0.000491594,0.00113314
0.00422134,0.00358544,0.00119909,0.000621803,0.00197131,0.00439053,0.00284918,0.00120735,0.000758845,0.00097831,0.000659559,0.00117582
0.00392692,0.00424637,0.0013941,0.000783269,0.00201504,0.00416723,0.00245528,0.000579213,0.000792436,0.00113335,0.000816761,0.00110784
0.00439113,0.00468783,0.00149255,0.00103245,0.0022693,0.00371592,0.00234587,0.00120726,0.00102272,0.000881321,0.000569915,0.00129785
0.00342448,0.00319477,0.00109626,0.00113022,0.00116946,0.00231302,0.00179731,0.00112629,0.000636259,0.000272677,0.000453573,0.00104161
0.00425509,0.00333921,0.00100985,0.000873308,0.00108316,0.0019516,0.00119368,0.00100041,0.000803125,0.000387686,0.000343858,0.00131844
0.0041373,0.00373424,0.00118557,0.000952912,0.000851391,0.00143196,0.00106699,0.000990941,0.000527529,0.000328897,0.000438829,0.00117197
0.00355097,0.00305336,0.000993796,0.00143777,0.0010845,0.00115762,0.000672549,0.000913203,0.000735755,0.000513479,0.000642505,0.00100687
0.00378914,0.00226465,0.000831177,0.00183331,0.00106452,0.000949511,0.00049558,0.000607425,0.000291857,0.000251173,0.000550156,0.00158005
0.00247157,0.00185554,0.000921773,0.00185323,0.000856696,0.000669765,0.000428538,0.000655468,0.00041421,0.000203039,0.000285665,0.00081564
0.00265404,0.00166122,0.000812022,0.00184108,0.00104045,0.000650366,0.000766716,0.00117866,0.000581494,0.00024274,0.000304193,0.00128405
0.00252678,0.00193789,0.00113316,0.00182,0.00118048,0.000807621,0.000707786,0.00110083,0.000677624,0.000304947,0.000352713,0.00114554
0.00270705,0.00197762,0.00114913,0.00201197,0.0011979,0.00076104,0.000457807,0.000832474,0.000536261,0.00040702,0.000428829,0.000890402
0.00295048,0.00213789,0.00113073,0.00209334,0.00109066,0.000688475,0.000763459,0.00110783,0.000658791,0.000296677,0.000414175,0.000910176
0.00351189,0.00265475,0.00109739,0.00249374,0.00135043,0.00079789,0.000569085,0.000656298,0.000496716,0.000303657,0.000197118,0.00125855
0.000878455,0.000574977,0.000960265,0.00227952,0.00142217,0.000534898,0.000710652,0.00077817,0.000422609,0.000256869,0.000315296,0.000412621
0.00114904,0.000581494,0.000920642,0.00160079,0.000918322,0.000656535,0.000580551,0.00145122,0.00116267,0.000393547,0.000407722,0.000414524
0.000643471,0.000440428,0.00063521,0.00120456,0.000762963,0.000531467,0.000515344,0.00151623,0.00114325,0.000276768,0.000193951,0.000369858
0.00046969,0.000294881,0.000658948,0.00136275,0.000769844,0.000442424,0.000653852,0.00147675,0.000954857,0.000361371,0.000364744,0.000255474
0.000655833,0.000397316,0.000740933,0.00148735,0.000837643,0.000321892,0.000596637,0.00176653,0.00127525,0.000338736,0.000307012,0.000450745
0.000652995,0.000403248,0.000702784,0.00196625,0.00140449,0.00049388,0.000645964,0.0020287,0.00139551,0.000396933,0.00057554,0.000461991
0.000693088,0.000463089,0.000864064,0.00227898,0.00125776,0.000223527,0.00057916,0.00180027,0.0012196,0.000374644,0.000616068,0.000364356
0.000600182,0.000414577,0.000895996,0.00241332,0.00145997,0.000304687,0.000546228,0.00151436,0.00100516,0.000369994,0.000563923,0.000280975
0.000395081,0.000377572,0.00101506,0.00261976,0.00166279,0.000382149,0.000562716,0.00195213,0.00153208,0.000371854,0.000413017,0.000420436
0.000443219,0.000361986,0.000945768,0.00225508,0.00128896,0.000247813,0.000591505,0.00223707,0.00163373,0.000333688,0.000574397,0.000501561
0.000240003,0.000104812,0.00105593,0.0023694,0.00137388,0.000958773,0.00103659,0.000780357,0.000404536,0.000276949,0.000482193,0.000366955
0.000301052,0.00029493,0.000865114,0.00222461,0.00137774,0.00190497,0.00128216,0.00114666,0.000611402,0.00029242,0.000436,0.000232294
0.000250312,0.000259835,0.000840033,0.00239899,0.00190391,0.0025974,0.00186417,0.000901901,0.000465894,0.000208871,0.000347856,0.00018164
0.000274654,0.000220593,0.000885265,0.00244641,0.00250319,0.00335014,0.0018542,0.000568255,0.000389393,0.000167788,0.000454211,0.000427879
0.000318426,0.000232348,0.000940905,0.00254419,0.00256562,0.00414502,0.00251901,0.000784431,0.000514298,0.000344545,0.000674646,0.000519895
0.000172051,0.000147785,0.000946274,0.00261548,0.00244651,0.00451724,0.00266502,0.00062068,0.000409357,0.000167812,0.000656572,0.00050717
0.000213342,0.000205858,0.000923262,0.00278628,0.00320074,0.00526629,0.00333773,0.000683566,0.000400737,0.000219959,0.000575266,0.000438375
0.000282303,0.000266616,0.00110886,0.00311615,0.00325381,0.00316764,0.00192451,0.000840541,0.000393873,0.000390186,0.000747132,0.000573594
0.000259692,0.000258042,0.00128881,0.0042152,0.00250889,0.00205189,0.00136759,0.000607472,0.000382699,0.000331258,0.000975442,0.00073387
0.00028253,0.000156391,0.00211302,0.00601043,0.00333919,0.0024888,0.00163667,0.000306826,8.50387e-05,0.000538509,0.0015192,0.000895929
0.000176656,0.000100096,0.00236031,0.00667288,0.00422897,0.00251186,0.00161193,0.000392905,0.000162945,0.000323711,0.000932154,0.000720337
0.000310548,0.000228518,0.00276153,0.00743942,0.00376488,0.001449,0.000795151,0.000460431,0.000287722,0.000605914,0.00162588,0.000935281
0.000247217,0.000173538,0.00346619,0.00942996,0.00548064,0.00141698,0.000655513,0.000468948,0.000221765,0.000646081,0.00210366,0.00131597
0.000245347,0.000169597,0.00366207,0.00973972,0.00501887,0.000873424,0.000563112,0.000365804,0.000277483,0.000857065,0.00227248,0.00132026
0.000311468,0.000310164,0.00338186,0.00722,0.00352797,0.000552076,0.000365657,0.000412069,0.000311302,0.000703922,0.00167486,0.000787398
0.000476293,0.000689505,0.00304284,0.00556908,0.00271014,0.00067488,0.000473431,0.000419081,0.000331418,0.000805761,0.00124781,0.000594763
0.000267005,0.00230415,0.00721835,0.00703104,0.00252777,0.000632007,0.000380696,0.000275758,0.000475698,0.00139422,0.00173764,0.000660633
0.000250622,0.00213779,0.00706246,0.00665814,0.00244578,0.000527118,0.000293472,0.000322395,0.000581099,0.00147947,0.00189223,0.000915164
0.000316382,0.0030914,0.00839188,0.00652303,0.0022776,0.000255394,0.000234664,0.00029484,0.000604463,0.0014925,0.000981153,0.000329029
0.000232218,0.00231018,0.00822165,0.00783154,0.00256313,0.0004446,0.000343916,0.000278767,0.000566633,0.00146705,0.000976525,0.000580283
0.000306054,0.0022955,0.00760668,0.00764932,0.00302085,0.000423642,0.000180738,0.000348475,0.000465159,0.00109463,0.0010173,0.000677322
0.0059774,0.00479976,0.00306923,0.00479228,0.00265782,0.000403997,0.000358762,0.00109045,0.00106275,0.000800979,0.00121953,0.00288067
0.00569931,0.00342263,0.00348958,0.00512093,0.00245707,0.000347763,0.00036139,0.000673515,0.000182389,0.00081566,0.001293,0.00161357
0.00796115,0.00435647,0.00358015,0.00539705,0.00227558,0.00027642,0.000475474,0.00109137,0.000429116,0.000625024,0.000740085,0.00253553
0.0103993,0.0069721,0.00421797,0.00584644,0.00299979,0.000454752,0.00046708,0.001011,0.000655098,0.000518222,0.000766112,0.00322518
0.0089912,0.00516675,0.00302396,0.00528659,0.00300076,0.000492661,0.000478868,0.00125963,0.000594694,0.000721727,0.00110621,0.00314848
0.0084236,0.00422871,0.00272004,0.00433023,0.00233376,0.000347842,0.000358144,0.00125558,0.000923179,0.000638068,0.00099136,0.00338735
0.00631409,0.00358532,0.0028252,0.00423757,0.00205138,0.000190498,0.000480489,0.0010922,0.000610102,0.00031959,0.000797393,0.0023176
0.00374173,0.00282652,0.00308706,0.00468107,0.00244388,0.000243954,0.00044573,0.00127858,0.000880152,0.000459806,0.000593168,0.00180462
0.00621479,0.00346569,0.00309302,0.00560288,0.00329057,0.000749536,0.000366587,0.000305285,0.000422173,0.000473346,0.000583044,0.00267453
0.005693,0.00366037,0.00241361,0.00410397,0.0025639,0.00263642,0.00372977,0.00145016,0.000258408,0.000371698,0.000799896,0.00222329
0.00378222,0.00213412,0.00178812,0.00439578,0.00239733,0.00147427,0.00244282,0.000945417,0.000398219,0.000676566,0.00100134,0.00125416
0.00229873,0.00108599,0.00181516,0.00452917,0.00290915,0.00162168,0.00302951,0.001809,0.00057183,0.00048806,0.000662293,0.00147764
0.00117577,0.000649526,0.00163331,0.00489779,0.00330859,0.00136448,0.00334061,0.00214463,0.000770073,0.000551886,0.000907925,0.00119747
0.00172372,0.00158157,0.00225481,0.00443769,0.00279075,0.00136336,0.00317852,0.00173443,0.000360127,0.000731146,0.00106051,0.000756493
0.00159754,0.0012887,0.00177252,0.00363687,0.00223538,0.00126636,0.00311958,0.00194935,0.00098652,0.00151072,0.00106871,0.000549771
0.000946913,0.000505076,0.00170872,0.00434755,0.00245508,0.00117826,0.00364376,0.00211174,0.000720481,0.00086972,0.000953601,0.00054676
0.000803155,0.000655509,0.00181771,0.00528904,0.00342679,0.00161863,0.00389857,0.00228078,0.000363864,0.000765303,0.00095999,0.000847679
0.000698625,0.000463323,0.00187701,0.00519143,0.00312711,0.00178788,0.0050584,0.00356485,0.000703017,0.000820896,0.00102759,0.000933016
0.0007215,0.000483837,0.0016959,0.00437314,0.00230598,0.00105156,0.00396842,0.00266414,0.000749274,0.0011232,0.00156605,0.000627181
0.000597544,0.000565758,0.00169051,0.00443758,0.00264355,0.00176241,0.00577309,0.00375566,0.000633413,0.000593694,0.00100264,0.000687481
0.000443488,0.000433099,0.00183503,0.00467434,0.00279015,0.00165195,0.00511061,0.00285386,0.000672109,0.000523386,0.00109919,0.000725075
0.00046976,0.000520897,0.00149478,0.00451409,0.00284417,0.00147356,0.00467242,0.00321055,0.000756767,0.000317871,0.00103617,0.000592371
0.0003233,0.000319614,0.00192197,0.00464213,0.00265042,0.00183897,0.00515238,0.00301198,0.000302485,0.000798112,0.00130382,0.000684451
0.000393354,0.000299042,0.0020488,0.00485036,0.00252734,0.00124989,0.00465866,0.00335733,0.00084474,0.000697067,0.000869165,0.00074285
0.000377587,0.00044541,0.00194127,0.00485637,0.00262922,0.00136617,0.00483914,0.00316912,0.000548759,0.00074655,0.000776635,0.000377214
0.000462133,0.000457729,0.00197399,0.00507389,0.00291098,0.00139482,0.00475987,0.00314172,0.000751257,0.000530876,0.000768015,0.000511726
0.000359548,0.000298811,0.0023447,0.0056533,0.00302942,0.00142646,0.00421526,0.00284807,0.000492044,0.00066947,0.00104418,0.000708175
0.000483703,0.000352083,0.00234791,0.00567407,0.00278467,0.00135119,0.00440922,0.00289714,0.000603877,0.000663724,0.000895701,0.000662683
0.000553598,0.000574505,0.00282921,0.00684314,0.00361408,0.00141243,0.004572,0.00324345,0.000558285,0.000825117,0.00105451,0.000395451
0.000224742,0.000317307,0.00252224,0.00703239,0.00386889,0.00137373,0.00500665,0.00365303,0.000674537,0.000650116,0.00114757,0.000680061
0.000344618,0.000373905,0.00262779,0.0065993,0.00351458,0.0015302,0.00499781,0.00381664,0.000704575,0.000661145,0.00121517,0.000690771
0.000375109,0.00042217,0.0025955,0.00630399,0.0030094,0.00132734,0.00503053,0.00315588,0.000443812,0.000796907,0.00112086,0.000500917
0.000474872,0.000406299,0.00270984,0.00725508,0.00407203,0.00170074,0.00605723,0.00441647,0.000782182,0.000752041,0.00113936,0.00057845
0.000237761,0.000214956,0.00282523,0.00794085,0.00455533,0.00228598,0.00656843,0.00425856,0.000767231,0.000828435,0.0011346,0.00086641
0.000303365,0.000252791,0.0030324,0.00780046,0.00419631,0.00203462,0.00642015,0.00440651,0.000635502,0.000628991,0.00119546,0.000763601
0.00036815,0.00029273,0.00302808,0.00721593,0.00363473,0.00195651,0.00735511,0.00526573,0.000690151,0.00057446,0.00124853,0.000716594
0.00034482,0.000430677,0.00310626,0.00782197,0.00406198,0.00276254,0.00851663,0.00568011,0.000871498,0.00085253,0.00155432,0.000862235
0.000249538,0.000305027,0.00314285,0.00845349,0.00466963,0.00298413,0.00813868,0.00482577,0.000396718,0.000864358,0.00172128,0.000915629
0.000436718,0.000364632,0.00341592,0.00831763,0.0044365,0.00203349,0.00613189,0.00406693,0.000594333,0.000604518,0.00147086,0.000982165
0.000348684,0.000380308,0.00314173,0.0074376,0.00349329,0.00203069,0.00677239,0.00435345,0.000516111,0.000509967,0.00116625,0.000671081
0.00039207,0.000367814,0.00333643,0.00806017,0.0040668,0.00337045,0.0104611,0.00657737,0.000649361,0.000540244,0.00140277,0.000908529
0.000367982,0.000366439,0.00311336,0.00869225,0.00504022,0.00380968,0.00996546,0.00586754,0.000580917,0.000759971,0.0018912,0.00117362
0.000322136,0.000183799,0.00310672,0.0085654,0.00488793,0.00298997,0.00942517,0.00632163,0.00075339,0.000738777,0.0017335,0.00117167
0.000424469,0.00032008,0.00316104,0.00753861,0.00376553,0.00274219,0.0103638,0.00733384,0.00122944,0.000836928,0.00141247,0.000890372
0.00030222,0.00036276,0.00327052,0.00789588,0.00402911,0.00327042,0.0119895,0.00821926,0.000884129,0.000768048,0.00115478,0.00066826
0.000291103,0.000274322,0.00334427,0.00897971,0.00521689,0.00452437,0.0123825,0.00737553,0.000874336,0.000726835,0.00146413,0.00078772
0.000355737,0.000301139,0.00305073,0.00912079,0.00560502,0.00384304,0.0108209,0.00677705,0.000760325,0.000745111,0.00164309,0.00104485
0.0004702,0.000404871,0.00327127,0.00850053,0.00464066,0.00264284,0.00977407,0.00711856,0.00107947,0.000736957,0.00153057,0.000947418
0.000339554,0.000366796,0.00338796,0.00887713,0.0046427,0.00295079,0.0101021,0.00687652,0.0010564,0.000681887,0.00119656,0.000871061
0.00040503,0.000445296,0.0038727,0.0106717,0.00608948,0.00381561,0.0106083,0.0067191,0.000950404,0.000864792,0.00142147,0.000810395
0.000378475,0.000491343,0.0037366,0.0106083,0.00628002,0.0039455,0.0125827,0.00857492,0.00105189,0.000521705,0.00124076,0.000809442
0.000363888,0.000429731,0.00344645,0.00989596,0.00564263,0.00238691,0.00873292,0.00631789,0.000881464,0.000595523,0.00149329,0.00100597
0.000307192,0.000395975,0.00362894,0.00992364,0.00537496,0.0022163,0.00795716,0.00596527,0.00117831,0.000955032,0.00162184,0.000892988
0.000473312,0.000617419,0.00411115,0.00952844,0.00610138,0.00395696,0.00898091,0.00531843,0.000455479,0.000621104,0.00149418,0.000850096
0.000356726,0.000360797,0.00144653,0.0035542,0.00182562,0.00278285,0.00897437,0.00622763,0.00078227,0.000599871,0.000997837,0.00058567
0.000265694,0.000542272,0.000885602,0.00135712,0.00138778,0.00237436,0.00813325,0.00640378,0.00123206,0.000682985,0.000649908,0.000376628
0.000417349,0.000800544,0.00186859,0.00308701,0.00210178,0.00189105,0.0064065,0.00481473,0.000756899,0.00088192,0.000949749,0.000637219
0.000319628,0.000852546,0.00135417,0.00103121,0.000685531,0.00220651,0.00490658,0.00267362,0.000467459,0.00111206,0.000995797,0.000422388
0.00058246,0.000761331,0.00190728,0.00137537,0.000859493,0.00247953,0.00803076,0.00537735,0.00111953,0.00133971,0.000874547,0.000746496
0.000433313,0.00109274,0.00239898,0.00135539,0.000951256,0.00165869,0.00724797,0.0058834,0.00105338,0.00166044,0.000829026,0.000584902
0.000596734,0.00106302,0.0026884,0.00201793,0.00136909,0.000895411,0.0046078,0.00403464,0.00102139,0.00130617,0.00094584,0.000577985
0.000262386,0.00116228,0.00348844,0.00303431,0.00126798,0.00200453,0.00432541,0.00231175,0.000994569,0.00194676,0.00103444,0.000389514
0.000474156,0.00120061,0.00317569,0.00266537,0.0014659,0.00250285,0.00743678,0.0050356,0.000889073,0.00185802,0.00111227,0.000472448
0.000289447,0.00104366,0.0025321,0.000998093,0.000845525,0.00123096,0.00554899,0.00463245,0.00171874,0.00258412,0.00162373,0.000482399
0.000361594,0.00107697,0.00298191,0.00223428,0.00081775,0.00200875,0.00645231,0.00451998,0.000670497,0.00217671,0.00141625,0.000426255
0.000405819,0.00131812,0.00331989,0.00217995,0.000749829,0.00234503,0.00463131,0.00212159,0.00127188,0.00287564,0.00161104,0.000307114
0.000299616,0.00170988,0.00458072,0.00243873,0.00054549,0.00194625,0.00784382,0.0058476,0.00134436,0.00259969,0.00147163,0.000321285
0.000372775,0.00210989,0.0054471,0.00250838,0.000688618,0.00156832,0.0074866,0.00581099,0.00139407,0.0032421,0.00176162,0.000351927
0.000406758,0.00223314,0.00593825,0.00354931,0.000747708,0.00228575,0.00810943,0.00573169,0.0014374,0.00250313,0.00145737,0.000388747
0.000338369,0.00221485,0.00588114,0.00358335,0.00101766,0.00187206,0.00533683,0.00354186,0.000681493,0.0019839,0.00119523,0.000466933
0.000341581,0.00187691,0.00516216,0.00297123,0.000682459,0.00301807,0.0120401,0.00836164,0.00147012,0.00230718,0.00125062,0.000383663
0.00032621,0.0018523,0.00491909,0.00259833,0.000823456,0.00112019,0.00180435,0.00154981,0.00141781,0.00300074,0.00172007,0.000439414
0.000204124,0.00186918,0.00500313,0.00296498,0.000994744,0.00160792,0.00681602,0.00721316,0.00240195,0.00227373,0.00140682,0.000194638
0.000277047,0.00167215,0.00451183,0.00275557,0.000624848,0.00105757,0.00212912,0.0050255,0.00274743,0.00214574,0.00128,0.000462195
0.000383019,0.00137741,0.00352887,0.00209337,0.000720015,0.00109579,0.0025799,0.00397037,0.00350227,0.00220826,0.00127564,0.000412961
0.000322894,0.00140475,0.00304422,0.00143475,0.000677439,0.00149099,0.00559222,0.00727363,0.00426907,0.00316363,0.00176622,0.000341751
0.000314039,0.00108534,0.00280943,0.00165082,0.00043507,0.000950546,0.00296111,0.00619572,0.00325677,0.00303004,0.00167545,0.000245426
0.000340006,0.00112767,0.00281748,0.00172096,0.000656147,0.00115382,0.00742748,0.0123847,0.00515902,0.00233958,0.00141791,0.000353123
0.000327599,0.00124377,0.00305227,0.00164886,0.000438624,0.000576526,0.0025919,0.00669751,0.00479304,0.00274302,0.00159791,0.000545662
0.000309543,0.00127286,0.00280005,0.00150524,0.000362592,0.000695116,0.00260417,0.00847142,0.00614187,0.00272556,0.00167916,0.000469896
0.000387716,0.000983378,0.00255385,0.00136485,0.000486273,0.000780384,0.00534127,0.00884643,0.00435646,0.00266951,0.00171511,0.000552567
0.000245322,0.00087298,0.0024164,0.00123669,0.000318443,0.000607991,0.00950771,0.0159909,0.00619947,0.00235998,0.00134139,0.000286277
0.000297016,0.00103493,0.00244321,0.001222,0.000428889,0.000704349,0.00483406,0.013372,0.00887442,0.00250319,0.0013522,0.00039773
0.000349662,0.00108552,0.00226537,0.00125538,0.000403368,0.000425829,0.00459808,0.0141748,0.00950585,0.00251751,0.00108721,0.000304008
0.000355777,0.000742687,0.0021785,0.00139834,0.000426251,0.000203945,0.00317354,0.00939857,0.00573045,0.00217458,0.00118628,0.000339765
0.000652326,0.00101391,0.00159875,0.00111291,0.000548498,0.000551908,0.00361101,0.00912102,0.00516036,0.00205514,0.00140954,0.000804605
0.00148876,0.00173697,0.00212621,0.00215532,0.00170409,0.0015685,0.00349407,0.0040729,0.00375125,0.00612334,0.00421789,0.000955484
0.00149957,0.00186669,0.00174742,0.00134703,0.00118416,0.00152929,0.00427791,0.00425233,0.00289885,0.00594235,0.004719,0.00114713
0.00201878,0.0012637,0.00107136,0.00132525,0.00166155,0.00156538,0.00293714,0.00368535,0.00394097,0.00905101,0.00594931,0.00167939
0.00247863,0.00188902,0.00107024,0.00132291,0.00194311,0.00120542,0.00351862,0.00818311,0.00541459,0.00658346,0.00263592,0.00146092
0.00359386,0.00220856,0.000981063,0.00187283,0.00235107,0.00142755,0.00299321,0.00682515,0.00573648,0.00827071,0.00600985,0.00219624
0.00304726,0.00234331,0.00158529,0.00176662,0.00118407,0.000734426,0.00171541,0.00470603,0.00483625,0.014273,0.0120674,0.00298307
0.00259872,0.00187746,0.00101079,0.000974028,0.00159889,0.00103466,0.00130768,0.00501766,0.00642845,0.0149225,0.0102793,0.00217945
0.00366229,0.00258662,0.000949967,0.00182996,0.0020304,0.000899597,0.00225462,0.00651322,0.0073317,0.0125078,0.00699901,0.00143267
0.00336871,0.00234119,0.00114154,0.00145517,0.0019835,0.0012544,0.00291661,0.007738,0.00819235,0.0221257,0.0187165,0.00396804
0.00466089,0.0033019,0.000952732,0.0011786,0.00174989,0.00101058,0.0026346,0.00743584,0.00752746,0.014924,0.0124521,0.00355383
0.00558741,0.00372077,0.000953137,0.00089681,0.00177045,0.00106653,0.00212323,0.00690167,0.00939871,0.0205431,0.0140996,0.00308346
0.00661986,0.00425119,0.0006801,0.00125375,0.00145445,0.000706594,0.00211351,0.00666089,0.00840012,0.0237289,0.0190557,0.0050868
0.00788081,0.00492529,0.00105312,0.00102284,0.00104238,0.000755279,0.00243579,0.00640444,0.00880239,0.0246144,0.0188647,0.00526433
0.00729075,0.00529393,0.00135708,0.000957584,0.00105844,0.000725326,0.0016748,0.00404903,0.0112979,0.0323229,0.0207705,0.00512704
0.0050874,0.00412482,0.00193566,0.00152796,0.001491,0.0016653,0.00262972,0.00259529,0.00310201,0.00940389,0.00850495,0.0037534
0.00525005,0.00310774,0.00112,0.000908014,0.00164973,0.000934588,0.00178817,0.00266084,0.0042266,0.00690275,0.00720305,0.0046793
0.00443556,0.00380631,0.00156018,0.000943255,0.000898133,0.00223083,0.00194747,0.00169077,0.00232099,0.00498663,0.00443038,0.00358046
0.00216989,0.00185621,0.00211963,0.00113727,0.000809099,0.00299357,0.00194248,0.00409113,0.00381457,0.00715427,0.0100138,0.00538849
0.00424031,0.00250691,0.00146098,0.000827363,0.00186101,0.0032821,0.00227895,0.00401785,0.00334242,0.00537772,0.00931309,0.00534777
0.00429763,0.00274408,0.00146178,0.00101257,0.00173349,0.00327622,0.00255709,0.0035404,0.00284456,0.00382532,0.0111224,0.00845823
0.00253896,0.00164592,0.00149026,0.00100894,0.00126395,0.00330078,0.00264074,0.00271508,0.00271805,0.00528969,0.0133855,0.00830627
0.00173839,0.00159626,0.00179451,0.00104075,0.00170459,0.00401765,0.00314937,0.00319232,0.00200395,0.00470903,0.0161428,0.010558
0.00117327,0.00107884,0.000792657,0.000848805,0.00234997,0.00453649,0.00306906,0.00231723,0.00175867,0.00731618,0.0201339,0.0120499
0.00296539,0.00136254,0.00144994,0.000650026,0.0026205,0.0057443,0.00347241,0.00196699,0.00175474,0.00703664,0.0231065,0.0149633
0.00279074,0.00175052,0.000947886,0.000527055,0.00299641,0.00766368,0.00431834,0.0014768,0.00202871,0.00649899,0.0259808,0.0167653
0.00279794,0.00166091,0.00134783,0.000691369,0.00345655,0.00969445,0.00613135,0.00173301,0.00196811,0.0102937,0.030798,0.0190901
0.00136236,0.00172449,0.00207407,0.00109203,0.00396775,0.0113365,0.00688683,0.00179627,0.00153722,0.0115387,0.0342566,0.0209596
0.00272383,0.00146877,0.00187093,0.00126101,0.00481364,0.0135169,0.00820802,0.00189844,0.00193576,0.0116497,0.0302919,0.017758
0.00784653,0.00462254,0.00190585,0.00175117,0.00661219,0.012753,0.00740005,0.00249202,0.00327506,0.013109,0.0252576,0.0134943
0.00486667,0.00422253,0.00154991,0.00132789,0.00480872,0.00636478,0.00358779,0.00210781,0.00558599,0.0156906,0.0206555,0.00713771
0.00845476,0.00655607,0.00157083,0.00320508,0.00578149,0.00286675,0.0028034,0.00164682,0.0049906,0.0167638,0.0186918,0.00826377
0.0134782,0.00844502,0.00146563,0.00272996,0.0096524,0.00781011,0.00266659,0.00142215,0.0050939,0.0165071,0.017366,0.00483323
0.0122859,0.00886712,0.00292036,0.00455937,0.0139504,0.0131881,0.00395599,0.00120091,0.00450407,0.014952,0.0163573,0.00794328
0.00500925,0.00528529,0.00285052,0.00387361,0.0105429,0.00728084,0.00171682,0.000838925,0.00444446,0.015987,0.0163566,0.00719927
0.0102809,0.0082213,0.00195716,0.00296607,0.0101467,0.00800906,0.00246917,0.000938358,0.00522716,0.015454,0.0116567,0.00686882
0.0185528,0.0121934,0.00231033,0.003258,0.0118811,0.00997466,0.00263365,0.00113605,0.00504774,0.016505,0.0159048,0.0091396
0.0172277,0.0126869,0.00348643,0.0045616,0.0147662,0.0108569,0.00192253,0.000807341,0.00348549,0.014257,0.0150008,0.0126347
0.00571803,0.00646552,0.00283586,0.00443101,0.0139817,0.0106165,0.00170167,0.00058333,0.00338925,0.0148852,0.0142593,0.00587297
0.0116782,0.00992729,0.00275021,0.00313298,0.0131814,0.0116527,0.00278082,0.00099674,0.00477196,0.0163833,0.0140089,0.00757078
0.0177255,0.0130062,0.00224939,0.00331904,0.0109732,0.0068155,0.00125469,0.00170264,0.00546986,0.0162001,0.0122475,0.0119838
0.0123222,0.010707,0.00228298,0.00445855,0.016169,0.012437,0.0021428,0.000841658,0.0042003,0.0154687,0.0133963,0.00783379
0.0130085,0.0104394,0.00286352,0.00460047,0.0175698,0.0148186,0.00281625,0.000562803,0.00451924,0.015949,0.0140394,0.00848778
0.0174946,0.0128745,0.0025178,0.00339599,0.0142724,0.0109277,0.0022774,0.00178757,0.00554222,0.0142287,0.0102419,0.0122064
0.00643654,0.00437979,0.00147981,0.00330481,0.0103077,0.00832472,0.00287673,0.00444938,0.00593474,0.00720304,0.0078594,0.00734889
0.00477872,0.00289483,0.00495725,0.00446815,0.00755897,0.00748373,0.00553222,0.00634275,0.00385005,0.00749837,0.00526023,0.00382788
0.00349898,0.00374249,0.00589536,0.00470477,0.00556751,0.00516756,0.00525931,0.00714611,0.00580926,0.00831758,0.00700709,0.00324711
0.00254567,0.00262538,0.00624147,0.00370682,0.00232937,0.00360759,0.00539558,0.00800892,0.00528827,0.00805504,0.00630028,0.00227043
0.00163458,0.00242269,0.00467503,0.00239485,0.00366256,0.00370204,0.00475013,0.00925466,0.00693233,0.00774196,0.00539319,0.0013511
0.00339564,0.00445243,0.0105723,0.00503888,0.00148213,0.00205488,0.00513609,0.0101219,0.00623102,0.00593739,0.00497349,0.00181814
0.000695991,0.00299938,0.00771344,0.0047421,0.00193017,0.00152142,0.00405741,0.00989155,0.00581756,0.00454764,0.00400501,0.00179756
0.00160096,0.00229574,0.00669614,0.00452634,0.00139019,0.00142171,0.00435565,0.00914393,0.00599631,0.00394498,0.00269286,0.00091949
0.0022004,0.00181754,0.00473153,0.00238931,0.00159552,0.00222133,0.00469922,0.00933157,0.00593956,0.00297271,0.00236849,0.00174005
0.00199703,0.00724459,0.0125553,0.00530742,0.0015535,0.0019164,0.00462746,0.0101469,0.00655888,0.00429992,0.00423376,0.00226243
0.00117069,0.00375694,0.0117023,0.00790029,0.0020137,0.00202894,0.00505776,0.0106349,0.00670546,0.00355437,0.00342822,0.00175656
0.000495782,0.00172799,0.0078568,0.00605909,0.00225839,0.00176733,0.00437415,0.0102006,0.0067929,0.00357153,0.0022373,0.000682417
0.000524036,0.00429209,0.0103328,0.00555972,0.00167854,0.0018152,0.00470527,0.0101374,0.00648978,0.00281863,0.00236087,0.000809214
0.000542356,0.00460834,0.00984912,0.004316,0.000855088,0.0011488,0.00472855,0.0103856,0.00650954,0.00312093,0.00190598,0.000878601
0.000699529,0.00358215,0.00884816,0.0050633,0.00134788,0.00158203,0.00487255,0.0108565,0.00642843,0.00208841,0.00134786,0.00100475
0.00118155,0.0031945,0.00911206,0.00574485,0.00178932,0.00143732,0.00470816,0.010525,0.00653744,0.00237282,0.000987324,0.000938467
0.00044141,0.00284081,0.00778216,0.00450696,0.00186793,0.00182831,0.00484755,0.00927415,0.00519304,0.0021056,0.00116584,0.000743318
0.000872053,0.00350071,0.0090765,0.00552014,0.00217652,0.00222813,0.00528189,0.00863378,0.00400856,0.00195118,0.00151214,0.000859005
0.00109489,0.00420472,0.00920823,0.00498301,0.00121345,0.00140681,0.00412569,0.0072876,0.00386096,0.00139572,0.00155457,0.00115648
0.00120733,0.00445159,0.0120572,0.00653006,0.00134525,0.00132847,0.00299808,0.00537488,0.00249975,0.00118243,0.000954593,0.000493463
0.00137534,0.00308192,0.00597814,0.00321266,0.000961395,0.00108274,0.0025568,0.00401873,0.00212101,0.000876741,0.000737658,0.000863126
0.00162478,0.00290288,0.00608687,0.00360574,0.00122516,0.00102588,0.00255215,0.00486342,0.00288126,0.000783492,0.000693301,0.000864428
0.00139495,0.00327143,0.0074065,0.0045051,0.00118668,0.00117001,0.00202088,0.00466977,0.00305944,0.000906506,0.000680183,0.000817102
0.00117326,0.0013158,0.00293928,0.00210567,0.00103621,0.000740298,0.00188962,0.00453519,0.00333693,0.00125102,0.000893315,0.000895098
0.00125556,0.00282036,0.00592711,0.00313458,0.000767334,0.000594863,0.00140301,0.00270999,0.00177299,0.00062199,0.000596166,0.000674529
0.00163759,0.00202535,0.00366179,0.00239112,0.000586483,0.000430122,0.00129724,0.00237928,0.00104083,0.00125933,0.00190743,0.00137086
0.00162862,0.00209777,0.00450466,0.00461145,0.00256412,0.000864727,0.00119123,0.00243885,0.00123192,0.00233408,0.00410303,0.00269597
0.00167988,0.00111756,0.00390238,0.00707662,0.00405417,0.00067465,0.000819051,0.00210483,0.00150656,0.000574876,0.00088212,0.000955463
0.00158316,0.00153261,0.00410233,0.00636043,0.00353532,0.000698324,0.000688881,0.00203091,0.00129223,0.000793415,0.00184326,0.00171257
0.00204768,0.00207174,0.00324662,0.00320867,0.00296128,0.000799074,0.0011173,0.00278085,0.001453,0.000963908,0.00187005,0.00171483
0.00146542,0.00147549,0.00224369,0.00365123,0.00290904,0.000672239,0.0012639,0.00274154,0.00133391,0.000714011,0.000890031,0.000833843
0.00123338,0.00189203,0.00435734,0.00548275,0.00246447,0.000531275,0.000735503,0.00173566,0.00107943,0.000695028,0.00159593,0.00125
0.00129154,0.00117813,0.00243634,0.00376681,0.00192726,0.00049069,0.000911601,0.00216785,0.00120648,0.00111377,0.00161498,0.00118995
0.00177634,0.00119658,0.00156466,0.00164116,0.00124574,0.00029584,0.000725722,0.00148754,0.000848446,0.00100537,0.00167367,0.00129329
0.00195963,0.00181099,0.00339961,0.00263666,0.00106622,0.000466668,0.000655059,0.00147246,0.000900846,0.000799625,0.00149088,0.00153579
0.00188114,0.00158203,0.00255648,0.00389677,0.00164116,0.000292416,0.000759171,0.00168003,0.00123987,0.00105776,0.00186987,0.00176356
0.00239384,0.00164827,0.00253261,0.00487111,0.00254517,0.000500692,0.00068282,0.00170842,0.000915832,0.00118621,0.00224517,0.00200654
0.00234323,0.00164949,0.00170752,0.00369589,0.00244977,0.00050859,0.000627225,0.00149799,0.000916756,0.000891059,0.00187871,0.00170062
0.00190863,0.000911214,0.00195061,0.00598307,0.00384428,0.000535611,0.000802318,0.00197816,0.000961778,0.00104745,0.00248446,0.00197006
0.00188831,0.0012296,0.00184224,0.00552436,0.00365607,0.000705985,0.000923908,0.0022115,0.00135579,0.000465287,0.00114363,0.00155121
0.00193767,0.00105088,0.00200939,0.00557514,0.00363066,0.000617567,0.000824983,0.002244,0.00136632,0.000769359,0.00192836,0.00142142
0.00219511,0.00104896,0.00151573,0.0046649,0.00253751,0.000297485,0.000690997,0.00150441,0.00090833,0.00119842,0.0026723,0.00209787
0.00190857,0.00100577,0.00250251,0.00779548,0.00478978,0.00041891,0.000584326,0.00100012,0.000735465,0.00145312,0.00341368,0.00254582
0.00169975,0.00080839,0.00306672,0.00824278,0.00484687,0.00063268,0.000532593,0.00122739,0.000678204,0.00151472,0.00335325,0.00257948
0.00187452,0.00112804,0.00282276,0.00680372,0.0029555,0.000490324,0.000671672,0.00151962,0.000872689,0.00107477,0.00230503,0.00195396
0.00201835,0.00106186,0.00268945,0.00799454,0.00454258,0.000581795,0.000866754,0.00191518,0.000923889,0.000703188,0.0012524,0.00138131
0.00210067,0.00104176,0.00294141,0.00779691,0.00445244,0.000609281,0.000693335,0.00135139,0.00090447,0.00136644,0.00275441,0.00195961
0.0019707,0.00116516,0.00252377,0.00583224,0.00294549,0.000407939,0.000984861,0.0022742,0.00123217,0.000912399,0.00195117,0.00161437
0.00163933,0.00107255,0.00255307,0.00567618,0.00254253,0.000448121,0.000876514,0.00201931,0.00120537,0.0027277,0.00619992,0.0037742
0.00148214,0.000937645,0.00211396,0.00437475,0.00192325,0.000392895,0.000836009,0.00219679,0.00101085,0.000847925,0.00191543,0.00148146
0.0015976,0.000899534,0.00309205,0.00587125,0.00297901,0.000434569,0.000909429,0.00209331,0.000987288,0.00133656,0.00223075,0.00143613
0.00150056,0.000932652,0.00250516,0.00319737,0.00205148,0.000584067,0.000494049,0.00141633,0.000952297,0.00110836,0.00135435,0.0012772
0.00151369,0.00179479,0.00483141,0.00386842,0.00167215,0.000618354,0.000929666,0.00191014,0.00105353,0.0028326,0.00190328,0.000979453
0.00142247,0.00202584,0.00569243,0.00369487,0.00241957,0.000538106,0.000669028,0.00164797,0.00102124,0.00252894,0.00197089,0.00108225
0.00133668,0.00156004,0.00575522,0.00485543,0.00136992,0.000611219,0.000757326,0.00157967,0.001401,0.00272844,0.00240323,0.00119877
0.00145903,0.00210214,0.00526782,0.00367189,0.0014086,0.000487425,0.000698565,0.0014617,0.00120471,0.00188703,0.00148027,0.000814856
0.00106577,0.00137801,0.0022612,0.00171147,0.000889683,0.000490576,0.000607563,0.00169598,0.00178101,0.00255153,0.00138589,0.000678618
0.000758419,0.00148968,0.00332548,0.00237637,0.00097661,0.000651227,0.000874437,0.0018762,0.00133809,0.0021876,0.00185774,0.000760418
0.00169898,0.00142073,0.00317004,0.00139899,0.00136698,0.000542294,0.000847887,0.00206793,0.001461,0.0013118,0.000747965,0.00114774
0.00220461,0.00237298,0.00484845,0.00322389,0.001364,0.000573652,0.000907747,0.00216582,0.00178759,0.00232812,0.00208319,0.00135303
0.0026385,0.00196092,0.00208347,0.00117841,0.000648879,0.000522239,0.000719905,0.00192994,0.00134595,0.0019014,0.00188181,0.00130476
0.0023018,0.00185517,0.00352546,0.00204027,0.0008798,0.000449409,0.000799295,0.00193865,0.00139154,0.0017033,0.00178552,0.00106327
0.00178941,0.00168004,0.00329317,0.00212671,0.000988769,0.000497657,0.000656325,0.00169854,0.0010838,0.0014879,0.00158982,0.00107984
0.00197302,0.00257555,0.00389849,0.00220125,0.00138397,0.000553963,0.000578369,0.00132223,0.0011666,0.00183808,0.00157182,0.00118638
0.00247143,0.00183528,0.00387592,0.00273737,0.00126775,0.000552569,0.000464736,0.00136606,0.00082436,0.00165553,0.00163979,0.00123907
0.0025509,0.00204028,0.00360114,0.00236689,0.00109016,0.000544323,0.000801375,0.001628,0.000812452,0.00116359,0.00119736,0.00122449
0.00259557,0.00320239,0.00453961,0.00271152,0.001173,0.000578748,0.0006369,0.00159028,0.00108163,0.00126047,0.000804186,0.00135072
0.00210266,0.002113,0.00270949,0.00110626,0.000899134,0.000503423,0.000677423,0.00140327,0.000862032,0.000734458,0.000609815,0.000913336
0.00192657,0.00263477,0.00227724,0.000875684,0.00108594,0.000567156,0.000630203,0.00156052,0.00140676,0.000870577,0.000434622,0.00093215
0.00223858,0.00189352,0.000907359,0.00124123,0.00111952,0.000443707,0.00059599,0.00143804,0.0011209,0.000956948,0.000631829,0.000917568
0.0025099,0.00117397,0.00062195,0.0005184,0.000800118,0.000410396,0.000600041,0.00154145,0.000958312,0.000346819,0.000445724,0.00122779
0.0103644,0.00783373,0.00192305,0.000950201,0.000843244,0.000521018,0.000716977,0.0020854,0.00142377,0.000394569,0.000712147,0.00345
0.0159056,0.0109039,0.00193127,0.00103911,0.000847665,0.000480051,0.000730711,0.00255628,0.00167376,0.000532278,0.000385737,0.00492703
0.00978526,0.00556012,0.0012976,0.000853448,0.00098217,0.000541663,0.000686007,0.00195012,0.00117471,0.000470283,0.000537605,0.00360855
0.014079,0.00732971,0.00100075,0.000973958,0.00113203,0.000687121,0.000798666,0.00170513,0.000801373,0.000487629,0.000620948,0.00616365
0.0188995,0.0116286,0.000990574,0.000808586,0.00106991,0.000612802,0.000551953,0.00196656,0.00133925,0.00053845,0.000393315,0.00672589
0.0161736,0.0117067,0.00190305,0.000542338,0.000774207,0.000473635,0.00111229,0.0033593,0.00225258,0.000616665,0.000499126,0.00501493
0.0168986,0.0107823,0.00132051,0.000583922,0.000631122,0.000366634,0.000974448,0.00286669,0.00169496,0.000238311,0.000407649,0.00608825
0.0224466,0.00982567,0.000846659,0.000678496,0.0009701,0.000509288,0.00172435,0.00394874,0.0018081,0.00040627,0.000554074,0.0120985
0.0266763,0.0152887,0.00111835,0.000892121,0.00115728,0.000610654,0.000872777,0.00271257,0.00164497,0.000455644,0.000787765,0.0101294
0.0275878,0.0186701,0.00210787,0.000449022,0.000993421,0.000520782,0.00106209,0.00332344,0.00223861,0.000669882,0.000669966,0.00923031
0.0200262,0.0123588,0.00104934,0.000256132,0.00057593,0.000336467,0.000813339,0.00246871,0.00172036,0.000568188,0.000948023,0.00657259
0.0256045,0.0123673,0.000715722,0.000183788,0.000374375,0.000250451,0.00133951,0.00332342,0.00181469,0.000726883,0.000997659,0.0121724
0.029087,0.0170001,0.00177669,0.000476442,0.000521854,0.000307239,0.00100243,0.00313551,0.00181481,0.0007311,0.0011448,0.0107413
0.0215432,0.0149761,0.00199025,0.000491662,0.000688007,0.000408715,0.00101859,0.00369241,0.00245355,0.000799882,0.00087748,0.00686946
0.0137809,0.0090017,0.000990699,0.000436667,0.000547947,0.000295799,0.000843577,0.003013,0.00192819,0.00037503,0.000502771,0.0041936
0.0170702,0.00891776,0.000539812,0.000344056,0.000499475,0.000236982,0.000975872,0.0027611,0.00160955,0.000283632,0.000329433,0.00750049
0.0200794,0.0117331,0.000990081,0.000274969,0.000167643,0.000127249,0.000756493,0.00243915,0.0015196,0.000399071,0.000476213,0.00748859
0.0119991,0.00850961,0.0010976,0.000334094,0.000296004,0.000191962,0.00106304,0.00362148,0.00225268,0.000374995,0.0004649,0.00439848
0.00908025,0.00646719,0.000761396,0.000451996,0.000747623,0.000357534,0.00083762,0.00282009,0.00190103,0.000468155,0.000219896,0.00278692
0.0100258,0.00613509,0.000653383,0.000209407,0.000408625,0.000314753,0.0011194,0.00338536,0.00216958,0.000397322,0.000336125,0.00362407
0.0116165,0.00798465,0.000866142,0.000302858,0.000541583,0.000251611,0.00107678,0.00333807,0.00209839,0.000334644,0.000325405,0.00366217
0.00624027,0.00435959,0.000707726,0.000437676,0.000573856,0.000326153,0.000918443,0.0030831,0.00249889,0.001095,0.000445615,0.0020106
0.003589,0.0025928,0.000533595,0.000395068,0.000401831,0.000262597,0.00100476,0.0043338,0.0072492,0.00353713,0.000486348,0.00166669
0.00707447,0.00445491,0.000559632,0.000244118,0.000399663,0.000221302,0.000708476,0.00376388,0.00595493,0.00277954,0.000273098,0.0023333
0.00573001,0.0038945,0.000615371,0.000149793,0.000435035,0.000308708,0.000673944,0.0030746,0.00420356,0.00177545,0.000374515,0.00201123
0.00485118,0.00320802,0.000558859,0.00027716,0.000378507,0.00017768,0.000774683,0.00375181,0.00779028,0.00415962,0.000482278,0.0018997
0.00543765,0.00366163,0.00063383,0.000416109,0.000646753,0.000488663,0.000811274,0.00367306,0.00868791,0.00489869,0.000501015,0.00200478
0.00323736,0.00228292,0.000531313,0.000447584,0.000608885,0.000458365,0.000793358,0.00426379,0.00985781,0.0054939,0.000675475,0.00104169
0.00378624,0.00236881,0.000397373,0.000149567,0.000276493,0.0001763,0.000598945,0.00430161,0.00881677,0.00452206,0.000316208,0.00128953
0.00296363,0.00175125,0.000304032,0.000333066,0.000528697,0.000274264,0.000625859,0.0038988,0.00898771,0.00502539,0.000277405,0.00123991
0.00273384,0.00178299,0.000337411,0.000236011,0.000514093,0.000325645,0.000635273,0.00406144,0.00872185,0.00485641,0.000474352,0.000952178
0.00327407,0.00197115,0.000331229,0.00025652,0.000475693,0.000319247,0.000635465,0.00461889,0.0110206,0.00642777,0.000736146,0.00127369
0.00299672,0.0019674,0.000380565,0.000358675,0.000505582,0.000288353,0.000678644,0.00479812,0.0115713,0.00686145,0.000841799,0.00111221
0.00263034,0.00148749,0.00024829,0.000249558,0.000529644,0.000360742,0.000621588,0.0049811,0.013015,0.00791781,0.000708537,0.00097911
0.00248135,0.00160351,0.000399121,0.000395819,0.000577533,0.000409582,0.000776799,0.00520327,0.0126161,0.00753447,0.000871997,0.00107107
0.00241381,0.0017041,0.000423612,0.000482278,0.000642092,0.000504411,0.000753032,0.00324879,0.00639243,0.00417301,0.00144753,0.000903588
0.00253542,0.00164021,0.000463296,0.000227605,0.000544142,0.000323828,0.000701296,0.00282724,0.0047817,0.00269337,0.00140786,0.00144543
0.00275567,0.00166069,0.000361991,0.000401848,0.000534492,0.000295534,0.000761632,0.00311635,0.00524612,0.00307098,0.00169703,0.00149383
0.00246315,0.00159857,0.000417523,0.00035244,0.000467816,0.000263949,0.000699886,0.0030797,0.00449754,0.00285691,0.00288324,0.00201304
0.00222184,0.00127808,0.000310839,0.000236273,0.000294724,0.000193815,0.000850605,0.00277066,0.00351273,0.00224449,0.00350779,0.00238213
0.00228414,0.00130112,0.000194555,0.000227806,0.000340514,0.00021384,0.000805627,0.00259486,0.0028155,0.00201929,0.00447881,0.00291631
0.00217176,0.00145307,0.000415032,0.000254435,0.000504513,0.000216809,0.000796502,0.00258785,0.0027688,0.00155491,0.00535823,0.00330094
0.00212345,0.00124262,0.000311316,0.000246785,0.000204528,0.000225975,0.000919988,0.00240109,0.00202368,0.0021724,0.00622345,0.00378432
0.0020627,0.00130883,0.00035736,0.000135495,0.000397557,0.000383984,0.0011984,0.00393417,0.00338151,0.00127557,0.00176575,0.00171094
0.0022802,0.00129219,0.000348223,0.000222777,0.000351227,0.000228081,0.001457,0.00504051,0.00395427,0.00164039,0.0025008,0.00202302
0.00213237,0.00119039,0.000300722,0.000346687,0.000480345,0.000274369,0.00210497,0.0077463,0.00530411,0.0010817,0.0022006,0.00186152
0.0021259,0.00136798,0.000341913,0.000327987,0.000599766,0.000318538,0.00203731,0.00869674,0.00650796,0.00126959,0.00112266,0.00115203
0.00197403,0.0013181,0.000271528,0.000443861,0.000720149,0.000373033,0.00267036,0.00987577,0.00678209,0.0014509,0.00120991,0.000913602
0.00200264,0.0011547,0.000199311,0.0004928,0.000905742,0.000521856,0.00186186,0.00738277,0.00531347,0.00105941,0.00100829,0.00101742
0.00189814,0.00118136,0.000302812,0.000451739,0.000888142,0.000455276,0.00103454,0.00737522,0.0125731,0.00594789,0.000754641,0.000649942
0.00157514,0.000949894,0.000207942,0.000452391,0.000819245,0.000451749,0.00144635,0.00627949,0.0108331,0.00590518,0.000880873,0.00095617
0.00193496,0.00115603,0.000271368,0.000406276,0.00086301,0.000456635,0.000671462,0.00758852,0.0177271,0.00992946,0.00111392,0.000847291
0.00214052,0.00128552,0.000255976,0.00053498,0.000946062,0.000529972,0.00122729,0.0070717,0.0197381,0.0105139,0.000672858,0.000988713
0.00186761,0.00108981,0.000242807,0.000431397,0.00075293,0.000395876,0.000711446,0.00493055,0.0191213,0.0130826,0.00111605,0.000870609
0.00195075,0.00127433,0.000463994,0.000536655,0.000874171,0.00085767,0.00143221,0.00317316,0.00436012,0.00246892,0.00101085,0.0010301
0.00203358,0.00116881,0.000290859,0.000453954,0.000577088,0.00174507,0.00585681,0.00607903,0.00547566,0.00382157,0.00083179,0.000983476
0.00202112,0.000996061,0.000215755,0.000499475,0.00089736,0.000953338,0.00242226,0.00478467,0.0107561,0.00711486,0.000969523,0.00102326
0.00178501,0.00107003,0.000248801,0.000548919,0.000831834,0.00134887,0.00452092,0.00540542,0.00615423,0.00335702,0.000505761,0.000775888
0.0014861,0.000891056,0.00028117,0.000540134,0.000941363,0.00631862,0.0169779,0.0101949,0.00431962,0.00231407,0.000232144,0.000575934
0.00135612,0.000733015,0.000229458,0.00030242,0.000629445,0.00537817,0.0194947,0.0128483,0.00362003,0.00162475,0.000322856,0.000632114
0.00148899,0.000692775,0.000256578,0.000394284,0.000689559,0.00368331,0.0176606,0.0142266,0.0018117,0.0019515,0.000357857,0.000721567
0.00178773,0.000980115,0.000373133,0.000401107,0.000676507,0.00404249,0.0162323,0.0127334,0.00182911,0.000946302,0.00038856,0.00101808
0.00159037,0.000843797,0.000318512,0.00053125,0.000857017,0.00584154,0.0177688,0.0119335,0.00374227,0.00181959,0.000197622,0.000702553
0.00129482,0.000704084,0.000323204,0.000454019,0.000769462,0.00799155,0.0284497,0.0204264,0.0044113,0.00101862,0.000252415,0.000373712
0.00144215,0.000835127,0.000228571,0.000380454,0.000768651,0.00356482,0.0156801,0.0122537,0.00224353,0.00150027,0.00025587,0.000548016
0.0014429,0.000832077,0.000324665,0.000414044,0.000704206,0.00266421,0.00761259,0.00535051,0.00218473,0.00138422,0.000446445,0.000700269
0.00134661,0.00095387,0.000539077,0.000683801,0.000909133,0.00513688,0.0201205,0.0185707,0.005553,0.00173398,0.000629833,0.000858411
0.0135352,0.00593776,0.000338594,0.000663897,0.00126827,0.00468266,0.0147296,0.00963868,0.00200265,0.0017047,0.00106601,0.00977494
0.00754772,0.0029254,0.000384757,0.000587614,0.00111891,0.00354595,0.0109554,0.00675243,0.00313832,0.00158212,0.000785636,0.00531969
0.00820222,0.00468672,0.000517077,0.000493559,0.000699729,0.00270794,0.00957639,0.00639868,0.00119649,0.000925916,0.00063739,0.00366056
0.00999754,0.00559571,0.000526214,0.000455886,0.000943829,0.00252535,0.00998161,0.00683701,0.000990352,0.000620441,0.000508595,0.00566653
0.0134601,0.0072698,0.000396673,0.000477758,0.0010696,0.00138235,0.00695013,0.00560981,0.00109137,0.000598647,0.000830858,0.00697954
0.0159565,0.00865322,0.000546623,0.000444524,0.000872704,0.00136175,0.00428608,0.00308778,0.000749545,0.00070444,0.000749099,0.0085513
0.0060698,0.00235259,0.00810633,0.00431574,0.00105719,0.00129507,0.00524238,0.00367439,0.000843074,0.00077799,0.000858342,0.00335524
0.0052117,0.00251553,0.00288356,0.00208182,0.000881053,0.00153405,0.00534907,0.00349197,0.000416746,0.000366888,0.000661788,0.0025661
0.00388878,0.00258134,0.00438041,0.00312705,0.00100365,0.0015038,0.00598066,0.00466555,0.000885282,0.00044054,0.000731689,0.00202786
0.00378683,0.00242974,0.00672549,0.00464099,0.00105714,0.000369765,0.00184713,0.00173859,0.000804292,0.0005134,0.000791016,0.00235401
0.002855,0.00247429,0.006084,0.0042827,0.000885096,0.000759047,0.0033119,0.00345085,0.00129564,0.000681288,0.000765614,0.00157878
0.00253693,0.00202942,0.00235706,0.00168777,0.000571515,0.000389643,0.00123549,0.00122314,0.00105776,0.00178879,0.00660419,0.00546654
0.00237158,0.00182229,0.00202561,0.00123756,0.000727744,0.000558947,0.00134788,0.000576501,0.000631922,0.00174942,0.00790552,0.00671289
0.00187071,0.00118937,0.0010031,0.00116466,0.000749872,0.00059709,0.00143742,0.00153564,0.000644759,0.00285702,0.0106998,0.0075551
0.00824223,0.0076645,0.00219987,0.000799748,0.000762433,0.0004308,0.00075027,0.000920895,0.00101585,0.00253738,0.0106382,0.00904681
0.00827433,0.00971264,0.00122194,0.00138009,0.000431197,0.000382926,0.00137389,0.00162603,0.000834086,0.00186871,0.00767204,0.00568575
0.0107719,0.00862397,0.000996392,0.000376882,0.000309015,0.000510119,0.000980303,0.000917009,0.000438253,0.000791889,0.00393773,0.00514012
0.0100896,0.0111676,0.00272369,0.000379759,0.000570073,0.000503212,0.000830846,0.00111603,0.000751266,0.00167601,0.00652462,0.00757932
0.0204873,0.0220953,0.00526849,0.000440895,0.000798794,0.000607217,0.000887173,0.00109908,0.000800247,0.0017516,0.00508653,0.00544479
0.00608245,0.00770424,0.00279101,0.00060003,0.000790299,0.000543308,0.00154288,0.00588331,0.0130361,0.0101264,0.00185845,0.00264207
0.00356704,0.00393165,0.000759284,0.00073978,0.000752434,0.000669333,0.00105792,0.0058542,0.0226728,0.0164728,0.00491052,0.00269547
0.00467228,0.00464622,0.00170631,0.000632308,0.000435802,0.000178107,0.000619687,0.00661717,0.0242659,0.016304,0.00100397,0.00135601
0.00660466,0.00744882,0.00245106,0.000644769,0.000674912,0.000466884,0.000372046,0.00842328,0.0285551,0.0185423,0.00270447,0.00180748
0.00411718,0.0047077,0.00115398,0.000400656,0.00074853,0.000505083,0.000542347,0.0139154,0.0375046,0.0202112,0.0015541,0.00218519
0.00494769,0.00525857,0.00149978,0.000466313,0.000667787,0.000540336,0.000838542,0.00552499,0.0194758,0.0139054,0.00225865,0.00217532
0.00362264,0.00364455,0.000835515,0.000601762,0.000768533,0.000424237,0.000446863,0.00515835,0.0193038,0.0141137,0.00155057,0.00114682
0.00350538,0.00357625,0.000961747,0.0005302,0.000881895,0.000475126,0.00064326,0.0077332,0.022245,0.0135473,0.00164885,0.00164449
0.00263327,0.00207053,0.000492329,0.000308274,0.000406658,0.000426042,0.000642891,0.0152026,0.0437053,0.0263067,0.00222784,0.00108321
0.00355769,0.00271333,0.000610863,0.000520434,0.00105931,0.000546649,0.000984889,0.00250871,0.0175344,0.0181271,0.00404954,0.00192892
0.00214217,0.00130024,0.000485951,0.00056434,0.00122587,0.000598806,0.000650268,0.00745594,0.0263823,0.0195006,0.00403168,0.00283402
0.0032904,0.00284915,0.0004617,0.000690271,0.000844604,0.000573926,0.000742387,0.00438308,0.0157675,0.0111282,0.00142066,0.00235588
0.00286233,0.0014107,0.000236598,0.000158621,0.000490182,0.000540851,0.00047304,0.00118344,0.00380436,0.0037409,0.00112514,0.0018457
0.00487225,0.00337035,0.000715533,0.00052663,0.000957747,0.000505646,0.000596023,0.00235538,0.0091851,0.00717214,0.00128205,0.00192035
0.00406023,0.00223612,0.000510775,0.00057482,0.000971346,0.000583342,0.000598017,0.00370576,0.0141698,0.0115404,0.00225807,0.0021474
0.00387542,0.00197877,0.000568337,0.000607467,0.00103827,0.000697202,0.000790446,0.00167149,0.00808025,0.00952902,0.00372701,0.0030438
0.00352489,0.00618983,0.00446737,0.00114707,0.0008884,0.000567087,0.000685137,0.00170215,0.00974579,0.00827004,0.00168838,0.00163714
0.00316179,0.00123992,0.00187329,0.00329388,0.00133072,0.000398721,0.000654202,0.00375628,0.0166223,0.0129921,0.00218662,0.00137311
0.00251861,0.00331142,0.00122222,0.00179656,0.00119511,0.000269618,0.00034422,0.00293691,0.0123541,0.010925,0.00180038,0.00135422
0.00188549,0.00224643,0.00286552,0.00366737,0.00194464,0.000401516,0.000528769,0.00186255,0.00624715,0.00452512,0.00102649,0.000836435
0.00237736,0.00222805,0.00118996,0.00193639,0.00130372,0.000321891,0.00033404,0.000724437,0.00360132,0.00441845,0.00152274,0.00115856
0.00291483,0.00254858,0.00245805,0.00253845,0.00108298,0.00034877,0.000532657,0.00254276,0.00811865,0.00683851,0.00161648,0.0012112
0.00249926,0.00248166,0.00183092,0.000995396,0.000748339,0.00019882,0.000474691,0.000921636,0.00194444,0.00177496,0.0007923,0.00135716
0.00248258,0.00191988,0.00097472,0.0021355,0.00151885,0.000347601,0.000316782,0.00123869,0.0041185,0.00320093,0.00061587,0.00107657
0.00233729,0.00158839,0.00194702,0.00189118,0.000595349,0.000128325,0.000377763,0.00164084,0.00665081,0.00552827,0.000953568,0.00092227
0.00220328,0.00125762,0.00242535,0.00479072,0.00273297,0.000500092,0.000342068,0.00284751,0.00834533,0.00571284,0.000878214,0.00105719
0.00229367,0.00164473,0.00132581,0.00230412,0.00189,0.000387321,0.000324641,0.00125352,0.0050492,0.00374107,0.000555351,0.000979186
0.00227475,0.00135739,0.00144785,0.00286085,0.00166654,0.000258928,0.000412626,0.00128545,0.00258009,0.00166921,0.00042114,0.00100246
0.00242936,0.00138344,0.00207024,0.00477796,0.00273654,0.00036371,0.000461425,0.00168822,0.00387338,0.00290182,0.000730257,0.00108668
0.00213983,0.00139048,0.00107259,0.00359763,0.00241552,0.000377909,0.000484356,0.000950442,0.00138491,0.00107508,0.000313284,0.000821958
0.00206966,0.00125375,0.00119738,0.00116308,0.000694303,0.000272495,0.000412422,0.000942096,0.0020954,0.00186082,0.000542091,0.000811984
0.00200518,0.000988125,0.000873694,0.00318146,0.00219765,0.000319894,0.000349917,0.00110578,0.00150141,0.000981893,0.00040734,0.000915575
0.00172336,0.00107602,0.00149399,0.00475015,0.00335514,0.000464532,0.000334099,0.000483003,0.00154122,0.00114575,0.00036339,0.000794692
0.00142469,0.00103649,0.00145227,0.00350182,0.0022722,0.000364701,0.000347235,0.000891322,0.00137853,0.000758899,0.000301993,0.000633566
0.0012159,0.000826934,0.00107159,0.00215303,0.00142357,0.0003783,0.000197262,0.000500143,0.000634995,0.000605405,0.000399597,0.000522034
0.00134467,0.000823571,0.000752305,0.00240142,0.0018492,0.00041545,0.000287064,0.000725549,0.00133142,0.00108825,0.000476697,0.000580422
0.00139779,0.000842649,0.000524143,0.00132127,0.00113226,0.000355636,0.000230512,0.000459848,0.000933018,0.00088904,0.000452606,0.000605208
0.0014622,0.000771786,0.000714165,0.00219752,0.00172427,0.000392832,0.000318576,0.000831005,0.000729966,0.000613721,0.000456247,0.000676686
0.00163221,0.000952772,0.000913847,0.00212481,0.00145012,0.000406073,0.000428671,0.000992754,0.000757789,0.000562244,0.00045512,0.000750163
0.00166896,0.000855859,0.000312491,0.000755403,0.000964338,0.000398114,0.000516312,0.00108193,0.00080231,0.000399509,0.000342276,0.000765716
0.001731,0.000860652,0.000716899,0.0012894,0.000959123,0.000405494,0.000661481,0.00138918,0.000828354,0.000421651,0.000549087,0.000788819
0.00159465,0.000963971,0.00107691,0.00116102,0.000737996,0.000302022,0.000500664,0.00122906,0.000815105,0.000312984,0.000535048,0.000574044
0.00155927,0.000851704,0.00109522,0.00126604,0.000858931,0.000428092,0.000494921,0.00110756,0.000678063,0.000370507,0.000353372,0.000565889
0.00152738,0.00105534,0.000503905,0.000744912,0.000919592,0.000343928,0.000621406,0.00119513,0.000833963,0.00024512,0.000520432,0.000664031
0.00147771,0.00088307,0.0012184,0.00114061,0.000793503,0.000469875,0.000383693,0.000911876,0.000668018,0.00017484,0.000426907,0.000507056
0.00141312,0.000914463,0.000806147,0.00045908,0.000813189,0.000451708,0.000437589,0.000887598,0.000600896,0.000361609,0.000479758,0.000703631
0.00148327,0.000883096,0.00087759,0.000571212,0.000631075,0.000367679,0.000457443,0.00103952,0.000707577,0.000399399,0.000391083,0.000665798
0.0014118,0.00085576,0.00108051,0.000963848,0.000644594,0.000342168,0.000392306,0.000986881,0.00059329,0.000345697,0.000405164,0.000650321
0.00143321,0.000874205,0.000919575,0.000838435,0.000637684,0.000373592,0.00046711,0.00110383,0.00059926,0.000394218,0.000516952,0.00074179
0.00125528,0.000956016,0.00178855,0.00138229,0.000660557,0.00035863,0.000458542,0.00113779,0.000748863,0.00036112,0.000503925,0.00048226
0.00131539,0.00129546,0.00203212,0.00135807,0.000566475,0.000319023,0.000352487,0.00087641,0.000547359,0.000429835,0.000551287,0.000653082
0.00108681,0.00132285,0.0022525,0.00126003,0.000448448,0.000333087,0.000337318,0.000927189,0.000604193,0.000361026,0.0005111,0.000559206
0.00102774,0.00126118,0.00219567,0.00130692,0.000435232,0.000258055,0.000358569,0.00103905,0.000733632,0.000447253,0.00052737,0.000471013
0.00112979,0.00109098,0.0017733,0.00125393,0.000522051,0.000269265,0.000390742,0.000967428,0.000560365,0.000319151,0.000511223,0.000604351
0.00121205,0.00103097,0.0013921,0.00105308,0.000544224,0.000294326,0.000429814,0.000968348,0.000579991,0.000286471,0.000502125,0.000538293
0.0023923,0.00132117,0.000658578,0.000512967,0.000415595,0.000241971,0.000325888,0.00082152,0.000573073,0.000378849,0.000423171,0.000932223
0.00238458,0.00182431,0.0010045,0.000676153,0.00045926,0.000260474,0.000429984,0.000979263,0.000578283,0.000365079,0.000442484,0.0010535
0.00196733,0.00140943,0.00069348,0.000527052,0.000459926,0.000335942,0.000385631,0.00095535,0.000643811,0.000297356,0.00039458,0.000770678
0.00211979,0.00140103,0.000119801,0.0002883,0.000402794,0.000315326,0.000433981,0.000974036,0.000583121,0.000307398,0.000373323,0.000857392
0.00198782,0.00119776,0.000423048,0.000474013,0.000448073,0.000319049,0.000483683,0.00102698,0.000519058,0.000330314,0.000334091,0.000849773
0.00231523,0.00143598,0.000192986,0.000324413,0.000520628,0.000368415,0.000476963,0.000963577,0.000554598,0.000373293,0.00045268,0.000989259
0.00188901,0.00115881,0.000317409,0.000393677,0.00059962,0.000325747,0.000392167,0.00101341,0.000665909,0.000420295,0.000480043,0.000683211
0.00247268,0.00159766,0.000394957,0.000436537,0.00051071,0.000344009,0.000473154,0.00105721,0.000696199,0.000331159,0.000431711,0.000986855
0.00288052,0.00185685,0.00023907,0.000383,0.000573336,0.000398112,0.000418641,0.000971867,0.000617435,0.000428954,0.000512625,0.00112604
0.00290609,0.00193444,0.000291878,0.000455904,0.000568524,0.000394259,0.000499321,0.000988919,0.000581259,0.000313545,0.000355959,0.00147459
0.00396866,0.0027127,0.000516956,0.000380174,0.000544818,0.000335195,0.000524357,0.00092531,0.000482289,0.000230173,0.00029836,0.00209394
0.00339499,0.00214456,0.000412763,0.000438514,0.000709206,0.000342099,0.000324113,0.000855322,0.000555954,0.000203181,0.000200355,0.00181929
0.00289567,0.00120313,0.000271579,0.000371966,0.000643982,0.000292463,0.000481668,0.00102096,0.000656592,0.000412339,0.00079926,0.00296467
0.00146708,0.000905978,0.000310962,0.000321206,0.000484909,0.000217488,0.000412545,0.00084173,0.00048794,0.000592228,0.000988935,0.00113304
0.00146266,0.000726442,0.000180035,0.000292915,0.000448022,0.000249199,0.000319001,0.000788532,0.000475435,0.000380202,0.000682712,0.000954307
0.0017912,0.00105779,0.000175575,0.000246938,0.000404499,0.000233881,0.000341426,0.000810491,0.000512608,0.000437525,0.000917657,0.00103866
0.00183496,0.00115043,0.000160701,0.000288457,0.000392675,0.000149867,0.000292467,0.000617089,0.000408928,0.000488268,0.00101906,0.00100002
0.00113637,0.000671295,0.000209139,0.000236308,0.000418851,0.000194541,0.000188611,0.000560103,0.00042338,0.00100749,0.0019691,0.00132432
0.000776148,0.000466734,0.000154408,0.000278924,0.000407635,0.000264967,0.00030708,0.000548915,0.000312204,0.000936466,0.00216951,0.00134778
0.000746939,0.000520969,0.00024808,0.000264389,0.000393412,0.000222927,0.000237219,0.000424535,0.000260331,0.000712838,0.00226172,0.00164386
0.000774773,0.000432127,0.000164788,0.000296398,0.000490768,0.000304321,0.000259933,0.000543673,0.000305797,0.00119091,0.00224583,0.0013064
0.000651401,0.000410807,0.000168521,0.000297376,0.000407401,0.000259598,0.000303416,0.000630524,0.000472973,0.001215,0.00247244,0.0014477
0.000948199,0.000526566,0.000134382,0.000265328,0.000425654,0.000252084,0.000324963,0.000758688,0.000433115,0.00128121,0.00402561,0.00279934
0.000827904,0.000460183,0.000134206,0.000222741,0.000392177,0.000183355,0.000355025,0.000819401,0.000419918,0.000581913,0.00106565,0.00125391
0.000981383,0.000569741,0.000151531,0.00026228,0.000409734,0.00021869,0.000241057,0.0007615,0.000467615,0.00166414,0.00386994,0.0021426
0.00109222,0.000576505,0.000102379,0.000211982,0.00040328,0.000286197,0.000428863,0.000894784,0.000504887,0.000668374,0.00224124,0.00188315
0.00106698,0.000637475,0.000105056,0.000216288,0.000410444,0.000282755,0.000375921,0.000803157,0.000506771,0.000559961,0.000996867,0.000918736
0.00109219,0.000548662,0.000127953,0.000309601,0.00051015,0.000320012,0.000389708,0.000790611,0.000458565,0.00123745,0.00374743,0.00254298
0.00113502,0.000606601,0.000113998,0.000393122,0.000604953,0.000288072,0.000290844,0.00067963,0.000389971,0.000980032,0.00213408,0.00141794
0.000990115,0.000586036,0.000187022,0.000345138,0.000588437,0.000337171,0.000369351,0.000750611,0.000464884,0.000646313,0.00123187,0.000772019
0.00107495,0.000605238,0.000195874,0.000369367,0.000620997,0.00033444,0.000292882,0.000685199,0.000303323,0.0010517,0.00161134,0.00108308
0.00110988,0.00063533,0.00018303,0.000411743,0.000590234,0.000293825,0.000369754,0.000874422,0.000913003,0.00173718,0.00169056,0.00104158
0.0011259,0.000589472,0.000228344,0.000371386,0.000647919,0.000363824,0.000346777,0.000928002,0.00206712,0.00218797,0.00103948,0.00089117
0.0011152,0.00071449,0.000241355,0.000373128,0.000637301,0.000325943,0.000404956,0.0011071,0.00216645,0.00179361,0.000890367,0.00072225
0.0010677,0.000581027,0.000168786,0.000354163,0.000627435,0.000331816,0.000429194,0.00127365,0.00278351,0.00234419,0.000671883,0.000741257
0.000949105,0.00050803,0.000154274,0.00032881,0.00071552,0.000390062,0.00036453,0.00131892,0.00346731,0.00317979,0.000830284,0.00052721
0.000870153,0.000495839,0.000212581,0.000377812,0.000619833,0.000320877,0.000437936,0.00141917,0.00424704,0.00293366,0.000423051,0.000610758
0.000601171,0.000365985,0.000167625,0.000339124,0.000714773,0.000412631,0.00026492,0.00155576,0.00348202,0.00214676,0.000564565,0.000470627
0.00061274,0.000383414,0.000177993,0.000339422,0.00052772,0.000284695,0.000426759,0.00117687,0.0033544,0.00237562,0.000371053,0.000334179
0.000771951,0.000415326,0.000167292,0.000357152,0.000609181,0.000344755,0.000300701,0.000670834,0.00234475,0.00173864,0.000449544,0.000638681
0.000760118,0.000415502,0.000144281,0.000380415,0.000652891,0.000355938,0.000326754,0.000842736,0.00259812,0.00209964,0.000671119,0.000468875
0.000781796,0.000456914,0.00017582,0.000423113,0.000681442,0.000325525,0.000370856,0.00194075,0.0053436,0.00336182,0.000510494,0.000440848
0.000739695,0.000436582,0.000150774,0.000336418,0.000745937,0.000417824,0.000316862,0.00244927,0.00822356,0.00588763,0.00113178,0.00044991
0.000653365,0.000420105,0.000192551,0.000420609,0.000698733,0.000341286,0.000438686,0.0011427,0.0032364,0.00302246,0.00097387,0.000355705
0.000694054,0.00036538,0.000165134,0.000382291,0.000620837,0.000324582,0.000336271,0.00152782,0.00431511,0.00278514,0.000495065,0.000463382
0.000706761,0.000370405,0.000149316,0.000346001,0.000597904,0.000320665,0.000359255,0.00139551,0.00343179,0.00211616,0.000636802,0.000353055
0.000728834,0.000394194,0.000176641,0.000359131,0.000665231,0.000344656,0.000398312,0.00197128,0.00636314,0.00452335,0.000523014,0.000484995
0.000781089,0.00037993,0.000154872,0.000348814,0.000614453,0.000347231,0.000324091,0.00148467,0.0043515,0.00333893,0.000574448,0.000450277
0.000728407,0.000465781,0.000186017,0.000358594,0.00061773,0.000332834,0.00036777,0.00173943,0.0049076,0.00318377,0.000481744,0.000412795
0.000663686,0.000371554,0.000195964,0.00031471,0.00057393,0.000308762,0.000364872,0.00163962,0.00261535,0.00142702,0.000349907,0.000306741
0.000638276,0.000356161,0.000138525,0.000290902,0.000556184,0.000263735,0.00027658,0.00124354,0.00541822,0.0041597,0.000580051,0.000423956
0.000623126,0.000399659,0.000172403,0.000381306,0.000565711,0.000265237,0.00030472,0.00143468,0.00341569,0.00207019,0.000526758,0.000345398
0.000733639,0.000380081,0.000177823,0.000379038,0.00067608,0.000394695,0.000323143,0.00160284,0.00391677,0.00251891,0.000469263,0.000414388
0.000687621,0.000461546,0.00015329,0.000330914,0.000642021,0.000328995,0.000339464,0.000812145,0.00236648,0.00198318,0.000435954,0.000267846
0.000650517,0.000346962,0.000131958,0.000399538,0.000717289,0.000378812,0.000381163,0.00156142,0.00467274,0.00380369,0.000736123,0.000314331
0.000703834,0.000448065,0.000113099,0.000331262,0.000638439,0.000396935,0.000368978,0.00098362,0.00175535,0.000978599,0.000365226,0.000208876
0.000744098,0.000360686,0.000112866,0.000365507,0.000623109,0.000236647,0.000280141,0.0011524,0.003353,0.00232468,0.000408826,0.000417096
0.000791875,0.00044573,0.000148125,0.000399299,0.000684219,0.000425262,0.000322792,0.000633521,0.00148813,0.000972568,0.000170079,0.000401173
0.000939309,0.000553601,0.000203948,0.000409432,0.000678944,0.000408137,0.000296115,0.00065741,0.00209089,0.00164811,0.000278113,0.000441799
0.00083764,0.000415865,0.00011506,0.000334488,0.000634984,0.000373726,0.000374334,0.00138005,0.00341989,0.00228791,0.000306951,0.000484823
0.000797731,0.000451262,0.000184318,0.00038342,0.000664236,0.000378355,0.000285771,0.00123309,0.00344139,0.00255065,0.000476635,0.000416626
0.000965774,0.000624008,0.000199924,0.000377031,0.000685213,0.000306674,0.000348056,0.000615003,0.00165142,0.00124792,0.000275798,0.00041479
0.000970273,0.00052379,0.000153035,0.000342725,0.000659419,0.000359585,0.000277126,0.00104554,0.00278722,0.00208822,0.000446062,0.000469091
0.000923888,0.00060254,0.000216705,0.000397348,0.000644749,0.000347978,0.00025627,0.000574275,0.00208119,0.00160151,0.000244676,0.000291633
0.000859857,0.000472406,0.000134099,0.000334693,0.000563293,0.00033956,0.000288647,0.00115633,0.00199848,0.00117791,0.000166366,0.00041144
0.000751091,0.000478378,0.000188188,0.000319549,0.000619524,0.000390984,0.000327204,0.0009549,0.00230565,0.00161128,0.000348102,0.000339019
0.00074812,0.000487859,0.000157765,0.000343528,0.000562779,0.000317454,0.000413488,0.00117584,0.00270628,0.0019467,0.000323604,0.00026161
0.00070614,0.000413657,0.000167241,0.000375256,0.000612555,0.000379924,0.000360779,0.00105765,0.00210209,0.00159507,0.000472884,0.000358781
0.000836467,0.000484046,0.000139313,0.000343101,0.000557603,0.000314757,0.00044068,0.00109968,0.00222252,0.00174534,0.000602887,0.000448627
0.00131207,0.000871016,0.000135715,0.000281295,0.000506405,0.000318682,0.000492173,0.00154962,0.00284237,0.00183949,0.000553474,0.000628841
0.00150417,0.000891285,0.00014836,0.000276341,0.000551097,0.000317191,0.000362925,0.000920335,0.000908654,0.000490427,0.000418171,0.000469149
0.00119907,0.000697013,9.67159e-05,0.000244556,0.000544611,0.000326533,0.000350435,0.000677425,0.00113482,0.00111185,0.0005291,0.000594081
0.00101079,0.000722222,0.000106518,0.000239436,0.000498745,0.000270352,0.000368129,0.00088211,0.0006915,0.000240276,0.000420123,0.0005244
0.00164208,0.00102363,0.000125947,0.000225849,0.000441013,0.000227762,0.000340088,0.000963988,0.00131109,0.000857658,0.000484124,0.000701691
0.0019601,0.00123436,0.000172666,0.000245148,0.000460936,0.000303269,0.000377032,0.000750515,0.000611366,0.000671611,0.000491008,0.000783672
0.00180124,0.00109419,0.000132656,0.000238178,0.000468495,0.000257731,0.000241454,0.000609059,0.000662202,0.00063374,0.000546639,0.000836254
0.00212861,0.00131923,0.000182236,0.000257079,0.000450619,0.00026088,0.000319928,0.000679563,0.00045357,0.000435283,0.000388917,0.000907161
0.00245234,0.0014976,0.000234656,0.000329133,0.000479722,0.000171675,0.000296113,0.000732825,0.000731036,0.000614566,0.000496357,0.00118169
0.00245307,0.00144351,0.000215119,0.000269418,0.000473023,0.00031146,0.000276794,0.000744582,0.000609057,0.000603425,0.0005242,0.00100804
0.00265208,0.00159194,0.000219187,0.00026004,0.000492753,0.000284727,0.000328869,0.000799454,0.000505118,0.000514624,0.000491722,0.00119992
0.00256347,0.00153098,0.000194708,0.000297957,0.000485448,0.000251643,0.000184213,0.000555428,0.000377221,0.000437754,0.000448524,0.00119529
0.00288234,0.00177115,0.000152653,0.000270959,0.00048478,0.000300597,0.000215321,0.000514353,0.000409123,0.000476518,0.000523568,0.00177472
0.00273295,0.0018176,0.000256117,0.00020298,0.000463539,0.000320403,0.000286186,0.000591295,0.000453705,0.000457628,0.00048546,0.00136767
0.00246275,0.00137927,0.000247384,0.000280719,0.000532545,0.000292375,0.000198653,0.000555876,0.000278956,0.000498367,0.00167167,0.00184249
0.00273359,0.00173758,0.000230333,0.00026441,0.000520326,0.000359224,0.000380932,0.000710932,0.000504026,0.000517386,0.00123354,0.00175931
0.00255999,0.00138015,0.000165091,0.000249323,0.000453328,0.000314845,0.000352221,0.000743578,0.000435687,0.000756137,0.00259702,0.00269112
0.00242566,0.00147432,0.000228954,0.000225327,0.00046714,0.000319974,0.000349128,0.000751887,0.000490837,0.000829735,0.00198901,0.00164854
0.00203823,0.00134263,0.000157898,0.000236802,0.000434768,0.000254,0.000301428,0.000635915,0.000372062,0.00088268,0.0024017,0.00162377
0.00134889,0.000855096,0.000141426,0.000260397,0.000490819,0.00034744,0.000299297,0.000559507,0.000477672,0.000719822,0.00198367,0.00153367
0.00149261,0.000861769,0.000210025,0.000268929,0.00043662,0.000289614,0.000319488,0.000602635,0.000517028,0.00106163,0.00371201,0.00302383
0.00149992,0.000858188,0.000163235,0.000276165,0.000572848,0.000351307,0.000341947,0.000647045,0.000404385,0.0015146,0.00418833,0.00289576
0.00120395,0.000817769,0.000170416,0.000343611,0.000568767,0.000312546,0.000455458,0.000963228,0.000574926,0.00192711,0.00511195,0.00312482
0.0012969,0.000851178,0.000148137,0.000239142,0.000435041,0.000305806,0.000339479,0.000795411,0.000565431,0.00117498,0.00348655,0.00215019
0.00115417,0.000844714,0.000140717,0.000279853,0.000464564,0.00030162,0.000285927,0.00076923,0.000582515,0.000748118,0.00229019,0.00174392
0.00123359,0.000667196,8.18729e-05,0.000214788,0.00042236,0.000259183,0.000383669,0.000773352,0.000364748,0.00199243,0.00587253,0.00391062
0.0012416,0.000905728,0.000243764,0.00029923,0.000514922,0.000308347,0.000398753,0.00163083,0.0035716,0.00296964,0.00399972,0.00279662
0.00132005,0.000686113,8.32459e-05,0.000267883,0.000533563,0.000386563,0.000299015,0.00132494,0.00388783,0.00256267,0.00254279,0.00182392
0.00107778,0.000647043,0.000165412,0.000259263,0.000497438,0.00030396,0.000408192,0.00165139,0.00419532,0.00257872,0.00104092,0.000979117
0.000932657,0.000595058,0.000137332,0.000294058,0.000518066,0.000307561,0.000301247,0.00236138,0.00531083,0.00270022,0.00168175,0.00118643
0.000994555,0.000612556,0.000204985,0.000208469,0.000479497,0.000337365,0.000464437,0.00327873,0.00751904,0.00362493,0.000459385,0.000642989
0.000950636,0.00049188,0.000184938,0.000324832,0.000462127,0.000184836,0.00037446,0.00345666,0.00898904,0.00549661,0.0013011,0.000804031
0.000822155,0.000481479,0.000154667,0.000282515,0.000445799,0.000270725,0.000349781,0.00522736,0.0113377,0.00585782,0.00158331,0.000946782
0.000754602,0.00045363,0.000154916,0.000298334,0.000506307,0.000295007,0.000321616,0.00423155,0.00942489,0.00426058,0.00143747,0.001027
0.000775333,0.000425392,0.000131375,0.00031196,0.00059819,0.000399594,0.000313808,0.00344864,0.00737431,0.00350165,0.00120454,0.00084258
0.00110514,0.000553204,0.00019159,0.000236737,0.000331391,0.000224478,0.000340262,0.0038684,0.0087981,0.00395921,0.000665205,0.000879535
0.00119378,0.000623433,0.000197464,0.000319471,0.000631286,0.000353889,0.000313348,0.00440583,0.0090912,0.00414142,0.000648006,0.000995098
0.000988835,0.0006005,0.000127361,0.000290211,0.000649745,0.000450996,0.000339467,0.00464496,0.00894707,0.00381636,0.000861785,0.000953565
0.000774896,0.000498694,0.000162013,0.000246674,0.00052303,0.000318705,0.000977802,0.00847366,0.0104099,0.00315936,0.000771777,0.000659435
0.00107246,0.000660198,0.000403588,0.000324215,0.000407187,0.000242406,0.0010517,0.00246379,0.00230491,0.00110617,0.000979926,0.00102322
0.00118998,0.000742823,0.000157412,0.000248929,0.000528082,0.000220187,0.0015807,0.00616977,0.00533566,0.00177929,0.00106718,0.000825899
0.00116014,0.000668681,0.000158702,0.000313349,0.000510437,0.000298375,0.00171823,0.00582522,0.00351265,0.000845262,0.000314779,0.000670151
0.00103131,0.000571784,0.000221741,0.000251555,0.000476633,0.000380304,0.00234137,0.00533663,0.00212106,0.000420291,0.000578363,0.000601699
0.00104835,0.00055352,0.000186977,0.000256786,0.000442325,0.000312721,0.00246784,0.00538965,0.00194233,0.000472382,0.00051104,0.000632707
0.00110365,0.000675296,0.000191135,0.000240373,0.000382088,0.000263875,0.00187957,0.00617215,0.00315179,0.000387311,0.000326755,0.00055654
0.000905502,0.000464474,0.000112113,0.000224861,0.000375023,0.000234401,0.00126429,0.00504906,0.00374183,0.000977135,0.000227297,0.000478509
0.000908049,0.000569226,0.000168104,0.000298294,0.000519734,0.000285365,0.00309655,0.00960222,0.00623103,0.00114535,0.000499463,0.000481336
0.00092325,0.000530887,0.000125098,0.000273008,0.000528381,0.000416891,0.00407901,0.00755244,0.00325061,0.00126135,0.000345102,0.000352324
0.00109188,0.000538513,0.000153911,0.000222601,0.000389098,0.000287142,0.00399628,0.011833,0.00736825,0.00135016,0.000428403,0.000654554
0.00137798,0.000708421,0.000194338,0.000249613,0.000489806,0.000318222,0.00213575,0.00900878,0.00716895,0.00152237,0.000383558,0.000782116
0.0013025,0.000629945,0.000141948,0.00035047,0.000631445,0.000401091,0.00331871,0.0100009,0.00557488,0.000394386,0.000290164,0.000731841
0.00092265,0.000628781,0.000142345,0.000283074,0.000565658,0.000394406,0.00571522,0.0137911,0.00679239,0.000499109,0.000146215,0.000255034
0.000733534,0.000449377,0.000181149,0.000263016,0.000452627,0.000319711,0.0032501,0.00999303,0.00601481,0.000919219,0.000316655,0.000388531
0.000978255,0.000486887,0.000191233,0.000243611,0.000338914,0.000279331,0.00263256,0.00988529,0.00709284,0.00108033,0.000220293,0.000612064
0.00102978,0.000534702,0.000166201,0.000260595,0.000447232,0.000292351,0.0036352,0.0121251,0.00777925,0.000878205,0.000235342,0.00059033
0.000858061,0.000631456,0.000341561,0.000449239,0.000596526,0.000384125,0.00421082,0.011486,0.00602371,0.000456113,0.000352161,0.000474762
0.000690985,0.000406993,0.000191238,0.000260155,0.000453111,0.000337403,0.00450481,0.0129737,0.00737594,0.000487756,0.000414379,0.000469228
0.00086857,0.000522073,0.000197837,0.00020875,0.000418558,0.000936833,0.00410863,0.00498911,0.00187478,0.000355591,0.000317616,0.000459986
0.0010816,0.000579346,0.000232624,0.000287999,0.00040179,0.000580618,0.00374963,0.0059292,0.00281597,0.000516151,0.000376555,0.000592841
0.00127021,0.000750633,0.000173301,0.000279228,0.000452828,0.000994908,0.00567514,0.00629432,0.00146958,0.000400232,0.000325238,0.00062291
0.0011308,0.000729423,0.000188586,0.000301217,0.000481569,0.00143099,0.00523461,0.00398576,0.00103596,0.000297257,0.000426568,0.000556164
0.000922327,0.00059353,0.00014013,0.000238592,0.000504198,0.00153963,0.00527922,0.00293381,0.00146598,0.000384921,0.000360767,0.000427035
0.00109288,0.000594,0.000154674,0.000252179,0.00039619,0.000986466,0.00404712,0.00397085,0.00102747,0.000229041,0.000412282,0.000650993
0.00114275,0.000564374,0.00016737,0.000318717,0.000475102,0.00128122,0.00528001,0.0049328,0.00143465,0.000283564,0.000399686,0.000712659
0.00116196,0.000729145,0.000191857,0.000284984,0.000608229,0.00126019,0.00531794,0.0040654,0.00113848,0.000322492,0.000302758,0.000418968
0.000914562,0.000518172,0.000135793,0.000358594,0.00061795,0.00241012,0.00725113,0.0043171,0.00152168,0.000287984,0.000259415,0.000391688
0.000688494,0.000471349,0.000147184,0.000313971,0.000543034,0.00224946,0.00585286,0.00364915,0.00142711,0.00028305,0.000398051,0.000412804
0.00108668,0.000612591,0.00016236,0.00025731,0.000445364,0.00161004,0.00689434,0.00660571,0.00174558,0.000233664,0.000387283,0.000601389
0.00127624,0.000700902,0.000142225,0.000230644,0.000486504,0.00111074,0.0042926,0.00310304,0.000593062,0.000269018,0.000387307,0.000617605
0.00113722,0.000596028,0.000131386,0.000276713,0.000457981,0.00237206,0.00674477,0.00472393,0.000950346,0.000430594,0.000504006,0.000669591
0.000922542,0.000545483,0.00018226,0.000200487,0.000398913,0.00181279,0.00597233,0.00365242,0.000789914,0.00038327,0.000479944,0.000400099
0.00110121,0.00067307,0.000186774,0.000209688,0.000352005,0.00133788,0.00565844,0.00488666,0.00110738,0.000387044,0.00044717,0.000563751
0.00118829,0.000701566,0.000191684,0.000252334,0.000508344,0.00133247,0.00405529,0.00242497,0.000725919,0.000280809,0.000334544,0.000541574
0.00124185,0.000705062,0.000201947,0.000190932,0.000444634,0.00221959,0.00732588,0.00559077,0.000967656,0.000240175,0.000350738,0.000597725
0.0012708,0.000775985,0.000218086,0.000280557,0.000432501,0.00155233,0.00602082,0.00453555,0.000742851,0.000186571,0.000160817,0.000501256
0.00116035,0.000626043,0.000181294,0.000295536,0.00040057,0.00128373,0.00460441,0.00367223,0.000757397,0.000313695,0.000308034,0.000499004
0.00115868,0.000752022,0.000208202,0.000171,0.000400263,0.000538424,0.00208974,0.00185451,0.00051791,0.000237208,0.000253982,0.000400285
0.00126745,0.000807063,0.000272615,0.000252301,0.000396689,0.00120836,0.00479711,0.00369365,0.000773966,0.000301363,0.000308288,0.000410088
0.00138793,0.000705922,0.000153516,0.000144342,0.000303517,0.000644049,0.00286041,0.00219471,0.000552632,0.000209046,0.000292857,0.000619703
0.00161479,0.000980723,0.000228857,0.000139808,0.000263121,0.00049228,0.00227372,0.00244376,0.000910805,0.000264206,0.000298098,0.000735199
0.00164427,0.00105537,0.000167837,0.000126101,0.00015607,0.000750715,0.00260025,0.00224555,0.000774392,0.000214304,0.000192851,0.000495084
0.00173941,0.000994796,0.000135236,0.000162867,0.000243173,0.00068573,0.00314061,0.00323467,0.00105673,0.000232438,0.000268059,0.000675495
0.00187788,0.00122081,0.000184891,0.000165019,0.000307742,0.000431934,0.00227489,0.00239445,0.000913125,0.000143581,0.000234358,0.000530816
0.00215867,0.00126486,0.000196492,0.000209212,0.000354689,0.000522116,0.00225804,0.00214029,0.000904586,0.000121769,0.000248203,0.000845772
0.00251171,0.00154886,0.000323427,0.000197934,0.000419187,0.000623909,0.0015777,0.00202486,0.000842618,0.00021173,0.000134371,0.00088375
0.00274327,0.00180556,0.000330998,0.000186129,0.000287293,0.000623783,0.00160977,0.00196442,0.000893257,0.000172483,0.000135427,0.000904754
0.00281689,0.00177798,0.000314546,0.000184761,0.000258579,0.000445504,0.00189442,0.0022914,0.000972962,0.00022797,0.000187149,0.00114063
0.00208049,0.00171303,0.000438555,0.000319698,0.000350657,0.000309444,0.000768841,0.00118871,0.000654731,0.000220636,0.00049864,0.00120221
0.00236465,0.00144141,0.00021111,0.000337862,0.000573854,0.000444821,0.0011037,0.00142208,0.00103165,0.00098981,0.000640828,0.00116199
0.00223731,0.00146475,0.000226227,0.000194619,0.000313404,0.000489088,0.00148131,0.0016513,0.000890749,0.000426233,0.000447723,0.000633187
0.00189824,0.00128994,0.000402963,0.000308109,0.000379794,0.000702776,0.00213843,0.00235146,0.00105884,0.000392134,0.000322544,0.000713568
0.00174017,0.00108563,0.000486941,0.000438541,0.000415429,0.000423132,0.00169957,0.0031721,0.00192934,0.000446458,0.00043599,0.00108398
0.00158394,0.00130285,0.00105055,0.000583253,0.000340468,0.000658702,0.00163982,0.00319457,0.00196654,0.000830909,0.000677194,0.000923796
0.00135576,0.00098881,0.000840944,0.000471442,0.000309197,0.000774019,0.00177425,0.00317643,0.00179917,0.00140698,0.00148162,0.00142552
0.000876283,0.000712451,0.00133425,0.000755344,0.000554484,0.00101077,0.00125682,0.00358721,0.00273026,0.00152927,0.000751555,0.000926156
0.000717376,0.000819474,0.00120871,0.000655012,0.000381705,0.000697823,0.0013208,0.00354785,0.00177127,0.0014121,0.00148249,0.000961801
0.000863876,0.000917513,0.00118384,0.000570236,0.000417287,0.000557786,0.00127464,0.00297404,0.0017395,0.00107952,0.00125574,0.000790259
0.000983714,0.000964047,0.00114905,0.000636493,0.00031005,0.000413688,0.0015121,0.00419326,0.00257116,0.00105837,0.00102732,0.00120109
0.000702695,0.000626524,0.00102608,0.000710456,0.000476407,0.00069586,0.00181116,0.00444521,0.00245105,0.00124967,0.00109917,0.000885324
0.000611381,0.00064251,0.00120339,0.000795717,0.000531388,0.000562472,0.00199026,0.00484937,0.002835,0.00102076,0.00118903,0.000755467
0.000606894,0.000875307,0.00126216,0.000702496,0.000311563,0.000533617,0.00240522,0.00556521,0.00327164,0.00106635,0.00115179,0.000559671
0.000542618,0.000617877,0.00120614,0.000677473,0.000243889,0.000355051,0.0021674,0.00609313,0.00380819,0.00107333,0.000896541,0.00054068
0.00042393,0.000545532,0.00123408,0.000683602,0.000268697,0.000493897,0.001922,0.00507291,0.0028143,0.000563346,0.000662025,0.000626117
0.000362486,0.000515761,0.00103414,0.000566566,0.000333292,0.00054448,0.00193513,0.00519914,0.00319515,0.000881602,0.000946861,0.000449353
0.000526112,0.000513077,0.000746231,0.00037703,0.000303042,0.000497005,0.00215359,0.00644268,0.00389535,0.000980771,0.000839395,0.000639778
0.00053864,0.000347757,0.00053262,0.000342955,0.000257041,0.000360696,0.00277716,0.00734322,0.00425784,0.00102432,0.00059262,0.000584655
0.000349273,0.000368163,0.00086976,0.000526417,0.000312691,0.00040634,0.0023505,0.00656917,0.0039163,0.000847952,0.000465993,0.000557818
0.000487215,0.000605556,0.000995146,0.000507162,0.000319749,0.000483304,0.0014487,0.00438066,0.00278038,0.000618328,0.000537542,0.000476686
0.000394729,0.000602561,0.00134763,0.000814842,0.000277386,0.000262043,0.00232573,0.00773449,0.00471241,0.000725649,0.000569684,0.000423978
0.000296836,0.0007461,0.00172614,0.000841773,0.000126968,0.000230873,0.00276315,0.00866255,0.0053494,0.00108148,0.000471003,0.000419192
0.000485761,0.000574726,0.00127578,0.000579509,0.00127356,0.00178143,0.00172692,0.00302289,0.00202234,0.000707137,0.000552452,0.000921705
0.000440426,0.000332957,0.00049406,0.000229544,0.00169868,0.00366907,0.00276079,0.00410716,0.00262188,0.000708953,0.000444195,0.00061455
0.00051536,0.000532098,0.000861407,0.000533368,0.00166773,0.00426852,0.00327235,0.00430215,0.00284104,0.000915724,0.000544683,0.000790426
0.000422773,0.000606417,0.0010773,0.000556275,0.00211311,0.00512949,0.00349306,0.00449509,0.00305494,0.000727622,0.000353114,0.000567817
0.000322152,0.000387028,0.000882885,0.000589291,0.00241219,0.00481884,0.00299017,0.00459117,0.00293167,0.000691716,0.000248912,0.000528168
0.000319595,0.000408126,0.00100928,0.000582967,0.00246686,0.00552202,0.00321902,0.00369087,0.00221573,0.000435177,0.000396803,0.000663539
0.000319536,0.000382846,0.000889783,0.000521448,0.00259378,0.00563816,0.00280265,0.00300975,0.00206687,0.000650811,0.000236279,0.000791557
0.000352843,0.000345913,0.000601872,0.000386803,0.00289139,0.00619629,0.00268836,0.00350123,0.00218417,0.000684259,0.000465396,0.000789269
0.000199444,0.000339684,0.000644554,0.000371634,0.00374894,0.008047,0.00361744,0.00291133,0.00190015,0.000524482,0.000360505,0.000626045
0.000220548,0.000429577,0.001123,0.00071264,0.00478619,0.0100067,0.00415962,0.00280466,0.00194291,0.000594646,0.000396766,0.000602874
0.000291797,0.000482582,0.00106583,0.000625039,0.00581803,0.0129713,0.00581593,0.00319156,0.00193742,0.000442162,0.000417683,0.000669069
0.000279682,0.000493649,0.00126019,0.000748776,0.00471566,0.0103928,0.00518527,0.00330703,0.0020785,0.000505076,0.00029512,0.000771556
0.00100344,0.000586769,0.00274896,0.00385306,0.00205184,0.00308021,0.00219887,0.00274295,0.00160336,0.000664546,0.000718425,0.00089385
0.000315759,0.000275001,0.00210191,0.0039279,0.00155125,0.00111849,0.000994509,0.00211774,0.00112424,0.000457566,0.000701737,0.000866595
0.000336456,0.000423946,0.00238577,0.00495953,0.00180176,0.00125484,0.00114189,0.002633,0.00158426,0.000511591,0.000638603,0.000553034
0.000317317,0.000365808,0.00200869,0.00476157,0.00246945,0.00155898,0.00122959,0.00271626,0.00156222,0.00102559,0.00138727,0.000861578
0.000184885,0.00050638,0.00276872,0.00397185,0.00136846,0.000907972,0.00105201,0.00223709,0.00154813,0.000962589,0.0016813,0.000843284
0.000258268,0.000443391,0.00335571,0.00609727,0.00223985,0.00164563,0.00161571,0.00229685,0.00136582,0.00103557,0.00164862,0.000772288
0.00018656,0.000444787,0.00361659,0.0065182,0.00280944,0.00191576,0.00165305,0.00251542,0.00162882,0.00076567,0.000919004,0.000484431
0.000299626,0.000500053,0.00576741,0.00945565,0.00339506,0.00131143,0.00143682,0.0027366,0.0016133,0.000628226,0.000609729,0.000336634
0.000294219,0.000434161,0.00328995,0.00698599,0.00299217,0.000606361,0.00114969,0.00267996,0.0015325,0.00134051,0.00218088,0.000952833
0.000267715,0.000441093,0.00486044,0.00981486,0.00436736,0.00098496,0.00100582,0.00262589,0.00160413,0.00105924,0.00143955,0.000775782
0.000330321,0.000449267,0.00512424,0.0102357,0.00428974,0.000693374,0.000756525,0.00250001,0.00144792,0.000831956,0.00105799,0.000517773
0.00033667,0.000441164,0.0074342,0.0131759,0.00482126,0.000610596,0.000868553,0.00250588,0.00147508,0.00103986,0.00165027,0.00095425
0.00047001,0.00112317,0.00883895,0.00974279,0.00329353,0.000336337,0.00100942,0.00255242,0.00158713,0.00186655,0.00293265,0.00129688
0.000306094,0.00206539,0.00616522,0.00411532,0.00159505,0.000329976,0.000942011,0.00249273,0.00145137,0.00126439,0.00217908,0.00118451
0.000296862,0.00252028,0.00850966,0.00522269,0.000589791,0.000381549,0.000756536,0.00228955,0.00141623,0.000554412,0.000599014,0.000280894
0.000474778,0.0034235,0.0102592,0.00576337,0.00119143,0.00103244,0.000842864,0.00236097,0.00141937,0.000993506,0.00146664,0.000922964
0.000666689,0.00472669,0.0130999,0.00766186,0.00143529,0.000330266,0.000839983,0.00202003,0.00096665,0.0020506,0.00178009,0.00104829
0.00055835,0.00640381,0.0147485,0.00655731,0.00142245,0.000904797,0.00120303,0.002659,0.00184957,0.00237182,0.00180318,0.000837134
0.000752941,0.00715908,0.0180931,0.0100102,0.00145845,0.000638415,0.00108164,0.0026484,0.00181381,0.0020452,0.000874796,0.000645081
0.000699638,0.00451464,0.0146334,0.00848662,0.00174899,0.000840637,0.0013081,0.00316354,0.00263817,0.00204322,0.000860465,0.000541333
0.000672521,0.00643531,0.0153425,0.00714315,0.00151957,0.00112316,0.00100409,0.00316918,0.00280055,0.00264264,0.00181112,0.000671189
0.000565451,0.00411134,0.0117218,0.00592153,0.0014145,0.000643534,0.000997576,0.00271943,0.00144867,0.00213376,0.00108343,0.000491247
0.000547231,0.00503452,0.0132929,0.00790671,0.00216606,0.00103254,0.00107678,0.00279498,0.0011761,0.00181483,0.00140083,0.000857327
0.000668117,0.00361343,0.0128324,0.00848678,0.00155813,0.00026918,0.00107578,0.0032274,0.00196525,0.000896246,0.00071062,0.00093863
0.000301739,0.00530427,0.0151655,0.0091991,0.00155904,0.000740949,0.00136439,0.00338409,0.00196555,0.00184468,0.00134621,0.000499466
0.000353038,0.00531982,0.0153054,0.00857472,0.000675276,0.000402248,0.00118924,0.00333904,0.0022524,0.00207564,0.00106191,0.000361284
0.00049894,0.00472057,0.0128357,0.00674972,0.000487937,0.000683174,0.00145895,0.00360436,0.001949,0.00220001,0.00157169,0.000627107
0.00042384,0.00403699,0.0110258,0.00600697,0.000841207,0.00078703,0.00147366,0.00388002,0.00253269,0.00249667,0.00135871,0.000610692
0.000501173,0.00331976,0.00932183,0.00512874,0.000681385,0.000503906,0.00145829,0.0039555,0.00251313,0.00193177,0.00129833,0.000634758
0.000361693,0.00192001,0.00560167,0.00354449,0.00119377,0.000950491,0.00182482,0.00397657,0.00223367,0.00209266,0.00110519,0.000433879
0.00038607,0.0017621,0.00607291,0.00393068,0.000847122,0.000357728,0.0014194,0.0042958,0.0023555,0.00162964,0.00104654,0.00041743
0.000509272,0.0032733,0.00756863,0.00436869,0.00129484,0.000905067,0.00171271,0.00421835,0.0022321,0.000715901,0.000557574,0.000393848
0.00113444,0.00420826,0.00636616,0.00323133,0.000827119,0.00046834,0.00139608,0.00397541,0.00254298,0.000562052,0.000296113,0.000523818
0.00129516,0.00483308,0.00492302,0.0024284,0.000770708,0.000665655,0.00146104,0.00385703,0.00248078,0.0013801,0.000646187,0.000729152
0.0022691,0.00733714,0.00415303,0.00127122,0.000626938,0.000697624,0.00185265,0.0038648,0.00267516,0.00118817,0.000439643,0.000468138
0.00227314,0.0074261,0.00480231,0.000893858,0.000531368,0.000548153,0.0015504,0.0043861,0.00360404,0.00147879,0.000536421,0.00043731
0.00165266,0.00600126,0.0050083,0.00144483,0.000728045,0.000580661,0.00156948,0.00374342,0.00235489,0.0011393,0.000466436,0.000432679
0.00178985,0.00670642,0.00568083,0.00178013,0.000558809,0.000432107,0.00145485,0.00389109,0.00317852,0.00139422,0.000560868,0.000596894
0.00118857,0.00467916,0.00313887,0.00117778,0.000911772,0.000712748,0.00115646,0.00315795,0.00224408,0.000666589,0.000322172,0.000549865
0.00141421,0.00541765,0.00386036,0.00136892,0.000559383,0.000316299,0.000906259,0.00239469,0.00188019,0.000533084,0.000523155,0.000706977
0.00155613,0.00577326,0.00460325,0.000980855,0.000463508,0.000239482,0.000880936,0.00265719,0.00242771,0.00068846,0.000395896,0.00058963
0.00146748,0.00466424,0.00283626,0.00080356,0.000548045,0.00040012,0.0011146,0.00340755,0.00297261,0.00106236,0.000419806,0.000402592
0.00134074,0.00441997,0.00327989,0.00142675,0.000560664,0.000283453,0.000935132,0.002801,0.00181345,0.00065125,0.000364997,0.000590025
0.00129321,0.004507,0.00383184,0.000995299,0.000324837,0.000237135,0.000969313,0.002065,0.00195948,0.00113362,0.000442027,0.000615862
0.00132411,0.00477997,0.00419874,0.0011859,0.000496742,0.00048625,0.000693008,0.00221604,0.00278544,0.00135645,0.000499326,0.000575115
0.00171759,0.00519284,0.00348998,0.000662317,0.00023614,0.000290633,0.000769524,0.00240398,0.00266428,0.00117344,0.000507324,0.00067297
0.00150609,0.0052849,0.00357209,0.000676141,0.000520173,0.000415321,0.000588251,0.00157965,0.00227975,0.0014604,0.000481047,0.000332004
0.00106504,0.00465727,0.00345535,0.000589909,0.000431515,0.000286963,0.00046073,0.00149991,0.00170798,0.000741083,0.000201858,0.000295373
0.0012515,0.00491133,0.00351501,0.000424841,0.000461629,0.000393695,0.000728111,0.00181821,0.00192164,0.00109607,0.00023301,0.000166971
0.00107038,0.00474257,0.00356192,0.000435853,0.000447897,0.000288171,0.000563843,0.0018659,0.0025379,0.0012891,0.000206053,0.000276475
0.000796435,0.00368836,0.00288778,0.000549479,0.000457079,0.000251065,0.000594215,0.00175059,0.00247486,0.00148102,0.000285825,0.000223054
0.00124885,0.00394127,0.00276684,0.000619768,0.000337798,0.000159141,0.000513094,0.00186732,0.00211735,0.00096757,0.000282952,0.000362098
0.00193222,0.00524049,0.00306016,0.000421186,0.000323259,0.00035462,0.000682326,0.00216008,0.00163324,0.000617164,0.000353326,0.000332342
0.00102919,0.00423612,0.00365978,0.000813113,0.000295487,0.000211614,0.000831205,0.00201647,0.00166227,0.000775162,0.000365218,0.000318297
0.000836761,0.00392983,0.00335492,0.000715866,0.000195677,0.000135016,0.00060537,0.00181826,0.00165393,0.000844771,0.000346983,0.000439706
0.000762025,0.00172352,0.000819642,0.000212493,0.000315131,0.000295258,0.000719283,0.0018347,0.00195376,0.00102067,0.000354997,0.000511841
0.000690322,0.00283041,0.00195821,0.000320335,0.000444755,0.000329898,0.000603562,0.00166595,0.00155994,0.000659543,0.000269668,0.00034537
0.000965142,0.00381437,0.00284088,0.000499408,0.000232935,0.000259678,0.00064172,0.00159626,0.00109458,0.000540305,0.000245996,0.000219096
0.000575324,0.00271502,0.00249024,0.000581269,0.000258009,0.000280127,0.000643219,0.00174453,0.00193481,0.00114255,0.000281794,0.00024378
0.000642422,0.0023326,0.00207857,0.000561773,0.000194962,0.000238657,0.000750471,0.00177884,0.00146391,0.000547454,0.000184782,0.000281149
0.000781676,0.00280623,0.00195439,0.000489421,0.000221933,0.000104076,0.000583045,0.00160259,0.00120164,0.000532005,0.000242262,0.000161577
0.000719323,0.00237021,0.00130707,0.000301192,0.000115874,0.000251839,0.000491725,0.00165563,0.00174464,0.000888303,0.000272771,0.000188825
0.000370719,0.00129921,0.000954353,0.000365754,0.000210296,0.000197044,0.00049041,0.00140367,0.00125107,0.000451801,0.000171642,0.000298956
0.000465686,0.00187117,0.00128751,0.000609582,0.000634964,0.000485576,0.000463987,0.000847826,0.000877453,0.000814735,0.000517372,0.000397061
0.000741943,0.00264273,0.00264625,0.00100745,0.000457102,0.000829976,0.00145929,0.00129813,0.00102687,0.000766878,0.000332272,0.000591693
0.000426885,0.00278371,0.00368199,0.00140386,0.000344546,0.000551387,0.00108412,0.000681263,0.00140611,0.00207067,0.00125186,0.000581492
0.000556724,0.000430097,0.000931724,0.000798545,0.000573003,0.00108572,0.00191294,0.00118508,0.00165211,0.00212383,0.000881017,0.000492994
0.000828933,0.00127945,0.00620137,0.00430562,0.00118958,0.00096901,0.00114347,0.00136104,0.00153641,0.00262138,0.00199482,0.00119502
0.00092965,0.00207598,0.00640036,0.00410634,0.00133723,0.00274259,0.00505762,0.00367265,0.0023335,0.00346139,0.00308657,0.00153768
0.000497619,0.00217111,0.00568312,0.00395208,0.00140056,0.00352516,0.00813231,0.00412673,0.000987112,0.00162922,0.00278235,0.00143065
0.000605352,0.00262014,0.00679208,0.00389119,0.000990393,0.0026526,0.0078882,0.00558997,0.00136746,0.00228478,0.00267352,0.00139168
0.000584682,0.000901588,0.00311959,0.00265091,0.00110081,0.00215455,0.00596201,0.00427622,0.00100456,0.00134475,0.001229,0.000817721
0.000427197,0.000898527,0.0028334,0.00192331,0.000666092,0.00169879,0.00613361,0.0039156,0.00110789,0.0020193,0.00163819,0.00044504
0.000413385,0.00154885,0.00403645,0.00254345,0.000450247,0.0024808,0.0071107,0.00456189,0.00143614,0.00274469,0.00228545,0.000737212
0.000423082,0.00258625,0.00543003,0.00287335,0.000776294,0.00197363,0.00597894,0.00357235,0.000955884,0.000901653,0.000693548,0.000434082
0.000328255,0.00347047,0.00819892,0.00384557,0.000563514,0.00146828,0.00546444,0.00387708,0.00133255,0.00177669,0.000953073,0.000391171
0.00038961,0.00191998,0.00632076,0.00488266,0.00130511,0.0017892,0.00531205,0.00355272,0.00115439,0.00241101,0.00176055,0.000345679
0.000445121,0.00184881,0.00576921,0.00408749,0.000905721,0.00094362,0.00282018,0.00183487,0.00079008,0.00351014,0.00283842,0.000661659
0.000443384,0.0040817,0.00913363,0.00414354,0.000380455,0.000736758,0.00163704,0.0010437,0.00106059,0.00173858,0.00123842,0.000669928
0.000455991,0.00547206,0.0128182,0.00646771,0.000694451,0.000859801,0.00188562,0.00142272,0.00122505,0.00298541,0.00193407,0.000752762
0.00116513,0.00264291,0.00921621,0.00797554,0.00236273,0.000993931,0.00244582,0.00167819,0.00117714,0.00292337,0.00271153,0.00108574
0.000955092,0.0050463,0.016822,0.0113523,0.00162786,0.00159545,0.00306168,0.00210067,0.00139724,0.00556852,0.00404576,0.00129065
0.000591757,0.00926512,0.0214118,0.0107438,0.00188847,0.00281394,0.00577449,0.0036445,0.00223015,0.00597338,0.00353852,0.000987479
0.000781168,0.00537038,0.0156587,0.00939869,0.00101684,0.00175327,0.00365828,0.0020934,0.00189708,0.0052755,0.00317092,0.000439252
0.000556271,0.00516963,0.0152594,0.00894175,0.000894018,0.00106374,0.00212601,0.00125011,0.00197135,0.00412813,0.00238879,0.000644347
0.00178938,0.00482397,0.0120839,0.0108866,0.00814695,0.0031197,0.00222471,0.00119121,0.00133983,0.00387265,0.00428992,0.00510613
0.000958034,0.00419957,0.0130055,0.00718345,0.00923891,0.00511163,0.00235004,0.00107367,0.000976472,0.00315001,0.00264132,0.00300927
0.00103171,0.00226733,0.00690633,0.00467669,0.00441697,0.00850133,0.0130198,0.00673741,0.00138789,0.00226628,0.0019965,0.00173757
0.000827975,0.00269634,0.00814853,0.00566249,0.00166679,0.0049094,0.0218813,0.0170929,0.00262973,0.00392802,0.00247123,0.000949901
0.0011653,0.00124371,0.00293859,0.00230136,0.00268637,0.00200278,0.00395011,0.00697347,0.00275526,0.00140206,0.00157498,0.00199385
0.000938466,0.00179094,0.00551543,0.00343078,0.00241949,0.00230736,0.0072289,0.00567542,0.00389106,0.00220176,0.00131556,0.000742307
0.000731197,0.00247119,0.00610432,0.00424722,0.00289848,0.00226539,0.00622421,0.0122732,0.00717441,0.00170198,0.00207276,0.00152758
0.00103823,0.00202407,0.00607901,0.0049166,0.00232249,0.00223616,0.00708619,0.0191982,0.0147529,0.00421449,0.00182211,0.00123821
0.000671614,0.00207479,0.00548024,0.00386555,0.00244337,0.00209554,0.00724244,0.0261812,0.0211209,0.00508286,0.00186209,0.00147428
0.00103469,0.00206309,0.00476755,0.0025215,0.00191262,0.00230633,0.00685924,0.0292608,0.0222271,0.00284288,0.0011538,0.00110593
0.00102754,0.00177151,0.00499662,0.0037793,0.00092233,0.00145265,0.00859637,0.0295766,0.0219494,0.0043784,0.00170327,0.0013011
0.000962101,0.00166222,0.0050432,0.00366064,0.00155821,0.00137693,0.00864725,0.0281864,0.0224699,0.00820189,0.00255896,0.00128177
0.00067664,0.00218718,0.00573761,0.00423938,0.00133208,0.000986465,0.00567525,0.0170853,0.0157777,0.0105759,0.00431636,0.000698433
0.00104442,0.00127637,0.00279374,0.00190324,0.000973738,0.000995625,0.00348726,0.0117753,0.00950439,0.0100565,0.00812587,0.00238315
0.00163483,0.0015477,0.0038873,0.00254575,0.000768208,0.000852556,0.00496183,0.0121685,0.00687597,0.0105502,0.0187586,0.0109112
0.00167173,0.000718148,0.00341638,0.00245907,0.00113119,0.00087239,0.00398344,0.00622687,0.00314706,0.0054635,0.00592868,0.00337483
0.00934893,0.0104311,0.00606783,0.00318279,0.00131494,0.00167022,0.00285502,0.00696561,0.00521541,0.00258874,0.0083303,0.00661146
0.0131235,0.0105954,0.0061964,0.00600201,0.00411105,0.00268814,0.00306324,0.0092054,0.00563395,0.00586251,0.0065294,0.00929538
0.0227265,0.011662,0.00883003,0.0211474,0.014985,0.00319747,0.00441497,0.0102296,0.00613248,0.00443847,0.00813275,0.0118635
0.0139263,0.0113162,0.00798016,0.0184612,0.0105744,0.00120932,0.00378782,0.011381,0.00782849,0.00334188,0.00581312,0.00874803
0.0105856,0.00857922,0.00708221,0.0127714,0.00793064,0.00191024,0.00282938,0.00962883,0.00714965,0.00350776,0.00369548,0.00379618
0.00546764,0.00538388,0.00304616,0.00271897,0.00335989,0.00183868,0.00257203,0.00722643,0.00758468,0.00507322,0.00387448,0.00399895
0.00804429,0.00645805,0.00239303,0.0048405,0.00442531,0.00209842,0.0022575,0.00445951,0.0052475,0.0106023,0.0107305,0.00499051
0.00982135,0.00555591,0.00210458,0.00312802,0.00465278,0.00256941,0.00381137,0.00982543,0.0116566,0.0191868,0.0138705,0.00704934
0.0111638,0.00751948,0.00290894,0.00671096,0.00763494,0.00296228,0.00300611,0.00846601,0.00877535,0.0151889,0.0101553,0.00691137
0.00990761,0.00650602,0.0021482,0.00529456,0.00473637,0.00260836,0.002325,0.0062338,0.00988268,0.024505,0.0148896,0.00503719
0.00584024,0.00414272,0.00143084,0.00365942,0.0035293,0.00155404,0.00177138,0.00287965,0.00510473,0.0176758,0.0118694,0.00507528
0.00501334,0.00559962,0.00667012,0.00510981,0.00322534,0.00237833,0.00278925,0.00486779,0.00557166,0.0109132,0.00745967,0.00461352
0.00624657,0.00739618,0.0169845,0.0133591,0.00474161,0.00425512,0.012061,0.0158803,0.00970425,0.00824028,0.0050621,0.00455293
0.0053617,0.00551866,0.0201456,0.0128668,0.00227241,0.00390988,0.016892,0.0282575,0.016957,0.0170261,0.0117028,0.00351008
0.00442769,0.0100649,0.0247811,0.0172601,0.00341063,0.00362451,0.0152907,0.0255943,0.0120125,0.0120092,0.00844548,0.00243759
0.00463654,0.00924978,0.0226935,0.0142414,0.00265071,0.00269767,0.0110628,0.0231336,0.0118542,0.00797868,0.00501758,0.00222677
0.00260414,0.0066347,0.0185841,0.0103611,0.00203688,0.00293097,0.00942107,0.0200858,0.0121924,0.00646036,0.00453266,0.00241068
0.00372887,0.00710472,0.0154384,0.0087019,0.00162686,0.00288945,0.0154588,0.0298104,0.0167194,0.00815801,0.00351797,0.0016338
0.00263322,0.00506493,0.0130532,0.00758267,0.0020651,0.00248232,0.0171045,0.0286045,0.0126943,0.00722952,0.00498687,0.00168135
0.00214006,0.00502921,0.0118912,0.00610913,0.00140166,0.00367301,0.0137451,0.0212714,0.0103171,0.00746316,0.00522891,0.00154937
0.00264049,0.0042912,0.00981192,0.00525667,0.00108198,0.00373472,0.0210936,0.0302517,0.0130021,0.00519525,0.00338786,0.00207165
0.0020743,0.00320702,0.00891349,0.00465788,0.00143092,0.00174369,0.0172816,0.0312922,0.0144475,0.00191225,0.00128415,0.00188266
0.00249962,0.00502345,0.00610671,0.00319002,0.00439225,0.00708319,0.011564,0.00880161,0.00272761,0.00434586,0.00338769,0.00238354
0.00379446,0.00680897,0.011397,0.00749766,0.00441073,0.00751933,0.0177089,0.0122974,0.00418143,0.00441158,0.0034899,0.0038423
0.00359657,0.00751921,0.0150386,0.00923472,0.00565038,0.00613896,0.00899419,0.0116033,0.00743591,0.00671709,0.00416377,0.00313697
0.00419395,0.00566286,0.014685,0.0104827,0.00374265,0.00787841,0.0227767,0.0206851,0.00691522,0.00755072,0.00468098,0.00455244
0.00403803,0.00621799,0.0143958,0.00620559,0.00342796,0.00810369,0.0328632,0.0285095,0.00791993,0.00695159,0.00419103,0.00353858
0.00581201,0.00759299,0.015269,0.00797622,0.00387178,0.0043355,0.0121184,0.0120833,0.0088264,0.00813635,0.00674452,0.00605017
0.0039317,0.0076408,0.012261,0.00596306,0.00266326,0.00335035,0.0102294,0.0249075,0.0179276,0.00740863,0.00343934,0.00262494
0.00394495,0.00629925,0.0105646,0.00559069,0.00295281,0.00392467,0.0104183,0.0232776,0.0165722,0.00772975,0.00357381,0.0032523
0.00275658,0.00475471,0.00741792,0.002667,0.00134213,0.00192833,0.00747265,0.0238958,0.0158033,0.0062237,0.00412597,0.00233117
0.0022146,0.00391038,0.0087148,0.00466667,0.0013066,0.00204125,0.013825,0.0300949,0.0165315,0.00404646,0.00223777,0.00155307
0.00140937,0.00476435,0.0103928,0.00624343,0.00219343,0.0022134,0.0112864,0.0250564,0.0142058,0.00421729,0.00248202,0.00186959
0.00371116,0.00546622,0.0111812,0.00734696,0.00308057,0.00315165,0.013744,0.0216278,0.0135396,0.00472093,0.00314728,0.00545167
0.00879937,0.0174406,0.0332074,0.0198762,0.0144188,0.0163311,0.0275013,0.0560233,0.0355441,0.0131474,0.0123515,0.011318
0.0159536,0.0144662,0.0584787,0.0342308,0.013822,0.0158754,0.0389981,0.0754329,0.0545586,0.023301,0.0232106,0.0221191
0.0176969,0.0150888,0.0358613,0.0300922,0.0142838,0.0129448,0.0363683,0.0525707,0.0323847,0.016891,0.0157247,0.0143712
0.0127392,0.0192146,0.0371811,0.0147338,0.0127913,0.0143952,0.0438325,0.0730483,0.0471841,0.0289785,0.0154244,0.0143006
0.00859592,0.0176848,0.0303329,0.0177765,0.00847504,0.0072526,0.0249966,0.0422417,0.0272668,0.0188953,0.0127181,0.0164644
0.00740527,0.013331,0.0304825,0.0213064,0.010135,0.0113779,0.0251243,0.0402123,0.022608,0.0238526,0.0175923,0.0108822
0.00766865,0.0216625,0.0373834,0.0127802,0.00504173,0.00788567,0.015519,0.0395671,0.0304417,0.0137565,0.0119128,0.0151453
0.00861469,0.0223395,0.0466156,0.0206978,0.0069225,0.00798723,0.0193376,0.0403228,0.0308595,0.017867,0.0134846,0.011808
0.00584035,0.0104128,0.0325337,0.02012,0.0070978,0.00720909,0.0151264,0.0248781,0.0206927,0.00997621,0.00946198,0.00850528
0.00410527,0.0222417,0.0452969,0.0254149,0.0060011,0.00406269,0.0112077,0.0264684,0.0168631,0.0130068,0.0110915,0.00863644
0.00478373,0.0197886,0.039836,0.0179969,0.00842546,0.0103651,0.027465,0.0348705,0.021197,0.00958907,0.00646988,0.00744935
0.0124029,0.0164318,0.0361842,0.0224477,0.0118928,0.00916226,0.0252612,0.0337537,0.0205346,0.0203414,0.0212061,0.0133332
0.0107069,0.0254955,0.0512512,0.0290906,0.0129866,0.0190477,0.0291904,0.0269751,0.0214049,0.0108772,0.0106562,0.00951681
0.00925947,0.01508,0.0294572,0.0163274,0.0174955,0.0154823,0.0175265,0.0223729,0.0142172,0.0109019,0.00984811,0.00550659
0.00465678,0.0176196,0.0346196,0.0190699,0.00888839,0.00911392,0.0120472,0.0180415,0.0134681,0.0134672,0.0110748,0.0108359
0.00667245,0.0107233,0.0277849,0.0143326,0.00605759,0.0102224,0.0126723,0.013771,0.0157001,0.0174351,0.0116227,0.00992066
0.0103532,0.0142192,0.0354254,0.0207225,0.00950732,0.011555,0.0127271,0.0179611,0.0212612,0.0213719,0.0135731,0.00864666
0.0130248,0.030339,0.0702979,0.0418218,0.00810767,0.010314,0.0220176,0.0301827,0.0164884,0.0112804,0.00781872,0.0132119
0.0124468,0.0190044,0.0220187,0.0169236,0.0100703,0.00976813,0.020217,0.0294375,0.01716,0.0114615,0.00819904,0.0117341
0.00743501,0.0282177,0.059068,0.0270151,0.00653784,0.00931476,0.0195454,0.0275161,0.0177372,0.0131797,0.0137687,0.0144076
0.0104089,0.0156554,0.0366566,0.0236963,0.00403781,0.00452949,0.0182909,0.0261652,0.0204266,0.0118804,0.00973035,0.0107532
0.00786005,0.0229747,0.0467287,0.0243289,0.00888887,0.0107569,0.0246562,0.0349481,0.0199034,0.0138444,0.0217122,0.0152413
0.0101602,0.0286012,0.0476672,0.0194428,0.00761898,0.00828732,0.0232204,0.0391255,0.0277799,0.0197646,0.0170098,0.0140489
0.00634991,0.0137816,0.039311,0.0239186,0.00870654,0.0117942,0.0180197,0.0329951,0.0246507,0.0143654,0.0117918,0.00566176
0.00400998,0.0189635,0.038725,0.018679,0.00656026,0.00969219,0.0183441,0.02986,0.0219795,0.0174701,0.00689431,0.00672236
0.00942661,0.0141704,0.0147025,0.010744,0.00724056,0.00937204,0.0161602,0.0233676,0.0179348,0.0108592,0.00664579,0.00321339
0.0111707,0.0253133,0.0513998,0.0247881,0.00661482,0.00776031,0.0110774,0.025286,0.0261959,0.0197784,0.0161381,0.0123235
0.0122366,0.024738,0.0569356,0.035671,0.0103174,0.011577,0.0156949,0.0294458,0.027961,0.0180318,0.0135272,0.00861151
0.00799914,0.0133802,0.0279425,0.017826,0.0105493,0.0127074,0.0186146,0.0249898,0.0180586,0.0137275,0.0104532,0.0120972
0.00428884,0.013555,0.0327434,0.0230563,0.00751273,0.00668018,0.0126918,0.0188069,0.0176038,0.0210595,0.0178578,0.0140562
0.0180229,0.0203587,0.0398552,0.022803,0.00541828,0.00931866,0.0156611,0.0226661,0.0235897,0.0264923,0.0157312,0.0179657
0.0422268,0.0429178,0.0571362,0.0339171,0.00589585,0.0109869,0.0286795,0.0375271,0.02776,0.0301194,0.0133948,0.0150074
0.02626,0.0200421,0.039296,0.0234716,0.00970125,0.0123311,0.0361419,0.0464541,0.0339163,0.0403826,0.0228552,0.0181762
0.0255014,0.0347371,0.0499375,0.0237672,0.0048766,0.00710028,0.0178108,0.0238306,0.0237627,0.0357029,0.0193344,0.00959058
0.0192013,0.0160453,0.0302248,0.015808,0.00490484,0.00978582,0.0180908,0.0237112,0.0218,0.0272025,0.0137056,0.0102936
0.0371883,0.0250603,0.0476935,0.0281671,0.00893366,0.0102583,0.0261467,0.0278831,0.0247857,0.0282818,0.0149916,0.0240646
0.0388138,0.0332361,0.0384353,0.0258707,0.00890512,0.00739748,0.0277686,0.0263088,0.00935442,0.0267941,0.0209043,0.019818
0.0730544,0.05193,0.0486891,0.0235672,0.00461709,0.00858908,0.0218384,0.0198923,0.012674,0.0164308,0.0104695,0.0307458
0.0171353,0.0321189,0.0612731,0.0327843,0.00446007,0.00694406,0.0173423,0.0202312,0.0129482,0.0199812,0.0132883,0.012645
0.0255699,0.0364636,0.0406198,0.0143693,0.0020788,0.00656375,0.0159528,0.0158211,0.0107299,0.0251533,0.0149398,0.0145974
0.0491926,0.0268188,0.0341134,0.0181492,0.00580603,0.0131388,0.0210207,0.0159582,0.0118769,0.0127944,0.00941549,0.027765
0.0438762,0.0319586,0.0278324,0.0162498,0.00745216,0.00823224,0.018845,0.014456,0.0169312,0.0323154,0.0187547,0.0265357
0.0442536,0.0274688,0.0487149,0.0232186,0.00777624,0.00682446,0.0171466,0.0189725,0.0141838,0.0231209,0.0149226,0.0233697
0.0120429,0.0238312,0.0417785,0.022459,0.00860876,0.00722393,0.0123584,0.0132457,0.0114149,0.0205569,0.0124261,0.0058869
0.0253246,0.0312,0.0448611,0.019595,0.00816483,0.0081027,0.0128119,0.0114869,0.0140524,0.0224297,0.0137823,0.00984073
0.0216306,0.02283,0.0484061,0.0234313,0.00427593,0.00456126,0.0123227,0.0113732,0.0117709,0.0123374,0.006752,0.013755
0.0557212,0.0438288,0.0418582,0.0262533,0.00708462,0.012172,0.0247946,0.0156668,0.0112937,0.0190172,0.0154463,0.0300588
0.0124878,0.0231386,0.0427267,0.0236405,0.00506756,0.00960371,0.018644,0.01344,0.0132188,0.0152663,0.0111335,0.0135789
0.0172817,0.0154111,0.0363637,0.0202965,0.00588403,0.00286206,0.00998273,0.0115846,0.0154938,0.0237785,0.0161158,0.0123039
0.0236518,0.0335288,0.0600501,0.0287125,0.00479081,0.00606484,0.0143542,0.0151226,0.019273,0.0280442,0.0112348,0.00885226
0.0217552,0.0402395,0.0459468,0.0171749,0.00570484,0.00639973,0.00834997,0.0122866,0.0143155,0.0373801,0.0221268,0.00913798
0.0684636,0.0475253,0.0339239,0.0198528,0.00484426,0.00617298,0.0168365,0.0123004,0.0197335,0.0503593,0.0281663,0.0297092
0.0141265,0.0250774,0.0275155,0.0154287,0.00520726,0.00872541,0.01532,0.0149364,0.0164718,0.0276797,0.0218976,0.0096946
0.0170077,0.0201399,0.027356,0.0137981,0.00572296,0.00461771,0.0101842,0.00771054,0.0130998,0.0316778,0.0184477,0.00952087
0.0222256,0.0162661,0.0268308,0.0151232,0.00237235,0.00815713,0.0176043,0.0126882,0.00958708,0.0208044,0.0108401,0.0123275
0.0202698,0.0196333,0.0331932,0.0149397,0.00505789,0.0128157,0.023154,0.0216143,0.0172048,0.0274471,0.0183267,0.0154859
0.0512541,0.0379583,0.0326883,0.0216685,0.00700871,0.00707899,0.0201157,0.0252213,0.0226438,0.0355815,0.0231687,0.0238216
0.0156583,0.0109149,0.022004,0.0165072,0.00878442,0.0103522,0.01919,0.0150565,0.00696212,0.0116521,0.00968698,0.0160467
0.00598484,0.0135805,0.0368205,0.0258581,0.00811602,0.00780733,0.0173723,0.0147541,0.00855389,0.00845478,0.0047805,0.00796933
0.0120299,0.0189848,0.0450519,0.0282785,0.00852204,0.0104109,0.0196984,0.0145633,0.00725357,0.0142041,0.0124257,0.0139709
0.00813682,0.0219057,0.0372696,0.0197468,0.00909906,0.0156822,0.0171575,0.0161863,0.0187028,0.0202256,0.0284027,0.0202105
0.0170735,0.0184762,0.0523578,0.0302657,0.0143091,0.0201866,0.0170764,0.0265005,0.0229579,0.0404362,0.0740463,0.0428168
0.00948726,0.015285,0.03266,0.0239621,0.00530786,0.00997278,0.022036,0.0281215,0.0263768,0.0487711,0.0523629,0.023045
0.0120786,0.0264265,0.045958,0.0283641,0.00780346,0.00825352,0.0134718,0.0151118,0.0172556,0.0308453,0.0401484,0.0248007
0.00736448,0.0170421,0.033012,0.0138857,0.006318,0.00878513,0.0177707,0.0221029,0.0197987,0.0223732,0.0226143,0.0171368
0.0118662,0.0214124,0.038451,0.0251883,0.0085009,0.0101267,0.0111697,0.0224575,0.0222453,0.0245607,0.0224361,0.0153766
0.0118806,0.0139011,0.0294405,0.0138849,0.00463388,0.0125622,0.0191182,0.0247927,0.0241816,0.0387379,0.0514112,0.0225907
0.0108461,0.0121666,0.0184619,0.0147994,0.00507612,0.00634652,0.0101001,0.0155196,0.0162626,0.0250843,0.0296244,0.0130552
0.00599213,0.0165149,0.0416492,0.0255623,0.00575283,0.00495063,0.013056,0.0148109,0.0112286,0.0198476,0.0232651,0.0194557
0.00993825,0.0210518,0.0338717,0.0147459,0.00513721,0.00731336,0.0121641,0.0127559,0.0148987,0.0275347,0.025078,0.0169788
0.0121016,0.0165698,0.0247556,0.0134809,0.00700343,0.0051979,0.0119386,0.0192417,0.0121941,0.0282596,0.0198428,0.0132603
0.0103914,0.0217157,0.0435898,0.0253269,0.00770576,0.010893,0.0145252,0.0177704,0.0151753,0.0350173,0.0614739,0.0377618
0.00806921,0.00920412,0.0194504,0.0107874,0.00636035,0.00932889,0.0118496,0.0198422,0.0218603,0.0265192,0.02749,0.0200008
0.00819441,0.0159977,0.0338533,0.0199618,0.0045701,0.00576621,0.0117888,0.0145021,0.012728,0.022342,0.0212338,0.00949672
0.00394339,0.0179182,0.0376606,0.0205453,0.00851231,0.0101441,0.0114899,0.0119128,0.00559701,0.0192065,0.0213716,0.0131994
0.00654134,0.0118752,0.0349456,0.021884,0.00923178,0.0103347,0.0129659,0.0164714,0.0169379,0.017449,0.0190224,0.0136932
0.00856053,0.0250664,0.0515628,0.0294502,0.00871459,0.0142911,0.0168502,0.0227109,0.0193447,0.0275622,0.0341191,0.0171456
0.0139987,0.0199386,0.0323122,0.0205165,0.00625085,0.00351728,0.0151867,0.0198443,0.0137708,0.0281023,0.0226775,0.0069293
0.00676907,0.0247872,0.0441355,0.0214312,0.00452129,0.00588329,0.00679829,0.00726315,0.00792541,0.014985,0.0235653,0.0159666
0.00773216,0.0203136,0.0293496,0.0132059,0.00541295,0.00646386,0.00766531,0.00844184,0.0112364,0.0220059,0.0219368,0.0162666
0.00889668,0.0216557,0.0263511,0.0133248,0.00475882,0.00860825,0.00874443,0.0155912,0.0107281,0.0185956,0.0368619,0.0224764
0.0097056,0.0161253,0.0290885,0.0187887,0.0103497,0.00709527,0.0161069,0.0234994,0.018228,0.0178547,0.0407528,0.0259914
0.00599117,0.0165238,0.0247288,0.00982807,0.00531619,0.00913963,0.0152348,0.024267,0.01666,0.0195723,0.0276649,0.0177169
0.00518046,0.0267272,0.0586565,0.0309298,0.00552839,0.00537296,0.0108125,0.0171045,0.0213494,0.030176,0.0267106,0.0187481
0.00500557,0.031176,0.0603529,0.0252663,0.0043039,0.00563667,0.0182052,0.0195348,0.0135966,0.0180165,0.0176732,0.00851052
0.00704995,0.0234031,0.0414522,0.0226765,0.00311955,0.00475023,0.0105178,0.0157123,0.00784982,0.0324333,0.0356718,0.0198461
0.0075282,0.0151839,0.0319469,0.0159846,0.00699397,0.00842382,0.0135334,0.0192018,0.0175312,0.0314529,0.040044,0.0156261
0.00803658,0.0182945,0.0277883,0.0163629,0.00429011,0.00252128,0.00687583,0.00968346,0.0131028,0.0254981,0.0305664,0.0149212
0.00439597,0.0290386,0.05034,0.0240406,0.00440086,0.00387158,0.0115103,0.0138187,0.0122973,0.0308857,0.0348256,0.0147403
0.00517197,0.0265692,0.0458576,0.0194848,0.00446236,0.00468727,0.0131959,0.00874797,0.014935,0.0276101,0.0236976,0.00944126
0.0105951,0.0230592,0.0307376,0.0149777,0.00872381,0.00999772,0.0180579,0.0166615,0.0229254,0.0490481,0.0318928,0.0132988
0.0061636,0.0134587,0.0195849,0.0155383,0.0151295,0.015056,0.0271917,0.0212494,0.0447908,0.110069,0.0668232,0.016524
0.0142347,0.0105497,0.0219422,0.0121908,0.00639439,0.0126548,0.0225492,0.0116116,0.0214089,0.0581304,0.0401074,0.017281
0.00540829,0.0140376,0.0310925,0.0157234,0.0096584,0.0144754,0.0150776,0.01346,0.0280025,0.0693787,0.0401714,0.012784
0.00746826,0.0273064,0.0528761,0.0266714,0.00721765,0.012046,0.0166248,0.0130637,0.0205113,0.0700653,0.0435291,0.0137323
0.00932625,0.0239653,0.0371754,0.023866,0.0103888,0.0136175,0.028875,0.0206954,0.0240054,0.0447154,0.026816,0.00845757
0.00740104,0.0174589,0.0243053,0.0153805,0.0153578,0.0105949,0.0170264,0.0159791,0.0355006,0.0779504,0.0454545,0.00982314
0.00732596,0.015082,0.0274297,0.0172961,0.00985628,0.00788097,0.0114154,0.00920771,0.0249999,0.057757,0.0315523,0.0105793
0.00699494,0.026717,0.0571308,0.0307692,0.00488352,0.00834981,0.0150353,0.00833516,0.0140345,0.0274588,0.0166408,0.00871053
0.00558849,0.0119808,0.0282731,0.0193092,0.0107124,0.0102271,0.0156361,0.00729367,0.0184603,0.041891,0.0210188,0.00564639
0.00575722,0.022954,0.0397091,0.0220414,0.00910829,0.0129416,0.0197755,0.015224,0.0270407,0.0607462,0.0331565,0.00899963
0.004905,0.0153854,0.0380156,0.0268441,0.0125988,0.0147977,0.0277058,0.0194851,0.039314,0.0963101,0.0549731,0.00799997
0.00696,0.0211021,0.039097,0.0212824,0.012091,0.0131268,0.0205147,0.0147106,0.0291251,0.045675,0.0224273,0.00446299
0.00481054,0.0141071,0.0267891,0.0154136,0.0044342,0.0124438,0.0217443,0.0116631,0.010135,0.0306863,0.0158635,0.00525045
0.00594799,0.0190138,0.0373675,0.0183772,0.0110455,0.014884,0.0123178,0.0103073,0.0194098,0.0343781,0.0160543,0.00740836
0.00801493,0.0217315,0.0387409,0.0241733,0.0162099,0.0129719,0.0207918,0.00986571,0.0245468,0.0379609,0.0235978,0.00902912
0.00755579,0.0164053,0.0358646,0.0240179,0.0197545,0.0136478,0.0179499,0.0154268,0.0349896,0.0875851,0.0543686,0.00961924
0.00785215,0.0160201,0.0238215,0.0107558,0.0100734,0.0120043,0.0198035,0.0164747,0.0254416,0.0521187,0.0316168,0.00849476
0.00335844,0.018135,0.0356753,0.019259,0.00586166,0.0063615,0.0113248,0.00942874,0.0218083,0.0494175,0.030165,0.00573685
0.00619603,0.0175083,0.0191224,0.00966328,0.00588107,0.00678449,0.014293,0.0106672,0.0145972,0.0433907,0.0287517,0.0111791
0.00892502,0.0165507,0.0310518,0.0140084,0.00960962,0.0117902,0.0203966,0.0138339,0.0270089,0.0521482,0.0244068,0.0106937
0.00662823,0.0173117,0.0260971,0.0129261,0.0157766,0.0108957,0.014493,0.0118101,0.0409005,0.100409,0.0570659,0.00801027
0.00715791,0.0142154,0.0294701,0.0169948,0.00873916,0.00777601,0.0107319,0.00825324,0.0354987,0.064566,0.0298142,0.00624611
0.00429715,0.0154684,0.0285021,0.0174726,0.00867504,0.00995606,0.017328,0.0106381,0.014703,0.0281178,0.0158172,0.00492124
0.00713896,0.0108909,0.0160512,0.00803001,0.00589137,0.0064208,0.0126172,0.00774922,0.0166758,0.0387928,0.0186044,0.00756398
0.0082104,0.0156237,0.0238288,0.0119389,0.00584519,0.00560706,0.00917672,0.00791346,0.0204358,0.0304474,0.0228803,0.00520006
0.00343638,0.014981,0.0256608,0.0149263,0.0111574,0.00558752,0.00842288,0.00822801,0.033971,0.0832238,0.0448849,0.00432476
0.00242821,0.0113694,0.0247816,0.0152704,0.005226,0.00423766,0.00703025,0.00449896,0.0142038,0.0375789,0.0212184,0.00288031
0.00269717,0.0180319,0.0376023,0.019233,0.00398581,0.00355444,0.0059222,0.00654091,0.0073121,0.0224863,0.014293,0.00449868
0.00473842,0.018808,0.0355873,0.0159354,0.00527652,0.011069,0.0182446,0.0114358,0.0126547,0.0201127,0.0117987,0.00480858
0.00520834,0.0176495,0.0308675,0.0146691,0.00659434,0.00666054,0.0102752,0.00963892,0.0166773,0.0285498,0.0137948,0.00443377
0.00431044,0.0087717,0.0304916,0.0224382,0.00535319,0.00483087,0.0117034,0.00845323,0.0129738,0.024382,0.0149904,0.00484108
0.00477155,0.0136199,0.0392348,0.0249276,0.00309791,0.00460402,0.0118917,0.0123366,0.0145747,0.0282125,0.0188574,0.00474031
0.0024049,0.0102105,0.0235178,0.013355,0.00237012,0.00444635,0.0100396,0.00993498,0.0106617,0.0226389,0.0145357,0.00327051
0.00203479,0.0114686,0.0205682,0.0104306,0.00196782,0.00466165,0.00874896,0.009017,0.00792357,0.0151819,0.00998923,0.00441386
0.00389111,0.0121221,0.0241126,0.0135692,0.00273438,0.00395199,0.00840201,0.00890926,0.00734069,0.0139217,0.0090758,0.00437976
0.0021524,0.0100567,0.0219798,0.0137441,0.00453465,0.0040151,0.00548506,0.00799681,0.00536964,0.011438,0.00728215,0.00301374
0.00320878,0.0107888,0.0205314,0.0127409,0.00343053,0.0024396,0.00517841,0.00757329,0.00584051,0.0106418,0.00778572,0.00236493
0.00223672,0.0112549,0.0194044,0.00958237,0.00202873,0.00216359,0.00456575,0.0046551,0.00297401,0.00726212,0.00625646,0.00265344
0.00184712,0.00725622,0.0202182,0.0141415,0.00364912,0.00291282,0.00501306,0.00445491,0.00346319,0.00582625,0.00422206,0.00241627
0.00344005,0.00882434,0.0147661,0.00920709,0.00250952,0.00316408,0.00413625,0.00380176,0.00306781,0.00412749,0.00463345,0.00373942
0.00244491,0.00487237,0.0100465,0.00636176,0.00240327,0.00231101,0.00379623,0.00407536,0.00398712,0.00575464,0.00355379,0.00147406
0.00146132,0.00812093,0.0189458,0.0117954,0.00378649,0.00285577,0.00331413,0.00366058,0.00453485,0.00759364,0.006556,0.00239984
0.00117983,0.0041612,0.0117029,0.00814518,0.0021436,0.0020479,0.00232857,0.00240428,0.00415679,0.0115145,0.0100421,0.00399183
0.00163589,0.00574808,0.0114969,0.00727206,0.00226704,0.00270815,0.00434816,0.00256004,0.00354963,0.0113444,0.00879477,0.00246576
0.00176549,0.00430433,0.00561673,0.00307838,0.00094154,0.00158563,0.00388124,0.00348938,0.00459587,0.00954601,0.00606791,0.00271476
0.00297104,0.00447485,0.00905097,0.00598286,0.00185315,0.00274208,0.00363221,0.00265213,0.00361217,0.00650115,0.00484172,0.00281354
0.00191763,0.00457928,0.0160376,0.0114967,0.00290976,0.00212607,0.00187115,0.00250315,0.00209317,0.00473533,0.00419823,0.00256822
0.00121198,0.00470246,0.0098083,0.00517805,0.00325195,0.00222943,0.00272048,0.00289066,0.002866,0.00556772,0.00585069,0.00278286
0.00143794,0.00393464,0.0111373,0.00693787,0.00418941,0.00314308,0.00354931,0.00270223,0.00335641,0.00704732,0.00578681,0.00240978
0.00167334,0.00368765,0.00496367,0.00309769,0.00281818,0.00200432,0.00209658,0.00164354,0.00354699,0.00607329,0.0031476,0.00261764
0.00238742,0.00537963,0.00950028,0.00535042,0.00258642,0.00420607,0.00645155,0.00374902,0.00162287,0.00537008,0.00465261,0.0025178
0.00195329,0.00537586,0.0121855,0.00687997,0.00363445,0.0013701,0.00588117,0.00372712,0.00254794,0.00673244,0.0058899,0.00338676
0.000832398,0.00362648,0.00915525,0.0056518,0.00244555,0.00266152,0.00426844,0.00162008,0.00277446,0.00599429,0.0054739,0.00175235
0.00107714,0.00390808,0.00639135,0.00318981,0.00206014,0.00229716,0.00326153,0.0029787,0.00352915,0.00618951,0.00344089,0.00297749
0.00180091,0.00382184,0.00471034,0.0022451,0.00227957,0.00218221,0.00278528,0.00248627,0.00223604,0.0033009,0.00383303,0.00199854
0.00185625,0.00288804,0.00631428,0.00373431,0.00207191,0.00205213,0.00306416,0.00195168,0.00232671,0.00431088,0.00433156,0.00244177
0.00235589,0.00627484,0.0100905,0.00481876,0.00206463,0.00191815,0.00268779,0.00299732,0.00163676,0.00345953,0.00304109,0.00223138
0.00166994,0.00265193,0.00346423,0.00242282,0.00113451,0.00205377,0.00360592,0.00278328,0.0031716,0.00654245,0.00523048,0.00238444
0.00162636,0.00515805,0.00886417,0.00429183,0.00104018,0.000943583,0.00167994,0.00217125,0.00489011,0.00993006,0.00537002,0.00174716
0.0039997,0.00684179,0.0106567,0.00616716,0.00344118,0.00390535,0.00523791,0.00341854,0.00478006,0.00890926,0.00527649,0.00289074
0.0134877,0.0133612,0.011769,0.00413049,0.00279223,0.00227249,0.00286688,0.00380009,0.00710681,0.0106451,0.00602866,0.00531277
0.0211756,0.0145317,0.0126642,0.00753375,0.00287116,0.00257003,0.00412462,0.00357737,0.0056763,0.00945126,0.00528445,0.00927375
0.00637052,0.00623835,0.0152154,0.00842115,0.00219723,0.00222332,0.00298987,0.00225358,0.00443011,0.00939465,0.00573903,0.0051502
0.00690123,0.015445,0.0259901,0.0137805,0.00209642,0.00279069,0.00541526,0.00371611,0.00485189,0.0119972,0.00663482,0.00349865
0.00370408,0.00908718,0.0137923,0.00837316,0.00232699,0.0031889,0.00568188,0.00282616,0.00226125,0.00546015,0.00421875,0.00193494
0.00449094,0.00349465,0.00774045,0.00527282,0.00274794,0.00188843,0.00405446,0.00387854,0.00464972,0.0123291,0.00791334,0.0030386
0.00625783,0.00820131,0.0111206,0.00556771,0.00224065,0.00180698,0.00430023,0.00363473,0.00455539,0.00785229,0.00367607,0.00415626
0.00383377,0.00592121,0.00720349,0.00353694,0.00168435,0.00163964,0.00251766,0.0024874,0.00332335,0.00684319,0.00395615,0.00433746
0.00482164,0.0051161,0.00900757,0.00649936,0.00225798,0.00190452,0.00248475,0.00250354,0.00346205,0.00679809,0.00450997,0.00279024
0.00468596,0.00902822,0.010877,0.00553606,0.00213891,0.00186912,0.00388692,0.00404121,0.00347282,0.0052365,0.00288328,0.00267972
0.00363468,0.00622616,0.00772782,0.00404441,0.00241059,0.00203927,0.00369939,0.00542902,0.00563199,0.0068222,0.00339952,0.00246494
0.0190191,0.0136196,0.00793136,0.0048465,0.00234557,0.00272021,0.00378858,0.00508594,0.00615962,0.00741795,0.00397943,0.00864005
0.00529127,0.00425144,0.00706662,0.00472593,0.00201837,0.0019813,0.00326932,0.00308319,0.00414511,0.00698172,0.00366565,0.00284033
0.005472,0.00525526,0.010357,0.00734808,0.00240304,0.00288016,0.00492529,0.00500998,0.00386871,0.00852002,0.005493,0.00326857
0.00509317,0.00946233,0.0135803,0.00720148,0.00229907,0.00249288,0.00490091,0.00364398,0.00299448,0.00424976,0.00288761,0.00291305
0.00490503,0.00692312,0.0111758,0.00719894,0.00322437,0.00346563,0.00627185,0.00512937,0.00448286,0.00855614,0.00485599,0.002508
0.00883567,0.0102063,0.00821113,0.0048823,0.00271952,0.00210779,0.00450482,0.00511846,0.00498113,0.00770692,0.00390495,0.00422806
0.0067139,0.00695032,0.00782784,0.00458942,0.0028191,0.0027232,0.00327013,0.00391883,0.00394298,0.00518382,0.00319981,0.00257801
0.0042592,0.00903442,0.0183046,0.00881341,0.00502852,0.00565187,0.00636304,0.00439926,0.00324073,0.00756426,0.00492302,0.00173242
0.0040261,0.011266,0.0161437,0.00708843,0.00432261,0.00373915,0.00526165,0.00447567,0.00508763,0.0107467,0.00567814,0.00388012
0.0104687,0.0128883,0.0137793,0.00616149,0.00486916,0.00493377,0.00805408,0.00537065,0.00507852,0.0102703,0.00622955,0.00326256
0.01328,0.00849984,0.00782903,0.00461834,0.0040872,0.00262639,0.00764704,0.00549839,0.0037366,0.00601735,0.00332021,0.00598213
0.0066863,0.00587875,0.00621058,0.00325812,0.00162675,0.00419105,0.00846417,0.00599597,0.00414833,0.00330928,0.00232015,0.00274256
0.00271609,0.00851245,0.014394,0.00712942,0.002337,0.00345123,0.00546011,0.00426581,0.00322177,0.00357447,0.0023294,0.00255571
0.00616691,0.0111456,0.0154514,0.00693968,0.00281293,0.00253144,0.0050282,0.0041823,0.0047973,0.00692392,0.00422259,0.00235231
0.0122081,0.0095899,0.0105412,0.00543125,0.0043256,0.00432043,0.00615218,0.00739596,0.00783192,0.0131222,0.00736742,0.00563724
0.0111845,0.00770735,0.00919005,0.00404357,0.00204732,0.00178726,0.0041536,0.00365288,0.00642626,0.0136287,0.00886494,0.00848897
0.00801727,0.00778959,0.00757456,0.00440284,0.0018755,0.00274129,0.00462287,0.00499672,0.0053523,0.011271,0.00819781,0.00377125
0.00530058,0.00762858,0.0119736,0.00594618,0.00150093,0.00110662,0.0033481,0.0066313,0.00535357,0.00836778,0.00385751,0.00297692
0.00631586,0.00781787,0.0141952,0.00745858,0.00310232,0.00302775,0.00278125,0.00389038,0.00550995,0.00863654,0.00543904,0.00466071
0.00306577,0.00781413,0.0177226,0.0112543,0.00423121,0.00607879,0.00929807,0.0102469,0.00839563,0.0121866,0.0153049,0.00690939
0.00403665,0.00658032,0.0149895,0.00909714,0.00477306,0.0103607,0.0101923,0.00810255,0.00468126,0.0122619,0.0230309,0.0122888
0.00396329,0.00719503,0.0163943,0.00816501,0.00341032,0.00353144,0.0047994,0.00602467,0.00643329,0.0106273,0.00950938,0.00451223
0.0024568,0.0113038,0.0229015,0.0110271,0.00196084,0.00349657,0.00695183,0.00473276,0.00573696,0.0164042,0.0192103,0.00832501
0.0037218,0.0106159,0.0157788,0.00634661,0.00124896,0.00408909,0.00517565,0.00354455,0.00512351,0.0126469,0.0112159,0.00402527
0.00228556,0.00637686,0.00871837,0.00416903,0.00351689,0.00434895,0.00529849,0.00566503,0.00407525,0.00865534,0.0101092,0.00761977
0.00359185,0.00596624,0.00844152,0.00445209,0.00180615,0.00425278,0.00521343,0.00329019,0.00325359,0.00973691,0.0167239,0.00891523
0.00377074,0.00934627,0.0134624,0.00704563,0.00210047,0.00370467,0.00390993,0.00442285,0.00344084,0.00360579,0.00749148,0.00574841
0.00236348,0.00672209,0.016845,0.010456,0.00221155,0.00339961,0.00459564,0.00327674,0.00372536,0.0104188,0.0111324,0.00551633
0.00316441,0.0104676,0.0167803,0.00876595,0.00236058,0.00291706,0.00393099,0.00374228,0.00506849,0.00869674,0.00490002,0.00338247
0.00276658,0.00737399,0.0140346,0.00689156,0.00293822,0.00259027,0.00373021,0.00507931,0.00597187,0.00819172,0.0107336,0.00679157
0.00305015,0.004767,0.00660457,0.00521419,0.00363,0.00587662,0.00667706,0.00601248,0.00448087,0.007418,0.0124659,0.00833828
0.00254239,0.00494254,0.00668998,0.00402716,0.00177357,0.00229663,0.00391529,0.00396243,0.00649448,0.00860112,0.00570142,0.00219434
0.00198013,0.00946932,0.0165245,0.00776897,0.00231478,0.00122821,0.00387915,0.00266301,0.00562406,0.00887589,0.00722401,0.00388842
0.00451487,0.00935159,0.00999073,0.00476854,0.00197017,0.00345137,0.00579894,0.00438291,0.00323287,0.00647022,0.00393367,0.00351577
0.00314501,0.00651732,0.00773141,0.00536601,0.00298501,0.00326903,0.00598849,0.00554303,0.00554685,0.00884827,0.0120089,0.00696947
0.00282827,0.00614431,0.00709224,0.00408007,0.00392951,0.00662866,0.00621372,0.00478267,0.00500929,0.0118436,0.0211563,0.0116012
0.00252989,0.00589206,0.00756043,0.00529979,0.00261043,0.00288088,0.00442961,0.00517801,0.00492648,0.00501496,0.00616574,0.00407406
0.00326041,0.00589166,0.0125598,0.00747505,0.00271527,0.00288793,0.00610622,0.0054983,0.00421614,0.00754857,0.00822409,0.00572229
0.0034376,0.00922319,0.0129782,0.00702217,0.00207385,0.00288354,0.00465541,0.00313144,0.00430733,0.00618097,0.00856605,0.00495889
0.00260932,0.00518314,0.00664865,0.00323848,0.00215643,0.0021623,0.00423206,0.00668077,0.00456357,0.00761618,0.0119018,0.00584039
0.00290891,0.00434604,0.00926863,0.00658307,0.00517915,0.00714588,0.00749164,0.00463189,0.00646569,0.0101015,0.015046,0.00885742
0.00168256,0.00400585,0.00897622,0.00651156,0.00487627,0.00296713,0.00564849,0.00406143,0.00659287,0.0133317,0.0130521,0.00724009
0.00137868,0.004029,0.0106105,0.00572378,0.00367305,0.00687006,0.0102099,0.00560001,0.00473829,0.00994489,0.00924496,0.00394331
0.00119438,0.00781743,0.0164756,0.00979731,0.00312186,0.00446115,0.00644853,0.0033218,0.00406867,0.00865807,0.0106446,0.00521695
0.00329304,0.00565209,0.00731891,0.00339545,0.00403291,0.00551837,0.00548468,0.00525597,0.00672671,0.0112191,0.00873639,0.00619058
0.00342485,0.00671166,0.00931776,0.00702006,0.00490113,0.00421112,0.00479161,0.00656788,0.00585789,0.012789,0.0165527,0.00786986
0.00357723,0.0050688,0.00947605,0.00548277,0.00194452,0.00380995,0.00705161,0.00543428,0.00530627,0.0093048,0.00979166,0.00572299
0.00304078,0.00668364,0.0153627,0.00872464,0.00335158,0.00386979,0.00354917,0.00524791,0.00511728,0.00756953,0.00907646,0.00471456
0.00439682,0.00673138,0.0111403,0.00549674,0.00245754,0.00248874,0.00404671,0.00347643,0.00286868,0.00460987,0.00368655,0.0028116
0.00447443,0.00570224,0.00858045,0.00527959,0.0018849,0.00368502,0.00668945,0.00408886,0.00625371,0.0110636,0.00796885,0.0048685
0.0031578,0.00837871,0.0147395,0.00821354,0.00521721,0.00688478,0.0114389,0.00837507,0.013243,0.0245295,0.0127887,0.00396556
0.00347185,0.00630374,0.0171803,0.00977808,0.00364502,0.00613929,0.00844795,0.00536578,0.0112311,0.0185047,0.0115014,0.0037734
0.0029442,0.00898909,0.0207538,0.0107236,0.0020194,0.00323708,0.00716026,0.00490629,0.00519244,0.00925835,0.00559709,0.00356621
0.00195533,0.00844851,0.0186541,0.0110986,0.00280668,0.00488887,0.00837747,0.00467458,0.00347355,0.00511202,0.00492639,0.00218801
0.00251735,0.00813008,0.0124508,0.00781235,0.00455305,0.00590926,0.00867127,0.00496622,0.00417617,0.00494341,0.00386909,0.00231262
0.00277564,0.0101571,0.0135212,0.00787176,0.00697602,0.00473151,0.0061265,0.00465246,0.0139412,0.0309893,0.0171937,0.00301359
0.00131988,0.00615517,0.0103787,0.00557442,0.00220475,0.00302885,0.00575882,0.00407114,0.00989469,0.0247475,0.0146639,0.00301091
0.00308944,0.00594678,0.0112986,0.00808383,0.00423489,0.00354008,0.00559112,0.003831,0.00403138,0.00672238,0.00497636,0.00246728
0.00240587,0.00608539,0.0102311,0.00575094,0.00302159,0.00256343,0.0055402,0.00376431,0.00497923,0.00984665,0.00522287,0.00228169
0.00328345,0.00421851,0.00548817,0.00418555,0.00235746,0.00345485,0.00585369,0.00291426,0.00674165,0.0139858,0.00856852,0.00235115
0.00240606,0.00678215,0.0101215,0.00480668,0.00510302,0.00408392,0.00644329,0.00464227,0.0126188,0.0234299,0.011781,0.00315758
0.00289627,0.00925012,0.0141553,0.00715968,0.00338849,0.00376162,0.00559975,0.00526934,0.0145694,0.035692,0.019037,0.00220448
0.00255529,0.00494044,0.00970479,0.00470194,0.00396306,0.00570499,0.00700415,0.00672021,0.00641856,0.00655315,0.0057022,0.00301594
0.0028499,0.00957067,0.0169488,0.00827896,0.00503817,0.00409047,0.00574653,0.00477389,0.00659402,0.010605,0.00619489,0.00358482
0.00181745,0.00435184,0.0115983,0.00740343,0.003616,0.00326483,0.00403057,0.00332209,0.0110597,0.0152385,0.00590299,0.0026328
0.00172173,0.00558351,0.0122514,0.00889304,0.00388253,0.00373344,0.00619374,0.00444217,0.0103465,0.0160313,0.00738856,0.00293172
0.00369684,0.00721751,0.0131995,0.00675883,0.00429781,0.00416788,0.00441694,0.00364168,0.014388,0.0364615,0.020041,0.00223989
0.00262613,0.00750735,0.0102471,0.00425539,0.00378689,0.00289931,0.00379075,0.0027121,0.00806807,0.00812068,0.00443403,0.00171129
0.00247606,0.00820651,0.0177527,0.00952929,0.0029151,0.0036318,0.0075217,0.00429152,0.00289135,0.00726859,0.00426686,0.00198941
0.00398716,0.00572055,0.0109734,0.00825427,0.00343824,0.0046999,0.00748521,0.00459617,0.0040192,0.00936474,0.00572801,0.00263491
0.00312059,0.00440237,0.0083375,0.00662918,0.00573944,0.00501845,0.00604309,0.00414506,0.00532298,0.0132821,0.0098439,0.0047485
0.00346084,0.00564291,0.00586131,0.0056014,0.00803148,0.0074137,0.00793396,0.00539121,0.0122408,0.0244581,0.0143414,0.0034513
0.00239593,0.00469396,0.0108533,0.00684493,0.00304581,0.00552875,0.00941597,0.00537876,0.0139641,0.0316162,0.019562,0.00312607
0.0015946,0.00514245,0.0117905,0.00589376,0.0023369,0.00372857,0.00678212,0.00379944,0.00676965,0.0184282,0.0136779,0.00229491
0.00231715,0.0103673,0.0136539,0.00544223,0.00319601,0.00429577,0.00535722,0.00362215,0.0105208,0.0204263,0.0102192,0.00312328
0.0031553,0.0120865,0.0234613,0.0133734,0.00408003,0.00313906,0.00651211,0.00356395,0.0101925,0.0185239,0.00969576,0.00271338
0.00462808,0.0133275,0.0322991,0.0187569,0.00479295,0.00342478,0.00653429,0.00566107,0.00794689,0.0133337,0.00434782,0.00473141
0.00197057,0.0143184,0.0359292,0.0197885,0.00544395,0.00254503,0.00702603,0.00388804,0.0117697,0.0299818,0.0168146,0.00218165
0.00293518,0.00998712,0.0300303,0.0191239,0.00580636,0.00539838,0.00670655,0.00369876,0.0130662,0.0310867,0.0166282,0.00277352
0.00598748,0.0128279,0.029031,0.0172294,0.00746803,0.00699943,0.00695941,0.00493276,0.011306,0.0228894,0.0125442,0.00565857
0.0129304,0.0113082,0.0236149,0.0147918,0.0173929,0.0168204,0.0124741,0.00948734,0.0117226,0.0188857,0.0146043,0.0161061
0.00907486,0.0168254,0.0190388,0.0161052,0.0149598,0.019487,0.0230915,0.0337977,0.0259887,0.018142,0.0184535,0.0112515
0.0103723,0.0139446,0.0412654,0.0313609,0.0161081,0.0129537,0.0338115,0.0579511,0.0342826,0.0177664,0.0136958,0.0134698
0.0141172,0.0165774,0.030705,0.0191041,0.0147801,0.0113948,0.0199984,0.0490684,0.0351328,0.0270119,0.0225558,0.0200688
0.0479228,0.0388298,0.0362997,0.0206719,0.0102242,0.0120484,0.0170571,0.0377219,0.0299775,0.0224679,0.0154645,0.0194165
0.0323874,0.032234,0.0293663,0.0147116,0.0109781,0.00974912,0.0204746,0.0404045,0.0235837,0.0141465,0.0135698,0.02108
0.0254066,0.0267578,0.0324925,0.0221632,0.00875879,0.0127175,0.0291103,0.0496582,0.0306472,0.0218654,0.0114106,0.0164853
0.0449117,0.041683,0.0303685,0.015697,0.00863818,0.0103176,0.0218363,0.042365,0.0234245,0.00989246,0.00866274,0.0194406
0.0181431,0.0178828,0.0253299,0.0158354,0.00705083,0.00586504,0.0173288,0.0335831,0.021245,0.0156264,0.013435,0.0171083
0.0102826,0.00791584,0.0211879,0.0126712,0.00677972,0.00757406,0.0150801,0.0265537,0.0166914,0.0175733,0.0270456,0.0192733
0.00569543,0.00760295,0.0167268,0.00983113,0.00432099,0.00811997,0.014857,0.0271507,0.0194249,0.0174066,0.023635,0.0141125
0.0194557,0.0202863,0.0165211,0.0100543,0.01679,0.0225308,0.0322845,0.0582343,0.0411006,0.0225174,0.0192921,0.0140554
0.0252394,0.0231703,0.0340328,0.0239246,0.0160388,0.00967201,0.0286696,0.0797516,0.060706,0.0153337,0.0278413,0.0311394
0.017172,0.0190006,0.0310366,0.0155789,0.0136883,0.0121789,0.0332994,0.0758516,0.0565572,0.0164747,0.0159545,0.0211425
0.0129604,0.0131767,0.0223198,0.0166264,0.0193585,0.0225178,0.0353617,0.0658444,0.0521468,0.0313881,0.0146713,0.0136892
0.0136726,0.00854002,0.0111936,0.0150466,0.0145709,0.0134753,0.0329551,0.0622971,0.0447191,0.036826,0.0317994,0.0141667
0.0170898,0.0166198,0.0267676,0.0102302,0.0195174,0.0192686,0.0372241,0.0693979,0.0483874,0.0299673,0.0158499,0.0135608
0.0133621,0.00869339,0.0265984,0.0182491,0.0176878,0.0286988,0.0397839,0.0582319,0.0472629,0.0312473,0.0184067,0.0167638
0.0128857,0.0150526,0.023492,0.0162121,0.0130805,0.0109879,0.021816,0.0458254,0.0378264,0.0129242,0.0124757,0.0173689
0.0142663,0.0111101,0.0218079,0.011635,0.0168256,0.0177385,0.030349,0.0618245,0.0423212,0.00819119,0.00849331,0.0162783
0.0134573,0.00808107,0.00716689,0.010254,0.0168407,0.0124339,0.0291346,0.0832559,0.0660724,0.0265655,0.0186788,0.0180409
0.0143278,0.00628705,0.0114272,0.0128175,0.0157634,0.00992259,0.0317478,0.0745455,0.0480452,0.0173972,0.0120421,0.0189122
0.0101629,0.0167069,0.0251855,0.0212402,0.0152597,0.00969361,0.026977,0.0756343,0.0667705,0.0220369,0.0156112,0.0162341
0.00864923,0.0133126,0.0255078,0.0116939,0.0218767,0.0157188,0.0326638,0.0741044,0.0518428,0.0149421,0.00971138,0.0157162
0.0103525,0.0145574,0.0304259,0.0259658,0.0129581,0.0115871,0.0223334,0.045192,0.0321904,0.0138586,0.00889276,0.013216
0.00774959,0.00942467,0.0244884,0.0221098,0.0151377,0.0227175,0.0277147,0.0315478,0.0225227,0.00734483,0.00562868,0.00886603
0.0180885,0.0156445,0.0211298,0.0158885,0.00895765,0.0166391,0.0415327,0.0531318,0.0244397,0.0132633,0.0116149,0.010176
0.0164948,0.0266379,0.0425612,0.0206437,0.0119723,0.032296,0.0510109,0.0605895,0.0343799,0.017897,0.0136469,0.0104803
0.0233122,0.0231901,0.0268726,0.0163096,0.0135587,0.0235058,0.0290274,0.0427029,0.0277234,0.00864515,0.00505533,0.0139151
0.0299478,0.0204193,0.0135898,0.0174395,0.0108256,0.0134,0.0249068,0.042532,0.0296651,0.0149269,0.0114406,0.0133752
0.0195635,0.0169414,0.0206098,0.0283325,0.0199118,0.0212785,0.0311227,0.048383,0.0265052,0.0132008,0.0168593,0.0158275
0.0393138,0.0414355,0.0234303,0.0216647,0.0177849,0.0126685,0.0264985,0.0456458,0.0335386,0.0185088,0.0146739,0.0153257
0.0258571,0.0265553,0.0253117,0.0420585,0.0301659,0.0193497,0.0215298,0.0272,0.0191278,0.0158148,0.0186336,0.0145545
0.0236004,0.0172075,0.0280279,0.0487813,0.0268549,0.0156598,0.024274,0.0311216,0.0233459,0.0164242,0.0124817,0.0144549
0.0288992,0.0169355,0.0175398,0.0213287,0.0155623,0.0195149,0.0186298,0.0292574,0.0196577,0.0146194,0.0238381,0.016368
0.0227283,0.0190766,0.0223423,0.017364,0.0170115,0.0152618,0.0138736,0.0198932,0.0115265,0.0141792,0.0208422,0.0135921
0.0309501,0.0257076,0.0430432,0.0333833,0.0177369,0.0118868,0.00789772,0.0114606,0.00833785,0.0103828,0.0131903,0.0184077
0.0293842,0.0183544,0.0200738,0.0231021,0.0117188,0.00708841,0.00816031,0.0179679,0.0148792,0.0170215,0.0276287,0.0248168
0.0259729,0.0251621,0.0339088,0.0290083,0.0137708,0.00664139,0.00752894,0.0123389,0.0122081,0.0136221,0.0109119,0.0148634
0.0282478,0.0224802,0.0220089,0.0244087,0.0122948,0.00477087,0.00591971,0.00892302,0.010572,0.0156173,0.0163467,0.0119272
0.0549741,0.0407975,0.027019,0.023153,0.0102684,0.00562264,0.00757495,0.0176893,0.0167731,0.0226506,0.0132225,0.0191633
0.0385143,0.0255037,0.0143543,0.016897,0.00985767,0.00926683,0.00966174,0.0213918,0.0256844,0.0226036,0.0122686,0.020698
0.0334326,0.0273739,0.0104272,0.0057111,0.00976114,0.00846173,0.0143604,0.0294478,0.020611,0.0286736,0.0204696,0.0181019
0.0326012,0.0244891,0.0171476,0.0147067,0.0148435,0.00786313,0.0114992,0.015176,0.0156842,0.0205683,0.0196327,0.0143182
0.0232764,0.0146862,0.0099784,0.0168554,0.0156615,0.00764183,0.00770899,0.0121477,0.0117816,0.0128462,0.00643757,0.0173034
0.013948,0.00852714,0.0112817,0.0080512,0.0084302,0.00578911,0.00691939,0.0186576,0.0134127,0.0247432,0.0586466,0.0386986
0.0202386,0.0119271,0.0168539,0.0175542,0.0214658,0.0181366,0.0117947,0.0192209,0.015971,0.008842,0.0276165,0.0238163
0.0215475,0.0169754,0.0190584,0.028858,0.0203562,0.0207347,0.0214102,0.0339849,0.0234659,0.0173044,0.039811,0.0242796
0.0187895,0.0137976,0.0139922,0.0301847,0.032105,0.0252334,0.0149099,0.0196592,0.0178613,0.0237822,0.0371924,0.0244335
0.0228286,0.0138765,0.00887871,0.0124298,0.0179264,0.016568,0.0252218,0.0296189,0.0173372,0.0219658,0.0187388,0.0127135
0.0162751,0.0131872,0.0087472,0.00985795,0.0197338,0.0170108,0.0148858,0.0116808,0.0324818,0.0820815,0.0546574,0.0208206
0.0159011,0.00995701,0.0114653,0.00962659,0.0190756,0.0196462,0.0114487,0.0199688,0.0294431,0.0727761,0.0522655,0.0237223
0.0263961,0.0227262,0.0148505,0.0193551,0.0206574,0.0223694,0.0352692,0.0430286,0.0353047,0.0493798,0.0349048,0.0186819
0.0243388,0.0169807,0.0119294,0.0152159,0.0136529,0.016276,0.0277813,0.0245608,0.0236076,0.0377341,0.0292717,0.0209359
0.0233865,0.0121885,0.00858367,0.012729,0.0191979,0.0196077,0.0171534,0.027979,0.0244887,0.0248172,0.0226974,0.0225689
0.0168512,0.0162521,0.0251607,0.0228644,0.0197106,0.0120604,0.0175167,0.0359344,0.02972,0.0177212,0.0158806,0.0146703
0.0200803,0.0098201,0.0147825,0.019007,0.0112609,0.010557,0.0147191,0.0342981,0.0318849,0.0270069,0.0234406,0.0206531
0.0162898,0.00858603,0.0187853,0.0233721,0.0128303,0.0106378,0.0284815,0.0513066,0.0274857,0.01175,0.0114043,0.0181436
0.0175358,0.0153227,0.0213614,0.0352672,0.0417296,0.0212832,0.0203597,0.0278204,0.0192715,0.0147705,0.01593,0.0164595
0.0196324,0.0133134,0.0271276,0.0316877,0.0368233,0.0195342,0.0199768,0.0322097,0.0239507,0.0160006,0.0160316,0.0174773
0.0167925,0.0265813,0.0374696,0.0132414,0.0165926,0.0137922,0.0321798,0.0369436,0.0173819,0.01497,0.0133095,0.00540514
0.0153493,0.0132285,0.0211789,0.0148139,0.0184178,0.018808,0.0249004,0.0317806,0.0173053,0.0191402,0.0189953,0.0133922
0.0177392,0.0181671,0.0361042,0.0190963,0.00777968,0.0110385,0.0284947,0.0278145,0.0251589,0.0402413,0.0209429,0.0106486
0.0187845,0.0229129,0.0310812,0.0202954,0.0288563,0.0182469,0.0499859,0.0540586,0.0324281,0.0352722,0.018428,0.00798866
0.0178936,0.0214435,0.0254889,0.0231105,0.0186254,0.0126115,0.0213262,0.0307957,0.0283163,0.0326747,0.0194546,0.0156372
0.0064162,0.0151493,0.0310416,0.0211957,0.022939,0.0147249,0.0478543,0.0388565,0.0210254,0.0291457,0.0152314,0.00702635
0.010004,0.0146775,0.0402707,0.0235881,0.0154376,0.011253,0.0190905,0.0245149,0.0238121,0.0273956,0.0181154,0.0106418
0.010645,0.0230907,0.048919,0.0282535,0.0283725,0.0143654,0.0218815,0.0230984,0.0202997,0.0246578,0.0214166,0.0107224
0.00803927,0.0215351,0.0522333,0.034879,0.0185365,0.00655971,0.0188193,0.0345753,0.0256924,0.0261577,0.0233025,0.0112962
0.00918173,0.0114975,0.0323754,0.0240184,0.0130958,0.00842669,0.0176401,0.0273086,0.0207189,0.0123855,0.0141278,0.0126999
0.00659713,0.0117515,0.0146973,0.0119032,0.0105859,0.00697099,0.0197965,0.0215776,0.0261123,0.0490561,0.0280238,0.00825114
0.00847448,0.0111313,0.0172437,0.0114422,0.0114409,0.0112144,0.025661,0.0323094,0.0322176,0.0540584,0.0308412,0.00653553
0.00776698,0.0104537,0.017972,0.0136294,0.0134317,0.00576501,0.0180064,0.0320016,0.0265275,0.0479758,0.0424557,0.0293455
0.00802328,0.00868636,0.0211871,0.0157028,0.00923768,0.00474461,0.0136075,0.0238968,0.0263425,0.0562919,0.0829712,0.0416481
0.0113363,0.0102444,0.0164142,0.0115669,0.0053986,0.0052687,0.0112254,0.0176271,0.023268,0.0371504,0.043314,0.0350738
0.0289758,0.0152737,0.0151728,0.00834714,0.00561208,0.00524254,0.00783492,0.00839801,0.0226549,0.0380666,0.0312409,0.0287497
0.045134,0.0439446,0.0242448,0.0136406,0.012051,0.0131665,0.0195489,0.02323,0.0259844,0.0295527,0.0297819,0.0132058
0.00931378,0.0114496,0.0317993,0.0288639,0.0144964,0.0164633,0.0203606,0.0148088,0.0165888,0.0396984,0.0381886,0.0150337
0.0105618,0.027784,0.0613713,0.038242,0.0140872,0.00897649,0.0105984,0.0119559,0.0158621,0.0364912,0.0317541,0.008684
0.0369675,0.0241376,0.0276735,0.0227805,0.00558668,0.00907612,0.00801217,0.0124547,0.0163698,0.0345258,0.0259653,0.0199847
0.0351832,0.0327797,0.0495202,0.0531574,0.0264258,0.00354149,0.00667415,0.00980478,0.0186669,0.0374574,0.0311388,0.0203719
0.0286252,0.0272371,0.0415198,0.0305466,0.017806,0.00874355,0.0114494,0.0107585,0.0160341,0.0271475,0.0234792,0.0149378
0.0216191,0.0263761,0.0365275,0.0331765,0.0157573,0.0191754,0.0306313,0.0194226,0.0110848,0.0290975,0.0201568,0.0135682
0.0278737,0.0325169,0.0367234,0.0285236,0.0146267,0.0187592,0.0551666,0.0410336,0.0181202,0.0292424,0.0274387,0.0181358
0.0276799,0.0303837,0.0311743,0.0148917,0.00773732,0.0080623,0.0398874,0.0402002,0.0156089,0.0205374,0.0191256,0.0161607
0.0448767,0.0403643,0.0261765,0.0255016,0.0147774,0.00683345,0.021765,0.0188196,0.0111267,0.0155126,0.018358,0.0229272
0.0142281,0.0170339,0.0250403,0.0226751,0.013094,0.0127686,0.0228859,0.0193944,0.01467,0.0187059,0.0231559,0.0136586
0.0117548,0.0177603,0.0276106,0.018927,0.0105413,0.0129762,0.0146122,0.0106612,0.00748525,0.0179736,0.0225585,0.0156688
0.0201389,0.0263755,0.0393769,0.0217542,0.0080122,0.01337,0.0216738,0.0148901,0.00912323,0.0131453,0.0175258,0.0113691
0.00417059,0.0097878,0.022261,0.0214816,0.0105971,0.00784901,0.0164882,0.0146577,0.0166775,0.0249477,0.0136501,0.00619733
0.0205025,0.0243078,0.0257824,0.0157396,0.00565495,0.00416731,0.00477875,0.00823363,0.0200244,0.0414834,0.0302603,0.0136578
0.0549481,0.061083,0.0238717,0.0103638,0.00800412,0.00839105,0.0126434,0.0173988,0.0234791,0.0322342,0.0221471,0.0139619
0.0235984,0.0120747,0.0253245,0.0243747,0.013051,0.0141759,0.0184043,0.0252351,0.0258981,0.0300466,0.0337618,0.0475074
0.0164472,0.0161926,0.0290597,0.0166784,0.00859765,0.0181712,0.0317352,0.0481623,0.0408902,0.0411905,0.0580765,0.0357052
0.0160685,0.0195411,0.0333895,0.017432,0.0119689,0.0144692,0.0249826,0.0354754,0.0302515,0.0175385,0.0393915,0.0372803
0.0154373,0.0155263,0.0177736,0.0145801,0.00877468,0.00837229,0.0242932,0.0425845,0.0285799,0.0215009,0.0429934,0.0320439
0.0166912,0.00916703,0.0124811,0.0104696,0.00834975,0.0127446,0.0219679,0.0285061,0.0254697,0.0149754,0.0551094,0.0474768
0.0307682,0.0228472,0.0120535,0.0084525,0.0076861,0.0112757,0.02331,0.0353686,0.029879,0.0353477,0.0335497,0.0236287
0.0360172,0.0211769,0.0162288,0.0104084,0.00836969,0.0107711,0.0243347,0.0325445,0.0287263,0.0316754,0.015474,0.0126021
0.0377256,0.0295871,0.0213387,0.00744688,0.00696825,0.00942102,0.0160408,0.0218371,0.0226532,0.0167609,0.0259416,0.0157559
0.0250319,0.0223532,0.051103,0.0306562,0.00671967,0.00696989,0.013747,0.0281162,0.0267748,0.0228996,0.0174883,0.0146066
0.00842392,0.0181942,0.034887,0.0261957,0.00904394,0.00530279,0.0107013,0.0251041,0.0160046,0.014212,0.016497,0.0131805
0.0221623,0.0119262,0.0185094,0.0160038,0.01176,0.00946875,0.0154738,0.0320438,0.0287323,0.0266586,0.0210919,0.0186947
0.0268669,0.0338925,0.0151119,0.0270498,0.0159457,0.0140408,0.0196431,0.0366252,0.0303211,0.03482,0.0302067,0.0191245
0.0212287,0.0129944,0.0272296,0.0450014,0.0270259,0.0121105,0.0167559,0.0371673,0.0248294,0.0178473,0.0250028,0.0265833
0.0109736,0.0143444,0.0262148,0.0190232,0.0109669,0.0305264,0.0299581,0.0284893,0.0143104,0.0130062,0.0170298,0.0176407
0.014139,0.0117949,0.0265517,0.0238061,0.016048,0.0325715,0.0349507,0.0271921,0.0128831,0.00987088,0.0119787,0.0129328
0.012836,0.0167684,0.0236608,0.0240547,0.0129772,0.0209369,0.0284376,0.0392707,0.0259596,0.0171738,0.014473,0.0189468
0.0144981,0.0138301,0.0155592,0.0112588,0.00963109,0.0122091,0.0279038,0.0656133,0.0475662,0.0189088,0.0179079,0.0155476
0.0111724,0.0095735,0.0150348,0.0189719,0.0229054,0.0323747,0.0315134,0.0487532,0.0463329,0.0287997,0.0188506,0.0105122
0.0080428,0.0109823,0.0178488,0.00913451,0.0111758,0.0243363,0.0342288,0.0332909,0.0307979,0.0304509,0.0335066,0.0171057
0.00734004,0.00879825,0.0123002,0.0102992,0.00580371,0.0126128,0.0279784,0.031282,0.0272601,0.0515982,0.0471065,0.0114023
0.00966848,0.0193626,0.0179827,0.0123655,0.00623064,0.00950205,0.0227173,0.0438202,0.0349292,0.0279283,0.0302052,0.0257675
0.0041534,0.00662765,0.0224675,0.0187712,0.0073741,0.0126309,0.0207922,0.0345724,0.0313769,0.0247344,0.0352344,0.0272036
0.0112236,0.0120858,0.0191139,0.0105641,0.00739437,0.0205588,0.0246022,0.0243622,0.0261107,0.0233951,0.0419408,0.0433737
0.00731111,0.0059315,0.0110633,0.00985004,0.00718091,0.0127624,0.019087,0.025393,0.0235216,0.018179,0.0243965,0.0192418
0.00589407,0.00452143,0.0111709,0.0122788,0.00756559,0.0105719,0.015927,0.0263821,0.022856,0.0433069,0.0341949,0.0152581
0.00949377,0.012773,0.0107401,0.00799666,0.00909498,0.00697485,0.0106249,0.0276532,0.0228163,0.0230194,0.0249605,0.0185585
0.00771023,0.00562118,0.0139363,0.0131658,0.0112928,0.0132674,0.0252595,0.0449542,0.0227168,0.0222929,0.0284751,0.017263
0.00972277,0.00871035,0.0196489,0.0146777,0.00733866,0.0119331,0.0302083,0.0523429,0.0368202,0.0293996,0.0360938,0.0154813
0.00833313,0.0112553,0.022576,0.00973561,0.0155926,0.029134,0.0332808,0.0420563,0.0300743,0.0246373,0.0238972,0.0153948
0.00987087,0.012489,0.0213899,0.0104969,0.0120638,0.0349167,0.0379796,0.0487824,0.0367,0.0240116,0.0147356,0.0104611
0.0314914,0.022116,0.0152386,0.0135074,0.00864283,0.0117989,0.0228169,0.0366943,0.0221124,0.0187599,0.0211444,0.014824
0.0844129,0.0515535,0.0138169,0.0125233,0.0180458,0.0240662,0.0283079,0.0409211,0.0234159,0.0149457,0.0209629,0.0447846
0.0563319,0.0312099,0.0185456,0.0344663,0.0317812,0.0106815,0.0224425,0.0429545,0.0249943,0.0127672,0.0156991,0.0308781
0.0226824,0.0190837,0.0187226,0.0169454,0.0234975,0.0282207,0.0145597,0.0274068,0.0201339,0.0127242,0.0138265,0.0118679
0.0225813,0.0195282,0.0235544,0.019974,0.0158028,0.0197833,0.0223818,0.0176227,0.0153841,0.0121793,0.0101105,0.0124569
0.0312176,0.0208922,0.0113053,0.0102125,0.00858001,0.0123399,0.0150052,0.0173175,0.00870374,0.00752355,0.0130655,0.0188419
0.0406831,0.0163497,0.0195201,0.0230185,0.0136892,0.019612,0.0153125,0.01475,0.00887534,0.00669208,0.00546717,0.022695
0.0380826,0.0222266,0.0145428,0.0240628,0.0245431,0.013259,0.0130411,0.0286831,0.0186096,0.0080159,0.00891909,0.0197624
0.0389171,0.0212469,0.0116452,0.00965549,0.0142515,0.0258379,0.0246604,0.0221268,0.0135743,0.0131064,0.0119434,0.0243092
0.0225323,0.0162142,0.0145104,0.0161989,0.0133093,0.0186587,0.0195318,0.0144796,0.00955954,0.0109589,0.0089576,0.0100016
0.0176667,0.0109998,0.00974958,0.00974037,0.0111881,0.0159658,0.0130255,0.015785,0.01415,0.0140824,0.0087503,0.00891912
0.0223826,0.0219242,0.0318601,0.0231723,0.0172363,0.0224091,0.0198595,0.0200662,0.0220933,0.0289914,0.0371693,0.024726
0.0212828,0.0153407,0.0286354,0.0267225,0.0104417,0.0140026,0.0140969,0.0217155,0.020755,0.0269674,0.0376176,0.0226904
0.0363504,0.0210218,0.0151577,0.0199349,0.0193512,0.0126747,0.0074552,0.0139873,0.0104023,0.0105991,0.0107998,0.0151721
0.0404645,0.0281182,0.0149851,0.015596,0.0162317,0.0111439,0.00949418,0.0144981,0.0124696,0.00976142,0.0189253,0.0150074
0.0285681,0.0170193,0.011355,0.0151914,0.0187961,0.00797071,0.00531241,0.0143802,0.0125548,0.00603094,0.0163487,0.0196857
0.0291104,0.0149921,0.0134573,0.016264,0.0136147,0.0117458,0.0134273,0.0191575,0.0182086,0.0250935,0.0292546,0.0267199
0.0341046,0.0236987,0.0206135,0.0131403,0.0120145,0.0128498,0.011856,0.0174191,0.0127744,0.019073,0.028695,0.0231598
0.0208878,0.00931499,0.0100373,0.0159408,0.0162841,0.00692926,0.00641511,0.0127978,0.0077951,0.0101753,0.0112388,0.0193824
0.0328526,0.019455,0.0157301,0.0131387,0.00902206,0.00559523,0.00650909,0.0140154,0.00959195,0.00717527,0.0230064,0.0238696
0.0268888,0.0195797,0.0152341,0.0170048,0.0151631,0.00531434,0.00719629,0.0126354,0.00702922,0.0124845,0.0230162,0.0222729
0.0568049,0.0339762,0.0122075,0.00973495,0.00563916,0.00558319,0.00881067,0.0146751,0.0163148,0.0235617,0.0124563,0.0225253
0.064308,0.0355446,0.0148548,0.00639078,0.00680585,0.00447659,0.00698184,0.0194151,0.020911,0.0150612,0.00951947,0.0312406
0.0334321,0.0215209,0.0128258,0.00745084,0.00625496,0.00528621,0.00794614,0.00673212,0.00659318,0.0165574,0.0216325,0.0232219
0.0339027,0.0239749,0.0261111,0.02029,0.00915211,0.0089667,0.00690098,0.0114501,0.00866255,0.0134005,0.0223987,0.0254139
0.0205516,0.0161848,0.0168694,0.0105787,0.00752432,0.00982555,0.0115448,0.00954113,0.00495544,0.00747864,0.00780452,0.0159665
0.0598049,0.0297782,0.00892255,0.00662259,0.00810225,0.00725569,0.00842823,0.0154012,0.0123094,0.0135211,0.0246685,0.0401394
0.0462519,0.0190539,0.00853963,0.00870486,0.00785915,0.00811496,0.012514,0.0187955,0.014124,0.0250211,0.0289711,0.0212787
0.0248753,0.0121399,0.0147413,0.00717477,0.00611715,0.00581717,0.00858122,0.0134565,0.00995261,0.0131679,0.00952934,0.01315
0.0269015,0.0229974,0.0204337,0.0129963,0.00713615,0.00325326,0.00452322,0.00914648,0.0110025,0.0264892,0.0276154,0.0233389
0.021129,0.0191913,0.0285208,0.0202219,0.0124561,0.00697334,0.00675961,0.0103151,0.0087574,0.0119879,0.0118155,0.0134076
0.0236048,0.0345237,0.0281624,0.0210848,0.0188586,0.0197459,0.013104,0.0246045,0.0298926,0.0333774,0.0504588,0.0241491
0.0174794,0.0255481,0.0190127,0.0187554,0.0276542,0.0179571,0.0176824,0.0415636,0.0420723,0.024596,0.0675661,0.0455202
0.0318332,0.0249131,0.0181151,0.0211843,0.0316791,0.0178968,0.00790189,0.0232325,0.0232886,0.0201293,0.0301569,0.0175238
0.0679528,0.0465994,0.00847685,0.013597,0.0227141,0.0152715,0.00746986,0.0179734,0.0274289,0.027792,0.0198688,0.0283248
0.0349136,0.0241846,0.011922,0.0119388,0.017385,0.00834733,0.00527461,0.00763759,0.0198813,0.0402186,0.0230878,0.0232031
0.0266265,0.0315258,0.0207989,0.0105609,0.018904,0.0138442,0.0107739,0.0112417,0.0167373,0.0304448,0.0377028,0.022417
0.0134847,0.0283173,0.0161045,0.0127068,0.023502,0.0157149,0.00716509,0.0198588,0.0230311,0.0328676,0.055331,0.03359
0.0204459,0.0273646,0.0268749,0.0100911,0.0112728,0.00724071,0.00372369,0.0109162,0.0228817,0.0204597,0.0120617,0.01406
0.0215681,0.0214506,0.0141502,0.0108223,0.016283,0.0107902,0.00558474,0.0143334,0.0191779,0.0211829,0.0207159,0.0167032
0.029537,0.0228822,0.0124364,0.013636,0.0185911,0.0111069,0.00459358,0.00674711,0.0124192,0.0248092,0.0120757,0.0195914
0.0257614,0.0208025,0.0119905,0.0154627,0.0221613,0.0247664,0.0151793,0.0148229,0.0368176,0.0488481,0.0243416,0.0158929
0.0255948,0.0353108,0.0220647,0.0101214,0.0227327,0.0406946,0.0264339,0.0156553,0.0392073,0.097258,0.0560837,0.00798376
0.0183717,0.0265531,0.0201627,0.0135432,0.0264465,0.0321103,0.0143065,0.0128584,0.0106145,0.0368617,0.0166384,0.0103106
0.0146792,0.0187748,0.010748,0.00800885,0.014587,0.0165833,0.0101091,0.00754453,0.00936196,0.025292,0.046995,0.0279986
0.0107575,0.0147465,0.008614,0.00766363,0.00993954,0.00937421,0.00778194,0.0152102,0.0133252,0.0216047,0.0328541,0.017724
0.0229677,0.0203127,0.0121365,0.00681873,0.0129847,0.0167307,0.014225,0.0122116,0.0122646,0.0283089,0.0289449,0.0171637
0.0223719,0.0254804,0.0172648,0.00876388,0.00942451,0.0181845,0.0110254,0.0104817,0.0109075,0.0228981,0.0217349,0.0164232
0.0125745,0.0167925,0.00762776,0.0102915,0.0167814,0.0192375,0.0105527,0.0102122,0.00772477,0.0159567,0.0227753,0.0264423
0.0220578,0.0264949,0.0160125,0.00763061,0.015985,0.013207,0.0118195,0.0173624,0.0150916,0.020816,0.02699,0.022173
0.0211868,0.023233,0.0122894,0.00582513,0.00972047,0.00377443,0.0124922,0.0144948,0.0171316,0.0253392,0.0159722,0.0206178
0.0190724,0.0273439,0.0227612,0.0135245,0.0120607,0.0175405,0.0164024,0.0188836,0.020781,0.0159325,0.0192607,0.0212809
0.0167998,0.0290053,0.0209903,0.0125686,0.0120162,0.0109237,0.0114768,0.0171661,0.0184766,0.00924474,0.0088341,0.0161491
0.0153954,0.0250852,0.0178887,0.0130263,0.0182026,0.0117473,0.0101773,0.0265893,0.0242663,0.0130968,0.0138167,0.0127954
0.0114273,0.014242,0.0130541,0.0072239,0.0116738,0.0128905,0.0120101,0.00897622,0.0147502,0.022558,0.0140905,0.0106704
0.0139364,0.0155147,0.00946146,0.00900047,0.0173684,0.0193056,0.0184079,0.0203241,0.0127312,0.0199601,0.00992355,0.0106043
0.019149,0.0337736,0.025356,0.0115507,0.0112476,0.00700437,0.00914159,0.0182917,0.0191154,0.0159413,0.0100439,0.00659774
0.0153011,0.0302935,0.0204409,0.00679143,0.0116493,0.012641,0.0085187,0.0232647,0.0245872,0.0111796,0.00946666,0.0150914
0.0124182,0.0161786,0.0100319,0.0042948,0.00791517,0.00463336,0.0103372,0.0190976,0.0176777,0.0144402,0.00827565,0.00949597
0.00858537,0.0120316,0.0086629,0.00680673,0.0134993,0.00855257,0.0118326,0.0168596,0.0145251,0.0282263,0.0117479,0.00568714
0.0136208,0.0154828,0.00643326,0.0059285,0.0115547,0.0123757,0.00622572,0.0125184,0.0174874,0.0310022,0.0192081,0.0111118
0.0172524,0.0288506,0.0272546,0.0137198,0.0105409,0.0255439,0.0290025,0.0161858,0.0206907,0.0212253,0.0136449,0.01001
0.00715029,0.0243684,0.0357478,0.0183811,0.00705224,0.0199743,0.0447432,0.0290486,0.0131509,0.0246794,0.0195071,0.0091308
0.00998346,0.0171007,0.0358503,0.0220196,0.00434698,0.0101152,0.0285269,0.0206596,0.0130141,0.018195,0.013099,0.0065628
0.00875889,0.0314222,0.0687598,0.0328936,0.00720819,0.0142905,0.0235454,0.0154901,0.0127633,0.0198005,0.0105304,0.00833159
0.00871028,0.0215624,0.043693,0.0284403,0.0137668,0.00673346,0.016978,0.0119862,0.00854693,0.0149809,0.00769069,0.00606035
0.00697091,0.0285477,0.0518722,0.0285466,0.00555144,0.00994128,0.0163754,0.0114115,0.0102215,0.0161786,0.00994295,0.0137965
0.00907506,0.0179459,0.0338143,0.025752,0.0180012,0.0133266,0.0146339,0.0107595,0.00963603,0.0169645,0.0167707,0.0162062
0.00466263,0.0129358,0.021445,0.0146361,0.00984679,0.00832571,0.0137163,0.0104076,0.00973992,0.00966998,0.0130659,0.00913104
0.0111931,0.0236485,0.036,0.0222199,0.0121165,0.0111436,0.0322173,0.0205091,0.00944221,0.016133,0.0126061,0.00817678
0.00773438,0.0181618,0.0228708,0.0103288,0.00874551,0.0148481,0.0271698,0.0185714,0.0118112,0.0161083,0.0126263,0.0103401
0.00767198,0.027038,0.0434,0.018134,0.00544799,0.00971401,0.0172711,0.0305258,0.0363922,0.0235936,0.00963866,0.0146081
0.00407025,0.0123525,0.0364716,0.0271367,0.0124583,0.0158505,0.0181185,0.0191578,0.0217435,0.02645,0.0177285,0.0130938
0.0046717,0.0119795,0.0191321,0.0130934,0.0105518,0.00899255,0.0142655,0.0216779,0.0304537,0.0390735,0.0206336,0.00711502
0.00581991,0.0128857,0.0266553,0.0192607,0.0148957,0.0108093,0.0119837,0.0169501,0.0475965,0.114775,0.0650384,0.0132785
0.00722767,0.00927356,0.0111026,0.0131522,0.012428,0.0106139,0.013235,0.0153079,0.0365499,0.0964494,0.0626462,0.0124008
0.0072742,0.00768769,0.014907,0.0135443,0.00973011,0.00913463,0.00737582,0.0114927,0.0184929,0.0306241,0.0250677,0.0214124
0.0115466,0.00822718,0.018473,0.0116997,0.0058611,0.0104378,0.0160599,0.01093,0.017463,0.0385103,0.0457124,0.0348392
0.049804,0.0292535,0.0111684,0.0118673,0.00421939,0.00809671,0.0095831,0.0126036,0.0253105,0.0483848,0.0295722,0.032517
0.13796,0.101949,0.0270223,0.0101329,0.00496605,0.0053216,0.00869762,0.0126444,0.0161807,0.0303207,0.0253013,0.0462377
0.0431096,0.0367851,0.018525,0.00831687,0.0046624,0.00576259,0.00715467,0.00976644,0.0138051,0.0254988,0.0197275,0.0210494
0.0157658,0.0163961,0.0625344,0.0437001,0.0130541,0.00657697,0.00543482,0.0126492,0.0173726,0.0300938,0.0199352,0.00604084
0.0165192,0.0167307,0.0450858,0.0311939,0.0093663,0.00660375,0.00746775,0.00901376,0.0239575,0.0513213,0.0313174,0.0131872
0.0237524,0.0315631,0.0617204,0.033237,0.00653736,0.00508996,0.00871052,0.00786596,0.0146787,0.0314635,0.019309,0.0122531
0.13395,0.0792637,0.0303551,0.0187836,0.00527763,0.0076377,0.0104361,0.0109923,0.0198366,0.0349034,0.0231168,0.049382
0.0849618,0.0659465,0.0343944,0.0191184,0.00392146,0.00306576,0.00607985,0.0133063,0.0180266,0.0366737,0.0298235,0.0426845
0.0300733,0.0244563,0.0288911,0.0168554,0.00512996,0.0045567,0.0102044,0.0102382,0.0131241,0.0217379,0.0305754,0.0238523
0.0346127,0.0357683,0.0345349,0.0183579,0.00733099,0.0153272,0.0138081,0.00927505,0.0151408,0.0233633,0.0363796,0.0314327
0.0114866,0.018942,0.0194971,0.00845054,0.00504769,0.00373431,0.00384185,0.00549697,0.0138921,0.0196111,0.0269929,0.0101107
0.013878,0.018754,0.0176759,0.0119555,0.0123611,0.00631964,0.00654087,0.00673374,0.0203646,0.0464375,0.0326619,0.00801176
0.00516837,0.0134905,0.021296,0.0146058,0.00753913,0.00509226,0.00743534,0.00883124,0.023719,0.0513926,0.0443493,0.0147785
0.00777554,0.0125314,0.0242173,0.0143682,0.0144304,0.0168899,0.0130315,0.0157102,0.0267769,0.0434796,0.0438242,0.0264421
0.0192782,0.0182629,0.0252067,0.0131647,0.0194941,0.01904,0.0253729,0.0357484,0.0351357,0.0395774,0.0641161,0.0527533
0.0169861,0.0116041,0.0203818,0.017473,0.0150582,0.0191736,0.0351447,0.0435618,0.0330871,0.0241108,0.0402348,0.0378804
0.0072369,0.00961493,0.0208028,0.0170538,0.0129863,0.0131878,0.0269975,0.0547166,0.048724,0.0275772,0.0189702,0.0108794
0.00876236,0.00682993,0.0178,0.0102872,0.0122493,0.00972155,0.0225145,0.0446302,0.0420966,0.0222265,0.022251,0.0195289
0.00809921,0.0137005,0.0233935,0.0214624,0.0182146,0.0219831,0.0296408,0.0471622,0.0304763,0.0173154,0.0116769,0.0053849
0.0185634,0.0204589,0.0211518,0.0140491,0.0255632,0.0448501,0.0365461,0.0264354,0.0206262,0.0195223,0.0198492,0.0107885
0.0157278,0.00836236,0.0150246,0.00817815,0.0155484,0.0194392,0.020264,0.0303138,0.022306,0.0158439,0.013,0.0210276
0.0148259,0.011401,0.0182887,0.0208204,0.0198522,0.0225963,0.0140641,0.0254993,0.01915,0.011933,0.0102534,0.0160314
0.00839828,0.0103382,0.0114908,0.0226356,0.025852,0.0154936,0.0201673,0.019586,0.0185338,0.0170647,0.0263452,0.0211809
0.0122063,0.0183869,0.0141282,0.0229822,0.0220747,0.0197267,0.0186162,0.0304453,0.0324835,0.0190679,0.0194066,0.015259
0.00804582,0.0211613,0.0531647,0.0421311,0.0186933,0.0139804,0.0186802,0.0246889,0.0141291,0.0195809,0.0141369,0.012698
0.00824647,0.0174089,0.0353707,0.0233279,0.01688,0.00785233,0.0150829,0.0158645,0.016968,0.0162235,0.0142688,0.0103544
0.0117512,0.0175464,0.0274213,0.0257177,0.0131506,0.013546,0.0129561,0.0163053,0.0148673,0.0185278,0.0222711,0.0186445
0.00963367,0.0126957,0.0180167,0.0346165,0.022848,0.00932044,0.0121759,0.0165375,0.0133689,0.0145658,0.0192249,0.0125055
0.0129346,0.0224542,0.0422744,0.0344258,0.0196581,0.011208,0.00827488,0.0190261,0.0295422,0.0219892,0.0108359,0.015203
0.0106282,0.0331243,0.0637708,0.0436863,0.0194084,0.0129233,0.0130029,0.0112563,0.00976736,0.0196013,0.0127378,0.0162125
0.0229109,0.0192689,0.0211609,0.018888,0.0177218,0.0117135,0.0115978,0.0152228,0.0122998,0.0113334,0.00450654,0.0139574
0.0365143,0.0326788,0.0387523,0.019064,0.00834584,0.00653248,0.0088703,0.0317216,0.0346789,0.0219086,0.0109844,0.0157368
0.0452076,0.0351343,0.0178129,0.0136038,0.0139754,0.00902944,0.00953695,0.00864908,0.00974184,0.0157139,0.0136088,0.0147339
0.0164717,0.0183388,0.0121785,0.0040626,0.010445,0.0260754,0.0229756,0.0143074,0.0199012,0.0287544,0.0362219,0.0289392
0.0246237,0.02006,0.0161972,0.0135009,0.0169708,0.0254651,0.0196651,0.0112001,0.0150733,0.0398576,0.0663577,0.0430701
0.0329384,0.0209127,0.0170837,0.0102302,0.0141372,0.0206615,0.0181314,0.016731,0.0126321,0.0206457,0.0341362,0.0278046
0.0774652,0.0523088,0.0128158,0.0108092,0.0133255,0.0125083,0.0126488,0.0299349,0.0249396,0.0195277,0.0232914,0.035952
0.0509966,0.0381911,0.018929,0.0132579,0.0128722,0.0128243,0.0166979,0.0169988,0.0149256,0.014965,0.0178706,0.0306803
0.0175961,0.00913246,0.0134885,0.0134303,0.0149818,0.0401335,0.0358343,0.0132779,0.0123121,0.0219799,0.0648094,0.0520196
0.0226184,0.0141342,0.00976978,0.00985855,0.0130632,0.0345422,0.0280707,0.0161657,0.0166759,0.0329203,0.069858,0.0488961
0.0201049,0.0161541,0.0125441,0.00937087,0.0111212,0.0148245,0.0178994,0.0158916,0.0193267,0.044554,0.0404262,0.0230478
0.0218892,0.0242713,0.0139451,0.0146505,0.030877,0.0308858,0.0188826,0.0218588,0.0298845,0.0668082,0.0586104,0.0261675
0.0219945,0.0208597,0.00946018,0.00916713,0.0223659,0.0259444,0.0133814,0.0152129,0.0303594,0.0481018,0.0315941,0.0186686
0.01952,0.0406352,0.0583216,0.0329616,0.0150482,0.0153823,0.0277107,0.0682956,0.0669746,0.0358971,0.0331063,0.0292726
0.019972,0.0198636,0.0494279,0.0369988,0.0168954,0.0231198,0.0303925,0.0639478,0.0598395,0.0270226,0.033631,0.0423143
0.0162875,0.0125563,0.0253761,0.0239451,0.0189226,0.0286753,0.0398681,0.0711678,0.0688946,0.0212345,0.0200468,0.0204221
0.0162721,0.0193202,0.0194246,0.012286,0.0227684,0.0218528,0.0442001,0.0674294,0.0577371,0.0235647,0.0111314,0.0141583
0.0114891,0.0157282,0.00944499,0.00963027,0.0141434,0.0119835,0.0353547,0.0750994,0.0438545,0.0170244,0.0149137,0.0185249
0.0237965,0.0238367,0.0132099,0.0122192,0.0223739,0.0292139,0.0298362,0.0509291,0.0395466,0.0177902,0.0135827,0.0283862
0.0112534,0.0139758,0.0104949,0.0120394,0.0243354,0.0378997,0.0487105,0.0690447,0.0471369,0.0196625,0.00898427,0.0150497
0.0101268,0.00583344,0.0151967,0.0263813,0.0247654,0.0260625,0.04376,0.05978,0.0326154,0.0188429,0.0213587,0.0159428
0.0083988,0.0101541,0.0201702,0.0434817,0.0322117,0.0226168,0.0215938,0.0306433,0.0253552,0.0105064,0.0241459,0.018725
0.00999569,0.0165242,0.02119,0.0237125,0.0127217,0.00757777,0.017955,0.0378828,0.0272259,0.0178197,0.0191442,0.0113595
0.010268,0.0297652,0.0554003,0.0360682,0.0187654,0.0151973,0.0176761,0.0259709,0.0251329,0.0207449,0.0192451,0.0248126
0.00717893,0.0281686,0.0565037,0.0446201,0.0305343,0.0158196,0.0168009,0.0212848,0.0160034,0.0174826,0.0143266,0.0105045
0.00813982,0.016714,0.0268311,0.0290484,0.0277793,0.013383,0.0149837,0.0181334,0.0172908,0.0187415,0.01862,0.0139038
0.0105683,0.011698,0.0257155,0.0506799,0.0292273,0.0121609,0.0166681,0.0187839,0.0171331,0.0207499,0.030769,0.0210612
0.0101375,0.00882435,0.0134365,0.0265021,0.0215844,0.00729329,0.00979912,0.0276655,0.0200403,0.0183179,0.0266399,0.0181309
0.00785443,0.0203316,0.0441657,0.0184613,0.0152227,0.017823,0.0195356,0.018482,0.0187246,0.0199778,0.0160531,0.0211079
0.0215811,0.0269107,0.0399771,0.0236293,0.0182829,0.0127254,0.0141826,0.0182022,0.0164579,0.0205748,0.01516,0.0157396
0.0811918,0.0647275,0.0255743,0.0156159,0.0185381,0.0146017,0.0133771,0.0209133,0.0185106,0.0227844,0.0168721,0.0282426
0.0577381,0.054899,0.0307939,0.0253658,0.016668,0.0115371,0.0129524,0.0189927,0.0146739,0.0117679,0.0166315,0.0419946
0.0538232,0.0450413,0.0249561,0.0209811,0.0124046,0.0159967,0.0154291,0.0148384,0.0146709,0.0280445,0.0512966,0.042115
0.0317017,0.0196433,0.0210202,0.0144675,0.0166556,0.0448004,0.03477,0.013214,0.0208765,0.0297852,0.0823609,0.07079
0.0346411,0.0285628,0.0126697,0.011336,0.0127775,0.0205987,0.0191979,0.0139318,0.0213837,0.0373862,0.0479885,0.0361783
0.0610131,0.0632919,0.0191164,0.0184839,0.0134316,0.00719936,0.00809739,0.0332911,0.0336688,0.0215712,0.0413755,0.0355526
0.06529,0.0523415,0.0152213,0.00723639,0.0126587,0.0152095,0.0136201,0.0208149,0.0205983,0.019698,0.0264666,0.0265439
0.0252772,0.0185323,0.00821556,0.0119799,0.0130412,0.019545,0.0118766,0.0234234,0.0206788,0.0314645,0.0560579,0.0465408
0.0282085,0.0175159,0.0161073,0.014541,0.011401,0.016025,0.0185004,0.0210761,0.0173478,0.0213896,0.058574,0.0638275
0.0171512,0.0161911,0.00641674,0.008085,0.0145274,0.0201913,0.0185527,0.0172235,0.0169361,0.0305804,0.0431321,0.0211488
0.0295829,0.0329769,0.0182054,0.0218203,0.0371137,0.0291728,0.0148231,0.0268703,0.0337428,0.049118,0.0347786,0.0150762
0.0275977,0.0254186,0.0141863,0.0178997,0.0398622,0.0303236,0.0139788,0.0256132,0.0487376,0.0400279,0.025445,0.0234736
0.0212392,0.0276338,0.0387036,0.0260107,0.0293648,0.0268459,0.0153962,0.0295447,0.040608,0.0421255,0.0364997,0.0255445
0.0189441,0.0314485,0.086362,0.0628665,0.0313894,0.029696,0.0405239,0.117689,0.108631,0.0249044,0.0378912,0.0300007
0.0150668,0.0180044,0.0394438,0.0339287,0.026075,0.0122439,0.0359107,0.100462,0.0948731,0.0508447,0.0316023,0.025715
0.0173307,0.0236797,0.0476726,0.0382477,0.0315119,0.0228069,0.037153,0.098755,0.0882749,0.0344456,0.0343177,0.0226223
0.021299,0.020001,0.0275316,0.0188773,0.0194807,0.0176454,0.0247564,0.0529476,0.05492,0.0349237,0.0273022,0.0304608
0.0189419,0.0180556,0.0232035,0.0237076,0.023823,0.0184524,0.0187195,0.050438,0.0449788,0.0182492,0.0145946,0.0212817
0.0261911,0.0203472,0.0211225,0.022071,0.0370012,0.0566563,0.0474382,0.0471277,0.0420592,0.0348252,0.0264385,0.034868
0.0170962,0.00689817,0.00998169,0.0312798,0.0472723,0.027743,0.0213774,0.0258866,0.0245572,0.0159849,0.0214139,0.0208748
0.0171346,0.0129132,0.0423169,0.0497651,0.0353408,0.0394044,0.0251511,0.0465648,0.0301677,0.0212794,0.0283297,0.0298263
0.00947366,0.01415,0.0268989,0.0641736,0.0495778,0.026378,0.02092,0.0311933,0.0215961,0.0255193,0.027883,0.0146195
0.0201214,0.0298866,0.0560952,0.0386255,0.0159917,0.010038,0.0205882,0.0373095,0.0283452,0.0182759,0.0236198,0.0191674
0.0110741,0.0390646,0.0657009,0.0423924,0.0280646,0.0234422,0.0284628,0.0252783,0.0246659,0.0341352,0.0171557,0.0143149
0.0156705,0.0239407,0.0381542,0.0423072,0.0298053,0.0119464,0.0224678,0.0238102,0.01551,0.0164025,0.0149182,0.0128037
0.0079802,0.00931358,0.0298731,0.0321199,0.0225699,0.0107224,0.0111183,0.0292889,0.0183639,0.0210124,0.0219354,0.0172632
0.00848326,0.0245977,0.0421345,0.0363505,0.0204042,0.0136492,0.0131924,0.0196863,0.0130738,0.0205633,0.0252429,0.011542
0.0118424,0.0249667,0.0339908,0.0376728,0.0288587,0.0165488,0.0151917,0.0192936,0.0234054,0.023549,0.0135934,0.0174507
0.00901226,0.0291877,0.0464291,0.0280298,0.0195475,0.0197428,0.0288752,0.0272338,0.0268207,0.0243059,0.0171274,0.0131735
0.016401,0.0147703,0.0318321,0.0354598,0.0205127,0.00949264,0.0190136,0.0160828,0.0187627,0.0152327,0.0149057,0.0202041
0.0931758,0.0730738,0.0381776,0.0217169,0.0118436,0.0138305,0.0184163,0.0311708,0.0215633,0.00963173,0.0138879,0.0347803
0.0677133,0.0509,0.0250488,0.0207979,0.0160702,0.0145689,0.0130095,0.0290817,0.0220387,0.0145581,0.00969784,0.0331518
0.0287361,0.0257486,0.0145698,0.0207204,0.0147459,0.0243632,0.0183556,0.0273703,0.0310211,0.0340246,0.0440554,0.02795
0.0319348,0.0257276,0.0174032,0.012961,0.0223082,0.0463236,0.0384415,0.0301415,0.0271899,0.0291196,0.0530391,0.0398382
0.0308361,0.0155126,0.0164826,0.0172674,0.0137217,0.0103768,0.02015,0.0243989,0.0256664,0.0292947,0.0338805,0.030575
0.0588071,0.0440296,0.0178901,0.0145966,0.012338,0.00893853,0.0121376,0.0301653,0.0229425,0.0184372,0.0284129,0.0359498
0.0554556,0.0383626,0.0178564,0.0109812,0.00850445,0.00955314,0.0132113,0.0264249,0.0208591,0.0167281,0.0187639,0.0217722
0.0437187,0.0326329,0.0175781,0.010585,0.0147656,0.0259527,0.0192524,0.0146084,0.0161796,0.0305929,0.0524968,0.0370625
0.0328521,0.0134867,0.0102774,0.012722,0.0165856,0.0247553,0.0170008,0.0127127,0.0160645,0.0267414,0.055858,0.0536565
0.0294373,0.0247448,0.0187596,0.0166399,0.0192505,0.0193551,0.0184775,0.0171881,0.0293026,0.0450564,0.0292684,0.020106
0.024022,0.0269334,0.0232038,0.010268,0.0324367,0.0347805,0.0174941,0.0298333,0.0214762,0.0735873,0.0744146,0.0322707
0.024705,0.0265117,0.0165869,0.0161016,0.0104659,0.00918894,0.0161198,0.0217477,0.0194762,0.0584426,0.0500813,0.0212984
0.0188047,0.0170773,0.0345728,0.0252016,0.0254098,0.0265574,0.0398633,0.0571781,0.0345542,0.0426807,0.045953,0.0514435
0.019643,0.021016,0.0674837,0.0459034,0.0239316,0.0290502,0.0445769,0.0699873,0.0536376,0.025347,0.0321609,0.0319741
0.012699,0.0202958,0.0416221,0.023386,0.0148296,0.0285818,0.0342583,0.0614198,0.0527904,0.0239324,0.0345879,0.042974
0.0091425,0.0160625,0.0327572,0.0245373,0.0320028,0.0327704,0.0476699,0.0598741,0.0334084,0.0384985,0.0286567,0.0209066
0.010878,0.0236293,0.0394216,0.0191203,0.0236647,0.020392,0.0415381,0.0590123,0.0371006,0.02344,0.0183636,0.0233545
0.0198171,0.0259651,0.0320534,0.0244596,0.0270839,0.0364309,0.0491855,0.0647715,0.0323056,0.0209416,0.0124879,0.0166033
0.0339377,0.0330212,0.0252006,0.0239891,0.0340747,0.029069,0.0366808,0.060128,0.0327617,0.0186036,0.0155513,0.0267652
0.0155179,0.012178,0.0176504,0.0446087,0.0436134,0.0211752,0.0347962,0.0498174,0.0303373,0.0123571,0.0192781,0.0200717
0.00874929,0.0119192,0.0268474,0.0475567,0.0424067,0.0234399,0.0181763,0.0241259,0.0205229,0.0111098,0.0268129,0.0177046
0.0167316,0.0171457,0.0377879,0.0639002,0.0388784,0.0287535,0.0297126,0.0323235,0.0273455,0.0174153,0.0194027,0.0204676
0.0120506,0.0207549,0.0504873,0.0392031,0.0200923,0.0284344,0.0421564,0.0379639,0.0301986,0.0219763,0.0117139,0.022674
0.0127734,0.0370632,0.077567,0.0524835,0.0313615,0.0159299,0.0302812,0.0336023,0.0325024,0.0281397,0.0210939,0.0202377
0.00736598,0.0180218,0.025027,0.0287146,0.0233183,0.0221946,0.0282062,0.0261944,0.0203437,0.0161958,0.0209154,0.0153072
0.0124596,0.0132134,0.0454791,0.0677867,0.0365584,0.0136123,0.0185704,0.027822,0.0220595,0.0186324,0.0256087,0.0233364
0.0143281,0.0241266,0.0466026,0.0342563,0.0162459,0.011449,0.0162033,0.0340492,0.0289376,0.0242254,0.0153212,0.0133256
0.0126127,0.0287341,0.0633283,0.049444,0.026774,0.0187935,0.0193614,0.0217791,0.0188992,0.0280419,0.027984,0.0241835
0.0189219,0.0273416,0.0419426,0.0246728,0.0177359,0.01308,0.017759,0.0221665,0.0251427,0.033738,0.0239755,0.0153546
0.0965594,0.0619746,0.0270612,0.0309164,0.0159585,0.00604543,0.0162084,0.0386172,0.0398739,0.0283034,0.0308474,0.0439969
0.0816834,0.0458108,0.0383714,0.0183755,0.0182356,0.0181973,0.0139571,0.0261141,0.0213236,0.0209866,0.0256851,0.0443975
0.0446237,0.027131,0.0296121,0.0322608,0.017755,0.0102826,0.0126877,0.0226289,0.0230173,0.0304902,0.027363,0.0236252
0.0698393,0.0405299,0.025171,0.0215161,0.0226111,0.0353407,0.0413693,0.031307,0.0281553,0.026742,0.0685507,0.089549
0.0269735,0.0251858,0.0218144,0.015614,0.0200713,0.0296419,0.0234807,0.0250827,0.0225122,0.024984,0.0435777,0.0460663
0.0762192,0.0567225,0.0185758,0.0159329,0.0227861,0.0202202,0.0186951,0.0243414,0.0228372,0.0176366,0.0272826,0.0360836
0.138474,0.081586,0.0135603,0.0162536,0.021642,0.0182272,0.0217517,0.0255478,0.036065,0.0295091,0.0285049,0.07533
0.0336395,0.0271881,0.0109867,0.0111942,0.0265042,0.0323303,0.030833,0.0266664,0.0205801,0.0274594,0.0382663,0.0425309
0.0343041,0.0244542,0.0101152,0.0213507,0.02751,0.0431918,0.0333741,0.0199884,0.0244119,0.0326122,0.0500638,0.0596867
0.0288289,0.0156825,0.0162107,0.0085227,0.0195211,0.0238824,0.0209086,0.0171795,0.0241287,0.0335358,0.0689127,0.0457628
0.0282872,0.0383117,0.0260001,0.0142752,0.0175859,0.0160136,0.0101878,0.02045,0.0293878,0.0591539,0.067283,0.0333385
0.0134171,0.0285662,0.0244974,0.0132623,0.0272202,0.0277748,0.0200375,0.0192404,0.0380136,0.112518,0.0897819,0.0355557
0.0308591,0.0235777,0.014956,0.0134161,0.0247372,0.0252155,0.0208069,0.0141596,0.0340834,0.0743156,0.06449,0.0304876
0.0153392,0.0186238,0.0191636,0.0164033,0.0148632,0.0150197,0.0216151,0.0440239,0.0303726,0.0431939,0.0361911,0.0186715
0.0183557,0.0204662,0.033138,0.024783,0.0253635,0.0255951,0.0301327,0.0718877,0.0585942,0.0400577,0.0345747,0.0292103
0.0120064,0.0219361,0.0431744,0.0267789,0.0178146,0.0201208,0.0389787,0.100157,0.0709851,0.0259529,0.027008,0.023521
0.019798,0.0179185,0.0403989,0.0172696,0.0188538,0.0251198,0.0439059,0.123361,0.0857202,0.0283841,0.0232479,0.0303275
0.0204036,0.0188492,0.0326764,0.0212883,0.00970296,0.0160623,0.0236639,0.0857262,0.0677722,0.0185478,0.0236539,0.0210222
0.0116046,0.0102814,0.0167192,0.00895059,0.011126,0.0120733,0.0281853,0.0717319,0.0463453,0.0179635,0.0209428,0.0242739
0.0165784,0.0156515,0.0344262,0.0188426,0.0101141,0.0124255,0.0277016,0.0625362,0.0344031,0.0200356,0.0237003,0.0249834
0.00658432,0.00993615,0.0218358,0.0123397,0.00739629,0.00615953,0.0298061,0.0889306,0.0639795,0.0255375,0.0110736,0.0121558
0.00824376,0.0102237,0.0196578,0.0124326,0.00651407,0.00613172,0.0309787,0.0729849,0.0371128,0.0140342,0.0125714,0.0143628
0.00584115,0.0134605,0.0274526,0.0149365,0.00806207,0.012307,0.0256396,0.0668043,0.0371409,0.010938,0.00714096,0.00972429
0.00819099,0.010376,0.0223755,0.0127643,0.00795203,0.0105103,0.0229944,0.058693,0.0364987,0.0102482,0.00973617,0.0122874
0.00889337,0.0113897,0.020179,0.0110085,0.0054859,0.00688857,0.023365,0.0561171,0.038432,0.0172011,0.00985751,0.0115199
0.00505006,0.0128249,0.0239589,0.0117287,0.00502332,0.00812014,0.0296509,0.06463,0.0416015,0.0141705,0.00862754,0.00902498
0.00801728,0.0105948,0.0250556,0.0142825,0.00703391,0.00899776,0.0350078,0.0819307,0.0468204,0.0148122,0.0155555,0.016589
0.00605211,0.00958587,0.0279206,0.0168401,0.00869012,0.00887912,0.0356235,0.0824472,0.0465597,0.0122583,0.013826,0.0183776
0.0024723,0.0066113,0.018204,0.0107926,0.00788812,0.0124451,0.0258323,0.0593701,0.0255544,0.0107315,0.00614231,0.00864508
0.00636326,0.00706978,0.0171613,0.00931552,0.00881057,0.0114207,0.0283335,0.0681828,0.0397895,0.0104274,0.00795692,0.0156524
0.00679512,0.00570878,0.0121817,0.00803857,0.00760323,0.00926829,0.0207927,0.0526635,0.0325026,0.0112592,0.0119362,0.0190985
0.00773239,0.0046384,0.013311,0.00920293,0.00647268,0.00865764,0.0211832,0.0525866,0.0307069,0.0109096,0.0129622,0.0175109
0.0027071,0.00301111,0.00967477,0.00738585,0.00661554,0.00867795,0.0230828,0.0564895,0.031955,0.00948853,0.00736911,0.00842489
0.00484022,0.00462428,0.0123378,0.00759827,0.00395267,0.00437508,0.0193785,0.0559591,0.0325212,0.0115145,0.00981856,0.0106999
0.00317901,0.00626849,0.0154244,0.00916614,0.00627883,0.00813686,0.0227629,0.0625955,0.036715,0.00945462,0.00632525,0.00950324
0.0051549,0.0100845,0.0274366,0.0153349,0.00364548,0.0062264,0.0222897,0.0509368,0.0279605,0.0114125,0.00802789,0.0125559
0.00563116,0.00493069,0.0169032,0.0103339,0.00336828,0.00602691,0.0290748,0.0653481,0.030677,0.00501356,0.00843304,0.0178304
0.00170379,0.00685782,0.0148604,0.00866413,0.00808124,0.011372,0.0275914,0.0710158,0.0374595,0.00660592,0.00642853,0.0065694
0.00611076,0.0120951,0.0308078,0.0164974,0.0083102,0.0131707,0.027612,0.0645351,0.0368598,0.00912635,0.00826553,0.0150697
0.00500826,0.00748327,0.0193263,0.0123168,0.00914116,0.0130959,0.0215076,0.050706,0.0291971,0.00901595,0.00778083,0.015885
0.00571697,0.008163,0.0203757,0.0127836,0.0101707,0.0132592,0.0242358,0.0557281,0.031814,0.00566377,0.0077751,0.0137813
0.00295238,0.0101831,0.0263382,0.0138925,0.00744365,0.00962939,0.027365,0.0609871,0.0356713,0.013955,0.00479545,0.0106021
0.00594931,0.0100271,0.0264741,0.0148615,0.00749695,0.00977246,0.0278131,0.0620029,0.0332302,0.0125115,0.0107309,0.0164385
0.0069026,0.00645755,0.012567,0.00685979,0.00539267,0.00855379,0.0345932,0.0785617,0.0483516,0.0155328,0.0106082,0.0186526
0.00250085,0.00718396,0.0199096,0.0123611,0.00568032,0.00815674,0.0329527,0.0839673,0.0554037,0.0156261,0.0051976,0.00808645
0.00359984,0.0117048,0.0299078,0.0174663,0.0054206,0.0080343,0.02768,0.075025,0.0529218,0.0198791,0.00704517,0.00964797
0.00385915,0.0112257,0.031838,0.0199997,0.00423043,0.00493293,0.0278761,0.0588744,0.0378722,0.015896,0.0104514,0.0128825
0.00543509,0.00740647,0.0226718,0.0150708,0.00457538,0.00521588,0.023386,0.0433399,0.0179208,0.00835204,0.0112493,0.0156363
0.00336128,0.00832209,0.0252649,0.0179256,0.00415021,0.00614905,0.0201484,0.0381756,0.0178076,0.00741045,0.00641959,0.0105419
0.00279138,0.00882481,0.0229875,0.0135505,0.00394094,0.0050251,0.0189724,0.0375,0.0221752,0.00547022,0.00438514,0.00697689
0.00181486,0.00792296,0.0175961,0.00902615,0.00213699,0.00342555,0.0199058,0.0424128,0.0241566,0.00408912,0.00264881,0.00382971
0.00186566,0.00679128,0.0172065,0.00947726,0.00257331,0.00262056,0.0173451,0.0361291,0.0184073,0.00234369,0.00230814,0.00397101
0.00126299,0.00637498,0.0141511,0.0078786,0.00265777,0.00353172,0.015345,0.0314412,0.0159924,0.00328422,0.00257437,0.00355187
0.00170545,0.00644273,0.0162516,0.00921858,0.00161052,0.00161158,0.0125592,0.0257536,0.0135688,0.00324202,0.00199151,0.00379338
0.00122046,0.00691539,0.0177008,0.0100941,0.00137794,0.00164985,0.0098493,0.018833,0.00883111,0.00145708,0.00164411,0.00267411
0.00109393,0.0054495,0.0139327,0.00795932,0.00166626,0.00185146,0.00905328,0.0181477,0.009537,0.00174209,0.0012141,0.00283602
0.00106864,0.00352539,0.0094004,0.00513526,0.00108157,0.00158203,0.00881879,0.0185564,0.00947852,0.00145069,0.00109413,0.00187418
0.000628414,0.00304264,0.00703305,0.00363924,0.000757161,0.000956851,0.00749657,0.0166242,0.00842824,0.000937626,0.00107176,0.00181755
0.000664586,0.00237758,0.00614894,0.00379619,0.000895322,0.000907949,0.00610304,0.0153228,0.008672,0.00154153,0.0011236,0.00160687
0.000688543,0.00204405,0.00564135,0.00368685,0.000861772,0.000790244,0.00612967,0.0134134,0.00709024,0.00126763,0.000811666,0.00126888
0.000740852,0.00159053,0.00449603,0.00282224,0.000663274,0.000678862,0.00604507,0.0128805,0.00659376,0.000817375,0.000629704,0.00155402
0.000683968,0.00142393,0.00345423,0.00186059,0.00040956,0.000698455,0.00538654,0.0114287,0.00559438,0.000766994,0.000636214,0.00122639
0.000693788,0.00135251,0.00312452,0.00163262,0.000538851,0.00067153,0.00420054,0.00833616,0.00451589,0.000928647,0.000798924,0.00114761
0.000498551,0.00145446,0.0037809,0.00218169,0.000467788,0.000568189,0.0037476,0.00723685,0.00331405,0.000516518,0.000567526,0.000911944
0.000466646,0.00157132,0.00426976,0.00240451,0.000400799,0.000426673,0.00320315,0.00646349,0.00321846,0.000503358,0.000301566,0.000824084
0.00023529,0.00142777,0.00383743,0.00207544,0.00030525,0.000478146,0.00282474,0.00581108,0.00305062,0.000404868,0.000310541,0.0004878
0.000248644,0.00109555,0.00281146,0.00159617,0.000304093,0.000355769,0.00216682,0.0044729,0.00219052,0.000334475,0.000241938,0.000463164
0.000183327,0.000739495,0.00212484,0.00131774,0.000308861,0.000318067,0.0018386,0.00406627,0.00230456,0.00038198,0.000203438,0.00033551
0.000244471,0.000667512,0.00188746,0.00115156,0.000359208,0.000478308,0.00160821,0.00385969,0.00231353,0.000432371,0.000283777,0.000352065
0.000212438,0.000599032,0.00157746,0.000889014,0.000255581,0.000314602,0.00124052,0.00303823,0.00185452,0.000503608,0.00033008,0.000351617
0.000252019,0.000448647,0.00119952,0.000697038,0.000213099,0.000295413,0.00113443,0.00262523,0.00153673,0.000293152,0.000179936,0.000308627
0.000262405,0.0003157,0.000962592,0.00060174,0.000174248,0.000199015,0.00105454,0.00243434,0.00135457,0.000192218,0.00019108,0.000343295
0.000180159,0.000416389,0.000953834,0.000552966,0.000149735,0.000153734,0.000836143,0.00221072,0.001319,0.000234784,0.000209366,0.000378603
0.000152311,0.000347943,0.000902512,0.000548134,0.000155968,0.000172206,0.000826287,0.00205366,0.00114978,0.000155869,0.00023524,0.000338407
0.000161628,0.000379322,0.000879977,0.000533977,0.00016385,0.000149597,0.000924478,0.00209432,0.00114576,0.000155301,0.000192423,0.00028498
0.000175173,0.000383655,0.000857171,0.000472749,0.00013755,0.000145646,0.000922481,0.00210531,0.00117921,0.000192637,0.000122901,0.000261517
0.000206623,0.000294899,0.000790589,0.000440724,0.000163138,0.000156923,0.000917147,0.00213956,0.00121679,0.000206485,0.000149531,0.000265699
0.000140172,0.000322656,0.000764138,0.000440327,0.000171178,0.000153247,0.000908256,0.0020514,0.00111681,0.000193658,0.000127387,0.000147356
8.59808e-05,0.000204686,0.00055491,0.000319749,0.000147668,0.000165196,0.000881402,0.00201999,0.00113804,0.000136361,0.000105069,0.000143743
0.000136634,0.000157462,0.000353632,0.000222907,0.000138868,0.000146814,0.000933114,0.00203048,0.00107666,0.000146593,9.83703e-05,0.000191055
0.000101898,0.000197547,0.000342954,0.000194139,0.000132742,0.000117926,0.000856402,0.00196017,0.00106741,0.000126987,7.3498e-05,0.000153474
0.000138404,0.000263674,0.000399215,0.000234022,0.000138207,0.000149651,0.000887069,0.00184008,0.000937248,0.000161313,0.000102209,0.000133483
9.56435e-05,0.000143097,0.000276716,0.000144524,0.000111037,0.000123058,0.000879453,0.00180538,0.000915075,0.000129673,9.8447e-05,0.000113489
0.000131032,0.000121978,0.000167474,0.000110563,8.15101e-05,0.000118077,0.000738203,0.00156605,0.000765184,0.000113837,0.000149077,0.000139207
0.000147644,0.00015323,0.000245199,0.00013568,6.05403e-05,9.13044e-05,0.000679098,0.00148192,0.000774218,0.00012302,0.000127634,0.000132905
0.00017117,0.000114236,0.000228686,0.000193812,0.000120318,0.000125075,0.000701918,0.00143561,0.000759587,0.000196699,0.000137764,0.000167904
0.000181099,0.000146859,0.000243985,0.000177497,0.000108552,0.000162281,0.0007355,0.00131,0.00060973,5.02142e-05,0.000157774,0.000138509
0.000118454,0.000161939,0.000305106,0.000164785,8.07447e-05,9.66248e-05,0.00056881,0.00113259,0.000583841,9.17217e-05,8.65005e-05,5.95021e-05
0.000139308,0.000107969,0.000259267,0.000180265,7.52863e-05,7.39093e-05,0.000468518,0.00084278,0.000450764,0.000125891,9.94448e-05,0.000107235
0.000106224,0.000115147,0.000265311,0.000173793,0.00010492,8.56163e-05,0.000411437,0.000815069,0.000388413,8.34197e-05,5.25308e-05,9.45869e-05
5.36276e-05,9.83853e-05,0.000215241,0.000131857,7.81822e-05,8.85683e-05,0.000391665,0.000823032,0.000451423,9.05882e-05,7.87182e-05,3.68177e-05
0.000118084,0.000131026,0.000219898,0.000151506,7.64163e-05,0.000105268,0.000390451,0.000749889,0.000356641,4.74558e-05,8.51904e-05,7.21267e-05
0.000164014,0.000136415,0.000265649,0.000194631,0.000124877,0.000111293,0.000359082,0.000673869,0.000374872,0.000102367,0.000101433,0.00012611
0.000126746,0.000115755,0.000143642,0.00011185,8.98778e-05,7.95141e-05,0.000303682,0.000582142,0.000284667,6.86897e-05,6.60866e-05,4.64723e-05
0.000120443,9.73316e-05,0.000146945,7.19865e-05,6.47236e-05,6.60472e-05,0.000278584,0.000587472,0.000270737,0.000101411,0.000127953,0.000102878
0.000147344,0.000108529,0.000141716,8.27809e-05,8.31641e-05,0.000129728,0.000188534,0.000465701,0.000553715,0.000403062,0.000242432,0.00015573
6.07558e-05,0.000111536,0.000169513,0.000124491,7.89901e-05,8.58312e-05,0.000206262,0.000365381,0.000186808,0.000105787,9.56269e-05,8.28594e-05
0.000107659,0.000110424,0.000166479,0.000144223,8.54551e-05,7.49808e-05,0.000136057,0.000240433,0.000239499,0.000196695,0.000110626,8.1618e-05
0.000125176,0.000144255,0.000193746,0.000148007,9.39243e-05,8.85138e-05,0.000103256,0.000205895,0.000108574,0.000116249,9.13869e-05,7.69814e-05
0.000104417,9.86805e-05,8.08716e-05,0.00010553,7.14538e-05,8.88381e-05,0.000132894,0.000164075,9.78263e-05,0.000102971,9.05248e-05,6.79229e-05
9.46382e-05,8.44925e-05,6.81281e-05,9.14924e-05,7.31855e-05,4.23936e-05,7.09499e-05,0.00011608,8.86523e-05,7.63783e-05,7.97718e-05,8.46413e-05
0.000116908,8.565e-05,0.000118601,0.000110668,0.000150485,0.00014232,0.000135864,0.000217422,0.00025833,0.000183508,0.000132208,0.000118542
0.00016322,0.000121298,0.000112967,0.000110245,0.00010653,0.000109709,0.000119689,0.000142191,0.0001035,0.000121397,8.52834e-05,9.0539e-05
0.000141733,0.000106125,7.3231e-05,5.13719e-05,9.44039e-05,0.000152093,0.000171316,0.000125351,0.000145867,0.000131767,0.000109083,9.86193e-05
0.000123404,0.000114319,0.000127345,0.000145977,0.00013613,0.000110581,0.000110479,0.00013503,0.00016526,0.000167357,6.94785e-05,9.74147e-05
0.000137748,9.13852e-05,0.000114281,0.000134427,7.71853e-05,4.58637e-05,8.31483e-05,0.000130529,0.000124866,0.000130367,0.000178064,0.000160886
0.000134618,0.000122248,0.000128371,0.000171192,0.000144759,0.000128253,0.000175268,0.000241108,0.000209665,0.000135461,0.000158962,0.00017821
0.000152839,0.000165199,0.000191519,0.00017961,0.000166224,0.000108324,9.66738e-05,0.000137354,0.000124301,0.000136264,0.000155716,0.000148157
8.72712e-05,7.1116e-05,8.6867e-05,8.17877e-05,0.000110464,0.000117959,0.000124971,0.000119586,0.000104101,9.36542e-05,0.000129924,0.000127754
0.000107216,0.000126685,6.70804e-05,9.41272e-05,0.000109076,8.55867e-05,0.000101577,0.000119637,0.000117249,0.000113467,0.000122961,0.000130781
0.000138323,0.000127576,0.000143753,0.00013362,6.55348e-05,9.53561e-05,0.000135567,0.000108186,0.000106409,0.00011305,0.000103572,0.000112
9.67588e-05,6.87006e-05,9.53164e-05,0.000110873,7.42275e-05,0.000105642,0.000107382,0.000106283,0.000112457,0.000122573,0.00012528,0.000126661
0.0001918,0.000138332,0.000128805,0.000168339,0.0001495,0.000130219,0.000145222,0.000173088,0.000115671,0.000107774,0.000126631,0.00014582
0.000136881,9.06499e-05,7.7859e-05,5.55205e-05,8.39741e-05,7.19349e-05,0.000122056,0.000127749,8.48305e-05,0.000130824,0.000115425,0.000119176
0.000115108,8.24616e-05,8.67937e-05,7.5759e-05,7.28664e-05,8.62713e-05,0.000106487,0.000125767,0.000108843,7.56045e-05,8.44173e-05,0.00014344
7.9244e-05,6.16987e-05,7.05415e-05,7.80553e-05,6.88778e-05,9.28953e-05,9.27955e-05,0.000107073,6.9485e-05,5.87651e-05,9.04215e-05,7.56376e-05
0.000148494,0.000228455,0.000148517,8.98117e-05,6.482e-05,0.000103226,0.000142705,0.000142958,6.32538e-05,3.06646e-05,8.69046e-05,9.44213e-05
0.000165079,0.000131856,6.12021e-05,7.38394e-05,5.73008e-05,6.05826e-05,9.67777e-05,0.000116143,8.62512e-05,6.23961e-05,7.94446e-05,0.000112872
0.000135507,0.0001046,5.39147e-05,6.18148e-05,5.4121e-05,6.14558e-05,0.000109813,0.000116435,8.78673e-05,6.44953e-05,6.77428e-05,0.000101227
0.000115796,0.000106555,5.11021e-05,4.85841e-05,7.99512e-05,5.72416e-05,9.8636e-05,0.000106049,4.02151e-05,4.9189e-05,7.08274e-05,7.81047e-05
0.000103637,0.000126555,9.32549e-05,8.62386e-05,7.60889e-05,4.68022e-05,9.01333e-05,0.000105902,6.41095e-05,4.7749e-05,4.76082e-05,7.68387e-05
0.000110812,0.000113379,8.04874e-05,7.06021e-05,5.91255e-05,6.03289e-05,4.5455e-05,6.69097e-05,7.18195e-05,7.51102e-05,0.000124321,8.83992e-05
0.000118875,7.66029e-05,4.78334e-05,4.06094e-05,4.9643e-05,5.05559e-05,5.38214e-05,6.85183e-05,0.000104499,9.65655e-05,0.000106786,6.78689e-05
0.000115776,0.000101684,6.07275e-05,5.67486e-05,5.62698e-05,5.15287e-05,5.57259e-05,3.59988e-05,9.01634e-05,8.73736e-05,6.74838e-05,7.03788e-05
0.000110103,8.11482e-05,5.97809e-05,5.79615e-05,5.52341e-05,4.29974e-05,6.58222e-05,7.38563e-05,4.73975e-05,6.62645e-05,0.000103882,0.000101326
0.000117767,6.4947e-05,5.51591e-05,6.37661e-05,9.43207e-05,8.28189e-05,8.73267e-05,8.97481e-05,7.52385e-05,4.84483e-05,0.000137131,0.000131955
8.19756e-05,4.11939e-05,5.6652e-05,7.56926e-05,8.15826e-05,4.93394e-05,6.87337e-05,8.97508e-05,8.24436e-05,7.01265e-05,0.000130307,0.000161257
8.76137e-05,8.35029e-05,9.32554e-05,9.08631e-05,6.40755e-05,0.000103128,7.15344e-05,7.51412e-05,9.87561e-05,8.35595e-05,9.33148e-05,0.000139845
7.43996e-05,7.35085e-05,6.69491e-05,6.84155e-05,8.69516e-05,5.95589e-05,8.31401e-05,8.71925e-05,7.09371e-05,0.000119864,0.000163619,0.000123378
8.20158e-05,8.76818e-05,9.33187e-05,0.000110664,7.44426e-05,6.32012e-05,8.30585e-05,6.84078e-05,6.65674e-05,5.05069e-05,0.000108541,0.000113646
9.59331e-05,8.29752e-05,7.38125e-05,8.7435e-05,6.47175e-05,3.78117e-05,4.71998e-05,6.09052e-05,6.51794e-05,9.03851e-05,0.000107684,8.77513e-05
7.89438e-05,6.30294e-05,6.10986e-05,8.5164e-05,9.56343e-05,9.60286e-05,7.71015e-05,5.43261e-05,5.33577e-05,2.96634e-05,8.05931e-05,7.84997e-05
9.7151e-05,6.87728e-05,7.33359e-05,7.31492e-05,4.46172e-05,7.39639e-05,7.00264e-05,6.55643e-05,9.81362e-05,6.17735e-05,6.88991e-05,8.58793e-05
9.04329e-05,0.00010717,7.14615e-05,4.87236e-05,8.71857e-05,9.37998e-05,7.09222e-05,6.74537e-05,7.73994e-05,5.04946e-05,5.15143e-05,6.25004e-05
5.3903e-05,8.2071e-05,5.77045e-05,4.26632e-05,4.32059e-05,4.48887e-05,5.80069e-05,7.85454e-05,7.22905e-05,8.33598e-05,8.90457e-05,5.09855e-05
8.05454e-05,9.07671e-05,6.77123e-05,5.27512e-05,5.52263e-05,5.3672e-05,6.38744e-05,9.29673e-05,9.34211e-05,6.91626e-05,8.5078e-05,8.04041e-05
9.43675e-05,8.07244e-05,6.42302e-05,6.5659e-05,9.00026e-05,8.18667e-05,7.04688e-05,5.29613e-05,4.99417e-05,4.20208e-05,0.000101865,0.000110277
3.8438e-05,6.18206e-05,7.18434e-05,5.72606e-05,8.25498e-05,7.54278e-05,5.7809e-05,7.05869e-05,8.72044e-05,6.69105e-05,6.59074e-05,4.78447e-05
4.41289e-05,5.54099e-05,5.46688e-05,5.3881e-05,7.50058e-05,9.74499e-05,6.62949e-05,4.79091e-05,6.49422e-05,6.59331e-05,6.82653e-05,6.12516e-05
0.000107202,7.34772e-05,6.21665e-05,4.1462e-05,5.38494e-05,7.51205e-05,0.000104425,0.000103145,8.92704e-05,5.30086e-05,9.0265e-05,7.11658e-05
7.69496e-05,9.50604e-05,5.5952e-05,8.96918e-05,0.000126813,9.32361e-05,6.78259e-05,7.69298e-05,0.000112318,0.000114431,9.61489e-05,9.58721e-05
5.73135e-05,6.35617e-05,7.54178e-05,9.66802e-05,9.63697e-05,9.25136e-05,7.4257e-05,6.57991e-05,8.65438e-05,8.53791e-05,8.00426e-05,9.2029e-05
6.8754e-05,8.17227e-05,7.68671e-05,5.75097e-05,6.0462e-05,7.52996e-05,5.2175e-05,7.60993e-05,7.10212e-05,8.85818e-05,0.000103743,9.40102e-05
7.3208e-05,9.91683e-05,0.000101626,6.79401e-05,5.56369e-05,6.24362e-05,6.90967e-05,7.85798e-05,7.50538e-05,9.37688e-05,9.68319e-05,4.89629e-05
0.000106851,9.28182e-05,7.30032e-05,5.63127e-05,3.97578e-05,3.9904e-05,4.68405e-05,8.23528e-05,6.27024e-05,7.1904e-05,7.65216e-05,0.00010053
6.54005e-05,5.544e-05,7.27483e-05,7.93852e-05,4.97482e-05,5.05881e-05,4.76122e-05,5.64133e-05,5.59346e-05,7.52302e-05,9.10565e-05,0.000104792
6.8316e-05,7.24869e-05,6.70464e-05,7.43079e-05,8.55337e-05,7.38296e-05,5.75811e-05,5.64907e-05,4.22926e-05,7.25042e-05,0.000112078,9.86736e-05
8.51716e-05,7.14951e-05,6.70745e-05,7.11314e-05,6.10974e-05,4.99922e-05,4.64186e-05,4.86276e-05,6.2969e-05,8.99181e-05,9.07627e-05,7.14672e-05
3.84704e-05,5.05354e-05,7.70384e-05,6.8855e-05,5.77366e-05,6.23862e-05,8.07961e-05,4.73234e-05,7.59464e-05,7.96565e-05,8.46148e-05,4.56281e-05
6.90579e-05,6.01803e-05,8.40725e-05,6.93932e-05,6.57771e-05,7.72266e-05,8.20117e-05,8.34682e-05,7.58603e-05,9.12765e-05,7.04098e-05,9.38635e-05
7.15641e-05,5.87581e-05,2.9938e-05,3.91605e-05,3.33795e-05,3.84755e-05,6.04923e-05,7.72518e-05,8.08146e-05,8.32534e-05,9.45511e-05,6.54364e-05
7.62014e-05,9.30177e-05,7.95965e-05,6.00942e-05,7.31999e-05,6.41754e-05,5.65931e-05,5.51425e-05,5.93101e-05,5.63691e-05,4.49923e-05,3.95241e-05
0.000143785,0.000119756,0.000127405,0.000170168,9.65355e-05,9.5141e-05,9.72348e-05,9.377e-05,0.000157034,0.00013982,0.000116579,0.000128405
7.9017e-05,8.57213e-05,9.03319e-05,5.80506e-05,5.41803e-05,4.12322e-05,4.52389e-05,4.69229e-05,6.2132e-05,6.95259e-05,7.45766e-05,5.27375e-05
3.13287e-05,2.80556e-05,1.79599e-05,1.09884e-05,1.38265e-05,1.5e-05,1.60725e-05,1.91451e-05,1.85616e-05,1.26875e-05,7.01139e-06,6.81713e-06
7.30967e-06,4.78229e-06,2.4116e-06,1.4522e-06,1.79006e-06,2.06254e-06,1.99642e-06,1.62242e-06,1.15095e-06,7.86848e-07,5.71954e-07,4.42766e-07
6.87886e-07,4.31398e-07,2.71741e-07,1.8572e-07,9.24827e-08,3.40722e-08,1.79863e-08,1.88784e-08,2.22998e-08,1.49514e-08,1.96874e-08,1.42946e-08
3.87079e-09,3.6784e-09,3.06604e-09,5.00345e-09,9.12843e-10,6.28083e-10,3.47246e-09,1.96183e-09,1.6555e-09,6.4687e-10,9.2727e-10,9.72825e-10
9.90283e-14,5.18379e-14,5.41717e-14,8.28156e-14,7.15198e-14,8.12628e-14,1.03238e-13,4.97218e-14,5.74186e-14,4.52324e-14,3.80441e-14,7.78839e-14