7.16865e-05,5.12276e-05,6.13726e-05,6.44441e-05,5.38864e-05,3.99589e-05,4.503e-05,5.53374e-05,4.57248e-05,2.15441e-05,2.84262e-05,4.10395e-05
0.000140098,0.000118809,0.000112561,0.000157089,0.000186737,0.000120533,0.000133925,0.000135611,0.000152266,0.000135542,0.000128447,0.000131887
0.000176092,0.00014936,0.00010463,0.000132907,0.000235859,0.000167132,7.39767e-05,0.000124722,0.000107115,0.000111794,0.000136665,0.000108241
0.000145318,0.000152543,0.000113756,0.000163563,0.000168865,0.000169614,0.000158302,0.000113102,9.81627e-05,9.40365e-05,0.000100702,8.47893e-05
0.000171863,0.000184261,0.000194778,0.000130139,0.00010633,0.000115343,0.00014871,0.000139262,0.000135073,0.000125278,9.78164e-05,0.000160287
0.000122661,0.000150772,0.00013309,0.000112853,9.37462e-05,8.84762e-05,0.000136192,0.000141931,0.000103742,0.000130176,0.000130336,0.000135166
0.000147682,0.000108042,0.000123708,0.000150453,0.000202617,0.000168214,0.000138485,0.000121739,0.000123466,0.000165111,0.000177397,0.000174729
0.000148528,0.000203015,0.000155356,0.000106367,0.000184238,0.000140752,0.000145629,0.000199962,0.000162635,0.000117357,0.0002059,0.000212905
0.000165238,0.000228636,0.000198238,0.000142879,0.000188861,0.000182346,0.000106467,0.000186658,0.000168843,0.000148655,0.000141671,0.000188824
0.000148191,0.000162693,0.000177049,0.00016301,0.000177036,0.000119289,0.000176633,0.000202744,0.000172423,0.000160165,0.000205572,0.000150606
0.00014508,0.000147569,0.000131773,0.000152704,0.000154006,9.84982e-05,0.000161485,0.000116767,0.000204014,0.000186014,0.000174022,0.000146276
0.000226201,0.000287597,0.000285127,0.000201523,0.000165331,0.000189141,0.000239274,0.000199366,0.00014258,8.95192e-05,0.000162208,0.000161378
0.000186701,0.000156075,0.000176795,0.000152849,0.000153656,0.000140204,0.000121912,0.000139177,0.000117187,0.000156163,0.000173572,0.000169389
0.000179893,0.000166064,0.000155677,0.00016637,0.0002034,0.000243151,0.000158745,0.000143311,0.00013813,0.000238531,0.000215783,0.000154738
0.000200382,0.000221563,0.000200982,0.000105794,0.000223701,0.000303698,0.00024656,0.000169685,0.000179502,0.000164568,0.000276036,0.00027014
0.000203651,0.000137229,0.000220299,0.000205861,0.000204086,0.000257879,0.000205524,0.000193843,0.000170907,0.000218412,0.00026259,0.000229607
0.000173412,0.000279457,0.000277064,0.000166458,0.00018582,0.000225106,0.000295791,0.000217736,0.000220322,0.00020613,0.000243768,0.000266631
0.000248446,0.000248844,0.000224192,0.000183245,0.000245727,0.000212909,0.000278603,0.000249201,0.000238579,0.00022877,0.000285719,0.000282966
0.00020997,0.000167368,0.000233084,0.000267171,0.000217493,0.000250599,0.000280878,0.000287273,0.000353539,0.000331571,0.000268504,0.000318346
0.000247981,0.000165905,0.00016674,0.000154948,0.000189901,0.000214505,0.000119746,0.000143216,0.000213647,0.000170433,0.000212105,0.000217821
0.000191278,0.000192419,0.000212651,0.000207147,0.000171847,0.000134753,9.91078e-05,0.00013712,0.000196651,0.000269122,0.000300322,0.000230201
0.000119005,0.000101268,0.000101116,0.000130852,0.000134482,0.000122441,0.0001551,0.000187608,0.000168237,0.000100923,0.000155207,0.000127013
0.000129535,0.000150427,0.000181915,0.000223083,0.000185774,0.000141603,0.000135191,0.000135813,0.000181413,0.000221043,0.000141279,6.36837e-05
0.000217793,0.000285731,0.00025828,0.000241472,0.000227154,0.000222958,0.000295539,0.000336638,0.000268348,0.000229866,0.000259209,0.000245099
0.00021444,0.000229461,0.00028444,0.000237709,0.000275682,0.000385984,0.000353044,0.000308795,0.000247719,0.000213415,0.000284763,0.000271491
0.000279207,0.000254197,0.000285084,0.000171873,0.000172581,0.000243445,0.000340226,0.000279188,0.000215207,0.00029295,0.000288295,0.000161475
0.00034446,0.000305431,0.00025615,0.000226197,0.000232733,0.00026617,0.000286879,0.000345173,0.000364622,0.000326763,0.000303204,0.000292011
0.000452222,0.00047352,0.00107104,0.000584311,0.000385796,0.000420991,0.00226792,0.00523045,0.00282006,0.000503467,0.000446493,0.000592478
0.00217823,0.00304741,0.00262288,0.00219106,0.00289243,0.00327548,0.00478957,0.00821618,0.0049156,0.00351637,0.0036859,0.00385871
0.00344498,0.00760953,0.0210254,0.0153278,0.00885961,0.0127569,0.0195941,0.0414357,0.0344514,0.0157943,0.00684368,0.00894698
0.00567269,0.00618635,0.0079576,0.0114576,0.00804392,0.00798145,0.0152205,0.0595713,0.0585714,0.0209278,0.00817611,0.0112591
0.00347761,0.0098867,0.0143741,0.0109038,0.00571695,0.0100887,0.0167173,0.0350686,0.0254221,0.00811131,0.00665699,0.00682746
0.00746684,0.00747754,0.00502286,0.00446089,0.00535806,0.00944081,0.0133197,0.033061,0.0244926,0.00746089,0.00940323,0.0164101
0.0104822,0.0183064,0.0253804,0.0113582,0.00714828,0.0109438,0.0121489,0.0275402,0.0218877,0.0115508,0.0124712,0.0172313
0.00684341,0.0193669,0.038733,0.0217001,0.00799895,0.00787055,0.0171405,0.033555,0.0264657,0.00846935,0.0110727,0.0142927
0.00972831,0.0135455,0.0158134,0.00496515,0.00433547,0.00729875,0.0193334,0.0365265,0.0279959,0.013257,0.0113411,0.0177351
0.00618604,0.0112132,0.0193989,0.0111504,0.00568715,0.0118304,0.0219343,0.0320229,0.0237433,0.0082404,0.00755453,0.0108334
0.00877668,0.0110158,0.020586,0.0117793,0.00766886,0.011922,0.0212122,0.0352217,0.0260375,0.0117597,0.0130346,0.019581
0.00878655,0.0163155,0.0278416,0.0137258,0.00951832,0.0110918,0.0197716,0.0310147,0.0190371,0.0110389,0.0104091,0.0139323
0.00313172,0.00781034,0.0173375,0.0124547,0.00866165,0.0131046,0.0230891,0.0334491,0.0216491,0.0123284,0.00720251,0.00466878
0.00435949,0.0114529,0.0155414,0.00884589,0.0094898,0.0133587,0.0221192,0.0414333,0.0286785,0.00792259,0.00729703,0.00900336
0.00822561,0.0179111,0.0252871,0.013732,0.00903726,0.00937016,0.0170349,0.0377562,0.0275695,0.0130099,0.0117034,0.0156347
0.0102081,0.0169238,0.0183104,0.01257,0.00438788,0.00792901,0.0179265,0.0358553,0.0320955,0.0119939,0.00641358,0.0121251
0.00649616,0.00807319,0.0148176,0.0108501,0.00552249,0.00848518,0.0200912,0.0326515,0.0284595,0.0155305,0.00751611,0.00818444
0.00952191,0.0131034,0.0209725,0.0116971,0.00688455,0.00891519,0.00818742,0.0262679,0.0235654,0.0140724,0.00972788,0.0169455
0.0102451,0.0130971,0.0181853,0.00850172,0.00759553,0.0103269,0.0177131,0.03437,0.0285298,0.0102232,0.0122132,0.0196189
0.0108386,0.0100439,0.0179874,0.0138304,0.00589258,0.00768941,0.020088,0.040574,0.0284506,0.0101519,0.00923029,0.0247083
0.00715697,0.00626706,0.0141983,0.0113008,0.00539105,0.0104563,0.014899,0.0243718,0.0230516,0.0127349,0.0128349,0.0187278
0.00597676,0.0151118,0.0227265,0.0106393,0.00630634,0.00907084,0.0144839,0.0402666,0.0352075,0.0125839,0.00919785,0.0128403
0.00316616,0.0119945,0.0221597,0.0124595,0.00637703,0.00919777,0.0130223,0.03404,0.0337143,0.0164078,0.00645994,0.00786331
0.00680273,0.0116233,0.0120286,0.00820535,0.00992312,0.0094969,0.0172394,0.0346665,0.0255369,0.0102414,0.00520349,0.00878131
0.00457695,0.0162886,0.0324627,0.0169737,0.00742461,0.00734148,0.0140735,0.021921,0.0175273,0.00814122,0.0102208,0.0169779
0.00641416,0.0152452,0.0209329,0.0137987,0.00972794,0.0104215,0.0222394,0.0350084,0.0215287,0.00994041,0.00786771,0.0140175
0.0130318,0.0185867,0.0245684,0.0123071,0.0109589,0.017368,0.0222113,0.0388353,0.026217,0.00994798,0.00954956,0.0126855
0.0114934,0.0122142,0.00904081,0.00695927,0.0162085,0.0237324,0.016962,0.0224146,0.0220118,0.0152441,0.00681131,0.0133126
0.0127263,0.0117599,0.0252387,0.0180089,0.0129287,0.0349613,0.039358,0.0304966,0.0253489,0.0171859,0.0104247,0.0197765
0.0176795,0.0211949,0.0231144,0.0162697,0.0237086,0.0463384,0.0370198,0.0226974,0.0195614,0.0185769,0.0117879,0.0177487
0.00829908,0.0144458,0.0171148,0.0118179,0.0168078,0.0382499,0.0237137,0.0315338,0.0219532,0.0111197,0.0114808,0.0143621
0.0108127,0.00734096,0.0169278,0.0177331,0.0197338,0.0149486,0.0228034,0.0383127,0.0235187,0.010015,0.0149211,0.0231586
0.0186197,0.0218301,0.0280033,0.0183325,0.0161007,0.0230303,0.0201281,0.0340589,0.0253353,0.00821921,0.00888216,0.0169298
0.0113473,0.0247936,0.0415583,0.0209058,0.0122781,0.0193622,0.0227178,0.0308078,0.0241429,0.0127762,0.0107105,0.0173709
0.00987369,0.0120994,0.0112929,0.00404705,0.0105157,0.0232116,0.0174678,0.0416766,0.0259401,0.0122286,0.00962981,0.00890606
0.0141708,0.0143006,0.0259301,0.0148915,0.00846103,0.0157923,0.0273929,0.0464024,0.0287514,0.0107505,0.0125932,0.0188851
0.0121604,0.0108893,0.015092,0.0089441,0.0109663,0.0174812,0.0164919,0.0386921,0.0265036,0.0125153,0.0160928,0.0261048
0.0146159,0.0163792,0.0313441,0.0209355,0.0109901,0.0161966,0.0240591,0.0520209,0.0394587,0.0118253,0.0150471,0.0270963
0.00931903,0.00872001,0.0166321,0.0108541,0.00624936,0.0149598,0.030339,0.036009,0.0299903,0.0141593,0.0121888,0.0157985
0.00508602,0.00904393,0.0184907,0.0128145,0.00656696,0.00835032,0.019253,0.0371554,0.0270445,0.0105305,0.00480961,0.00571345
0.0112143,0.00916584,0.0221959,0.0136772,0.0083669,0.0107101,0.0192218,0.0334384,0.0205186,0.0131168,0.0148557,0.0224439
0.00585614,0.0151414,0.0310704,0.0180812,0.00687539,0.00941453,0.01828,0.0227807,0.0117708,0.00826382,0.00803414,0.0103833
0.00907105,0.0186296,0.0292928,0.0159702,0.00964395,0.0154365,0.0235842,0.0312601,0.017667,0.00732788,0.00731001,0.0106802
0.010648,0.0156253,0.0318565,0.0202037,0.00859701,0.0130727,0.0175687,0.0397356,0.0350614,0.0128691,0.011698,0.0201397
0.00549644,0.00982666,0.0132416,0.00993279,0.00991292,0.013574,0.0153975,0.0229079,0.0153698,0.00984787,0.00430937,0.00811446
0.00466735,0.0106608,0.0245362,0.0144699,0.00909918,0.0122692,0.0182399,0.0304681,0.0282418,0.0110846,0.00669639,0.0107592
0.00591621,0.0126253,0.017113,0.0109602,0.00691934,0.0108404,0.0200101,0.0342569,0.0194878,0.00698063,0.00550534,0.00963345
0.0100738,0.0197213,0.0390999,0.0223425,0.00870301,0.0119599,0.0139952,0.0218375,0.0209402,0.00976556,0.0118835,0.0257073
0.00596689,0.0106992,0.0165978,0.00965883,0.00538847,0.0110018,0.0163035,0.0156617,0.0184281,0.00888794,0.00572862,0.00806625
0.00910153,0.00831349,0.0143747,0.00587631,0.00980114,0.011789,0.0255505,0.0564523,0.034563,0.0127084,0.0128063,0.0177181
0.0102792,0.0109348,0.0206266,0.0124256,0.00484907,0.010066,0.019043,0.0305321,0.0315325,0.0134036,0.00927075,0.0182593
0.00782723,0.0102591,0.022431,0.0120589,0.00641485,0.0101108,0.0196644,0.04707,0.033663,0.0124354,0.0135011,0.0200643
0.0115294,0.0129916,0.0268412,0.0202847,0.0123626,0.0110625,0.0132173,0.0373656,0.0345643,0.0155461,0.0156111,0.0222383
0.00977103,0.010832,0.0181601,0.0255377,0.0192603,0.010914,0.0147962,0.0242413,0.0193124,0.0130722,0.0211593,0.0189483
0.00762314,0.0179998,0.0420086,0.0315397,0.0214314,0.00791918,0.019971,0.0309433,0.0242087,0.0232276,0.0263963,0.0222593
0.0130578,0.0167417,0.019007,0.0348261,0.0268222,0.013608,0.017725,0.029459,0.0178402,0.0127466,0.0191151,0.0167747
0.00891781,0.0125342,0.0287117,0.0318081,0.0234667,0.0124527,0.0122744,0.0305123,0.0278446,0.0158738,0.021001,0.0240813
0.00684427,0.00933533,0.0129162,0.0148975,0.0288947,0.0203917,0.0139457,0.0196189,0.0171402,0.0109861,0.0138836,0.0139483
0.0100122,0.0204138,0.0346008,0.0293303,0.0249191,0.0108511,0.015102,0.0308305,0.0237153,0.0145243,0.0164059,0.0141998
0.00937048,0.0130073,0.0220537,0.032524,0.0268822,0.0109149,0.0143974,0.0214789,0.0180733,0.0107242,0.0158926,0.0209655
0.0120292,0.0130039,0.0291056,0.0210072,0.0116448,0.0121737,0.0245774,0.0394148,0.0187603,0.00753808,0.0187941,0.0312082
0.00681592,0.0154501,0.0240659,0.0203077,0.0122854,0.0143471,0.0253883,0.0319319,0.020119,0.0160948,0.0148768,0.0197544
0.013843,0.0141782,0.0253031,0.0174581,0.0109735,0.0173761,0.0252499,0.0316076,0.0272509,0.0113809,0.0128123,0.0232523
0.00782566,0.0158019,0.0314555,0.0275094,0.0156312,0.0141491,0.0161639,0.0288747,0.0287546,0.0169664,0.0129119,0.019086
0.0100348,0.012671,0.0244028,0.0138088,0.00755287,0.012171,0.0257612,0.0418847,0.0328847,0.0128907,0.0132428,0.0152956
0.00828303,0.0157793,0.0165473,0.0136277,0.00983727,0.0145045,0.0163248,0.0362914,0.0364562,0.0126858,0.00986043,0.0188458
0.00574491,0.00952948,0.0213425,0.0116506,0.00468837,0.00805191,0.0195418,0.0413002,0.0288506,0.0119167,0.00678837,0.00557467
0.00609467,0.00513477,0.0193723,0.0161901,0.008974,0.0112645,0.023491,0.0482517,0.0364932,0.0131831,0.0144215,0.0171695
0.0083849,0.0084758,0.0243376,0.0218431,0.0104554,0.0148357,0.0166493,0.0417421,0.0268589,0.0133529,0.00630036,0.0108517
0.00903664,0.0177538,0.0227591,0.0134072,0.0111287,0.0160161,0.0214383,0.0296479,0.0233844,0.0153346,0.00862348,0.0130178
0.0086149,0.00706506,0.0205076,0.0124424,0.00739167,0.0133106,0.0248524,0.0353134,0.0183995,0.0142285,0.0139448,0.0165777
0.00991766,0.013143,0.0286486,0.0165844,0.00850687,0.0124325,0.0145433,0.0308898,0.0266873,0.0107297,0.0137939,0.0207378
0.0128376,0.0110313,0.0161351,0.00824515,0.00690701,0.0118738,0.0189852,0.0305007,0.0156126,0.0094489,0.00916055,0.0155991
0.00831674,0.0083992,0.0192672,0.0119302,0.00817937,0.0132123,0.0134441,0.0268543,0.0306241,0.0190936,0.0116418,0.00984771
0.00494696,0.0093433,0.020589,0.0107897,0.00568667,0.00685208,0.0211496,0.0396006,0.0283758,0.0132274,0.00813636,0.0106582
0.00886836,0.0151573,0.0273057,0.0144578,0.00770111,0.00995102,0.0159217,0.0362721,0.0317347,0.00759739,0.00776272,0.0145333
0.0104973,0.0117957,0.0248992,0.0175851,0.0109164,0.0123402,0.0259768,0.042214,0.0295423,0.0127377,0.0115901,0.021824
0.00682944,0.012575,0.0226185,0.0120536,0.0066708,0.00967277,0.0166914,0.0400109,0.0350763,0.0142482,0.0120318,0.0147361
0.0126921,0.0091726,0.0189079,0.0136718,0.00631692,0.00821739,0.0199234,0.0407792,0.0232465,0.0186956,0.0112197,0.0167942
0.00708959,0.0263087,0.0462195,0.023407,0.0103738,0.0163934,0.0210968,0.0295309,0.0293741,0.0319427,0.02066,0.0139041
0.0118703,0.0272577,0.0302315,0.016301,0.00960068,0.0105474,0.025609,0.0328214,0.0294631,0.032665,0.0222147,0.0170718
0.0174672,0.02512,0.0288074,0.0162201,0.0141589,0.0169241,0.0329154,0.0410801,0.0208448,0.0159262,0.0188752,0.027909
0.0102075,0.0176,0.0315543,0.0185385,0.0138176,0.0170918,0.029035,0.0341972,0.0223166,0.0223413,0.0161948,0.0204438
0.0114042,0.0252548,0.0403273,0.0188614,0.0056965,0.00868905,0.0242561,0.0544304,0.0399729,0.0251995,0.0145393,0.0154218
0.0119123,0.0126645,0.0332267,0.0196377,0.00593935,0.0100877,0.0164179,0.0419662,0.0349927,0.0246173,0.0143174,0.0136702
0.00820845,0.0161381,0.028874,0.0137736,0.00920219,0.0119621,0.0219936,0.0459372,0.0349395,0.0180595,0.00743722,0.0102795
0.0127828,0.00970684,0.0231474,0.0112041,0.0115544,0.0120262,0.0288557,0.0415036,0.0369421,0.0206395,0.0141537,0.0223589
0.00721003,0.0126844,0.0249917,0.0135445,0.00672255,0.016539,0.0286849,0.0642806,0.0488932,0.0145046,0.00861728,0.0104801
0.0100585,0.0148273,0.0306955,0.0155685,0.0058693,0.0117826,0.0274697,0.0386883,0.037091,0.0199642,0.0165933,0.0218569
0.0123334,0.0125022,0.0253826,0.016743,0.0058607,0.0088857,0.0198846,0.0406101,0.0304828,0.0130622,0.00928655,0.0118282
0.00682099,0.0130449,0.0210814,0.0133457,0.00735222,0.0111333,0.0202086,0.0217502,0.0185494,0.0151972,0.0086324,0.00897133
0.0114304,0.00661344,0.0230572,0.016246,0.00876606,0.0140046,0.0201033,0.0518984,0.0468288,0.0167947,0.00975245,0.0155214
0.00995378,0.0108545,0.0140559,0.010258,0.0105327,0.0128618,0.0134642,0.0334148,0.0211824,0.0143628,0.00764098,0.0147652
0.00629551,0.0143088,0.0243493,0.0136484,0.00688398,0.00561792,0.0122847,0.0327009,0.0326607,0.0130858,0.0111393,0.0139489
0.00532067,0.00977515,0.0278096,0.0159507,0.00411171,0.00731929,0.021887,0.0250303,0.0224427,0.0176269,0.0113493,0.0135804
0.0087949,0.0164826,0.0346442,0.0265995,0.0116025,0.00759864,0.02343,0.0513695,0.0406439,0.016522,0.00906279,0.0151147
0.0108601,0.0155498,0.036145,0.0237422,0.0096248,0.0119261,0.0230613,0.0608129,0.0431797,0.0167069,0.00740214,0.0213257
0.00690867,0.00870049,0.0225585,0.0183849,0.0103685,0.0073222,0.0257352,0.0443734,0.0193632,0.0118564,0.00772048,0.0186435
0.00845442,0.00932731,0.0273865,0.0165528,0.0111406,0.00842227,0.0267204,0.0483845,0.0259959,0.00726211,0.00841153,0.014766
0.00376797,0.00894999,0.017223,0.0106407,0.0057958,0.00536944,0.024867,0.0415608,0.0188988,0.00823655,0.00527334,0.00558588
0.00638278,0.00330024,0.00729327,0.00726238,0.00765155,0.00611891,0.0256965,0.0519307,0.0309616,0.0057424,0.00644409,0.0130379
0.00335891,0.00600105,0.0132979,0.0102874,0.00733054,0.00657663,0.0184846,0.0374402,0.0210483,0.00511406,0.00357404,0.00610514
0.00430905,0.00318974,0.00934748,0.00693818,0.00437627,0.00342716,0.0154445,0.0266316,0.0149565,0.00487409,0.00392753,0.00636831
0.00388527,0.00324793,0.0101432,0.00650013,0.00555259,0.00385293,0.00978,0.0204137,0.0122835,0.00432812,0.0021957,0.00397783
0.00510296,0.00574665,0.0121665,0.00934766,0.00576436,0.00394432,0.00875967,0.0173404,0.00988947,0.00272341,0.00234548,0.00507826
0.0036708,0.00189582,0.00394426,0.00428068,0.00523344,0.00273078,0.0101456,0.0179511,0.00936862,0.00268616,0.00214209,0.00443744
0.00328455,0.00349523,0.00739776,0.00482423,0.00413349,0.00293532,0.00696255,0.0130612,0.0064476,0.00183904,0.00225977,0.00418307
0.0021976,0.00236442,0.00668744,0.00458637,0.0023377,0.00146195,0.00465189,0.00809524,0.00444348,0.00191782,0.00118326,0.00295627
0.00228595,0.00211326,0.00473418,0.00306277,0.00208422,0.00226968,0.00639885,0.0130827,0.00705632,0.00147726,0.00204723,0.00326839
0.0021112,0.00238436,0.00403418,0.00263401,0.00135181,0.000910761,0.00568432,0.0109919,0.0044421,0.00128254,0.0016519,0.00239869
0.00284857,0.00169726,0.00512101,0.00301079,0.00108659,0.00158216,0.00391543,0.00860405,0.00430855,0.00110977,0.0011125,0.00272355
0.00293337,0.00270135,0.00528574,0.00350011,0.00139237,0.00116456,0.00232329,0.00559132,0.00327831,0.00124188,0.000998366,0.0022813
0.00259815,0.00211603,0.00412468,0.0026786,0.00137469,0.000662246,0.00262124,0.00612468,0.00420059,0.00151997,0.000739908,0.00187734
0.00238146,0.000754027,0.00249258,0.00129759,0.000812279,0.000471594,0.00236792,0.00501887,0.00294022,0.00105371,0.000958194,0.00180557
0.00186446,0.00126071,0.00153684,0.0010493,0.000804026,0.00104823,0.00240251,0.00525757,0.00317479,0.000943449,0.000494693,0.00153635
0.00198557,0.001366,0.00212736,0.00113922,0.000585893,0.000389447,0.00139838,0.00374959,0.0023522,0.000710476,0.000624268,0.0014483
0.00153523,0.000762793,0.00188091,0.00117174,0.000269154,0.000516908,0.00100675,0.00201401,0.00142889,0.000629167,0.000444665,0.00135053
0.00139843,0.000755303,0.000970132,0.000553753,0.000396669,0.000355393,0.000936848,0.00200531,0.001475,0.000596957,0.000386007,0.00112561
0.0012235,0.000881697,0.00101801,0.00057499,0.000303252,0.000426663,0.000760332,0.00153416,0.000852992,0.000284968,0.000396367,0.00108765
0.000738849,0.000341999,0.00106285,0.000693842,0.000324655,0.000334682,0.000957557,0.00229401,0.00130569,0.000242836,0.000229491,0.000483702
0.000841814,0.000540136,0.00095123,0.000642801,0.000146419,0.000213461,0.000824176,0.00195374,0.00100243,0.000337226,0.000405891,0.000954545
0.000807148,0.000467742,0.000557845,0.000299297,0.000408081,0.000313019,0.000580579,0.00124557,0.000577313,0.000286185,0.000403601,0.000802637
0.00058497,0.000266738,0.000423472,0.000345228,0.00027295,0.000330721,0.000531075,0.000880144,0.000667931,0.000315001,0.000292197,0.000535746
0.00033628,0.000291536,0.0004135,0.000257025,0.000175097,0.000183179,0.000516485,0.00127427,0.0008474,0.000233544,0.00017403,0.000218321
0.000225658,0.000287234,0.000476499,0.00031945,0.000143715,0.00019576,0.000520053,0.00105701,0.000639829,0.000202277,0.000142117,0.000203165
0.000206156,0.00029203,0.000642347,0.000452842,0.000225262,0.000199287,0.000342903,0.000540855,0.000407135,0.000180261,0.000180354,0.000232086
0.000334738,0.000139754,0.00054108,0.00033115,0.000255891,0.000152304,0.000277809,0.000499072,0.000294101,0.00017699,0.000190237,0.00033626
0.000330893,0.000244434,0.00047496,0.000341822,0.000253889,0.000151263,0.000387203,0.000817649,0.000443545,0.000117163,0.000192538,0.000360693
0.000376036,0.000348218,0.000450304,0.00032639,0.000315422,0.000221413,0.000322988,0.000620314,0.000318338,0.000173543,0.000134324,0.000211304
0.000448508,0.000511768,0.000372064,0.000439746,0.000427345,0.000209884,0.000453437,0.000834561,0.000576569,0.000453117,0.000405141,0.000301827
0.00066616,0.000293584,0.000406388,0.00031816,0.000358129,0.000348228,0.000421659,0.000540259,0.000455308,0.000359981,0.000354768,0.000501607
0.000546581,0.000417033,0.000199456,0.000196833,0.000218323,0.000391668,0.000480836,0.000601289,0.000282244,0.000228398,0.000274323,0.000301599
0.000345841,0.00031347,0.000327106,0.000240723,0.000374462,0.000345395,0.000412253,0.000526402,0.000294442,0.000155904,0.000236023,0.000275262
0.000264209,0.0001714,0.000228914,0.000140079,0.000158388,0.000114675,0.0002807,0.000474324,0.000363883,0.000330064,0.000297203,0.000304989
0.000223158,0.000233277,0.000319005,0.000398112,0.000402546,0.000387142,0.000430157,0.000707346,0.000378476,0.00027742,0.000290457,0.00018097
0.000146198,0.0001877,0.000254323,0.000232588,0.00017893,0.000297103,0.000446265,0.000684653,0.000417549,0.000240119,0.000172478,0.000203104
0.000177753,0.000156002,0.000209085,0.000205862,0.000254641,0.000142922,0.000308025,0.000560599,0.000377853,0.000217593,0.000148182,0.000121553
0.000310403,0.000261783,0.000269902,0.000213382,0.000231839,0.000196304,0.000272933,0.00046931,0.000295545,0.000211856,0.000211834,0.000157641
0.000344938,0.000359949,0.0002675,0.00027093,0.000272898,0.000286972,0.000280078,0.00041964,0.000278783,0.000356706,0.000270442,0.000142649
0.000466859,0.000569162,0.000736711,0.000645836,0.00040145,0.000388484,0.000620207,0.000623578,0.000502411,0.000508548,0.000466712,0.00034981
0.000865495,0.00129214,0.00184585,0.00125319,0.000570959,0.00039137,0.000555413,0.000792779,0.000855451,0.000575355,0.000494865,0.000572029
0.00176783,0.004126,0.00556414,0.00418547,0.00195471,0.00166164,0.00132628,0.0025856,0.00454687,0.00296714,0.00293815,0.00279045
0.00473063,0.00712242,0.0149063,0.0114792,0.00501979,0.00429205,0.00556191,0.00423739,0.00917189,0.0204759,0.0138071,0.00692323
0.0041285,0.0108769,0.034036,0.023752,0.00581499,0.00998819,0.0182348,0.00831903,0.00970287,0.024139,0.0181353,0.00626232
0.00602726,0.0175184,0.0292223,0.020167,0.00874771,0.0075073,0.00915999,0.00552606,0.0138949,0.0249654,0.0165918,0.00568181
0.00557791,0.0140675,0.0438721,0.0325902,0.00711568,0.0127755,0.0193322,0.0119968,0.0115659,0.0185583,0.0115119,0.00712159
0.00484561,0.023987,0.046866,0.0294526,0.0100525,0.00935447,0.0113785,0.00862954,0.0147808,0.0215712,0.0132534,0.00899668
0.00910381,0.019921,0.0529307,0.0325092,0.00723193,0.00906821,0.00972122,0.00720693,0.0120086,0.0182219,0.0091585,0.0095767
0.00849962,0.0186729,0.0235963,0.0115268,0.00668404,0.0068201,0.00774605,0.00922994,0.00993137,0.0148983,0.0143174,0.0123052
0.00935512,0.0339712,0.0589445,0.0284941,0.00734835,0.0076044,0.0104295,0.00835755,0.0147515,0.017502,0.0092123,0.00870934
0.00634603,0.0310946,0.0499848,0.0238573,0.00802711,0.00794382,0.00941537,0.00447201,0.0121074,0.0172301,0.0097681,0.00769771
0.0089539,0.0219698,0.0314647,0.0241847,0.00872104,0.012266,0.0171764,0.0103861,0.0146514,0.0186735,0.00775212,0.00799616
0.00739569,0.0299116,0.065346,0.0384595,0.00805984,0.0057975,0.00724675,0.007951,0.0162198,0.029757,0.0172242,0.00733149
0.0100027,0.0163779,0.0419974,0.027509,0.00898415,0.0116638,0.0157139,0.0115884,0.00898693,0.0143674,0.00811862,0.0125743
0.00736273,0.0256857,0.0479174,0.0285825,0.0118109,0.0118737,0.0144956,0.00806427,0.00951513,0.0172253,0.00811221,0.00760418
0.00875279,0.0237975,0.0462467,0.0247526,0.0106598,0.00940185,0.0115539,0.00814252,0.0120567,0.0150225,0.0127939,0.00646834
0.00899103,0.0187315,0.0229906,0.0172634,0.0102222,0.0114174,0.012976,0.00955714,0.0153176,0.024452,0.0132393,0.0119978
0.00790073,0.0177394,0.0338172,0.0170377,0.00406766,0.00788704,0.0132001,0.00978835,0.0151169,0.0227697,0.0117845,0.00495443
0.00995504,0.0322222,0.0447199,0.0142889,0.00198604,0.00431148,0.008532,0.00558496,0.0154049,0.0251405,0.0125573,0.00808478
0.00418075,0.0341202,0.0680358,0.0321828,0.00825334,0.0098299,0.0080333,0.0088825,0.0157223,0.0273543,0.0152055,0.00764127
0.00756937,0.0345763,0.0440692,0.0169209,0.0099431,0.0105524,0.0147675,0.013581,0.0178373,0.0250646,0.0105207,0.00880457
0.00421396,0.0369734,0.0699671,0.0345161,0.00850119,0.00642587,0.00673253,0.00436334,0.00672685,0.019423,0.013483,0.00404561
0.00812514,0.0214987,0.0317966,0.0190499,0.00544193,0.00623588,0.00699264,0.00795547,0.0142845,0.0310939,0.0181756,0.00843208
0.00856673,0.0220544,0.0410458,0.0252012,0.00705721,0.00692017,0.0131469,0.0103158,0.0130479,0.0247164,0.0141158,0.00518958
0.00863563,0.0184843,0.0241758,0.0156685,0.0034116,0.00784962,0.00896249,0.00805679,0.00939901,0.0167745,0.0112496,0.0151584
0.0074573,0.0248091,0.0465458,0.026582,0.00676286,0.00683447,0.0149563,0.0116887,0.0125723,0.0234009,0.0120406,0.00722304
0.00785676,0.0405673,0.0803487,0.0442565,0.00796332,0.00540008,0.00827427,0.0109274,0.0133059,0.0259403,0.0155897,0.00836498
0.0405888,0.0378768,0.0231565,0.00919968,0.00838934,0.00643443,0.00819132,0.0118145,0.0170881,0.027488,0.019384,0.0141939
0.0705163,0.0358352,0.0330216,0.0186465,0.00839513,0.00906022,0.0135319,0.0166533,0.0124985,0.0192768,0.0148991,0.0397063
0.0926055,0.064149,0.0181677,0.0126621,0.00795664,0.00546058,0.0117702,0.0223761,0.0190483,0.0107539,0.0064328,0.0288027
0.0586079,0.0410176,0.0365625,0.0195259,0.00444417,0.00580754,0.0124277,0.0190462,0.0179902,0.0195489,0.0130274,0.0331953
0.0430728,0.0405056,0.0452509,0.0220219,0.00515539,0.00654843,0.00844318,0.0133712,0.0172812,0.0207287,0.0135474,0.0196221
0.0127083,0.0156955,0.0315775,0.0178773,0.00618381,0.00668571,0.0129107,0.0121026,0.0102538,0.0210348,0.0111136,0.0186917
0.0238843,0.0160222,0.0389846,0.019068,0.00697256,0.00660777,0.00717374,0.00813759,0.0123951,0.0211061,0.0130894,0.0125378
0.0317134,0.0242994,0.025893,0.0138077,0.00612855,0.00553415,0.0139404,0.0170134,0.0161358,0.0193375,0.0110538,0.015184
0.0237197,0.0215789,0.0281927,0.0154771,0.00743304,0.00965597,0.0144755,0.0100555,0.0112466,0.0139642,0.00942773,0.0130003
0.0141588,0.0221038,0.0434688,0.0204311,0.00700164,0.00801299,0.0154182,0.00818334,0.0127098,0.0263201,0.0124877,0.0108847
0.0179199,0.0350196,0.0422714,0.0171022,0.00821674,0.00662727,0.0113198,0.0106079,0.0119249,0.0170289,0.0100473,0.0141268
0.00958768,0.0428256,0.0757256,0.0358059,0.00805242,0.0101644,0.0130926,0.0102423,0.0128946,0.0209643,0.0105345,0.00984867
0.0148243,0.0255106,0.0281008,0.0178852,0.0101884,0.010885,0.00858053,0.00591122,0.0129168,0.0177401,0.011481,0.00966272
0.0120123,0.0246636,0.0488134,0.0296587,0.00843235,0.00612905,0.00698603,0.00660629,0.0165593,0.0283484,0.0155724,0.0123735
0.00734623,0.0210107,0.0275027,0.0147509,0.00708842,0.0100276,0.0115429,0.00643588,0.011663,0.0178561,0.00719076,0.0054351
0.0149123,0.0232941,0.0310795,0.0134201,0.00834321,0.0068881,0.00722235,0.00699976,0.0165255,0.0238475,0.0183982,0.00934387
0.0105057,0.0116725,0.0252539,0.0198676,0.00910683,0.00799176,0.0137449,0.00747199,0.0108919,0.0250598,0.017015,0.00941244
0.0074943,0.0190375,0.0264044,0.0171757,0.00929529,0.00858974,0.0122944,0.00957454,0.0136666,0.0153079,0.00804744,0.0108633
0.00932903,0.0167971,0.0298102,0.0210833,0.00810045,0.00969963,0.00968439,0.00704912,0.00564142,0.0121738,0.00767504,0.00971889
0.00825686,0.0120379,0.0363819,0.022418,0.00980992,0.0123037,0.0115853,0.00502086,0.00907968,0.0147796,0.00927942,0.00793979
0.0114828,0.0207105,0.0308291,0.0125497,0.00854135,0.00874561,0.011887,0.00812947,0.00770161,0.00870863,0.00783547,0.00871405
0.00476947,0.0154057,0.0304352,0.0182028,0.0075538,0.00982416,0.011397,0.00903656,0.0146032,0.0266032,0.0174905,0.0107294
0.0073025,0.0190017,0.027512,0.0111705,0.00661872,0.0114606,0.0146783,0.012608,0.0121943,0.0165559,0.00823637,0.00726288
0.0109263,0.0243571,0.0283847,0.0210489,0.0102405,0.0095576,0.0151967,0.0121747,0.0116276,0.0126308,0.0090241,0.0110391
0.005781,0.0221758,0.0446769,0.0272261,0.00911639,0.0123876,0.00951903,0.0086791,0.0138349,0.0233385,0.0104049,0.0118833
0.00771318,0.0132787,0.026789,0.0176985,0.00793524,0.0130078,0.0130359,0.00936332,0.015576,0.0271215,0.0145768,0.00815925
0.0102215,0.0189476,0.0290769,0.0192871,0.00653,0.00699078,0.0113016,0.0146994,0.0253894,0.0478324,0.0654466,0.0341416
0.0148057,0.0156223,0.0336225,0.0176075,0.00673441,0.0117672,0.0106161,0.00933148,0.0138445,0.0490841,0.0885198,0.0571796
0.0102793,0.0228872,0.0372948,0.0192074,0.0105643,0.0176799,0.0113176,0.00848016,0.0156851,0.0261339,0.0559728,0.03676
0.00899687,0.0188289,0.0228161,0.0211344,0.0100964,0.0222549,0.0234417,0.0115943,0.0143259,0.0338096,0.0439878,0.0256671
0.00935496,0.0138467,0.0332185,0.0200981,0.0124354,0.0190825,0.0126796,0.0041918,0.0181393,0.0391335,0.031713,0.0193186
0.0129135,0.0379534,0.0437671,0.0232505,0.00510254,0.00605996,0.00945356,0.00968621,0.0150101,0.0242786,0.0225117,0.0142204
0.00833634,0.0103122,0.0220518,0.0165097,0.0109152,0.010285,0.01046,0.012906,0.0188998,0.0216348,0.0103768,0.00935131
0.0108396,0.0202279,0.0383777,0.0231288,0.00727686,0.00975332,0.0151227,0.0104474,0.0151746,0.0236574,0.0210188,0.0112296
0.013669,0.028175,0.0377457,0.0150083,0.00619736,0.00625933,0.00845474,0.00954418,0.0108489,0.0163881,0.00966047,0.0130454
0.00670454,0.0112887,0.0315285,0.0252584,0.00558923,0.0142347,0.0178722,0.00803278,0.0188938,0.0356678,0.0286198,0.0185682
0.00957956,0.0241792,0.0425869,0.0253237,0.00991872,0.00979204,0.0106001,0.00640074,0.0115319,0.0245955,0.0145218,0.0129095
0.00692125,0.028061,0.0539445,0.028769,0.00766405,0.00567255,0.00802668,0.00957872,0.0123341,0.0195671,0.016544,0.0114739
0.0124538,0.0159797,0.0322128,0.0225207,0.0050709,0.0104535,0.0142344,0.00994293,0.0116567,0.0218626,0.0147284,0.0121407
0.00975975,0.0276165,0.0402277,0.0226329,0.0123804,0.00623319,0.0108603,0.00934659,0.0147976,0.023427,0.0172797,0.00951854
0.0132115,0.0247962,0.0312861,0.0146253,0.00798816,0.0114375,0.0115383,0.0112414,0.00856603,0.0194156,0.0135662,0.0147319
0.0100224,0.0222715,0.0596014,0.0326734,0.00867463,0.00872968,0.0132012,0.00873052,0.014979,0.0255303,0.0164918,0.0136155
0.00707235,0.0181333,0.0181696,0.023644,0.00754067,0.00667257,0.0134394,0.0111973,0.011443,0.0168584,0.0103047,0.00910581
0.00540924,0.0139669,0.0344068,0.0280635,0.00784793,0.00451527,0.00418306,0.00750673,0.0143124,0.0208053,0.0134198,0.00869334
0.0130449,0.0208702,0.0409985,0.0226124,0.00610754,0.0129914,0.0197982,0.0184392,0.0169623,0.018494,0.00953995,0.00927658
0.00620185,0.0128668,0.0246702,0.0263351,0.0130049,0.0107055,0.0148033,0.0119685,0.00971408,0.014612,0.00841933,0.00612791
0.00903973,0.022796,0.0393527,0.019706,0.00952038,0.00823121,0.0105563,0.0118053,0.0102937,0.0129418,0.00938824,0.0103755
0.0128575,0.0164057,0.0375382,0.0189857,0.00509936,0.00777985,0.0114357,0.0130984,0.00941349,0.0136804,0.00842007,0.011175
0.00622784,0.0273373,0.0446732,0.0178061,0.00827424,0.00893831,0.0117882,0.00884063,0.0157757,0.0186751,0.0118793,0.00886615
0.00885403,0.0227067,0.0402809,0.0171793,0.00307893,0.00576777,0.0120744,0.0102663,0.0166148,0.0304077,0.0153919,0.00940417
0.0131648,0.0207749,0.0384699,0.0220661,0.00831055,0.00897165,0.0117304,0.0123749,0.0205612,0.0401873,0.0309987,0.0152535
0.011057,0.0187592,0.0402093,0.0260842,0.00919314,0.00489016,0.0092029,0.0104149,0.0294583,0.0563435,0.0295441,0.0138353
0.00577753,0.0105843,0.0361423,0.0274214,0.0113319,0.00726505,0.011755,0.0136227,0.0288394,0.0624476,0.0426143,0.0161058
0.00405151,0.0234575,0.0409962,0.0240316,0.0183728,0.011562,0.0125366,0.013863,0.0452266,0.114873,0.0754934,0.0164899
0.00941821,0.0220628,0.0439625,0.0370551,0.0242872,0.0147304,0.0137352,0.0119106,0.025465,0.0470464,0.0297811,0.00686432
0.00693527,0.0246402,0.0435415,0.0263263,0.0155113,0.00988707,0.0138251,0.0118029,0.0204407,0.0285238,0.0200978,0.00968865
0.00999082,0.0238311,0.0432138,0.0223268,0.0146381,0.012426,0.010843,0.011921,0.0344654,0.0712148,0.0396303,0.0136397
0.0121153,0.0236077,0.0487401,0.0268039,0.013341,0.00719631,0.0128672,0.0122479,0.0188868,0.0400922,0.02641,0.0169856
0.00878161,0.0245036,0.0398349,0.0250966,0.00479161,0.00973147,0.0160851,0.0148479,0.0202059,0.0362254,0.0239599,0.0119752
0.00723993,0.0229992,0.0470807,0.02975,0.0132067,0.0118439,0.0187438,0.0128126,0.0110006,0.0197049,0.0173969,0.0134849
0.0101754,0.0234997,0.0440212,0.0175102,0.013428,0.00885434,0.0133448,0.0113282,0.0122451,0.0161594,0.0118979,0.00922792
0.0086429,0.0262,0.0348759,0.0199906,0.01316,0.00985677,0.0109242,0.0111082,0.0111492,0.0155497,0.0113762,0.0109053
0.00891764,0.0335598,0.0472965,0.0228756,0.00757969,0.00883154,0.0200286,0.0141449,0.0157163,0.0161715,0.00853929,0.00927336
0.0076213,0.0178297,0.0396175,0.0215067,0.0096451,0.00981723,0.0122642,0.0128064,0.0115537,0.0190909,0.0100883,0.0105167
0.0141753,0.0224225,0.0309056,0.0227281,0.00843864,0.00921582,0.00865468,0.00946351,0.0134146,0.0168925,0.0142889,0.0147987
0.00598024,0.0245379,0.0551293,0.0358878,0.0103413,0.00738681,0.00997131,0.00876099,0.0162016,0.0274051,0.0131037,0.0118757
0.0103363,0.0233344,0.0479004,0.0325087,0.00799159,0.010578,0.0160961,0.00500436,0.0123646,0.0232163,0.0145148,0.00753173
0.00574096,0.0186154,0.0382517,0.021247,0.00763755,0.0144022,0.0186591,0.0106739,0.0183099,0.0354236,0.0224991,0.00942948
0.00675886,0.0101033,0.021142,0.0176313,0.00652727,0.00873745,0.0114204,0.00909244,0.0131437,0.0261248,0.0148621,0.00988636
0.00907671,0.0248256,0.0647614,0.0387521,0.00695471,0.0145212,0.016906,0.0170283,0.0204666,0.0400949,0.0177345,0.0126304
0.00725485,0.0275983,0.0690068,0.0373428,0.00538578,0.0103768,0.0113081,0.00786425,0.0180019,0.0442039,0.0235872,0.00883396
0.00878095,0.0207156,0.0490894,0.0296498,0.0038977,0.00559978,0.0131531,0.0124608,0.0219974,0.0494425,0.0302853,0.00901737
0.00271661,0.0179424,0.0394762,0.0253204,0.00739256,0.00542443,0.00926817,0.008183,0.013465,0.0397058,0.026519,0.0053015
0.00510442,0.0182462,0.0400707,0.0245291,0.00651982,0.0050021,0.0104015,0.00889484,0.0135859,0.0336145,0.0197961,0.00594848
0.00401177,0.0121262,0.0268327,0.0158618,0.00337335,0.00519074,0.0100832,0.00744632,0.00827417,0.0241886,0.0150396,0.00375719
0.00402553,0.0112153,0.0317327,0.0219211,0.00426163,0.00339334,0.00698204,0.00741774,0.00890235,0.018367,0.0100654,0.00261768
0.00416,0.00957045,0.0255435,0.0162944,0.00283521,0.00301995,0.00475153,0.00403592,0.00481821,0.0104859,0.00636185,0.00374416
0.0037873,0.0118963,0.0257605,0.0140615,0.00316657,0.00379628,0.00687095,0.00437857,0.00603152,0.00981339,0.00636354,0.00342375
0.00322591,0.00751424,0.0198666,0.0130922,0.00231753,0.00299144,0.00410182,0.00339218,0.0037775,0.00885319,0.00492675,0.00289248
0.00521324,0.0100276,0.0208921,0.0135558,0.00263518,0.00290094,0.00433652,0.00285123,0.00534237,0.00963402,0.00470062,0.00285391
0.00207046,0.0124357,0.0333965,0.0205954,0.00223825,0.00245244,0.00362003,0.00454787,0.0129668,0.0150454,0.00841251,0.00399032
0.00552076,0.00935621,0.0316477,0.0234671,0.0031567,0.00203505,0.00290073,0.00148847,0.0031089,0.00943003,0.00528681,0.00424841
0.0678654,0.0524743,0.0281864,0.0178578,0.00264958,0.00192941,0.00441384,0.00588429,0.00738404,0.0116006,0.00854731,0.0212387
0.0272598,0.0261375,0.0341333,0.0205786,0.00275342,0.00299579,0.00550261,0.00422278,0.00623106,0.0119773,0.00654869,0.0138015
0.0433175,0.0219105,0.0192053,0.0112939,0.00239662,0.00350961,0.00577055,0.00487253,0.00766956,0.0137689,0.0277276,0.0441702
0.0281442,0.037605,0.028902,0.0141748,0.00189292,0.00434814,0.0052432,0.00864509,0.0101665,0.0110694,0.0322738,0.0398375
0.0189361,0.0206676,0.0169515,0.00698878,0.00536132,0.00339764,0.00166602,0.00518973,0.0191709,0.0329837,0.0239131,0.0209673
0.00816361,0.0167101,0.0182956,0.0108093,0.00793535,0.00321576,0.00319355,0.00206328,0.0264963,0.0946573,0.078828,0.026434
0.00323362,0.00861572,0.00966387,0.00551099,0.00547281,0.00540045,0.00770782,0.0159433,0.0159661,0.0443044,0.0306649,0.0108008
0.0126923,0.00930599,0.011093,0.00739539,0.00161373,0.00316738,0.00559399,0.0161153,0.0180586,0.0277921,0.0145517,0.0126917
0.0154186,0.0119113,0.0101262,0.00579617,0.00186365,0.00373449,0.00846064,0.0163165,0.0150302,0.0140939,0.00962518,0.00727168
0.00670368,0.0105491,0.020854,0.0115335,0.00642383,0.012198,0.0362843,0.0322021,0.0132363,0.0111565,0.018155,0.0170966
0.00329574,0.00623164,0.011341,0.00711405,0.00801462,0.0112614,0.00963873,0.0112596,0.0106241,0.0111426,0.0100027,0.0115338
0.0208213,0.00618644,0.0148581,0.0101539,0.0230955,0.0267695,0.00982002,0.0113289,0.0175157,0.0232618,0.0198966,0.0287847
0.00567422,0.00912938,0.0137574,0.0131253,0.00504518,0.00659385,0.00865466,0.017601,0.0121754,0.00370804,0.0048708,0.00469049
0.00830862,0.0175531,0.0600365,0.040399,0.013956,0.00818839,0.0103554,0.0223994,0.0122809,0.00875614,0.0123668,0.0152912
0.0100541,0.0194822,0.0305884,0.014593,0.00667618,0.0073838,0.00630406,0.0128307,0.00778618,0.00668117,0.0029245,0.00504929
0.0349005,0.0350203,0.0165561,0.01014,0.00448878,0.00296774,0.00370982,0.016267,0.0147025,0.00717979,0.00548213,0.00909913
0.0234108,0.0181412,0.0118025,0.00969218,0.00377387,0.00450014,0.0046991,0.00913895,0.00746049,0.00710806,0.00774832,0.00954764
0.0099191,0.0148437,0.00949765,0.00568781,0.00527954,0.00887942,0.00772884,0.00642069,0.00648316,0.0129964,0.0512954,0.0481775
0.00372368,0.00822791,0.011306,0.00539273,0.00296618,0.00914015,0.00917932,0.00517038,0.00445191,0.0157762,0.0276061,0.0115147
0.00584756,0.0137864,0.0110053,0.00319959,0.0149739,0.0158,0.00561752,0.00405267,0.00813286,0.0359979,0.0362036,0.0101994
0.00885826,0.00981072,0.0058288,0.00342418,0.00529091,0.00917673,0.00890508,0.00873909,0.0110656,0.0266493,0.026409,0.0128729
0.00816846,0.00743218,0.0156707,0.0128533,0.0105489,0.0154258,0.0113666,0.0150475,0.0190426,0.00833139,0.0161532,0.0157547
0.0150589,0.010256,0.0137943,0.0146957,0.00698865,0.0102783,0.0161455,0.0585348,0.0615519,0.0298765,0.0244037,0.0279493
0.0143643,0.00986912,0.0236469,0.0206435,0.0100185,0.0149926,0.0330566,0.0569956,0.0566941,0.0266404,0.0175584,0.0215879
0.00888769,0.0119525,0.0223761,0.0156906,0.00902104,0.016348,0.0268047,0.0540377,0.0531581,0.0195389,0.00901651,0.0125812
0.00683765,0.0108461,0.00959412,0.0116124,0.0082056,0.0101124,0.0173103,0.0446268,0.0421831,0.0147475,0.00788571,0.0177935
0.0139285,0.0114115,0.0190015,0.0120838,0.00534903,0.00689793,0.0114927,0.0358784,0.0318054,0.0177163,0.00885387,0.0141738
0.0172709,0.0159438,0.0140921,0.00863458,0.00533157,0.0121597,0.023689,0.03172,0.0244386,0.012771,0.00707979,0.0125064
0.0215788,0.0236349,0.0290239,0.0139486,0.00861387,0.0139315,0.0314975,0.061338,0.0415456,0.0149171,0.00721169,0.0102361
0.0136063,0.0135598,0.0264478,0.013124,0.00434453,0.0113537,0.0256788,0.0608406,0.0476853,0.0200187,0.0324238,0.0245378
0.00975667,0.00842187,0.0142005,0.0122859,0.00419493,0.00982819,0.0155791,0.0496914,0.0436411,0.0157391,0.0140525,0.0157685
0.0127242,0.0205941,0.0312372,0.0199468,0.0092653,0.00824123,0.021552,0.0550357,0.0352121,0.0256839,0.0219728,0.0150363
0.0145227,0.00743331,0.0195327,0.0151563,0.0150626,0.0203189,0.0364225,0.0578437,0.0334784,0.0165894,0.0108115,0.0149521
0.00565599,0.0110465,0.0205755,0.0151955,0.00705437,0.00735951,0.0289957,0.0450766,0.0256498,0.0079327,0.0110583,0.014178
0.0071128,0.0104568,0.0154084,0.0100086,0.00541112,0.0116044,0.021725,0.0316421,0.0223851,0.0110487,0.0102555,0.0101679
0.00916876,0.00930683,0.0102646,0.00727323,0.00886103,0.0119537,0.0225659,0.051534,0.0342924,0.00772621,0.0103471,0.0124743
0.0034974,0.0142043,0.0210856,0.0119441,0.00829263,0.019277,0.0326477,0.0488899,0.0413166,0.0213837,0.0101265,0.00535094
0.0071825,0.0113471,0.0172962,0.010302,0.0107355,0.0137338,0.0293792,0.0527816,0.0354459,0.0135638,0.0107135,0.0107239
0.00372357,0.00992568,0.0151878,0.0107751,0.00735948,0.00983286,0.0266148,0.042887,0.0257143,0.0125543,0.00572576,0.00801918
0.00777935,0.012214,0.025281,0.015743,0.007353,0.00834208,0.022704,0.0487363,0.0320608,0.0104953,0.00656218,0.0119086
0.0101105,0.0118027,0.00888669,0.00584782,0.00644994,0.00970951,0.0320572,0.0559045,0.0457499,0.0205316,0.00916876,0.0108545
0.0117737,0.0123292,0.0138686,0.00884825,0.00617457,0.0136176,0.0371082,0.0488355,0.0335734,0.0144185,0.00809328,0.0137145
0.0141066,0.0145068,0.0213835,0.0126951,0.0104161,0.0143376,0.0277179,0.0371723,0.0196403,0.00986915,0.00655814,0.00877624
0.0126191,0.0124989,0.0107898,0.0105177,0.00644377,0.00569819,0.021273,0.0304732,0.0233237,0.00981574,0.00904442,0.0079413
0.0118779,0.0121107,0.0151043,0.0109059,0.00542593,0.00892511,0.0201129,0.0426518,0.0362183,0.0102946,0.0124185,0.0161116
0.00693806,0.0139215,0.0226414,0.0167739,0.0137033,0.0137432,0.021785,0.0469489,0.0443288,0.0148097,0.00834707,0.00782472
0.00889942,0.0122498,0.0187873,0.00973048,0.00864795,0.00807861,0.0319821,0.0599211,0.0369399,0.0131082,0.0100474,0.0105267
0.00786335,0.00799752,0.0143409,0.0149772,0.00926646,0.00983474,0.0199177,0.0307191,0.0300287,0.019671,0.0111966,0.00873328
0.0101071,0.0107994,0.0271832,0.0153839,0.00512961,0.0126107,0.0221183,0.036121,0.0250852,0.01333,0.0156167,0.0169066
0.0106963,0.0170216,0.041593,0.025819,0.0153888,0.0177462,0.0344192,0.0614019,0.0344865,0.00645887,0.0134152,0.0217439
0.00836581,0.0132091,0.0231077,0.0141187,0.0161102,0.0226033,0.0464384,0.072018,0.032705,0.0105669,0.0115469,0.0176277
0.00977458,0.00686965,0.0121812,0.0101131,0.00916484,0.0147187,0.0344405,0.0905693,0.0711726,0.0238165,0.0151033,0.022291
0.00981586,0.00877086,0.014298,0.0104502,0.00678893,0.00977205,0.0263829,0.0587346,0.0435264,0.01629,0.00829055,0.0138839
0.00638343,0.00815979,0.00950656,0.0102311,0.0134693,0.029649,0.0404809,0.0418439,0.0357312,0.0239401,0.0164683,0.0209097
0.00585635,0.00666185,0.0174759,0.0122864,0.011063,0.0280934,0.0332441,0.0466759,0.031824,0.0164928,0.00808965,0.0111732
0.00617987,0.00811968,0.0192525,0.014021,0.00863636,0.0140571,0.0168552,0.0336926,0.0303196,0.018083,0.0114791,0.0117328
0.00783509,0.00977183,0.0216745,0.0170892,0.00898139,0.00950847,0.0168093,0.0288692,0.0292283,0.0127952,0.0116268,0.0152056
0.00842635,0.0103978,0.0342198,0.0283775,0.0139021,0.0154162,0.0318531,0.0398507,0.0291064,0.0126711,0.00969954,0.0105264
0.00784747,0.0117722,0.0358814,0.0241827,0.0109461,0.0191495,0.0327379,0.0596067,0.0408952,0.0165008,0.0215144,0.024551
0.005649,0.01696,0.0475162,0.0260107,0.00761897,0.0120324,0.0250634,0.0316045,0.0252486,0.0169637,0.0105262,0.0121172
0.0350587,0.033965,0.017981,0.0121271,0.00556695,0.00875062,0.0184907,0.0308215,0.0182421,0.0137665,0.0113533,0.0186521
0.0166334,0.0165515,0.0128341,0.00576008,0.00760441,0.0075199,0.0190991,0.0316885,0.0196476,0.00754717,0.015958,0.0155845
0.0138998,0.00885395,0.0160132,0.0119072,0.00598193,0.00710055,0.0169522,0.0340716,0.0274454,0.0156149,0.023178,0.0258335
0.0118661,0.0116109,0.017711,0.01438,0.00698201,0.0107287,0.0257884,0.0446612,0.0360641,0.0206466,0.0341144,0.030118
0.00952116,0.0102841,0.015623,0.00964089,0.00732122,0.00862671,0.0251538,0.0447952,0.0323135,0.0270539,0.0198302,0.0134863
0.0118483,0.00923642,0.012918,0.00719609,0.0044873,0.00441976,0.0180292,0.0222541,0.0229632,0.0374416,0.0190678,0.0169906
0.00806838,0.0148213,0.016334,0.00445218,0.00730347,0.0104317,0.023166,0.0310364,0.0195952,0.0376869,0.0188727,0.00993733
0.0114413,0.014461,0.0274701,0.0192963,0.0102938,0.0188946,0.0325143,0.0313039,0.0143768,0.0118195,0.0103046,0.0082866
0.00843447,0.0169805,0.0180927,0.0100724,0.00467367,0.0104852,0.0286907,0.0311718,0.0227339,0.0175759,0.00849381,0.0111335
0.0136837,0.0174351,0.0200293,0.00784826,0.0137267,0.0360993,0.0416066,0.0376346,0.0275808,0.0194187,0.0156616,0.00988742
0.00516792,0.0110468,0.0116632,0.00912018,0.00846993,0.0126588,0.0201019,0.0395696,0.0249616,0.010922,0.0106955,0.011159
0.0111799,0.0143863,0.0286673,0.0280609,0.0123453,0.0128805,0.0193681,0.0509545,0.0384169,0.0169215,0.0128096,0.0131516
0.00658096,0.00958181,0.0157357,0.0157599,0.00666615,0.0117795,0.0357965,0.0600866,0.03759,0.0123457,0.0101924,0.0101339
0.00514719,0.0108282,0.0284729,0.0166146,0.00746919,0.0119928,0.0267429,0.0431571,0.0252848,0.0222182,0.012952,0.00759054
0.00930187,0.0111001,0.0160714,0.00561983,0.0112334,0.0136266,0.0263003,0.0311847,0.0202596,0.0135151,0.0134531,0.014352
0.097029,0.086132,0.0331487,0.0170152,0.0229846,0.0154943,0.024339,0.0449383,0.032076,0.0100716,0.00992952,0.0367296
0.107665,0.0872317,0.0320202,0.0109472,0.0223435,0.0190494,0.0243242,0.0408747,0.02627,0.0130042,0.0108357,0.0494132
0.0433311,0.0361115,0.019765,0.0146407,0.015867,0.0135483,0.0171564,0.0254069,0.0252978,0.0166893,0.0110627,0.0221288
0.0418636,0.0333927,0.0132713,0.00565109,0.00594592,0.00494427,0.0142627,0.0271235,0.0141056,0.0126817,0.0114748,0.0209263
0.0808825,0.0523417,0.0130308,0.00966124,0.0100948,0.015483,0.0224434,0.0351402,0.0205757,0.0170168,0.0267056,0.0375157
0.0730911,0.0458884,0.0119202,0.00861714,0.0099513,0.0132835,0.0194085,0.0203305,0.0134618,0.00775568,0.0108058,0.0391217
0.0475051,0.0239908,0.00723197,0.00608379,0.0112966,0.00612926,0.0176174,0.0254157,0.0127974,0.00915241,0.0140008,0.0382817
0.0563333,0.0383745,0.00882493,0.00956994,0.0079744,0.00677693,0.0108934,0.0180819,0.0103801,0.00729653,0.0100938,0.0289359
0.0346496,0.0223725,0.0141003,0.0120169,0.00983238,0.00461512,0.00400578,0.0119996,0.0117237,0.0103056,0.00654704,0.0221196
0.0454417,0.025678,0.0105369,0.010669,0.0116916,0.00589343,0.00772061,0.0105975,0.00795321,0.0124724,0.0149117,0.0220717
0.0382693,0.0159641,0.0142903,0.0139943,0.0103089,0.00767138,0.00654723,0.0143282,0.0101498,0.011739,0.0107197,0.0285382
0.0402411,0.0265324,0.00914542,0.00980205,0.0098017,0.00563593,0.00684083,0.0117352,0.00928755,0.00834011,0.00558334,0.0204846
0.0481546,0.0287167,0.0108846,0.00813831,0.00775116,0.00527263,0.00800008,0.0146149,0.0100976,0.00870931,0.00665905,0.0266975
0.0519348,0.0249391,0.00701425,0.00634217,0.00834509,0.00526619,0.0091862,0.0177702,0.0112373,0.00787198,0.0117114,0.0385544
0.0502419,0.0282804,0.00943989,0.00701272,0.0105585,0.0109626,0.00989924,0.0143378,0.0117697,0.0117051,0.0173614,0.0239083
0.0373907,0.024104,0.00845935,0.00568235,0.00717161,0.00588653,0.0069072,0.0116669,0.0107065,0.0256903,0.0168982,0.018527
0.0486805,0.025592,0.00536784,0.00374327,0.00829455,0.00692247,0.00641076,0.0131107,0.0240502,0.0362295,0.0204332,0.0300181
0.0463739,0.0269795,0.0150622,0.0102253,0.00460241,0.00392428,0.00293276,0.0119896,0.0156404,0.00592889,0.0091,0.0393185
0.0371236,0.0278075,0.00938717,0.00884803,0.00797824,0.00422275,0.0118654,0.0328482,0.0271481,0.0128145,0.00853188,0.0174258
0.0347721,0.0247874,0.0110074,0.0074463,0.00366029,0.00558457,0.00853923,0.0168083,0.0174564,0.0135853,0.0107748,0.0265258
0.0431392,0.0218891,0.0104304,0.00728534,0.00707294,0.0137499,0.0157014,0.0194236,0.0105869,0.00806584,0.0102036,0.0224117
0.038613,0.0167,0.00503505,0.00358103,0.00464693,0.00675418,0.00712765,0.0123185,0.0109349,0.00730408,0.0105893,0.0259284
0.0735067,0.0325608,0.0103345,0.00569889,0.00779507,0.00822859,0.0127247,0.0214765,0.0189723,0.0170597,0.0246962,0.0513547
0.0637983,0.0375772,0.0109166,0.0097054,0.00824611,0.00550771,0.0101978,0.0128001,0.011765,0.0181902,0.0188874,0.0384498
0.0327067,0.0304953,0.0257213,0.016503,0.00475562,0.00692354,0.0168824,0.0188976,0.0087718,0.00920272,0.00823193,0.0200125
0.0538317,0.0286418,0.019632,0.00853861,0.00786397,0.00909836,0.00893344,0.00967964,0.0114003,0.0129065,0.011749,0.0336493
0.0617508,0.0326524,0.0192105,0.00835241,0.00805898,0.00807164,0.0148835,0.022842,0.0113399,0.0152852,0.0186819,0.0422002
0.0610916,0.0505195,0.0120963,0.00613618,0.0106907,0.00969859,0.0175352,0.0306399,0.0244695,0.015018,0.00866589,0.0247224
0.0312956,0.018322,0.0133882,0.0148623,0.0120893,0.0091446,0.017528,0.0341664,0.0170575,0.0178964,0.0237808,0.0256464
0.0363464,0.0319677,0.0168367,0.00696195,0.0135986,0.00845023,0.0108648,0.0178783,0.0203076,0.0380079,0.0552943,0.0387298
0.0403305,0.0289468,0.00964793,0.00924538,0.0100552,0.00677712,0.00786791,0.0172509,0.0125235,0.0202687,0.0472441,0.0440577
0.0456543,0.0271781,0.00991097,0.00396776,0.00811063,0.00682701,0.00572458,0.0102458,0.0147233,0.0227369,0.0153485,0.0309888
0.0403747,0.0311322,0.009825,0.00889154,0.00672457,0.00589904,0.0114936,0.0213568,0.0230483,0.0319052,0.0169298,0.0166493
0.0269747,0.0139899,0.00840701,0.00230465,0.00485981,0.00444907,0.0127814,0.0279967,0.0222528,0.0116309,0.010683,0.0181736
0.05219,0.0378384,0.0123604,0.00467495,0.00687549,0.00739722,0.00831655,0.0184965,0.0170794,0.00930887,0.0134344,0.02813
0.0442668,0.0303743,0.0119826,0.00562929,0.00799085,0.0137844,0.0119664,0.011141,0.0121065,0.00754254,0.00952106,0.0255348
0.0231679,0.0156036,0.0121591,0.0126967,0.00675006,0.00507381,0.0131865,0.0189133,0.0187503,0.0134804,0.00897083,0.0145687
0.0422318,0.0310191,0.00695516,0.00647515,0.0104358,0.0263947,0.0233253,0.00951821,0.00469437,0.00557723,0.00469625,0.0133585
0.0234262,0.0188244,0.0135584,0.0157669,0.0146944,0.00936013,0.00832343,0.0158753,0.0139127,0.0119758,0.0120005,0.0141661
0.0344568,0.0276197,0.00868606,0.0148158,0.013435,0.00912163,0.0119651,0.0203007,0.0129761,0.00585551,0.0140319,0.021051
0.0257041,0.0232866,0.0166256,0.0101235,0.00839646,0.00729809,0.0102932,0.0125742,0.00781996,0.00879624,0.0141337,0.015971
0.0524654,0.0279924,0.0172259,0.0206091,0.0075901,0.00335142,0.00528381,0.0141479,0.0150964,0.0110729,0.0104381,0.0284715
0.0894651,0.0633266,0.0203888,0.0116335,0.00558415,0.00705377,0.0115135,0.0152795,0.0142665,0.0113989,0.0079157,0.0302946
0.0407987,0.0366665,0.0171748,0.0073858,0.00789934,0.00414184,0.00601996,0.0210404,0.0157523,0.0102527,0.0113161,0.0130271
0.0349801,0.0344217,0.0186666,0.00740708,0.00385446,0.00890245,0.0108642,0.0161339,0.0135835,0.00843994,0.0199886,0.0249937
0.0264362,0.0212019,0.0097796,0.0101456,0.00697992,0.00465783,0.00607173,0.0116587,0.01135,0.0158282,0.0300713,0.0262985
0.0437715,0.0310518,0.014337,0.0046762,0.00594666,0.00592363,0.00812576,0.0144922,0.0108497,0.0213915,0.0208355,0.024272
0.017624,0.0256226,0.0192397,0.00925864,0.0136392,0.00993771,0.00676568,0.0127627,0.0249313,0.0573507,0.0360251,0.0159149
0.0233183,0.0179709,0.0111474,0.00724619,0.00846677,0.0069074,0.00816933,0.0183328,0.0174968,0.0436244,0.0308669,0.0148664
0.0208388,0.02307,0.0175902,0.0148667,0.0088827,0.00497533,0.00638975,0.0197216,0.0262654,0.0346929,0.0206836,0.0140982
0.0228364,0.0151953,0.0139232,0.00762498,0.00491626,0.00765254,0.0131138,0.014504,0.0107191,0.0177526,0.0104539,0.0144147
0.0350318,0.0219366,0.011174,0.00910327,0.00994251,0.0242015,0.0196095,0.0120331,0.00912478,0.0144323,0.0125675,0.0203865
0.0181571,0.00704209,0.0152444,0.018647,0.0169224,0.0201439,0.0231726,0.0353259,0.0226803,0.01612,0.0142677,0.0115343
0.0220147,0.0128985,0.0333904,0.0588539,0.0322403,0.0139605,0.0154333,0.0287061,0.0245279,0.0253086,0.0270034,0.017724
0.0233798,0.0204018,0.0231438,0.0313088,0.0322602,0.00917546,0.0180015,0.0327847,0.0270083,0.0187274,0.0337879,0.0340748
0.0124496,0.00640079,0.0390875,0.0490855,0.0267158,0.0091431,0.0147021,0.0291168,0.0243286,0.0145804,0.02158,0.0149305
0.0123693,0.00926911,0.0260862,0.0504966,0.0285547,0.00841576,0.00960974,0.0193257,0.0136383,0.014921,0.0232441,0.0133989
0.0146617,0.0105285,0.0125439,0.0321495,0.02531,0.0102534,0.0160165,0.030389,0.0208148,0.0143935,0.0289113,0.0239012
0.0088742,0.00500951,0.0241638,0.0358831,0.0175168,0.00614527,0.00934402,0.0234857,0.0174767,0.013454,0.0210226,0.0182388
0.00999945,0.00532993,0.0159744,0.0393249,0.0287563,0.00806713,0.00776835,0.0176138,0.0144668,0.00824272,0.0228298,0.0183721
0.00843847,0.0054033,0.0121269,0.0194496,0.00947491,0.010124,0.0100936,0.0178849,0.0115449,0.00671622,0.0188193,0.0130676
0.0107549,0.00764984,0.00705817,0.0195615,0.0172975,0.013956,0.0133233,0.0150516,0.00920053,0.00892502,0.01471,0.0130821
0.00921188,0.00532065,0.0207193,0.0361699,0.0205008,0.0179951,0.0167197,0.0178549,0.0129577,0.00727795,0.0149503,0.01524
0.00598474,0.00468368,0.0284043,0.0610429,0.0375271,0.0133511,0.0142594,0.0182215,0.0115546,0.00452573,0.0159953,0.0145056
0.00493219,0.0043535,0.0196256,0.0434009,0.0288299,0.00923644,0.00732364,0.00891924,0.00775458,0.00627704,0.0144303,0.012401
0.00576014,0.00490604,0.0128495,0.0290288,0.013117,0.0081102,0.00871692,0.0124757,0.00883567,0.00609924,0.0129672,0.0109239
0.00675984,0.00753759,0.0179173,0.0356139,0.0167868,0.0094973,0.00781101,0.00894986,0.00652421,0.00676309,0.0100546,0.0115463
0.00925449,0.00950052,0.0246874,0.0448785,0.0333348,0.00767141,0.00782054,0.0170019,0.0132297,0.00970749,0.0200711,0.015363
0.00363108,0.00762728,0.0137582,0.0351782,0.0222973,0.00548497,0.00842454,0.0138099,0.0151157,0.0113347,0.00914066,0.00631246
0.0224708,0.0245377,0.0259776,0.0390092,0.0217552,0.00561102,0.00467673,0.00696927,0.00595461,0.00633755,0.0180315,0.0112366
0.0211052,0.0197365,0.0199869,0.0308829,0.0175452,0.00644624,0.00471113,0.00655859,0.00440685,0.00483944,0.0105003,0.0122316
0.00902196,0.0126938,0.00793589,0.0226497,0.0169208,0.014839,0.0118254,0.0116032,0.0155302,0.017495,0.0257949,0.0239895
0.0175842,0.0107585,0.0114525,0.0183292,0.021644,0.00979342,0.00868701,0.00854708,0.00900182,0.00735633,0.0148864,0.0160763
0.010242,0.0108688,0.0131159,0.0424491,0.0375227,0.0105774,0.00633091,0.0117849,0.0185943,0.0306078,0.0156655,0.00936224
0.0106124,0.01141,0.0105211,0.017873,0.0225969,0.0116742,0.00811272,0.0127145,0.0150531,0.0273923,0.0248582,0.00872585
0.0101641,0.0084261,0.0176773,0.0256245,0.0163625,0.00720165,0.00474203,0.0121045,0.0159457,0.0122568,0.0174551,0.0161854
0.00729443,0.00901685,0.0130711,0.025447,0.018596,0.00671339,0.00636427,0.013266,0.0165901,0.012993,0.0184379,0.0149856
0.0117308,0.0103209,0.0138539,0.0295475,0.0194585,0.0101502,0.0096591,0.0131104,0.0111839,0.008736,0.010025,0.00746496
0.00846093,0.00913639,0.0154295,0.0306462,0.0227251,0.0162118,0.0132782,0.00786126,0.0046891,0.0068427,0.00776827,0.00801076
0.010148,0.0164232,0.0227751,0.0217306,0.0182258,0.00707148,0.0137602,0.0120984,0.011524,0.0138044,0.0195086,0.0163837
0.00767929,0.0169433,0.0302909,0.0562403,0.0411867,0.0148072,0.0114566,0.0234241,0.0238477,0.0231902,0.0398685,0.029746
0.00916843,0.0124832,0.0370694,0.0569835,0.0385232,0.0124886,0.00827075,0.0193801,0.0232128,0.0240946,0.0261763,0.0161155
0.00783639,0.0115331,0.0306163,0.0521773,0.0344966,0.00879837,0.00821308,0.015996,0.0167451,0.0171688,0.0153165,0.0106324
0.00537462,0.0105225,0.0323146,0.0339823,0.0295626,0.0135976,0.00630768,0.0134942,0.0105424,0.0124716,0.0189063,0.0149236
0.0073669,0.0102248,0.0282485,0.0365223,0.0278268,0.00998972,0.00957463,0.0141183,0.0105364,0.00852532,0.0120487,0.00994426
0.00796127,0.0115953,0.0229968,0.0271337,0.0169118,0.00946369,0.00620466,0.0130879,0.0166584,0.0136713,0.0173952,0.0172457
0.010561,0.00818602,0.0169006,0.0179797,0.014001,0.00589904,0.00656469,0.0159697,0.0135608,0.00849682,0.0161537,0.0171412
0.00742992,0.00760436,0.0268341,0.0320997,0.0166368,0.00400328,0.00537502,0.00864435,0.00890074,0.00550145,0.014402,0.0218587
0.00488144,0.0071121,0.0152393,0.0275436,0.0191648,0.00587289,0.00655439,0.013172,0.0126948,0.0185166,0.0281063,0.0201887
0.0061095,0.00778009,0.0166159,0.0258722,0.0240787,0.0091,0.00765531,0.0188541,0.0131187,0.0308799,0.0309776,0.0145194
0.00847987,0.00790826,0.0152221,0.0245844,0.0166144,0.00781515,0.00546859,0.01108,0.0104576,0.0125107,0.0053245,0.0124486
0.00733593,0.00670285,0.00945403,0.0274869,0.0240883,0.00815405,0.00752061,0.0279243,0.0295048,0.0131652,0.0148169,0.0124635
0.00527587,0.00847997,0.0120812,0.0164797,0.0120771,0.00664125,0.00764962,0.017838,0.0196832,0.0141288,0.0148995,0.00882123
0.00811447,0.00561825,0.0120264,0.0306959,0.0200479,0.017241,0.0266074,0.0244718,0.0154062,0.0183667,0.0274893,0.0204059
0.00557505,0.00839899,0.0157551,0.0215707,0.0169918,0.0208711,0.030202,0.0230699,0.0176048,0.0163081,0.0156678,0.00901999
0.00494536,0.00878484,0.0152449,0.043221,0.0469182,0.0228599,0.0132022,0.0214826,0.0160811,0.0124776,0.0162113,0.0140583
0.00488328,0.0103512,0.0146178,0.0177182,0.0182288,0.00890684,0.00926297,0.0131925,0.0121449,0.00840504,0.0160014,0.0191919
0.00784177,0.0133808,0.0222741,0.0230026,0.0242708,0.00980186,0.0100332,0.0132057,0.00893784,0.0119258,0.0128749,0.00940097
0.00774099,0.00711865,0.0265918,0.0390097,0.027738,0.0141731,0.00652438,0.00870065,0.0124735,0.0137155,0.00734014,0.00699397
0.0131392,0.00957687,0.0151096,0.0196064,0.0161265,0.0104129,0.00762535,0.00842137,0.0105895,0.0115217,0.0179353,0.0196414
0.0484838,0.0473057,0.0156378,0.0383212,0.0301018,0.00979211,0.00655155,0.0121611,0.0135625,0.0102585,0.017893,0.0192578
0.00986862,0.00978881,0.0143185,0.0183697,0.0131568,0.00999879,0.00766455,0.0147619,0.0136734,0.00942362,0.00937406,0.0122044
0.0168649,0.0166495,0.0178272,0.0161533,0.0149946,0.010468,0.00923979,0.011434,0.00960608,0.0161261,0.0267407,0.0212224
0.00934739,0.00980078,0.0115099,0.0148848,0.0199317,0.0109335,0.00710231,0.00912373,0.00842553,0.0205911,0.0226438,0.0120783
0.0091799,0.00877381,0.0149875,0.0245498,0.0182553,0.00811772,0.00568368,0.0125958,0.0128054,0.0320757,0.0259147,0.00921646
0.00836228,0.00654063,0.010309,0.0181719,0.00893408,0.00513795,0.00654382,0.0131966,0.0264824,0.0519832,0.0248201,0.00778733
0.00868979,0.00863064,0.0162203,0.0124405,0.0081218,0.00756667,0.00855218,0.0182616,0.0229676,0.0258835,0.0186769,0.0147117
0.0154404,0.0160702,0.028011,0.0175269,0.0152754,0.0153932,0.0192423,0.0457302,0.0437047,0.0259172,0.0199956,0.0227728
0.00827593,0.00648347,0.0191509,0.0133244,0.0106554,0.00658896,0.0188435,0.0472008,0.0368774,0.0184167,0.0172134,0.0144503
0.00829464,0.00570514,0.0161264,0.0174367,0.00968218,0.00422244,0.00673993,0.0230036,0.0208395,0.0100073,0.0109973,0.0118685
0.00358292,0.00864556,0.016116,0.00867072,0.00437021,0.00448916,0.0132429,0.0356448,0.0237491,0.0143832,0.0106969,0.00753516
0.00937412,0.00781849,0.0142279,0.010971,0.00582801,0.00655192,0.0198019,0.0400649,0.0277883,0.0131822,0.0140947,0.014749
0.00416725,0.00456259,0.00969342,0.0080862,0.00559867,0.00627168,0.0142419,0.0281158,0.0187186,0.00884213,0.00430754,0.00757738
0.00923836,0.00568694,0.00872496,0.00710695,0.00548491,0.00518757,0.016281,0.043057,0.0265492,0.0076302,0.0171416,0.0165884
0.00396602,0.00555882,0.0108896,0.0066125,0.00321221,0.00399417,0.0150528,0.0326446,0.0210925,0.00819876,0.00947559,0.0108149
0.00959237,0.00956931,0.0119433,0.00867616,0.00476373,0.0044333,0.0147288,0.0342563,0.0235713,0.013179,0.00786384,0.0106942
0.00440791,0.00723046,0.0128343,0.0103824,0.00965405,0.0102903,0.0179399,0.0247088,0.0234112,0.0150208,0.0102684,0.00549174
0.00258936,0.00536439,0.0142443,0.0117986,0.0070304,0.00397285,0.0174113,0.0366338,0.0250923,0.00614007,0.0088343,0.00687192
0.00424141,0.00426518,0.0078863,0.00562334,0.00400172,0.00588668,0.0158148,0.0183034,0.0162808,0.0099142,0.0127036,0.0117259
0.00493957,0.00457462,0.00362597,0.00449746,0.007631,0.00643258,0.0173134,0.025863,0.0180306,0.00809067,0.00821256,0.00818828
0.00449448,0.00654494,0.00986542,0.00869834,0.00830353,0.0192729,0.0323397,0.0334353,0.0150721,0.00690454,0.00482131,0.00527196
0.00397704,0.00682487,0.00878651,0.00614144,0.00741434,0.0103178,0.0177813,0.0296239,0.0208774,0.00715741,0.00461916,0.00829884
0.00469075,0.00727618,0.0138193,0.0109292,0.0252074,0.0234779,0.0170574,0.0309489,0.0225514,0.00652913,0.00783835,0.0117416
0.00265232,0.00524136,0.00675449,0.00725196,0.0169708,0.0116372,0.0130938,0.0327945,0.018109,0.0018917,0.00545742,0.0117387
0.00587443,0.00774611,0.00907871,0.00607278,0.0107282,0.00867317,0.0118714,0.0212282,0.0132491,0.00674707,0.00664333,0.0104257
0.00406502,0.00749239,0.0202685,0.015683,0.0104758,0.00562784,0.0181973,0.0196902,0.0105614,0.00719194,0.00654997,0.0102481
0.0110108,0.0232532,0.0167676,0.00888239,0.00557393,0.00742984,0.0197033,0.0285086,0.014717,0.00515364,0.00526484,0.00679142
0.014869,0.013404,0.0155044,0.00836066,0.00444544,0.00755639,0.016006,0.0326479,0.0195593,0.00508164,0.00485665,0.0125655
0.00835934,0.00633581,0.00988227,0.00673435,0.00409974,0.00753483,0.0110648,0.0232417,0.0197595,0.00566636,0.00842123,0.0145591
0.0090693,0.0127009,0.0163946,0.00837417,0.00468906,0.00451474,0.0120639,0.0186144,0.0133536,0.0061805,0.0126267,0.0144217
0.00512572,0.0099085,0.00874507,0.00335324,0.0047241,0.00628474,0.012667,0.0303502,0.0277064,0.0188312,0.0126271,0.0112695
0.00768722,0.00783798,0.00656183,0.00495065,0.00332695,0.00514688,0.0178818,0.0288033,0.0173237,0.0285476,0.021324,0.00950982
0.00446253,0.00586847,0.0114102,0.00873688,0.00395297,0.00561331,0.0123892,0.0394647,0.0293092,0.0114459,0.0064589,0.00729974
0.00861337,0.0128525,0.024464,0.0137572,0.00616223,0.00811807,0.0109815,0.0256372,0.0234492,0.0171772,0.0155999,0.0171753
0.00727503,0.0156347,0.0282385,0.0137113,0.00635241,0.00847582,0.0193904,0.054896,0.0376286,0.017217,0.0138341,0.0119413
0.00644126,0.0147349,0.0404691,0.023443,0.00594466,0.00726911,0.00825643,0.0248559,0.0254366,0.0101427,0.0043725,0.00870309
0.0176472,0.0193479,0.026608,0.018011,0.005966,0.00238734,0.0155103,0.0247834,0.0121023,0.00761604,0.00922428,0.0144962
0.013433,0.0172496,0.0217851,0.0122915,0.00438418,0.00440079,0.0120015,0.0183356,0.0104137,0.00807749,0.00652462,0.00809282
0.0141803,0.0114402,0.0107349,0.00547243,0.00241312,0.00480814,0.010077,0.0118306,0.0132157,0.0103416,0.00782826,0.0198094
0.007504,0.00726609,0.0135167,0.00792954,0.00518596,0.00567839,0.0115577,0.0209753,0.0190572,0.00984897,0.00557325,0.0062585
0.00835895,0.00878128,0.014588,0.00802211,0.00358191,0.00341388,0.0108888,0.0208596,0.0193345,0.0131925,0.0237369,0.0223782
0.0022567,0.00474995,0.00984628,0.00724959,0.00541592,0.00603637,0.0129579,0.0273187,0.0147545,0.0114508,0.0108241,0.0106132
0.00708857,0.00853834,0.0134001,0.010369,0.00421091,0.00493319,0.0125716,0.0269838,0.027743,0.0302054,0.0242969,0.0221452
0.00174561,0.00515279,0.00768987,0.00841644,0.00548816,0.0059668,0.014745,0.0234567,0.0140709,0.0125853,0.00942262,0.00829775
0.00549235,0.00784501,0.0129387,0.00727855,0.0038811,0.00399496,0.0120257,0.0289801,0.0291414,0.0153421,0.0116284,0.0186727
0.00581481,0.00764876,0.0130505,0.0076369,0.0032975,0.00442272,0.0154733,0.0384232,0.0316365,0.0169459,0.0117902,0.0130735
0.00484864,0.00786861,0.0136644,0.0103261,0.00385206,0.00449415,0.00789383,0.0266212,0.0259364,0.00981771,0.00855533,0.010914
0.0107785,0.00514217,0.0105182,0.00624062,0.00523861,0.0102885,0.030356,0.0354478,0.0218781,0.0138199,0.0230909,0.0333668
0.00399206,0.00320713,0.00746845,0.00574554,0.00388014,0.0103963,0.0269197,0.0340488,0.025375,0.0113334,0.00835777,0.00975595
0.00204122,0.00266142,0.00620594,0.00486433,0.0150575,0.0127734,0.0223779,0.0417291,0.0241155,0.00832726,0.00972364,0.013338
0.00453444,0.00969815,0.0100094,0.0063373,0.0130518,0.00791366,0.013591,0.0219195,0.0177186,0.00525088,0.00868887,0.0142639
0.00633719,0.0123205,0.030016,0.0237941,0.00738114,0.00688479,0.014637,0.0272507,0.0181308,0.00840721,0.00903128,0.0119603
0.00913722,0.00952219,0.0082671,0.00777268,0.00998654,0.00941012,0.0149055,0.0223604,0.0147325,0.00735904,0.00918934,0.012998
0.0154532,0.0188082,0.0103925,0.0105242,0.00609242,0.00672228,0.0103371,0.0226919,0.0170428,0.00656824,0.0085023,0.0126664
0.0432562,0.0488671,0.0181621,0.00571672,0.00442611,0.00350133,0.00876081,0.0187763,0.0171999,0.00552392,0.00522227,0.0116977
0.00923723,0.00590631,0.0133489,0.00829055,0.00496337,0.00604036,0.00971884,0.0161382,0.0153433,0.0135907,0.027406,0.0273552
0.00806948,0.00897996,0.0136316,0.00932014,0.00630131,0.00969908,0.0166137,0.0309033,0.0202008,0.0207334,0.0381396,0.0259889
0.00853404,0.0130901,0.00758308,0.006915,0.00529229,0.00571567,0.0171062,0.0289947,0.0110473,0.032643,0.0231244,0.010761
0.00884172,0.0149117,0.00800317,0.00508311,0.00652868,0.00567773,0.0123985,0.0273841,0.0168309,0.0353033,0.0165697,0.0121824
0.00811698,0.010704,0.0138094,0.00857036,0.00391824,0.00478372,0.00709097,0.0206106,0.0242323,0.0189401,0.0184017,0.011623
0.00975628,0.0128986,0.0175311,0.0116268,0.00782528,0.00763122,0.0192182,0.0440735,0.025475,0.0102045,0.016414,0.0235301
0.0053161,0.00848052,0.0114029,0.00772192,0.00322281,0.0069085,0.0146973,0.0366678,0.0241578,0.0147919,0.0162801,0.0131009
0.00569946,0.0084963,0.0270557,0.0161882,0.0034895,0.00601809,0.0179751,0.037444,0.0231299,0.0145772,0.011797,0.00762239
0.00762554,0.00741116,0.0128281,0.0089067,0.00486781,0.00307912,0.0140021,0.0294339,0.0205284,0.0141692,0.00902423,0.0115563
0.00838077,0.00777823,0.00965165,0.00536528,0.00729763,0.00942749,0.0227148,0.0438187,0.0253288,0.00817989,0.00685908,0.0103324
0.00815084,0.00580845,0.0184866,0.0110127,0.0046631,0.00479363,0.0153871,0.03485,0.024798,0.0135219,0.0113812,0.0118184
0.00554743,0.0051776,0.00972934,0.00609935,0.0032979,0.00343991,0.0125568,0.0279682,0.0261452,0.0164237,0.0203638,0.0175846
0.00812069,0.00927001,0.0122218,0.00716341,0.0043133,0.00397125,0.0140852,0.0407908,0.026609,0.00913844,0.0222193,0.0228556
0.00484864,0.00400641,0.0118294,0.00883872,0.00364557,0.00434486,0.018386,0.037981,0.0186294,0.00929067,0.00942831,0.0113475
0.00356682,0.00624278,0.00837966,0.00441896,0.00230819,0.00508735,0.0239972,0.0316827,0.0135104,0.0132272,0.0108957,0.00743703
0.00237388,0.00678914,0.0119473,0.00734995,0.00483462,0.00431908,0.0192126,0.0373189,0.0217885,0.00900514,0.0108415,0.00899055
0.00380941,0.00690234,0.0109958,0.00576321,0.00218433,0.00267091,0.0140501,0.0299456,0.0219073,0.00893381,0.00436319,0.00459833
0.00294551,0.00412448,0.00744567,0.00425871,0.00297796,0.00404966,0.0174213,0.0377855,0.0231613,0.00886783,0.00655173,0.00433982
0.0025248,0.00764418,0.0118945,0.00581441,0.00600435,0.0155201,0.0171025,0.0288435,0.0178256,0.00800842,0.00686731,0.00662119
0.00637468,0.00591204,0.00994525,0.00695172,0.0057849,0.00567587,0.0155693,0.0313049,0.0234665,0.00992422,0.00709855,0.0086349
0.00402062,0.00559699,0.0111188,0.00508348,0.0131061,0.0102515,0.0271706,0.0559766,0.0333266,0.00854191,0.00689315,0.0128211
0.00272255,0.0028242,0.00951743,0.00853866,0.0162114,0.0115397,0.0167913,0.0252069,0.0133519,0.00762859,0.00676261,0.00917915
0.00243519,0.00540061,0.0144166,0.0152898,0.00621274,0.00332255,0.0184269,0.0328886,0.0161681,0.00621488,0.00380244,0.00351853
0.0117571,0.0130216,0.0214352,0.0127906,0.00519871,0.0041233,0.0110079,0.0241159,0.0213065,0.00891676,0.00326351,0.0113768
0.0170707,0.00614357,0.00391691,0.00398285,0.0047602,0.00498675,0.0144619,0.028002,0.0185752,0.00625271,0.00554452,0.0166148
0.00738953,0.0108916,0.00968155,0.00472991,0.00550046,0.00575656,0.0198495,0.0295511,0.0148482,0.00800596,0.00948404,0.00628576
0.00690357,0.00708863,0.0125349,0.00721675,0.0028932,0.00399366,0.0157022,0.021386,0.0176699,0.00752857,0.0143749,0.00901387
0.0120085,0.00540631,0.0100897,0.00676092,0.0048461,0.00687269,0.0138392,0.0224886,0.0185859,0.00653737,0.0068824,0.0119637
0.00733364,0.00700055,0.00582896,0.00500788,0.00365459,0.00478775,0.0100139,0.0135432,0.0113739,0.0107799,0.00718213,0.00512518
0.00445718,0.00497099,0.011079,0.00708058,0.00487461,0.00609719,0.0180597,0.0303609,0.0193111,0.016464,0.00916131,0.00495377
0.00444854,0.00815672,0.013231,0.00967121,0.00461933,0.00585226,0.0145704,0.0252309,0.0250525,0.00858329,0.0070416,0.00443137
0.00755721,0.0161053,0.0289923,0.0159563,0.00471308,0.00458556,0.0218178,0.0393295,0.0244067,0.0138597,0.00766008,0.00609443
0.00628398,0.0186697,0.0591577,0.0390263,0.00650285,0.0102549,0.0130724,0.0276488,0.0235545,0.0128739,0.0131088,0.0152891
0.0053014,0.00980394,0.0297175,0.0219384,0.00636706,0.00921309,0.0163081,0.0320606,0.0282809,0.0110661,0.00733227,0.00710764
0.00680125,0.0088933,0.0130981,0.00806353,0.00322257,0.00737983,0.0179252,0.0396306,0.0348684,0.0110766,0.00598457,0.00761703
0.00659841,0.00399066,0.0112372,0.00930511,0.00331705,0.00804674,0.0297967,0.0497269,0.0364415,0.0152982,0.00587992,0.0106475
0.00298819,0.0062009,0.00850453,0.00631879,0.00350687,0.00657335,0.0266738,0.039081,0.0233298,0.00384323,0.00663482,0.00844537
0.0050437,0.00751912,0.0153941,0.00979852,0.00418815,0.0051706,0.0215564,0.0332985,0.0201567,0.00548006,0.004847,0.00474583
0.00471987,0.0057916,0.00960013,0.00761216,0.00176698,0.00561532,0.0164384,0.0367789,0.0254708,0.00845373,0.00883795,0.0107781
0.00540288,0.0122366,0.0195593,0.00883298,0.00353695,0.00654194,0.0155782,0.0311654,0.0259508,0.0104465,0.0081043,0.0113065
0.00631468,0.01841,0.0464935,0.0275313,0.00521398,0.00521645,0.0224941,0.0312461,0.0214932,0.0140937,0.00942469,0.0103944
0.00871165,0.0161881,0.0369661,0.0174756,0.00524576,0.00926875,0.0173488,0.0271169,0.026645,0.0222111,0.0120369,0.0125592
0.0104684,0.0182282,0.03667,0.0246755,0.00768034,0.00507248,0.0133265,0.025368,0.0187165,0.0180763,0.0139333,0.0115179
0.00429564,0.013547,0.029771,0.0190687,0.00439806,0.00710067,0.011031,0.0238371,0.0179935,0.0140822,0.0110843,0.0111659
0.00553804,0.0100607,0.0127071,0.0111725,0.00620965,0.00540992,0.0142935,0.0208654,0.02333,0.0143365,0.00687632,0.00762438
0.00701379,0.0121883,0.0262577,0.0161206,0.00603446,0.00598287,0.0143237,0.0317097,0.0274483,0.0134747,0.00927841,0.016969
0.00313635,0.0120246,0.0239923,0.0143038,0.005342,0.00667487,0.0206431,0.0419942,0.0279428,0.0104337,0.0134985,0.016673
0.00628847,0.0150744,0.0275911,0.0154757,0.0037594,0.00454956,0.0215537,0.0543274,0.0358535,0.00861421,0.0101533,0.0141483
0.00796598,0.0111203,0.0122904,0.00738581,0.00503196,0.00741079,0.0131942,0.0295781,0.0342233,0.0170867,0.0108012,0.0143608
0.0102464,0.0191666,0.0459947,0.0295543,0.00510074,0.00592112,0.0137042,0.0220528,0.02216,0.0150237,0.0132389,0.0169495
0.00928095,0.0367798,0.0590033,0.0278427,0.00545847,0.00434628,0.015012,0.0277232,0.0271674,0.0215872,0.012937,0.0106417
0.00435954,0.0172182,0.0443131,0.0295458,0.00780195,0.00440629,0.0129509,0.0231667,0.0199167,0.0185571,0.0103808,0.00970172
0.00496649,0.0137505,0.0317869,0.0192337,0.00379499,0.0053282,0.0158397,0.0357915,0.029433,0.0154558,0.0100373,0.00542782
0.0071403,0.011446,0.0173045,0.012686,0.00439401,0.00814742,0.0152076,0.0485904,0.0431545,0.0184578,0.00934988,0.0119218
0.00553932,0.0120572,0.0173645,0.0117279,0.00419548,0.00850967,0.0133718,0.0322564,0.0208432,0.0157051,0.010859,0.00981176
0.0039122,0.0096683,0.0250287,0.0150054,0.00481485,0.005275,0.0103556,0.030614,0.0239465,0.0140196,0.0111795,0.00701112
0.00313612,0.0125221,0.0248504,0.0117086,0.00360161,0.00523433,0.0170748,0.0339926,0.0249937,0.0129383,0.00817643,0.00520806
0.00386946,0.0107383,0.0156582,0.00663574,0.00575845,0.00881423,0.0126003,0.0222011,0.0143315,0.013719,0.00741888,0.00585383
0.00796199,0.00982511,0.024128,0.0171742,0.00643685,0.00912294,0.0201994,0.0243274,0.0193952,0.0194962,0.0144638,0.0118849
0.00547078,0.0183854,0.0388132,0.0237586,0.00575204,0.0115506,0.0343923,0.0376012,0.0245201,0.0299662,0.0194442,0.013469
0.00816318,0.0395701,0.0697493,0.0292867,0.00542801,0.00838342,0.0285108,0.0234536,0.0224976,0.0319891,0.0139195,0.00709298
0.00866488,0.037967,0.0650809,0.032226,0.00379683,0.00614443,0.0238726,0.0276175,0.0161525,0.0203443,0.0159598,0.00809475
0.00906562,0.0178697,0.0531382,0.0322471,0.00546573,0.00831228,0.019598,0.0214138,0.0166476,0.017075,0.0132507,0.00972212
0.00540183,0.0193088,0.0450265,0.0247045,0.00444909,0.00770171,0.00958777,0.0176497,0.0172332,0.0191197,0.0231223,0.0143372
0.0090394,0.0143926,0.0259192,0.0169482,0.00510222,0.00661914,0.0119719,0.0157486,0.0144496,0.0270197,0.027059,0.0136771
0.0234555,0.024717,0.031352,0.0162672,0.00543178,0.00802133,0.0125592,0.0150749,0.0122881,0.0163089,0.0152168,0.0155905
0.0155517,0.0212057,0.0330693,0.0172467,0.00662261,0.00721235,0.00890758,0.00943769,0.00537691,0.0144576,0.00962576,0.00607758
0.0224999,0.034111,0.0490311,0.0280878,0.00705603,0.011154,0.0122243,0.00821583,0.00860427,0.0115122,0.0176839,0.02279
0.0150756,0.018474,0.0262205,0.0145238,0.00618538,0.00909955,0.0130063,0.0144404,0.0139952,0.0240876,0.0136569,0.0112953
0.0443754,0.0344211,0.0179149,0.0172188,0.0144418,0.00999106,0.00704986,0.00989006,0.0137001,0.0193333,0.015939,0.0172719
0.00899952,0.0115611,0.0150641,0.0107768,0.00932938,0.00677899,0.0102607,0.00828623,0.00800567,0.0167048,0.0118462,0.00878614
0.0153557,0.0138037,0.0206392,0.0159,0.00678632,0.01093,0.020804,0.01624,0.0062401,0.0125203,0.00851445,0.0105796
0.0115848,0.0099626,0.0149137,0.0106323,0.00886074,0.00588845,0.0126597,0.0117343,0.00680782,0.0105167,0.00645292,0.00813778
0.00768987,0.00818119,0.00873501,0.00589639,0.00817248,0.00972397,0.0295156,0.0262577,0.0118788,0.0126866,0.00797168,0.00956115
0.00638065,0.00623741,0.0169697,0.012383,0.0122876,0.0108961,0.0118524,0.015705,0.0113507,0.0129699,0.0112954,0.0120343
0.00795851,0.00954098,0.023136,0.0153262,0.00552204,0.00838936,0.0144143,0.0116842,0.0216041,0.0374281,0.0165544,0.00798969
0.00645848,0.014987,0.0309867,0.0187774,0.00413578,0.0110464,0.0171431,0.014303,0.0169414,0.050953,0.0336778,0.00861234
0.00873146,0.0124371,0.0181829,0.0126848,0.00660439,0.0104783,0.0223188,0.0169955,0.00925645,0.0399896,0.0261285,0.00613395
0.00925288,0.00839874,0.01773,0.0156885,0.0064482,0.00901341,0.00828758,0.00792652,0.0249359,0.04562,0.0219214,0.0079806
0.00654963,0.00926834,0.0192673,0.016811,0.00704344,0.00509592,0.0117041,0.00742531,0.0112341,0.013876,0.0108571,0.00514145
0.00565151,0.00994223,0.0151085,0.0123665,0.00308962,0.00503347,0.00586184,0.00571856,0.00749784,0.0206733,0.0158035,0.00724804
0.00762682,0.0126737,0.020454,0.0130583,0.00312378,0.0065493,0.0105864,0.00878364,0.0100311,0.0134642,0.00863487,0.00557497
0.00547305,0.00892304,0.0237348,0.0145747,0.00243522,0.00832144,0.0171208,0.011732,0.00893473,0.0163044,0.00950322,0.00557501
0.00420178,0.00604128,0.0108307,0.00899335,0.00330935,0.00461059,0.00682198,0.00991368,0.00955991,0.0154911,0.0115587,0.00502348
0.00466097,0.00538315,0.00706258,0.00440446,0.00461283,0.00572808,0.00840159,0.00859456,0.0104569,0.0189037,0.0120109,0.00447278
0.00537457,0.00940223,0.0165417,0.0104966,0.00613027,0.00912172,0.01372,0.0114335,0.00808669,0.0105954,0.00790202,0.00806484
0.0114577,0.0122616,0.0200434,0.0160048,0.00875936,0.0086271,0.0102902,0.00706619,0.0122672,0.0189858,0.00949865,0.0101036
0.0125915,0.0250371,0.0472439,0.0323821,0.00984647,0.00764846,0.0154689,0.00887674,0.0110489,0.00896584,0.00797045,0.00927438
0.00939012,0.0122542,0.0316254,0.0169046,0.00683758,0.00881887,0.0180684,0.0105215,0.0191177,0.052926,0.0354218,0.0127664
0.0174602,0.0102564,0.0246879,0.0116178,0.00596753,0.0100342,0.0221457,0.0154692,0.0334579,0.0832886,0.0487748,0.00991514
0.00800772,0.00870782,0.0168172,0.0145455,0.00797415,0.00595768,0.0132959,0.0119343,0.0151296,0.033418,0.0195125,0.0117604
0.0149821,0.00966472,0.0110169,0.00693183,0.00601048,0.00976359,0.00830245,0.00993084,0.0119699,0.0181414,0.0457936,0.0418445
0.0190717,0.01216,0.0151959,0.0101142,0.00547421,0.00681603,0.01089,0.0151378,0.0158174,0.0338227,0.0418748,0.0260306
0.062753,0.0327911,0.0186304,0.0090537,0.00541,0.00760774,0.0119674,0.0144482,0.0161502,0.0202935,0.0149081,0.0356922
0.0567393,0.0317752,0.0188144,0.0133936,0.00642653,0.00943275,0.0128551,0.0143897,0.0145643,0.0166982,0.0260615,0.0445743
0.0298258,0.0295583,0.0373488,0.0197229,0.00438023,0.00741279,0.0136056,0.0105351,0.00712011,0.0150565,0.0071114,0.0144486
0.0162077,0.0111281,0.022282,0.0138272,0.00529202,0.0032857,0.00724697,0.010846,0.0115155,0.0124781,0.0104888,0.0100875
0.00873754,0.0191052,0.0305822,0.0141613,0.0123036,0.0113074,0.0129912,0.00915198,0.00989249,0.0188361,0.0126139,0.0106838
0.0156994,0.0143736,0.0248708,0.0145889,0.0121197,0.0120565,0.0114079,0.00934069,0.00820347,0.0116658,0.00812936,0.0112313
0.00950593,0.0103746,0.0114765,0.00766854,0.00755485,0.0112508,0.0182593,0.0105929,0.00698434,0.0145114,0.0186367,0.0112912
0.0082598,0.0103903,0.0212674,0.0111798,0.0095626,0.00824023,0.00770092,0.00609067,0.00824894,0.00753327,0.0159172,0.0167411
0.0101478,0.00744778,0.0136325,0.00762212,0.0151188,0.0125215,0.00791006,0.0110225,0.00684885,0.00835922,0.00996868,0.014437
0.00998572,0.00561169,0.0104467,0.00732735,0.00702482,0.00510998,0.0159446,0.0187208,0.0117159,0.00966441,0.00993102,0.012722
0.0145503,0.015649,0.0230396,0.011007,0.00601605,0.0046546,0.0160718,0.0148622,0.00650073,0.0301706,0.0287209,0.0151371
0.0115568,0.00583542,0.0176129,0.0103677,0.00686763,0.0146879,0.0185279,0.0140736,0.0181787,0.0434834,0.0365743,0.00964859
0.010128,0.0116554,0.0155019,0.00950915,0.00624292,0.0102488,0.0173988,0.0122698,0.0162166,0.0342898,0.0175384,0.00810046
0.00763315,0.00770477,0.0161258,0.00799728,0.0059294,0.0109064,0.020984,0.00961658,0.00992362,0.0150601,0.00948053,0.00906071
0.0128842,0.0142554,0.0166222,0.00918813,0.00895322,0.00722449,0.00827617,0.00865837,0.00747724,0.0186335,0.011126,0.00827695
0.00835914,0.00754412,0.0111356,0.00906032,0.00401316,0.00306653,0.00650526,0.00888852,0.00604566,0.0118363,0.00932721,0.00521655
0.0118512,0.0134016,0.0193015,0.0125205,0.00261935,0.00519524,0.0104335,0.0118131,0.00931534,0.0128066,0.00695058,0.00624325
0.0116949,0.0131965,0.0154368,0.00800605,0.00367867,0.00649704,0.0110404,0.0112936,0.0121941,0.0132041,0.00609173,0.00444648
0.0122271,0.0125865,0.0177806,0.0098962,0.00521465,0.00745433,0.0100119,0.00526735,0.00848645,0.0141541,0.0102726,0.00811963
0.0151234,0.0142592,0.0179992,0.0144616,0.00683354,0.00529195,0.00884315,0.00523204,0.0113936,0.0227133,0.0114515,0.0106714
0.0116437,0.00968681,0.012453,0.0128735,0.00421733,0.00679485,0.0122934,0.0095171,0.0151414,0.0289663,0.0160534,0.00792654
0.00660436,0.00644639,0.00833873,0.00718285,0.00509727,0.0079331,0.00958286,0.00945114,0.00732261,0.015613,0.0171958,0.0135874
0.00479903,0.00926328,0.0150588,0.00772812,0.0056595,0.0100263,0.010879,0.00829594,0.0127348,0.0157304,0.025353,0.0221006
0.00931912,0.00888404,0.0199072,0.0141134,0.00475604,0.00673022,0.0145497,0.0230155,0.0158984,0.0217459,0.0573737,0.0452861
0.0093997,0.0137842,0.024237,0.0135476,0.00527357,0.00930034,0.0142768,0.00892227,0.0119218,0.0208498,0.042683,0.0245483
0.036692,0.0346605,0.0282608,0.0109573,0.00489598,0.00953115,0.0100812,0.0176616,0.0120424,0.0109092,0.0250326,0.0247748
0.0138702,0.0162968,0.0114298,0.00987654,0.00559681,0.00892008,0.0060447,0.00965209,0.00809177,0.0066352,0.0157598,0.0115983
0.00812551,0.0148727,0.0252897,0.0139339,0.00458524,0.00844974,0.00910547,0.011586,0.0095932,0.0185555,0.0256228,0.0137981
0.0137916,0.012838,0.00886048,0.00827664,0.00362851,0.00549186,0.00527893,0.0104961,0.00677261,0.011536,0.0247369,0.0174741
0.0187191,0.0208061,0.0149753,0.0201586,0.00914812,0.00541192,0.00702684,0.00683365,0.00647342,0.0123796,0.0235182,0.0165383
0.00743159,0.0123023,0.0213571,0.0139893,0.00367333,0.00626544,0.00690828,0.00528488,0.00925076,0.0101724,0.017742,0.0119475
0.00868294,0.0065628,0.0130314,0.015069,0.00629253,0.00784787,0.0217285,0.0183748,0.0110241,0.0126398,0.0135267,0.0169492
0.00790526,0.00756533,0.0162787,0.0139527,0.00761859,0.0148892,0.0241419,0.0189241,0.00949834,0.00889681,0.0091648,0.0156794
0.00817444,0.00859698,0.0109836,0.00741246,0.00657837,0.00501134,0.0155096,0.0134871,0.00882586,0.0110697,0.0224495,0.0177069
0.00990147,0.00926634,0.0158258,0.0118919,0.00434927,0.00790898,0.0154773,0.0158026,0.0115371,0.0149653,0.0139601,0.01394
0.00639602,0.00910377,0.0124611,0.00963762,0.00332697,0.00881943,0.0176727,0.0195072,0.0183734,0.0404832,0.0350284,0.015683
0.00555299,0.00700548,0.0109569,0.00818707,0.00625871,0.00699121,0.0198514,0.0144321,0.00944832,0.0153474,0.0151239,0.0180162
0.0087419,0.00501185,0.0121683,0.0107458,0.00430903,0.00734595,0.0130385,0.0216348,0.0162635,0.0128633,0.0264183,0.0234422
0.00544549,0.00556466,0.013256,0.0119156,0.00355472,0.00379108,0.0101129,0.0275568,0.019308,0.0208348,0.0523085,0.0389479
0.00761558,0.0116308,0.0243773,0.0155281,0.00423201,0.00567273,0.0128909,0.0153513,0.00729927,0.0114122,0.0151784,0.0162336
0.00467999,0.00849999,0.020326,0.0118144,0.00193063,0.00677543,0.0129586,0.0156262,0.0103775,0.0156244,0.0182495,0.0118191
0.00441101,0.00542934,0.0114084,0.00708187,0.00498087,0.00614767,0.0107981,0.0171826,0.0100808,0.0202966,0.0328539,0.0190666
0.00524382,0.00861054,0.0150417,0.00884603,0.00555287,0.0086948,0.0052621,0.0116485,0.00651263,0.0172516,0.0239893,0.0172109
0.0032963,0.00808919,0.0172048,0.0123007,0.00389837,0.00412535,0.00635526,0.0126074,0.00939883,0.0173174,0.0120119,0.00737687
0.00273402,0.00385427,0.00738749,0.00689829,0.00587874,0.0127322,0.00920911,0.00855976,0.0102428,0.0148995,0.0284535,0.0199406
0.00382979,0.00612333,0.00930975,0.00744051,0.00464929,0.00652515,0.00908436,0.0074124,0.00501634,0.0117996,0.0228344,0.0109038
0.00469759,0.0074479,0.0104918,0.00858488,0.00717485,0.00665788,0.0094216,0.0124891,0.0101324,0.0142483,0.0196758,0.00908135
0.00282515,0.0100962,0.0182636,0.011678,0.00344633,0.00381622,0.00726355,0.011088,0.0106892,0.0107943,0.0124052,0.00971641
0.00516581,0.0128099,0.0326268,0.0224939,0.0096997,0.00912621,0.0134894,0.013237,0.00928337,0.0112223,0.0125574,0.0104341
0.00467424,0.0146038,0.0290938,0.0182158,0.00978487,0.0154839,0.0296755,0.0235272,0.0140644,0.0139176,0.0125143,0.00879641
0.00651787,0.0161843,0.0496667,0.0330164,0.0125333,0.0150635,0.0459482,0.0348907,0.0124195,0.0237739,0.023446,0.0153059
0.00500932,0.0177112,0.0443928,0.0267643,0.0063333,0.00798875,0.0218911,0.0214213,0.020483,0.0295605,0.0148588,0.00702688
0.00336249,0.00993402,0.0182111,0.0130411,0.0170915,0.0101226,0.0156024,0.0145777,0.0106148,0.0136553,0.012299,0.00823238
0.00634076,0.0150671,0.0267233,0.0159825,0.0172816,0.0107965,0.0131172,0.0103373,0.0166164,0.0312663,0.015709,0.0100654
0.00228377,0.0112807,0.0318369,0.017379,0.0134324,0.0115412,0.0202121,0.0164389,0.013053,0.0242836,0.0141474,0.00668097
0.00736196,0.0156405,0.0215431,0.0123444,0.00963192,0.0117588,0.00820645,0.00753649,0.0109722,0.0144145,0.0134443,0.00672431
0.00592079,0.0110644,0.0234168,0.016439,0.00856775,0.00949177,0.0121901,0.0146393,0.0142976,0.0118638,0.0177157,0.0127488
0.0131086,0.0121769,0.0178074,0.0131424,0.00446804,0.00394326,0.00885687,0.0242158,0.0223254,0.0134051,0.0131569,0.0206625
0.00717617,0.011372,0.0140232,0.0111024,0.00597776,0.00824822,0.0167887,0.0187931,0.0174494,0.0300191,0.0178695,0.00764365
0.00923687,0.0170122,0.0225472,0.0105695,0.00861783,0.00582887,0.0127452,0.0133778,0.0221396,0.0278792,0.0268318,0.0107031
0.0104954,0.0124287,0.0146434,0.0109089,0.00844113,0.00705225,0.0100826,0.0148244,0.0168493,0.0225538,0.0176147,0.0115343
0.00490725,0.0109094,0.0118134,0.00578576,0.00772384,0.00600512,0.00847407,0.00852409,0.0127468,0.0229295,0.0114852,0.0178278
0.0202731,0.0137247,0.0113061,0.00616084,0.00864326,0.00647378,0.00595135,0.00830775,0.00967776,0.0167822,0.0238337,0.0171546
0.030967,0.0403976,0.0174312,0.00738643,0.00825116,0.00959015,0.0131241,0.0123395,0.00844147,0.015841,0.0132313,0.00905728
0.00866772,0.00696528,0.0139358,0.0108196,0.00780919,0.00811863,0.0199404,0.0170942,0.0128038,0.0258484,0.0235091,0.012261
0.00739494,0.0158867,0.0391805,0.0296796,0.00860021,0.0271982,0.0441164,0.0203844,0.00984005,0.0184832,0.0168704,0.00651908
0.00415755,0.0118313,0.0449345,0.0350889,0.00892227,0.0121756,0.0204177,0.0131941,0.0106987,0.0182064,0.013476,0.00436786
0.00617373,0.00777352,0.0189259,0.0116611,0.00530198,0.0103785,0.0186559,0.0116066,0.00678896,0.012862,0.00754431,0.00356901
0.00632824,0.00815992,0.020906,0.014981,0.00840118,0.00534181,0.0127315,0.00808935,0.00621654,0.00733372,0.00779048,0.00615802
0.00616092,0.00857665,0.0152613,0.00884219,0.00457832,0.00405219,0.0113449,0.00847505,0.0102764,0.0211922,0.0178445,0.00775076
0.00304372,0.00885135,0.0145494,0.00923718,0.0105194,0.00637024,0.00775406,0.00421876,0.0026543,0.0116186,0.0102588,0.00494389
0.00654288,0.00760351,0.013894,0.0099525,0.00539491,0.00272951,0.0100164,0.00861875,0.00541959,0.00991434,0.0104551,0.00614353
0.00528211,0.00690456,0.0164135,0.00953803,0.00508621,0.00601186,0.00768541,0.00740901,0.00862702,0.0127227,0.0116536,0.00606177
0.00513536,0.00876857,0.0141922,0.00832575,0.00580028,0.0056697,0.00574062,0.00605753,0.00873217,0.0125138,0.00912199,0.00550522
0.00523442,0.0102108,0.01874,0.014091,0.00648192,0.00549516,0.00870498,0.00689465,0.00958021,0.0131759,0.00634639,0.00820346
0.00522686,0.00788034,0.0158353,0.0144005,0.00910594,0.00680361,0.00716875,0.00881069,0.00949983,0.0118469,0.00458008,0.00692387
0.00713955,0.0158401,0.0277222,0.0158892,0.00605372,0.00707308,0.0173576,0.0130008,0.00967747,0.0148062,0.0121482,0.0132028
0.00476052,0.0147699,0.0373821,0.0285092,0.0119837,0.00966658,0.0116537,0.00713224,0.00843108,0.0189173,0.0168816,0.0112967
0.00584415,0.0139247,0.0480783,0.0387678,0.00951353,0.00794216,0.014633,0.0108289,0.0113455,0.0178913,0.0118231,0.00953098
0.00696131,0.0155783,0.0313924,0.0227451,0.00570474,0.00767526,0.011131,0.0084258,0.013095,0.0234893,0.0118511,0.00784643
0.00366946,0.00964628,0.0177454,0.0162823,0.0151735,0.0109565,0.00965357,0.0059014,0.00815672,0.0212195,0.0159959,0.00793662
0.0069147,0.006438,0.0145996,0.00960569,0.0109702,0.00619906,0.00797627,0.00684074,0.0145487,0.0190905,0.00845025,0.0137804
0.00381291,0.00979177,0.0151834,0.0122216,0.0048002,0.00698789,0.00987482,0.00671326,0.0139492,0.0223579,0.0172239,0.0102962
0.00617691,0.0108377,0.0247727,0.0152739,0.00886518,0.0126967,0.0177664,0.01163,0.0107208,0.0139997,0.0198336,0.0130435
0.0157626,0.0198397,0.0304151,0.0176133,0.00521096,0.00484291,0.0106249,0.00858549,0.0122361,0.018247,0.0138543,0.0122021
0.00741225,0.0200799,0.0346952,0.021338,0.00433007,0.00435852,0.0131326,0.0142488,0.014084,0.0131818,0.00778042,0.00442881
0.0116003,0.0175049,0.0251901,0.0147348,0.00556393,0.00908289,0.0163575,0.018966,0.0207792,0.0245955,0.0130577,0.00730297
0.00848284,0.00924974,0.020401,0.016836,0.0029043,0.00741419,0.0133754,0.0110564,0.0171585,0.0255507,0.00984595,0.00456283
0.00596497,0.00661691,0.0216012,0.0167045,0.00357642,0.00570397,0.00725069,0.0106095,0.0166817,0.0158811,0.00649595,0.00783316
0.00851747,0.00716173,0.0163244,0.0131334,0.00617247,0.00348597,0.00815789,0.00723874,0.00979787,0.0246935,0.0292288,0.0166972
0.0118587,0.010959,0.0176973,0.0136688,0.00567162,0.00483791,0.012511,0.0140779,0.013626,0.016359,0.00531227,0.0173277
0.00962757,0.0186049,0.0174782,0.012874,0.0059421,0.00389352,0.00329488,0.00333368,0.00577794,0.013153,0.0115874,0.00962195
0.00934246,0.0138333,0.027397,0.0177012,0.00307017,0.00965904,0.0254298,0.0183713,0.00640932,0.0148411,0.00488584,0.00711677
0.00862737,0.0189608,0.0498726,0.0399048,0.0102964,0.0185561,0.0257488,0.012267,0.00510545,0.00886951,0.00759163,0.0047049
0.0079314,0.0154803,0.0361761,0.0214643,0.00330302,0.00944529,0.0190318,0.0120833,0.00659451,0.0103381,0.00666023,0.0086073
0.0036803,0.00672657,0.0166762,0.0112005,0.00598122,0.00565649,0.0101051,0.00965563,0.00749497,0.00633665,0.0061974,0.0046399
0.00551819,0.00577394,0.010676,0.00779443,0.00370181,0.00647761,0.00798618,0.00584698,0.0096557,0.0142139,0.00651409,0.00561109
0.00701702,0.0115103,0.0167452,0.0106352,0.00379417,0.00646936,0.0120058,0.00808037,0.0105049,0.0120501,0.00576607,0.00597277
0.00215752,0.00696536,0.0147761,0.00966378,0.0062639,0.00583578,0.00514087,0.00464035,0.0151163,0.0331804,0.0188275,0.00570842
0.00246942,0.00490328,0.0141314,0.0109141,0.00327453,0.00572954,0.00675351,0.00372914,0.00675942,0.0132784,0.0089987,0.00489581
0.00308632,0.00768195,0.0218359,0.0144494,0.00617921,0.00755453,0.0114877,0.00766269,0.00674617,0.0151919,0.00823344,0.0023999
0.0039456,0.00487634,0.0132402,0.0139416,0.00776661,0.00903326,0.0102177,0.00665311,0.00819634,0.0178672,0.011122,0.00671158
0.00800195,0.0127606,0.0255123,0.0155287,0.00503773,0.0089432,0.0156605,0.0102856,0.00577422,0.0118561,0.00735995,0.0036842
0.00618191,0.00813606,0.0203755,0.0157683,0.00399962,0.0073474,0.0135463,0.0101184,0.00679222,0.0118291,0.00734866,0.00696166
0.0101758,0.0137388,0.0235526,0.0152113,0.00790661,0.0108776,0.0201083,0.0140014,0.00766052,0.0168293,0.0126647,0.0093741
0.0102049,0.0155269,0.0306314,0.0154961,0.00813429,0.0101279,0.0173648,0.0156884,0.0139491,0.0186165,0.018115,0.0164623
0.0178291,0.0147378,0.0210847,0.0109812,0.00920016,0.00785921,0.0105274,0.0140062,0.0139853,0.0260295,0.0212668,0.0221382
0.0207655,0.0170183,0.0219949,0.0143182,0.00600331,0.00745718,0.0128196,0.0228073,0.0281861,0.0382282,0.0279413,0.0150622
0.00874526,0.00902086,0.016876,0.0106405,0.00338443,0.00514279,0.00571279,0.00698437,0.0063531,0.0100589,0.020472,0.0184057
0.0420072,0.0280291,0.0127001,0.00529757,0.00165383,0.00532625,0.0085241,0.00835482,0.00919688,0.00695979,0.0190409,0.0244823
0.0514446,0.0373339,0.0272988,0.0149555,0.00483492,0.00629449,0.00821953,0.00933445,0.0136408,0.0212529,0.0181355,0.0295092
0.00959579,0.0151146,0.0175073,0.0115191,0.00503569,0.00613339,0.00755367,0.00967223,0.0133041,0.0197305,0.0173038,0.0201615
0.0207843,0.0202623,0.029333,0.0191174,0.0069346,0.00355689,0.00611481,0.00952049,0.0156632,0.0188209,0.0146852,0.0176101
0.0120596,0.0180406,0.0170428,0.00986304,0.00400182,0.00665905,0.00910559,0.00742489,0.00885149,0.0126312,0.00967313,0.00622304
0.0156106,0.0181486,0.0198083,0.0121998,0.0222239,0.0128368,0.00633203,0.00635457,0.00743056,0.0108835,0.0103396,0.0146931
0.0146942,0.0131885,0.0199304,0.0102977,0.0174471,0.0129755,0.00785203,0.0063505,0.00611844,0.00790484,0.0071795,0.011479
0.0195022,0.0106665,0.00950466,0.00572771,0.00767658,0.0108753,0.0178031,0.0176456,0.00863017,0.012005,0.0150929,0.0206883
0.0169401,0.0114235,0.0120707,0.00956145,0.0150074,0.00876864,0.0147399,0.0136224,0.00834518,0.0130548,0.00856442,0.0191209
0.00759103,0.00788103,0.0135824,0.00783574,0.00769397,0.0040193,0.0115099,0.020059,0.0158954,0.0166673,0.0102703,0.00601126
0.00844298,0.0064483,0.0150462,0.00847675,0.00401146,0.00687689,0.0153241,0.0214964,0.0172832,0.012911,0.00582291,0.00942147
0.0157121,0.00908549,0.0114546,0.00536825,0.00448021,0.0115131,0.017725,0.013167,0.018231,0.0209508,0.014199,0.0115755
0.0110329,0.0068245,0.00705485,0.00630409,0.00555345,0.00789316,0.0129562,0.0129545,0.0102419,0.0361135,0.0287198,0.0113918
0.00682549,0.00787483,0.00966339,0.00649943,0.00459266,0.0047257,0.0150371,0.0124852,0.0182776,0.0429272,0.0270807,0.00690482
0.00419552,0.0139787,0.0184263,0.0121752,0.00438157,0.00743971,0.015231,0.0115451,0.00847672,0.0182903,0.0113319,0.00372077
0.013135,0.0114548,0.0176496,0.0126763,0.00659509,0.00371044,0.00793815,0.0120355,0.0121679,0.018336,0.00962812,0.0105935
0.0120587,0.00975389,0.0197242,0.0130752,0.0106343,0.00591626,0.00561489,0.0101027,0.010379,0.0325376,0.0202609,0.00877294
0.0164927,0.0105858,0.0119072,0.00753884,0.00594966,0.00556964,0.00803465,0.00728649,0.00895925,0.0187584,0.00841749,0.00985583
0.0109246,0.00618071,0.0145377,0.0068333,0.00634329,0.00992545,0.0154995,0.010502,0.00744305,0.0130892,0.00758343,0.00909628
0.0120278,0.00816377,0.00922221,0.00704137,0.00444592,0.00460516,0.00884415,0.00999677,0.0106869,0.0185009,0.0109935,0.00980694
0.0135165,0.00988814,0.00629815,0.00732498,0.00647983,0.00577141,0.0213206,0.0350324,0.0195292,0.011266,0.00898577,0.00980428
0.00741904,0.0081188,0.0146491,0.0114029,0.00377791,0.00722538,0.0193013,0.0435675,0.0287872,0.0144011,0.00986223,0.00914283
0.00777676,0.00915019,0.0184615,0.014549,0.00933758,0.0108426,0.0177838,0.0216123,0.0178087,0.0152622,0.00753588,0.00679467
0.00864267,0.00823827,0.0226686,0.0134125,0.00717534,0.0077956,0.0108981,0.0161116,0.0218379,0.0274727,0.0259757,0.0178997
0.00433896,0.00930189,0.0194599,0.012257,0.00857506,0.00989777,0.00804257,0.00769469,0.0203042,0.0457269,0.0672673,0.0419722
0.0148594,0.00929288,0.0105014,0.0105357,0.00929206,0.0110615,0.0110934,0.0109885,0.0113291,0.0175202,0.0252405,0.0230892
0.0635424,0.0423228,0.0163608,0.0112588,0.0062702,0.00460249,0.0100947,0.0188434,0.0140099,0.0146395,0.0290061,0.020787
0.0322407,0.0201351,0.00614959,0.00639551,0.0048894,0.00900397,0.00980114,0.00996447,0.00623982,0.0096231,0.0169093,0.0205938
0.0185748,0.0177223,0.029251,0.0163828,0.00609606,0.00652104,0.00452962,0.011869,0.00846863,0.0135321,0.013688,0.00916899
0.0105397,0.015521,0.0273171,0.0176637,0.00859833,0.0106056,0.00640877,0.00975588,0.0112299,0.0200996,0.0184229,0.0121737
0.00991158,0.016403,0.0264186,0.0177969,0.00737205,0.00349193,0.00662994,0.0108513,0.00777745,0.0155068,0.0217795,0.0136052
0.0155,0.016807,0.0290876,0.0179018,0.00254323,0.00594819,0.00782739,0.0107715,0.00795132,0.0103634,0.0130075,0.0102337
0.0155742,0.0162598,0.0286445,0.0232268,0.00526195,0.00839418,0.019264,0.0155822,0.00816017,0.0131545,0.0192879,0.0171732
0.00714223,0.0089032,0.0213245,0.0128157,0.00594921,0.00558043,0.0165786,0.0113534,0.00983949,0.00865792,0.0133085,0.0130374
0.00507059,0.00576194,0.0174826,0.0126645,0.00606564,0.00556732,0.0122768,0.0120471,0.0053074,0.0108352,0.0154378,0.0126767
0.00500392,0.00642099,0.0166843,0.00956386,0.00488247,0.00554359,0.00524727,0.0108133,0.007689,0.00903551,0.0114044,0.0076533
0.00456814,0.00544443,0.014938,0.0116384,0.00560968,0.0071901,0.0113023,0.0156156,0.0195801,0.0364095,0.0280104,0.00945894
0.0060088,0.007663,0.0159047,0.00961194,0.00429981,0.00427283,0.00855104,0.0224104,0.0213182,0.0308446,0.0181604,0.0086672
0.00680199,0.00788454,0.0150097,0.00687454,0.0035208,0.00439726,0.00895017,0.0171889,0.00905342,0.0119346,0.0148414,0.0123551
0.00624515,0.0060066,0.0106743,0.00699455,0.00519731,0.00451555,0.00490775,0.0154968,0.0111722,0.0129626,0.0357574,0.0274632
0.00801056,0.00818492,0.0117876,0.00831943,0.00493422,0.00508226,0.00436179,0.0147902,0.0107895,0.0206391,0.0313327,0.0210038
0.00499448,0.0104611,0.0191446,0.00945436,0.00513146,0.00505779,0.00657164,0.00550686,0.0114078,0.0246194,0.0256282,0.0138318
0.0041717,0.00736989,0.0116996,0.00873719,0.00361462,0.00780262,0.0112996,0.0142009,0.0122716,0.012539,0.0195414,0.0138181
0.00433739,0.00505893,0.0165363,0.00939305,0.00385575,0.00950769,0.0139553,0.0152866,0.0111033,0.0105065,0.0146146,0.0128722
0.0031857,0.00680515,0.0130536,0.00755414,0.00609161,0.00966684,0.00903462,0.00547562,0.00806184,0.0139202,0.0199029,0.0123127
0.0036201,0.0053394,0.0127586,0.00835758,0.00405041,0.00463346,0.00631484,0.0112051,0.010616,0.0113254,0.0141576,0.0111861
0.00337678,0.00535681,0.00775105,0.00429248,0.00394061,0.00451965,0.00485542,0.00762867,0.00867295,0.0101577,0.00970839,0.00732334
0.00395029,0.0117331,0.0169443,0.00908168,0.00643916,0.00807045,0.0065671,0.0099911,0.00967439,0.0103909,0.0127323,0.011095
0.00367099,0.0138056,0.0207066,0.0145947,0.00814967,0.0171352,0.0386558,0.0235436,0.00979904,0.0148947,0.0135614,0.00974076
0.00480311,0.00780602,0.0176495,0.0144426,0.00790361,0.00796233,0.0213983,0.0174376,0.010863,0.0261877,0.0237314,0.00874764
0.00533269,0.0167895,0.0306829,0.0154006,0.00604849,0.00837605,0.021709,0.0181914,0.00924554,0.0238842,0.0186365,0.0079575
0.00752001,0.0187143,0.0405315,0.0297089,0.012641,0.0173619,0.0321658,0.0221822,0.0137516,0.022694,0.0142086,0.0108736
0.00713309,0.0106253,0.0223577,0.0163463,0.0103063,0.0137871,0.0177464,0.0144473,0.014115,0.0281459,0.02011,0.00727694
0.0057288,0.0196138,0.0367366,0.0273303,0.0214281,0.00759218,0.017392,0.0113832,0.008939,0.0164023,0.0151046,0.00911014
0.00413088,0.00933163,0.0194684,0.0152378,0.0143681,0.00915627,0.0179615,0.0164567,0.00949838,0.0214337,0.0124589,0.0127073
0.00501568,0.0116828,0.0177604,0.00970561,0.0127878,0.0140271,0.0372507,0.0277685,0.0156094,0.0200761,0.0126765,0.00615617
0.00467553,0.00764156,0.00990451,0.00583539,0.00581479,0.00737808,0.0238643,0.0230551,0.00971605,0.0192827,0.0188168,0.0139139
0.0150881,0.0131907,0.00827424,0.00417012,0.00714483,0.00660765,0.0171638,0.0170518,0.0155468,0.0231083,0.0188533,0.011187
0.0229042,0.026312,0.0225832,0.0119823,0.00873047,0.00880589,0.013757,0.0200063,0.0160739,0.0193628,0.0127827,0.0107864
0.00453192,0.0128897,0.0257736,0.0148001,0.00656899,0.00800622,0.0145257,0.0192409,0.0236867,0.0401815,0.0303338,0.0127786
0.011266,0.0179148,0.0188793,0.00837513,0.00523538,0.00752422,0.0129872,0.0104923,0.0161218,0.0290853,0.0169965,0.00805792
0.00470378,0.00614323,0.0135462,0.0116085,0.0085223,0.0080751,0.0117846,0.0135813,0.0140378,0.0219615,0.0340545,0.0217143
0.0120352,0.0079579,0.00541639,0.00647104,0.00543427,0.00548655,0.011683,0.00712973,0.0120998,0.0213803,0.0271526,0.0238776
0.0138714,0.00585016,0.00847331,0.00591177,0.00814864,0.00630043,0.00596153,0.00863266,0.0095149,0.0185327,0.00800826,0.018244
0.0314672,0.0256902,0.0150437,0.0143563,0.00427937,0.00650482,0.019021,0.0113918,0.0111379,0.0285112,0.0193401,0.00852709
0.0233934,0.028714,0.0246669,0.0194775,0.00539538,0.00673962,0.0145297,0.00995826,0.00801152,0.0221963,0.0162791,0.00881039
0.0138842,0.0190771,0.0210692,0.0129822,0.00913358,0.00677472,0.0118313,0.00783916,0.0128983,0.0206656,0.00991652,0.00696355
0.00759924,0.0133011,0.034505,0.0258978,0.00993868,0.00832295,0.0111908,0.00981659,0.0157668,0.0309389,0.0197068,0.00701013
0.00638865,0.0185545,0.0411702,0.0264618,0.00725714,0.00679503,0.00782496,0.00647766,0.00784166,0.0191337,0.0140406,0.00690359
0.00451405,0.00639254,0.0246277,0.0156315,0.00280907,0.00377567,0.00791087,0.0039412,0.0061791,0.0161931,0.010912,0.00477447
0.00578418,0.0111691,0.0269302,0.0158518,0.0083708,0.00655216,0.00772216,0.00607389,0.0096864,0.0257346,0.0165918,0.00468117
0.0032496,0.0076559,0.0161902,0.00989148,0.00438581,0.0061657,0.00679892,0.00510004,0.00887357,0.0190387,0.013188,0.00420957
0.00615225,0.0103158,0.0132002,0.005162,0.00258227,0.00756703,0.0108666,0.00663943,0.0079681,0.010726,0.0119226,0.00592209
0.00523962,0.00908849,0.0158024,0.00681728,0.00471497,0.00605307,0.00826731,0.00877929,0.0058581,0.00909085,0.0145239,0.00835811
0.00959389,0.0155811,0.0289537,0.0154141,0.0075289,0.0134263,0.0181667,0.0147786,0.0074662,0.00958613,0.0155576,0.0125782
0.0138692,0.0169066,0.0243705,0.0140488,0.0096798,0.011645,0.0179755,0.0202316,0.0205602,0.0150584,0.027577,0.0215894
0.00595918,0.010131,0.0252604,0.0161109,0.00823848,0.0130114,0.0207445,0.0274912,0.0203769,0.020981,0.0346839,0.0169415
0.00408574,0.0114752,0.0246262,0.0128993,0.00321826,0.0068226,0.0138296,0.0303789,0.0274495,0.0170609,0.0183274,0.00811197
0.00361775,0.00786467,0.0169553,0.010255,0.00298212,0.00921463,0.0254991,0.0485778,0.0249365,0.0126188,0.0121436,0.00739636
0.0062085,0.00858225,0.0142127,0.00880672,0.00471297,0.00980174,0.0151777,0.0303939,0.0153803,0.00584294,0.007392,0.00619817
0.0060955,0.0134013,0.026348,0.0135413,0.00611116,0.0100367,0.0279478,0.049855,0.0289847,0.0161684,0.0133652,0.00889222
0.00342503,0.00879303,0.0209185,0.0114412,0.00532152,0.00915076,0.0266059,0.0508908,0.0373975,0.0120734,0.010593,0.0087461
0.00784981,0.00575027,0.0145222,0.00913298,0.00575298,0.00962754,0.0209664,0.0462309,0.034674,0.0191856,0.0263597,0.0216483
0.00556284,0.00602149,0.0103873,0.00562251,0.00431115,0.00935585,0.0178421,0.0388026,0.0265276,0.0109259,0.0173273,0.0162396
0.00854021,0.0103548,0.014398,0.00709078,0.00464059,0.0124669,0.0192081,0.0348288,0.0224685,0.0126838,0.0150208,0.0168221
0.00569299,0.00532438,0.0101034,0.00615324,0.00349251,0.00725074,0.0227569,0.0311868,0.0209804,0.0156773,0.0295515,0.0215255
0.00437626,0.00755617,0.013365,0.0073416,0.00415583,0.00601997,0.0187053,0.0337507,0.0188586,0.00742692,0.0195735,0.0134551
0.00437627,0.00561693,0.00947579,0.00600111,0.00196311,0.00334752,0.0103817,0.0274513,0.021957,0.00899433,0.00719715,0.00631582
0.00536788,0.00511497,0.00702133,0.00393877,0.00365457,0.00486012,0.0121964,0.0281405,0.0246385,0.00824038,0.00883506,0.00979578
0.00469618,0.00508021,0.0143768,0.0114022,0.00315922,0.00487013,0.0154896,0.0303141,0.0268169,0.0126284,0.00999668,0.00855188
0.00318716,0.00715331,0.0122793,0.00701206,0.00334577,0.00609087,0.0187592,0.0280223,0.018757,0.0092256,0.0083636,0.00926193
0.00276371,0.00255491,0.00768263,0.00597094,0.0023244,0.00471335,0.0134432,0.0230997,0.0145255,0.00990195,0.0199323,0.0133859
0.00267623,0.00405913,0.0038382,0.00451568,0.00316447,0.00415621,0.00711163,0.0141067,0.0114311,0.00427586,0.0158125,0.0142397
0.00654821,0.00481001,0.00631334,0.00390014,0.00451529,0.00902837,0.0169299,0.0230399,0.0151098,0.0102732,0.0227759,0.0204201
0.00519874,0.00816205,0.0116875,0.00549824,0.00478379,0.0120753,0.0235786,0.0307589,0.0148626,0.012392,0.0354226,0.0271733
0.00293613,0.00331958,0.00569593,0.00520135,0.00330149,0.00935245,0.0248321,0.0355431,0.0167663,0.00572231,0.00618102,0.00655292
0.002333,0.00386334,0.00605421,0.0030026,0.00335027,0.00359728,0.0180416,0.0294193,0.0153957,0.00720481,0.0134978,0.0099615
0.00219675,0.00555371,0.00855944,0.00438948,0.00218645,0.004614,0.0144164,0.0197632,0.0122784,0.00715441,0.00809506,0.00540924
0.00335547,0.00545432,0.0142969,0.0103204,0.00379931,0.00576449,0.0145509,0.0174853,0.0127193,0.00791556,0.00554961,0.00716985
0.00213879,0.00412001,0.00998127,0.00484183,0.00476528,0.00609962,0.00761141,0.0116053,0.014081,0.00977953,0.0056654,0.00509399
0.00263727,0.00378026,0.00726474,0.00448492,0.00206983,0.00460751,0.011332,0.0178605,0.0147919,0.0168792,0.0191963,0.0124035
0.00258553,0.00333996,0.00870226,0.00739428,0.00339045,0.0053093,0.00973752,0.00997577,0.00778709,0.010321,0.0176018,0.0102033
0.00371312,0.00783037,0.0156318,0.00977423,0.00387325,0.0068409,0.0091704,0.0152405,0.00951975,0.00859164,0.0128839,0.00767434
0.00535562,0.0105119,0.0212106,0.0144574,0.0056199,0.00521219,0.0108177,0.0160938,0.00896451,0.00883482,0.0105001,0.00641228
0.0028678,0.00719331,0.0114949,0.00726482,0.00342669,0.00473818,0.00824053,0.0152412,0.0116411,0.00598627,0.00802848,0.00485245
0.0039245,0.00430086,0.00813156,0.00619485,0.0026159,0.00477135,0.0118361,0.0197521,0.0134176,0.00816542,0.0230546,0.0171293
0.00340912,0.00454446,0.00646255,0.00406364,0.0018033,0.00468751,0.00952083,0.014354,0.0111175,0.0100703,0.0161938,0.014372
0.00394271,0.00505427,0.012056,0.00801951,0.00369184,0.0063889,0.0172644,0.0264907,0.00913429,0.00742021,0.0114366,0.0107337
0.00398548,0.00513045,0.00867011,0.00609853,0.00315932,0.00510364,0.0109985,0.0207262,0.0153314,0.00630433,0.00796675,0.00615709
0.00393321,0.0125112,0.0216315,0.00933435,0.00195714,0.00369027,0.0106466,0.0227011,0.014225,0.00733586,0.00659768,0.00607493
0.00119781,0.00961713,0.0196121,0.00963826,0.00255452,0.00402777,0.0119981,0.016551,0.00662042,0.00741899,0.00467245,0.0018105
0.0055237,0.0130348,0.0149834,0.00716701,0.00243642,0.0041947,0.01041,0.0156664,0.00884002,0.00742349,0.00470827,0.00588071
0.00346031,0.008984,0.0179958,0.0114908,0.00290247,0.00323921,0.00843183,0.020905,0.0154302,0.00736864,0.0073119,0.0041371
0.00174726,0.00511189,0.00595612,0.00334919,0.00302366,0.00374269,0.00731708,0.0132697,0.0120165,0.0062724,0.00308045,0.00455759
0.00309904,0.00489306,0.00873908,0.00536177,0.00246438,0.00410056,0.00892828,0.011466,0.00793197,0.00501245,0.0193382,0.0165357
0.00317546,0.00393266,0.00638655,0.00327882,0.00123493,0.0035612,0.00623872,0.0086276,0.00448186,0.00508235,0.0118671,0.00960514
0.00244321,0.00704392,0.0143722,0.00835134,0.0025346,0.00420258,0.0105155,0.0139499,0.0117828,0.0076665,0.0102257,0.00711781
0.00207924,0.00554994,0.0115161,0.00774476,0.00424092,0.00575667,0.0129837,0.0148513,0.00873596,0.00512374,0.00517928,0.00344401
0.00372276,0.0102482,0.012014,0.00568591,0.0016592,0.00349626,0.0134485,0.019434,0.0109177,0.00515956,0.00475709,0.00439266
0.00241151,0.00758734,0.0198405,0.00976874,0.00210054,0.00462703,0.0133602,0.0186318,0.0104417,0.00536121,0.00464631,0.00412672
0.00469371,0.00585284,0.0133607,0.00743986,0.00169511,0.00258952,0.00918902,0.0187965,0.0118161,0.00473345,0.00422595,0.00537275
0.00235641,0.00688127,0.0132554,0.00664386,0.00277594,0.00713536,0.0116421,0.0194613,0.0143922,0.0085929,0.00471222,0.00196848
0.00282295,0.00574403,0.0142208,0.00812674,0.00240928,0.0069927,0.0136059,0.0162784,0.0118966,0.00712521,0.00543275,0.00324226
0.00282368,0.00439556,0.0113785,0.0063477,0.0013083,0.00333248,0.0116963,0.0172199,0.00858457,0.00445999,0.0114522,0.0121297
0.00180704,0.00510045,0.00743249,0.00393485,0.00135263,0.00252144,0.00735885,0.0133285,0.00838085,0.00439186,0.00932918,0.00761422
0.00293525,0.00715474,0.0103175,0.00463514,0.00164639,0.0024123,0.00981103,0.0172366,0.00845439,0.00194339,0.00721981,0.00796865
0.0029477,0.00324945,0.00816721,0.00621766,0.00359556,0.00305965,0.00671669,0.0118083,0.00785777,0.00476332,0.00388785,0.003884
0.00229951,0.00967491,0.0161932,0.00854904,0.00237124,0.00228478,0.00822655,0.0112383,0.00726172,0.00974651,0.00589066,0.00352593
0.00221684,0.00757887,0.0179429,0.00796204,0.00154413,0.00327545,0.00721825,0.0125692,0.0079011,0.00663035,0.00478491,0.00320103
0.00483319,0.00935017,0.0115418,0.00634528,0.00349446,0.00363225,0.0106545,0.0127657,0.00631148,0.00517829,0.00304251,0.00245385
0.00373005,0.0092093,0.0163577,0.00792869,0.00313919,0.0046439,0.0172642,0.0258849,0.0112202,0.00458272,0.00438147,0.00444019
0.00180537,0.00792369,0.0171831,0.00967914,0.00284538,0.00594347,0.0119101,0.0254777,0.0158274,0.00434787,0.00520855,0.00478208
0.0033161,0.0133076,0.0242121,0.011337,0.0018948,0.00353493,0.0114707,0.0217012,0.0147936,0.0084376,0.00554728,0.00591258
0.00245508,0.00474267,0.0132929,0.00748502,0.00265716,0.00336129,0.00676778,0.0120877,0.00936489,0.00495591,0.0066318,0.00403372
0.00293049,0.00682988,0.0151136,0.0070661,0.00332928,0.00444552,0.0102807,0.0134275,0.0102212,0.00873865,0.00850668,0.00533449
0.00242259,0.00718889,0.0116078,0.00610729,0.00357417,0.00584345,0.00955693,0.0166151,0.0123874,0.00736515,0.0086037,0.00718828
0.00249958,0.00743581,0.0132691,0.00803227,0.00409264,0.00556679,0.00845637,0.0136087,0.00954868,0.00391609,0.00674574,0.00717781
0.00213207,0.0037341,0.0106901,0.00655682,0.0022335,0.00276306,0.00757919,0.0152437,0.0110273,0.00246446,0.00468906,0.00490234
0.00239266,0.00659838,0.00910392,0.00416514,0.00231687,0.0030828,0.0077155,0.0163892,0.0127302,0.00448868,0.00212789,0.00466163
0.00234676,0.00432966,0.00773874,0.00433875,0.0013312,0.00244357,0.0100736,0.014627,0.00704388,0.00339849,0.00281491,0.00354295
0.00460827,0.00676515,0.00873285,0.00352834,0.00162684,0.00397062,0.00778831,0.00938636,0.00791367,0.00575428,0.0053476,0.00726178
0.00274553,0.00511974,0.00957315,0.00527529,0.00215377,0.00378262,0.00818995,0.0130956,0.00876197,0.00711427,0.00599849,0.00681988
0.00380285,0.00513702,0.0111975,0.00611457,0.00192247,0.00259017,0.00729199,0.00980638,0.00490912,0.0083274,0.00640287,0.00536735
0.00285191,0.00740768,0.0102379,0.00518103,0.0017485,0.00352657,0.0082522,0.013737,0.00944973,0.00617502,0.0033089,0.00242734
0.00213267,0.00362818,0.0103773,0.00730614,0.0040247,0.0049793,0.0104129,0.0208623,0.0181725,0.00990539,0.00834517,0.00450351
0.00214562,0.00507597,0.0126983,0.00938459,0.00384243,0.0060416,0.0151341,0.0263871,0.0195277,0.00722201,0.0073412,0.00567331
0.00132898,0.00412985,0.00648268,0.00310462,0.00296623,0.00447648,0.0156738,0.0261103,0.0147823,0.00544792,0.00569935,0.00299073
0.00215212,0.00362744,0.0046394,0.00266164,0.0017283,0.00344426,0.0150453,0.0229091,0.00909309,0.00395041,0.004381,0.00516986
0.00104752,0.00305392,0.00583535,0.00361113,0.00163293,0.00298317,0.0138312,0.0241078,0.0136033,0.00411743,0.00183698,0.00249404
0.00238736,0.00456048,0.00805267,0.00385103,0.00236462,0.00514931,0.0173335,0.025706,0.0139267,0.00533853,0.00441923,0.00492331
0.00190812,0.00604929,0.00880564,0.00553965,0.00484753,0.00737439,0.0122365,0.0157002,0.00949228,0.00801594,0.00785363,0.00440869
0.00289123,0.00353403,0.00622383,0.00340364,0.00112048,0.00284135,0.00862769,0.0149053,0.00639961,0.00388593,0.00502308,0.00323474
0.00298133,0.00717598,0.0114684,0.00596289,0.00141066,0.00215153,0.00851628,0.017728,0.0141383,0.0105835,0.00884255,0.00648434
0.0018416,0.00393696,0.00373194,0.00223467,0.00121032,0.00309088,0.0106727,0.0161435,0.00905638,0.00168744,0.00298569,0.00300456
0.00185082,0.0021478,0.00305844,0.00126077,0.00140589,0.00393462,0.0130324,0.020518,0.0117078,0.00507752,0.00462793,0.00406727
0.00194066,0.00381155,0.00505308,0.00232616,0.00142825,0.00381812,0.0129205,0.0193388,0.00901702,0.00295988,0.00327564,0.00435312
0.0022298,0.00359882,0.00436857,0.00244595,0.00137955,0.0022726,0.010603,0.0182516,0.00764811,0.00304524,0.00315493,0.0030152
0.00165045,0.00329016,0.0050619,0.00313409,0.00137807,0.00208427,0.00903306,0.0147076,0.00902551,0.00316136,0.0035761,0.00376729
0.00361061,0.00348764,0.00419942,0.00278217,0.00209947,0.00425643,0.0107399,0.0158122,0.00916131,0.00481066,0.00443252,0.00614845
0.00606725,0.00633473,0.00831326,0.00444059,0.00154512,0.00696748,0.0173377,0.0161776,0.00674103,0.00690041,0.00506725,0.010125
0.0059354,0.00501187,0.00737932,0.00456415,0.00201723,0.00290272,0.00809016,0.0132137,0.00921083,0.00361941,0.0051524,0.0104377
0.00508255,0.00445443,0.00597127,0.00480543,0.00210632,0.00314132,0.00838994,0.0106277,0.00609677,0.00463099,0.00318075,0.0052113
0.00397054,0.00238608,0.00541744,0.00394997,0.00279613,0.00313138,0.00648126,0.011363,0.00999884,0.00545794,0.00413591,0.00678039
0.00379309,0.00535407,0.00922506,0.00414957,0.00284741,0.00353963,0.0104368,0.0155916,0.00835583,0.00412466,0.00391116,0.00536223
0.00273575,0.00368813,0.00711448,0.00499529,0.00189351,0.0024783,0.00527813,0.0067414,0.00709151,0.00594156,0.00350444,0.00487018
0.00298639,0.00372624,0.00644282,0.00432202,0.00197645,0.00253004,0.00739828,0.0101469,0.00455227,0.00264276,0.00209962,0.00489599
0.00559593,0.00418767,0.00764408,0.00493903,0.00265799,0.00329953,0.0084894,0.011435,0.00866054,0.00271802,0.00412093,0.00876124
0.00444705,0.00344162,0.00614476,0.00290405,0.0015838,0.00376478,0.00958939,0.0124299,0.0101121,0.00448977,0.00391852,0.00624792
0.00560709,0.00489455,0.00946414,0.00477937,0.00218023,0.005808,0.0126174,0.0187588,0.0162662,0.00722841,0.00491716,0.0104123
0.00507584,0.00427118,0.00543932,0.00330822,0.00246784,0.00385722,0.0104318,0.0194281,0.0159444,0.00640741,0.00391536,0.00591866
0.01092,0.00346861,0.00477869,0.00260129,0.00200791,0.0033231,0.0113994,0.0210765,0.0169172,0.00548338,0.00866862,0.0197662
0.00295309,0.00290053,0.0038582,0.00227617,0.00145274,0.00362939,0.0110541,0.0112525,0.0117426,0.00568636,0.00502424,0.0088316
0.00610061,0.00460467,0.00656709,0.00364258,0.00191128,0.00227956,0.0111895,0.0158938,0.010122,0.00618465,0.00511586,0.010936
0.00582017,0.00530407,0.009212,0.00607761,0.00345365,0.00559974,0.00904132,0.0139881,0.0138779,0.00615689,0.00629692,0.0110323
0.012978,0.00334282,0.00877587,0.00597026,0.00310553,0.0047262,0.012314,0.0182344,0.018157,0.00903704,0.00860105,0.0210236
0.0215447,0.0033186,0.00810205,0.00600968,0.00345208,0.00631025,0.0200683,0.0335983,0.0224834,0.00668834,0.0167298,0.0424438
0.00462107,0.00602343,0.00711668,0.00347158,0.002376,0.00377457,0.0104477,0.0180077,0.0160878,0.00815609,0.0132575,0.0185537
0.0148178,0.00922393,0.0170309,0.0105333,0.00462797,0.00424966,0.0147678,0.0208408,0.0163069,0.006722,0.0127599,0.0281104
0.00677362,0.00425153,0.00728253,0.00558895,0.00371426,0.00303247,0.0124193,0.0209613,0.0118061,0.00196614,0.00669062,0.0129816
0.0252333,0.00486365,0.00789833,0.00704054,0.00439982,0.00454138,0.0124464,0.0196346,0.0101373,0.00464618,0.0160603,0.0424706
0.0285476,0.00342544,0.00983026,0.00665677,0.00365742,0.00445072,0.0152918,0.0241448,0.0141817,0.00516454,0.0201402,0.0505442
0.00795315,0.00706144,0.015636,0.0102467,0.00179404,0.00399727,0.0192826,0.030806,0.0160613,0.00375816,0.0122541,0.0207913
0.00884826,0.00472416,0.010258,0.00668431,0.00377783,0.00381964,0.0143349,0.024332,0.0143304,0.00469545,0.00497208,0.0152697
0.0153899,0.00782455,0.011028,0.00575376,0.00257327,0.00580805,0.0174409,0.0244448,0.013361,0.00482477,0.0128582,0.0267034
0.0359034,0.00998776,0.0112343,0.00680212,0.00369474,0.0043858,0.0187782,0.0265486,0.0132131,0.00985505,0.0209425,0.0568445
0.00729036,0.00435375,0.00730747,0.00794324,0.00500985,0.00526509,0.00821644,0.010454,0.0103849,0.00688713,0.00806897,0.0111042
0.0206766,0.0100846,0.00954877,0.0136502,0.00791027,0.00435162,0.0143076,0.0253843,0.0148966,0.0070384,0.0106854,0.0134336
0.026232,0.0141852,0.0129785,0.00901326,0.0063357,0.00506726,0.0162392,0.0273927,0.0162235,0.00933671,0.0111556,0.0158987
0.0146283,0.010666,0.00712025,0.00544529,0.00519481,0.00460896,0.00980149,0.0183553,0.010886,0.00409279,0.00596847,0.0145184
0.0209981,0.0153374,0.0126545,0.00785577,0.00392359,0.00494149,0.00940256,0.0192005,0.0127684,0.00526543,0.0063455,0.0141377
0.0150591,0.0138974,0.00943662,0.0062102,0.00415779,0.00482439,0.00997122,0.0171775,0.0103624,0.00527058,0.00633014,0.0139865
0.018526,0.0136478,0.0109815,0.0075642,0.0053351,0.00342807,0.0065344,0.019221,0.0128501,0.00431085,0.00401031,0.010337
0.00995048,0.0044217,0.00536867,0.00541221,0.00384577,0.00410822,0.00674528,0.00988807,0.00696893,0.00686386,0.00883993,0.0112287
0.0178422,0.00754391,0.00609182,0.00488101,0.00343401,0.00335945,0.0104732,0.0194171,0.0101667,0.00572853,0.00498152,0.0109898
0.0123065,0.00655636,0.00538545,0.00453752,0.00384719,0.00268327,0.00527552,0.00662105,0.00528926,0.00432702,0.00385414,0.0094141
0.0189005,0.0105788,0.0023073,0.00616483,0.00410413,0.00262735,0.00410077,0.00939263,0.00765658,0.00384654,0.00651695,0.0116352
0.0183773,0.00935985,0.00244715,0.00676971,0.00532918,0.00295168,0.00386025,0.00688948,0.00563876,0.00549071,0.00823163,0.0130989
0.00914371,0.00609498,0.00519952,0.00622516,0.00359874,0.00274127,0.00506064,0.00943552,0.00688041,0.00355349,0.00386775,0.00603001
0.0156037,0.00833401,0.0036999,0.00367238,0.00281615,0.00268811,0.00341422,0.00702151,0.00562652,0.00340336,0.0046828,0.0130625
0.0151014,0.00929389,0.00449859,0.00406575,0.00273557,0.00179,0.00542357,0.00895741,0.00474385,0.00324061,0.00432604,0.00683326
0.016648,0.00981264,0.0052379,0.0056704,0.00387296,0.00243183,0.00357199,0.00985152,0.00614501,0.00296639,0.00363847,0.0114821
0.0185013,0.0103207,0.00219511,0.00352082,0.00352456,0.0021683,0.00447365,0.00928087,0.00570129,0.00419861,0.00603192,0.0113484
0.0122817,0.00601414,0.0039987,0.00362706,0.00433353,0.00286259,0.00355038,0.00523635,0.00279455,0.00257895,0.00370321,0.00812435
0.0117184,0.00672583,0.0035819,0.0040926,0.00259403,0.00166738,0.00402511,0.00633982,0.00376577,0.00207983,0.00381701,0.00840394
0.00852044,0.00742893,0.00357757,0.00460276,0.00393929,0.00304493,0.00608597,0.0110115,0.00661744,0.00397125,0.00581728,0.00656373
0.011396,0.00455734,0.0036805,0.0065238,0.0040318,0.00319125,0.00910299,0.0163332,0.00756416,0.00551062,0.00509223,0.00814893
0.0194077,0.0127001,0.00489804,0.00341378,0.0038128,0.00363763,0.00541449,0.00934047,0.00472206,0.00493695,0.00530633,0.00891254
0.0120528,0.00705396,0.00372263,0.00308295,0.00317203,0.00362364,0.00806061,0.0105398,0.00485207,0.00377694,0.00466088,0.00465223
0.0125011,0.00728069,0.0056855,0.0061418,0.00378717,0.00203669,0.00496071,0.0113056,0.00753228,0.00278703,0.00479204,0.00698119
0.0174306,0.00988793,0.0060142,0.00398966,0.00361354,0.00242216,0.00443871,0.0091054,0.00567806,0.00173283,0.00270036,0.00941465
0.0171705,0.0118379,0.00554537,0.00571322,0.00222395,0.00302419,0.00637777,0.0106115,0.00547631,0.00279414,0.00629386,0.0106167
0.0123579,0.00966998,0.0057516,0.0064578,0.00496146,0.00310159,0.00713793,0.00766823,0.00468873,0.00483657,0.00598652,0.00607509
0.0167215,0.00948413,0.00410577,0.00291251,0.00204609,0.00362737,0.00784398,0.0110395,0.00394088,0.00270888,0.00604721,0.00950179
0.0123754,0.0103126,0.00747551,0.00790218,0.0106389,0.00604613,0.00770445,0.0118889,0.0109033,0.00653337,0.00547745,0.0103677
0.0145068,0.0158041,0.0121611,0.00847901,0.0159737,0.0158208,0.00820777,0.017032,0.0194297,0.0121772,0.0111316,0.0111859
0.00783786,0.00819286,0.00650294,0.0117739,0.0176186,0.0116439,0.00925187,0.016156,0.0225935,0.0249871,0.0142302,0.00789093
0.0130442,0.0204521,0.010921,0.00568648,0.0166126,0.0137617,0.00957444,0.0142323,0.0147359,0.0213992,0.0139276,0.00698309
0.0122445,0.021999,0.0119799,0.00361231,0.0115193,0.010102,0.00634657,0.0114239,0.0146855,0.0148549,0.0113165,0.00710527
0.00828754,0.00877255,0.00692412,0.0041322,0.00983421,0.0131015,0.0054883,0.0124104,0.0164506,0.0114607,0.0102911,0.00590849
0.00841802,0.0181347,0.0144155,0.00716059,0.0124836,0.011967,0.00721365,0.013696,0.0194161,0.0190181,0.0101852,0.00764099
0.00957779,0.0248753,0.015065,0.00679272,0.0114999,0.00859531,0.00881086,0.0167923,0.023102,0.0207232,0.0138219,0.00785494
0.0136998,0.0348467,0.0198715,0.0061513,0.0110115,0.00734736,0.00774096,0.00859955,0.0136439,0.0191252,0.0120635,0.0072672
0.0125472,0.0171669,0.0089205,0.00614284,0.0134406,0.0108729,0.00765745,0.0106182,0.0100427,0.0133216,0.011596,0.0056622
0.00742269,0.0173565,0.0177235,0.00884729,0.0116248,0.0101075,0.0113371,0.0228102,0.0217834,0.0168111,0.00922715,0.00501939
0.0139524,0.0174727,0.010897,0.00612739,0.00859142,0.00847873,0.010078,0.0109564,0.0140005,0.0209161,0.0125352,0.00499248
0.0158878,0.0431542,0.0311921,0.00889619,0.0042843,0.00703024,0.00795639,0.00842865,0.0148571,0.0170706,0.00765951,0.00457615
0.0126108,0.0339032,0.01927,0.00536291,0.010393,0.0092864,0.00519404,0.0107968,0.0175655,0.0192926,0.00923935,0.00752657
0.0187861,0.0354824,0.020307,0.00939085,0.00843888,0.00730034,0.00944981,0.0225443,0.0196077,0.0182688,0.017065,0.00950239
0.0111575,0.0249311,0.0226035,0.0114343,0.0139591,0.0104106,0.0127663,0.0246678,0.0212799,0.0228651,0.0135374,0.0076558
0.013782,0.0255912,0.0137281,0.00888111,0.0138292,0.0106144,0.0163659,0.0317143,0.0377552,0.0325428,0.0169109,0.015219
0.0270745,0.0712605,0.0417238,0.0130881,0.017868,0.0133285,0.0106483,0.0163308,0.0174518,0.0247915,0.0147178,0.00495259
0.00846443,0.0235418,0.016213,0.00627716,0.0101406,0.00754615,0.00579612,0.0103211,0.0125225,0.0146184,0.0123064,0.0083113
0.0112809,0.0289022,0.0171627,0.0076465,0.0099515,0.0111677,0.0105609,0.0147948,0.0169376,0.0252281,0.013242,0.00511859
0.014633,0.024673,0.0150909,0.00893443,0.0164411,0.0149874,0.00984324,0.0147108,0.0204982,0.0236384,0.0196674,0.00933466
0.0185792,0.0348529,0.0152376,0.007562,0.0119847,0.00911218,0.00857916,0.0137163,0.0244924,0.0281047,0.0165287,0.00911271
0.0289647,0.0621554,0.0337815,0.0171055,0.0211603,0.011487,0.00833658,0.0147975,0.0225993,0.0273605,0.0154208,0.00729436
0.0163474,0.033398,0.0224193,0.012923,0.0249498,0.0195806,0.0110251,0.0161179,0.0188432,0.0225304,0.0193213,0.0108058
0.0143352,0.0397846,0.0310641,0.00554207,0.00995287,0.0135497,0.012556,0.0260656,0.0180667,0.0234954,0.01594,0.0124893
0.0191979,0.0389364,0.0261943,0.010038,0.0145625,0.0106458,0.0103498,0.0224946,0.0244285,0.0254927,0.0149336,0.00945267
0.011286,0.0310768,0.022728,0.00870516,0.0155458,0.0134018,0.00992361,0.0195038,0.0182449,0.0211578,0.0164341,0.0107529
0.0124252,0.0164837,0.0105849,0.00731752,0.00676636,0.0079329,0.00524343,0.0150397,0.0118946,0.0132536,0.014411,0.00498111
0.00750499,0.0131567,0.0188522,0.00890035,0.00948931,0.011195,0.0120551,0.0142562,0.024563,0.0395123,0.0179946,0.00930465
0.0134365,0.0222878,0.0184881,0.0130705,0.0118972,0.00764506,0.0142789,0.0121702,0.0209509,0.036777,0.0280903,0.0100373
0.0130527,0.0167984,0.015178,0.0132746,0.0144747,0.0166685,0.0134473,0.0100976,0.0129396,0.0287209,0.0191091,0.0112577
0.00602249,0.0133871,0.0233656,0.0150937,0.00896285,0.00984396,0.010365,0.00799703,0.0111524,0.0245197,0.0187947,0.0106435
0.00899874,0.0126698,0.0215432,0.0130929,0.00613269,0.0106047,0.0126806,0.0122678,0.0158879,0.0225812,0.0129692,0.00791895
0.00704771,0.0105318,0.0208777,0.0153063,0.0113914,0.0136896,0.00922347,0.00996697,0.0141748,0.0303129,0.0213238,0.00842659
0.00880231,0.0144411,0.0202608,0.0104572,0.00969772,0.0112127,0.00845338,0.00907631,0.0111646,0.0313934,0.0224379,0.0063824
0.00645085,0.0117146,0.0265942,0.0183556,0.00758778,0.00748136,0.00557437,0.0091025,0.00957886,0.0179296,0.0135953,0.00747624
0.00577135,0.0167386,0.024748,0.0137382,0.00525652,0.0109574,0.0119047,0.00503648,0.0124182,0.023835,0.0110217,0.00582519
0.00437866,0.0095989,0.014275,0.00760388,0.00700179,0.0107197,0.0102414,0.00722973,0.00882306,0.0124647,0.00677554,0.00298368
0.00467411,0.00824485,0.0111288,0.00887768,0.00517593,0.00958285,0.00861719,0.00364714,0.012606,0.0477384,0.0325324,0.00494724
0.00440211,0.00918976,0.0145961,0.00793971,0.00672738,0.00961346,0.00535345,0.00420302,0.0138332,0.0327608,0.020488,0.00419199
0.00310878,0.0122331,0.0333101,0.0213387,0.00947196,0.0144103,0.0103582,0.00420564,0.00691909,0.0120863,0.00779671,0.0025267
0.00607575,0.00856834,0.0157849,0.00993081,0.00565608,0.00771035,0.00654166,0.00452145,0.0100624,0.0224968,0.0140608,0.00600776
0.00404108,0.0068231,0.0119073,0.00616605,0.00339946,0.00609183,0.00841493,0.0050829,0.00792594,0.0170462,0.0108332,0.00376188
0.0051171,0.00910684,0.0152849,0.00767372,0.0046557,0.0084291,0.0053576,0.00186642,0.0111685,0.0265794,0.015546,0.0040395
0.00333713,0.0065047,0.0126234,0.00690694,0.00275462,0.00487143,0.00346768,0.00291963,0.00860066,0.0142369,0.00651195,0.00347096
0.00333327,0.00948356,0.0229907,0.013865,0.00426247,0.00738305,0.00744695,0.00523063,0.00509437,0.0126252,0.00720647,0.00439129
0.00393049,0.00845694,0.015518,0.00718658,0.0057353,0.00422544,0.00493604,0.00237255,0.00724869,0.0145241,0.00613465,0.00280501
0.00499246,0.0124205,0.0174888,0.00874798,0.00524707,0.00417673,0.00413598,0.00333623,0.0122839,0.0247545,0.0143908,0.00495148
0.00310408,0.00631247,0.0134528,0.0105438,0.00434851,0.00485752,0.00284448,0.00354149,0.01078,0.0183629,0.0126196,0.0049165
0.00435537,0.0080214,0.0117189,0.00615136,0.00276701,0.0062163,0.00809893,0.00452235,0.00572182,0.013788,0.00861938,0.00387008
0.00344507,0.00697712,0.0215539,0.0147086,0.0033202,0.00357323,0.00374117,0.001772,0.00613246,0.0187104,0.0115269,0.00254638
0.0030998,0.0057357,0.0101141,0.00637447,0.00192021,0.00534106,0.00489674,0.00186057,0.00450006,0.0120363,0.00678262,0.00256893
0.00390001,0.0100995,0.0186302,0.0116036,0.00764084,0.00865618,0.00656347,0.00275014,0.0170083,0.0453654,0.0264937,0.00313961
0.00468478,0.0106145,0.0188667,0.0118233,0.00464963,0.00485405,0.0045032,0.00201452,0.010564,0.0234327,0.0138457,0.00282467
0.00231612,0.00803885,0.0202303,0.0164597,0.00568447,0.00300859,0.00275339,0.00281481,0.00833105,0.0217147,0.0128855,0.00231008
0.00398718,0.00738683,0.0131248,0.0106057,0.00655825,0.00311893,0.00261702,0.00299279,0.00658419,0.014217,0.00892135,0.00414647
0.00479299,0.0101093,0.0134802,0.00676868,0.0109449,0.00823219,0.00511849,0.00425372,0.0184504,0.0253505,0.0108002,0.00388659
0.00754414,0.0119174,0.0110484,0.00741643,0.0133566,0.0169105,0.00688253,0.00431334,0.0238016,0.0555098,0.035217,0.0105345
0.00475025,0.0101253,0.0129745,0.0152017,0.0191521,0.0119883,0.00555679,0.00268382,0.0133457,0.027809,0.0188133,0.00350369
0.00508708,0.0132323,0.0214217,0.0103162,0.0049917,0.0047232,0.00372873,0.00486519,0.00956701,0.0201865,0.01532,0.00807304
0.00436716,0.0110343,0.0108943,0.00950333,0.0160306,0.0104544,0.00331458,0.00448639,0.0073535,0.0167888,0.0103608,0.00483681
0.00337465,0.00496348,0.0147607,0.0130877,0.0114067,0.00740586,0.00477816,0.0047806,0.0252387,0.0472263,0.0229563,0.0024561
0.00482264,0.0121374,0.0149723,0.00920288,0.0196527,0.0200485,0.00822479,0.00497304,0.0199763,0.0462312,0.0298926,0.0066159
0.005447,0.00840708,0.0110983,0.00666862,0.00568836,0.0049763,0.00397757,0.00503409,0.0109979,0.0242869,0.0174619,0.00616212
0.00713918,0.0123922,0.0157844,0.0113953,0.00668454,0.00421819,0.00366391,0.00483791,0.00564485,0.0233485,0.0186051,0.00654166
0.00425838,0.00695379,0.0128143,0.0120085,0.0176582,0.0136678,0.00331948,0.00771325,0.0112557,0.0269588,0.0193965,0.00328038
0.00317354,0.00493424,0.0132236,0.0105457,0.0154352,0.0169595,0.00713464,0.00867804,0.0284765,0.0648092,0.0386491,0.0083881
0.00488547,0.0113551,0.0145599,0.0152987,0.0199341,0.0134711,0.00631039,0.00609442,0.0141938,0.0337449,0.0243643,0.00772853
0.00556749,0.0232098,0.0307562,0.0155662,0.00694987,0.00353928,0.00343719,0.00470501,0.0142812,0.0289618,0.0172829,0.00439856
0.00597359,0.0147024,0.0231157,0.0141543,0.0169976,0.0109854,0.00472392,0.00457728,0.0103106,0.011333,0.0132726,0.00840385
0.00415452,0.0103759,0.0142991,0.0117151,0.0181334,0.0151777,0.00614537,0.00787923,0.0248299,0.0486383,0.0315395,0.0089585
0.00656981,0.0167285,0.0238802,0.016452,0.0232875,0.0167345,0.00693837,0.00890124,0.0309781,0.0671546,0.0417985,0.00747981
0.0115634,0.0195345,0.0115814,0.00701841,0.0107116,0.0124688,0.00724951,0.00670284,0.0129629,0.0295543,0.0176738,0.00904386
0.00590705,0.0160698,0.0179728,0.00945943,0.00944358,0.00808168,0.00767042,0.00727604,0.0104569,0.0212166,0.0165123,0.00512053
0.00656829,0.0138199,0.0176644,0.00715893,0.00520978,0.00585294,0.00430416,0.00429634,0.00891658,0.0272213,0.0222219,0.00817875
0.00574212,0.0111376,0.0163922,0.0103224,0.0189768,0.015166,0.00529579,0.00726015,0.0252704,0.0446041,0.0258403,0.00660834
0.00542043,0.0132598,0.0120131,0.00972691,0.0198587,0.0154118,0.00416583,0.0049699,0.0208183,0.0468239,0.031574,0.00703789
0.00459491,0.011479,0.018334,0.0152865,0.0163955,0.0117397,0.00691166,0.00982002,0.0223775,0.0503172,0.0334875,0.0100864
0.00419976,0.00819968,0.0126367,0.0110888,0.0119959,0.00611475,0.00652515,0.00652347,0.013639,0.0337731,0.0250921,0.00539843
0.00615127,0.0111865,0.0188657,0.0100461,0.0248752,0.025658,0.0103751,0.00574816,0.0271134,0.0605088,0.0336423,0.00916205
0.00533505,0.0108815,0.0219602,0.0199226,0.0375536,0.0298776,0.00775004,0.00733141,0.0246,0.0641329,0.0375947,0.00676908
0.00918943,0.0159762,0.0220445,0.0108187,0.0258356,0.0221791,0.00900372,0.0059456,0.0134087,0.0389778,0.028915,0.0103086
0.0048023,0.0132129,0.0176448,0.0118968,0.0154358,0.0134762,0.00537576,0.00471307,0.0133432,0.0221014,0.0153601,0.00554353
0.00743295,0.0108051,0.0107192,0.00969551,0.0117209,0.00939599,0.00436141,0.00717951,0.0227807,0.0373658,0.0197649,0.0100993
0.0112087,0.0175102,0.0166882,0.00782456,0.0240504,0.0223412,0.0079213,0.0137824,0.0247025,0.0547085,0.0339076,0.0133762
0.0137038,0.0203825,0.0166739,0.0119132,0.0235012,0.0207799,0.00762702,0.0114495,0.039228,0.0864357,0.048247,0.0116024
0.0090803,0.0191145,0.0137152,0.0100495,0.012127,0.0110943,0.00970635,0.0125269,0.0239959,0.0468785,0.0311777,0.0113872
0.00823031,0.0189576,0.0122417,0.00841322,0.0122391,0.0129676,0.00632248,0.00944645,0.0219474,0.0355464,0.0234002,0.00804413
0.012303,0.0246392,0.014442,0.0101656,0.0190872,0.012315,0.00849026,0.00909963,0.0165802,0.0455074,0.0325124,0.0121075
0.0119939,0.0236176,0.0136271,0.0114697,0.0261102,0.0226459,0.00772094,0.00961853,0.0278788,0.0708313,0.0469781,0.0121801
0.0154132,0.0364486,0.024057,0.00348426,0.0209696,0.023196,0.0085955,0.0087459,0.0196156,0.0431208,0.0290849,0.0121346
0.0153686,0.0409785,0.025902,0.00699099,0.0253375,0.0225407,0.00695917,0.00820807,0.0183527,0.044832,0.0319524,0.00684692
0.0189371,0.0264909,0.00825607,0.0087978,0.0162959,0.0138209,0.00632798,0.0103764,0.0152926,0.0282134,0.0216802,0.0100345
0.0115808,0.0241435,0.0143655,0.00738724,0.0274492,0.0272644,0.013809,0.0193559,0.0315381,0.0493833,0.036873,0.0118529
0.00720251,0.0207593,0.0132292,0.00934081,0.0277165,0.0221437,0.00817255,0.0139325,0.0327945,0.0575377,0.0353375,0.0106788
0.010225,0.0199426,0.0137173,0.00739086,0.0178529,0.0122472,0.00569131,0.00821029,0.0223323,0.0373698,0.0222955,0.00806382
0.0194787,0.0423334,0.0201507,0.0031851,0.0180703,0.0151833,0.00484242,0.00507916,0.014841,0.0348738,0.0311579,0.010944
0.0117202,0.0316257,0.0211658,0.0101596,0.0081218,0.015163,0.00903863,0.012184,0.0241912,0.0378124,0.0206913,0.00724213
0.0109927,0.0186876,0.012474,0.00699181,0.0229566,0.0213624,0.00834563,0.0123583,0.0272402,0.0583979,0.038903,0.0119135
0.00577618,0.0218214,0.0127656,0.00700758,0.0200208,0.0175138,0.00721565,0.00851692,0.0209034,0.0386819,0.0244288,0.0118363
0.0204023,0.0671671,0.0415576,0.00436622,0.0164995,0.0126041,0.00498066,0.00932069,0.0136977,0.0225288,0.0155613,0.0084513
0.0128146,0.0209264,0.0109767,0.0091536,0.0248295,0.0210652,0.00982562,0.0099548,0.0196882,0.0307937,0.0181592,0.0110059
0.0131532,0.0311014,0.0182137,0.00694428,0.0224934,0.0237031,0.0115207,0.0115397,0.0198743,0.0432209,0.0322662,0.0118176
0.00749053,0.0140677,0.0126273,0.0118528,0.0399534,0.0355604,0.00920154,0.00917982,0.019939,0.0470952,0.0345157,0.00895969
0.0130666,0.0288425,0.0133066,0.00648771,0.0156162,0.0133456,0.00732299,0.0075698,0.0238106,0.0505775,0.031188,0.00897877
0.0161536,0.0352788,0.0173052,0.00598879,0.0126472,0.00986018,0.00449392,0.00517015,0.0107374,0.020186,0.0193966,0.00708706
0.0108301,0.0205675,0.0148201,0.0068394,0.0172099,0.0160586,0.00827983,0.00983543,0.0127068,0.0282562,0.0211772,0.0074498
0.00629489,0.0148478,0.0105188,0.00713114,0.030498,0.0271564,0.00766982,0.00557635,0.0175189,0.0393978,0.03242,0.00688682
0.011305,0.0320346,0.0183007,0.00687071,0.0309178,0.0302562,0.00975364,0.00461162,0.0179561,0.0323219,0.0221571,0.010508
0.0228563,0.0479816,0.0247844,0.00570086,0.0250316,0.0184967,0.00352666,0.00642596,0.0125833,0.0181284,0.0118637,0.00704601
0.0169827,0.0352831,0.0208742,0.00732972,0.0108457,0.00528001,0.00304092,0.00695816,0.0145909,0.0215925,0.0129797,0.00798089
0.00541264,0.0176094,0.0290306,0.0160367,0.00956498,0.0108349,0.00659966,0.00626157,0.00944078,0.022524,0.0150352,0.00717908
0.0081304,0.0275191,0.057445,0.0339807,0.0163122,0.0182671,0.0116663,0.00848037,0.0138991,0.0284305,0.0184515,0.00687986
0.00794103,0.0301157,0.0530961,0.0238761,0.00558663,0.00881882,0.0101379,0.00687158,0.0108613,0.0217786,0.0118729,0.00614451
0.00474048,0.0215033,0.0476064,0.0285696,0.00818036,0.0143661,0.0107985,0.00458748,0.0119962,0.0236326,0.0164702,0.00473104
0.00570294,0.0337107,0.0691554,0.0349783,0.00497361,0.00748724,0.0123753,0.00825572,0.0131843,0.0274108,0.0140204,0.00454302
0.00681185,0.0180785,0.0473132,0.0284879,0.0130495,0.00904668,0.00872654,0.00573461,0.00849586,0.0146461,0.00709732,0.00484995
0.00470877,0.0160181,0.0408197,0.024883,0.0194059,0.0132528,0.00542195,0.00599248,0.00918077,0.0152411,0.010211,0.00762397
0.00581865,0.0181261,0.0326964,0.0222785,0.0103883,0.0104906,0.00558208,0.00454515,0.00626484,0.00836226,0.0065142,0.00791266
0.0130605,0.0201623,0.0317115,0.0153395,0.00937073,0.0123845,0.00848953,0.00330057,0.00799638,0.014466,0.00831137,0.00739597
0.00641832,0.0111277,0.0258937,0.0155044,0.00952179,0.0155213,0.0138454,0.00638383,0.00561155,0.00708444,0.00510219,0.00424278
0.00617323,0.0145712,0.0297207,0.0139687,0.00950303,0.0154042,0.0142431,0.0153441,0.00933147,0.00853103,0.00643351,0.00467479
0.00517135,0.014816,0.0305061,0.0192322,0.00579235,0.00685355,0.0173663,0.0296018,0.021351,0.0110502,0.0065818,0.00549221
0.00524689,0.0131139,0.0209613,0.0114663,0.0102472,0.00948734,0.0102363,0.0133943,0.0140297,0.0248792,0.014088,0.00572575
0.00352867,0.00886372,0.0161433,0.00874623,0.00997912,0.00738385,0.00635477,0.00804802,0.0229038,0.0663169,0.0404538,0.00595476
0.014044,0.0084217,0.0154605,0.00933746,0.00637429,0.00830735,0.00573436,0.00531812,0.0173593,0.0250274,0.0189086,0.0281879
0.0300714,0.00784908,0.0116963,0.00894486,0.00409953,0.00362637,0.00717034,0.00915543,0.00673256,0.00564128,0.0262528,0.0598811
0.00993577,0.0136642,0.00969174,0.00656504,0.00434562,0.00335634,0.00694937,0.00766084,0.00425859,0.0119543,0.0102842,0.0214056
0.013442,0.0303611,0.0235431,0.00542705,0.00204895,0.00241132,0.00322866,0.00497872,0.0131169,0.0203937,0.0109178,0.0137099
0.00805021,0.021734,0.0229503,0.00843506,0.00484466,0.00291793,0.00377986,0.00718043,0.00812746,0.0111193,0.00666421,0.00910553
0.00795436,0.0260384,0.0320648,0.0172107,0.00369401,0.00432974,0.0054998,0.00368096,0.00463198,0.00625357,0.00515481,0.00706747
0.0101427,0.0200096,0.0381492,0.016974,0.00229822,0.00323437,0.0059556,0.00497692,0.00473455,0.0112834,0.00672787,0.0119412
0.00452308,0.00636271,0.0126843,0.00635283,0.00175093,0.00204741,0.00421167,0.00428365,0.0128229,0.0268071,0.0159499,0.00838304
0.00337403,0.00492974,0.00578627,0.00643096,0.00711011,0.00341577,0.00198951,0.00245613,0.0119225,0.0379593,0.0271122,0.00907207
0.0232391,0.0075779,0.00894452,0.00774951,0.00418153,0.000874986,0.00459628,0.00428574,0.0178088,0.0289453,0.0171135,0.0406419
0.0871261,0.013852,0.00927575,0.00420186,0.00106267,0.00313139,0.00627581,0.00461506,0.00478744,0.00766025,0.0496784,0.140284
0.0239193,0.0215669,0.0103578,0.00310278,0.00193036,0.0029517,0.00803747,0.00701325,0.00430522,0.0150226,0.0113773,0.0288045
0.0119528,0.026161,0.0088196,0.00629023,0.0011849,0.00126695,0.00310811,0.00435678,0.0146399,0.0164315,0.0101351,0.0188041
0.0205305,0.0239844,0.00831048,0.00337468,0.00188362,0.00176899,0.0040053,0.00382891,0.00494348,0.00679931,0.00809307,0.0200637
0.00987155,0.00721382,0.0148494,0.0103294,0.00237526,0.00253136,0.00410202,0.00325484,0.00439987,0.0114856,0.00688087,0.0152197
0.00500443,0.00902454,0.0276823,0.0174293,0.00298266,0.0017393,0.00237353,0.00117545,0.00398689,0.00752689,0.00519248,0.00907693
0.0061924,0.00683227,0.0101867,0.00557282,0.00397139,0.00324591,0.00171611,0.00132449,0.00328293,0.00883009,0.00737447,0.0107653
0.00379283,0.00370404,0.00732446,0.00672286,0.0137075,0.00798969,0.00164819,0.001967,0.00548111,0.00919792,0.00774226,0.0112448
0.00294322,0.00479495,0.00862793,0.00535349,0.00616917,0.0113858,0.00695326,0.00157479,0.00297063,0.0060495,0.00682564,0.0103401
0.00228011,0.00620254,0.00625169,0.00210507,0.00559715,0.010553,0.00988142,0.00841602,0.00441379,0.0039851,0.00248186,0.00385713
0.00424805,0.00285365,0.00474914,0.0040433,0.00319317,0.00553187,0.00693861,0.0113799,0.0110575,0.00692325,0.00407243,0.00592712
0.00348334,0.00428802,0.00454041,0.00120274,0.0039882,0.00694791,0.00851265,0.0175655,0.0166588,0.0103016,0.00409668,0.00799085
0.0051822,0.00678701,0.00659441,0.00500776,0.00550098,0.00785949,0.00815868,0.008895,0.00871229,0.00944382,0.0034648,0.00341431
0.00329293,0.00564654,0.00400907,0.00299216,0.00265188,0.00262243,0.00251087,0.00658624,0.00785866,0.016866,0.01138,0.00213964
0.00649149,0.00587028,0.00411336,0.00240667,0.00591611,0.00671708,0.00304281,0.0034525,0.00500846,0.0100966,0.00819386,0.00732085
0.0036612,0.00811445,0.0117058,0.00722354,0.00273746,0.00247238,0.00292579,0.00308367,0.00866608,0.0129703,0.00642837,0.00458892
0.00292389,0.00506919,0.00715227,0.0070699,0.00338162,0.00304459,0.00365695,0.00515962,0.00436041,0.00656199,0.00249714,0.00443075
0.00458324,0.0128002,0.0188952,0.00661375,0.0106981,0.00331044,0.00297717,0.00290859,0.00445353,0.00984609,0.00823897,0.00894572
0.00106808,0.00407907,0.00744557,0.00791243,0.0139153,0.00678407,0.001069,0.00312674,0.00375626,0.00579344,0.0082445,0.00948862
0.00166276,0.00388027,0.00793059,0.00688097,0.00955378,0.00748177,0.00923442,0.00283217,0.0035034,0.00754042,0.00555384,0.00631447
0.00154714,0.00317612,0.0059525,0.00224038,0.00760877,0.0211845,0.0186902,0.00393556,0.00308024,0.00632572,0.00324431,0.00249257
0.0023032,0.00474724,0.00581034,0.00432848,0.00473552,0.00979714,0.00835812,0.00966695,0.00679,0.00575566,0.00434033,0.0055561
0.00119314,0.00127433,0.00320756,0.00435653,0.00298672,0.00560073,0.00551107,0.0166105,0.0277258,0.0144415,0.00644036,0.00218882
0.00282393,0.00308249,0.00488873,0.00307207,0.00368919,0.00266336,0.00353682,0.0110075,0.0100844,0.00761312,0.00555596,0.00388109
0.00167792,0.00307201,0.00445349,0.00184438,0.00352398,0.00568438,0.00562628,0.00599989,0.0154729,0.0251405,0.01639,0.00399243
0.00269419,0.00287914,0.00382808,0.00279236,0.00226628,0.0038224,0.00462701,0.00426857,0.00594409,0.00927765,0.00301648,0.00652718
0.0109218,0.00298302,0.00313123,0.00266346,0.00408643,0.00352864,0.00436296,0.00370444,0.00454662,0.00968499,0.0250331,0.0360106
0.00911396,0.0104322,0.00649058,0.00155248,0.00296657,0.00122078,0.00149783,0.00632561,0.0111606,0.0127131,0.0162244,0.0227035
0.0124935,0.0420252,0.0296711,0.00485485,0.00283544,0.00259505,0.00247913,0.0027698,0.00204219,0.00527745,0.00561996,0.0131176
0.00862439,0.0200051,0.0186074,0.00604567,0.00276214,0.00237904,0.00234125,0.0044092,0.00462625,0.00519958,0.00470863,0.00594039
0.00747335,0.0171095,0.0162903,0.020828,0.0103191,0.00920685,0.00575838,0.00231399,0.00409868,0.00646775,0.00711474,0.010542
0.00288224,0.00756293,0.0246963,0.0205535,0.00612668,0.0197035,0.0153341,0.00320521,0.00261432,0.00576772,0.00561813,0.0077028
0.00373009,0.0211993,0.0410273,0.0172764,0.0133931,0.0253788,0.0126703,0.00408884,0.00300081,0.00906969,0.00800553,0.00538181
0.00391359,0.0168126,0.033966,0.0197919,0.0101611,0.0240321,0.0133252,0.00335516,0.00772806,0.0126314,0.00737036,0.0054387
0.00582698,0.0179811,0.0471218,0.0341912,0.0109138,0.0122457,0.00980311,0.00282204,0.00637965,0.0128111,0.00922285,0.0066259
0.00378088,0.0181473,0.0267411,0.0132659,0.00651495,0.0157625,0.0115071,0.00311932,0.00189197,0.00694709,0.00475313,0.00440769
0.00377524,0.0146461,0.0278647,0.0179751,0.00797629,0.00789716,0.00497143,0.0044867,0.00629624,0.0120485,0.00958761,0.00637648
0.00274996,0.0138938,0.0277446,0.0165692,0.00527473,0.00552603,0.00351922,0.00311183,0.00538429,0.0095015,0.00703449,0.00497018
0.00377834,0.0161547,0.0389041,0.0235585,0.00595652,0.0081976,0.00500722,0.00214524,0.00376754,0.00697141,0.00445204,0.00295739
0.00201903,0.0165632,0.0338396,0.0182581,0.00459498,0.00459655,0.00431634,0.0028989,0.00300228,0.006096,0.00491636,0.00298263
0.00317821,0.0158028,0.0302391,0.0145162,0.00338199,0.00373683,0.00380009,0.00191337,0.00272142,0.00689693,0.00474391,0.00401155
0.00218781,0.0107962,0.0214926,0.0126826,0.00233168,0.00233689,0.00293028,0.00153872,0.00227202,0.0050453,0.00416277,0.00224872
0.00209673,0.0050627,0.0141772,0.00841345,0.00227495,0.00281272,0.00198598,0.00123104,0.00208291,0.00363311,0.00259406,0.00145524
0.00196248,0.00750912,0.0131157,0.00647681,0.00210061,0.00342944,0.00197301,0.00103687,0.00363543,0.00857408,0.00394216,0.00173623
0.00149346,0.00661824,0.011758,0.00638217,0.001967,0.00311255,0.00155303,0.000682527,0.00479924,0.0223,0.0185029,0.00302035
0.00123132,0.00574889,0.010773,0.00621661,0.00187592,0.00238671,0.00168723,0.000894781,0.00855889,0.0310151,0.0212922,0.00319088
0.00250818,0.00595767,0.0104162,0.00538531,0.00170125,0.00221235,0.00208079,0.00289175,0.00842903,0.0218458,0.0147463,0.0027259
0.00116905,0.00488276,0.010655,0.00585201,0.00165187,0.00207913,0.00198903,0.00113189,0.0106233,0.0324837,0.0197916,0.00250589
0.00352404,0.00498004,0.00912828,0.00581914,0.00110919,0.000817767,0.00116449,0.00135365,0.0033321,0.00683699,0.00813118,0.00463542
0.00264835,0.020463,0.0249842,0.00803155,0.00106943,0.00110638,0.000773955,0.000615361,0.00165851,0.00568132,0.00291244,0.0021569
0.00319263,0.0140122,0.0179643,0.00648914,0.00111531,0.000742363,0.000935103,0.0011538,0.00299656,0.0091673,0.00579505,0.0016896
0.00317332,0.0199584,0.0245106,0.00731456,0.000991355,0.000971828,0.00122256,0.00179036,0.00210934,0.00675284,0.00507499,0.00133554
0.00271145,0.0129045,0.0173666,0.00692898,0.0027857,0.00229546,0.00170151,0.00148253,0.00231613,0.00544236,0.00304376,0.000918618
0.00145425,0.0046348,0.00695251,0.00244379,0.00565666,0.00410201,0.000840192,0.000875864,0.00174229,0.00417275,0.00281811,0.00180693
0.0011827,0.00310112,0.00471676,0.00316253,0.00864588,0.00765484,0.00152276,0.00102449,0.000862462,0.00225007,0.00146948,0.00122259
0.00116465,0.0050443,0.0075397,0.00296968,0.00349902,0.00322819,0.00147877,0.00143442,0.00357516,0.00621668,0.00336918,0.00125014
0.00158983,0.00420314,0.00419554,0.00257546,0.00109357,0.00241749,0.00271237,0.0018426,0.0046138,0.0062532,0.00481239,0.00395209
0.00202608,0.00747113,0.0123937,0.00631743,0.00324903,0.00260277,0.00173791,0.00122324,0.00304522,0.00912589,0.00629475,0.00232135
0.00111937,0.0090954,0.0191093,0.0118306,0.00342761,0.00189488,0.00146608,0.00143276,0.00337343,0.0128262,0.00991834,0.00347073
0.000924177,0.00916681,0.0178488,0.00744394,0.00411661,0.00342488,0.00202844,0.00203661,0.00187573,0.00950932,0.00758031,0.00186543
0.00132719,0.00749293,0.0102858,0.00404153,0.00281159,0.0027374,0.00224032,0.00170716,0.00143675,0.00468458,0.00458166,0.00118468
0.00103986,0.0052413,0.0109282,0.00535739,0.000404807,0.000581436,0.000837463,0.00105667,0.0026096,0.00761331,0.0048514,0.00111074
0.000731196,0.0049517,0.0102505,0.00587923,0.00151254,0.0013034,0.000930377,0.000757278,0.00319272,0.0105799,0.00693334,0.000995465
0.00288367,0.00435422,0.00799454,0.00338158,0.000665113,0.00124552,0.00103941,0.00183953,0.00633044,0.0117582,0.00672901,0.00326736
0.00097206,0.00279893,0.00706166,0.00452627,0.00116749,0.00403113,0.00664065,0.00313825,0.00199283,0.0048736,0.00394437,0.00197128
0.00245409,0.00471433,0.00613451,0.00326716,0.00175327,0.00101633,0.00147133,0.00117067,0.00327357,0.00483742,0.00371189,0.00201959
0.00148213,0.00640873,0.00748337,0.00272827,0.00115696,0.00138751,0.0039283,0.0027007,0.0049256,0.0105535,0.00538217,0.00295586
0.00359408,0.0085788,0.00999352,0.00428966,0.00100623,0.00502332,0.0101497,0.00518587,0.00835032,0.0165147,0.00826248,0.00323504
0.00152841,0.00710178,0.0100293,0.00426367,0.0010219,0.00598394,0.0122395,0.0057562,0.00575993,0.0181044,0.0119242,0.00268322
0.00105799,0.00676387,0.0129827,0.00595547,0.000720882,0.00347844,0.00602308,0.00478016,0.00451301,0.00690185,0.00472804,0.00113717
0.00106294,0.00578665,0.0135655,0.00629515,0.000930237,0.000725133,0.00259355,0.00421044,0.00214341,0.00344427,0.00330781,0.00106983
0.00184586,0.00590379,0.0138129,0.00738228,0.000620141,0.00137161,0.00137291,0.00565451,0.00576429,0.00533793,0.00368055,0.00157677
0.000728268,0.00580727,0.0112468,0.0046197,0.000621084,0.000978805,0.00223057,0.00458962,0.00233744,0.00144935,0.00169669,0.000912267
0.000965458,0.00371595,0.00559758,0.00333026,0.000976733,0.00134019,0.00205534,0.00212289,0.00540397,0.0130855,0.00728854,0.00398618
0.00361035,0.0071164,0.00922261,0.00431789,0.000801955,0.00114004,0.00287665,0.00365936,0.004503,0.00421752,0.00369077,0.00388839
0.0010705,0.00831828,0.0190275,0.0100072,0.000832089,0.00252654,0.0043848,0.00219122,0.00705517,0.0156903,0.00900696,0.00533374
0.00148335,0.00756438,0.0190113,0.0103189,0.000858073,0.0016175,0.00265368,0.001931,0.00614045,0.0167443,0.0106204,0.00428477
0.00122493,0.00931722,0.0195961,0.0114165,0.0013443,0.00674495,0.00617233,0.00352967,0.00745562,0.0143441,0.00837677,0.00311306
0.00174171,0.00872056,0.0195733,0.0106914,0.00207486,0.0103301,0.0119241,0.00421649,0.00260166,0.00720808,0.00488735,0.00287537
0.00104654,0.0076618,0.0204063,0.0112741,0.00134823,0.00461174,0.00397244,0.00242561,0.00405719,0.00610658,0.00354961,0.00186976
0.00147867,0.00661005,0.0174687,0.00924017,0.00166618,0.00549074,0.00693478,0.00281266,0.00397319,0.0127619,0.00941551,0.00284476
0.00241985,0.00893589,0.0165792,0.0078109,0.00319313,0.00398627,0.0016669,0.00253637,0.00632242,0.0116973,0.00571714,0.00396537
0.00249753,0.00645948,0.0126626,0.00630871,0.00105995,0.00165686,0.00236581,0.00144026,0.00318944,0.00494291,0.00428012,0.00230774
0.00365053,0.00651313,0.0173762,0.00945374,0.00158595,0.00351969,0.00816498,0.00478284,0.00503834,0.015471,0.0109141,0.00512072
0.00129785,0.00360596,0.0138136,0.00784811,0.0016746,0.00409291,0.00749703,0.00420807,0.00883053,0.0216716,0.0116334,0.0025151
0.00401829,0.0055742,0.0140698,0.00739475,0.00383559,0.00534251,0.00646396,0.00526214,0.00787175,0.01917,0.0158414,0.00749028
0.0023067,0.0087745,0.0194467,0.00950224,0.00578182,0.00400225,0.00267693,0.00306969,0.00448437,0.013002,0.00992234,0.00233639
0.00171629,0.00916484,0.0211988,0.0112017,0.0128011,0.011587,0.00578941,0.00313979,0.00311703,0.006208,0.00451244,0.00227513
0.00145187,0.00486701,0.013269,0.0114233,0.00959513,0.00560524,0.00161597,0.00143158,0.0035293,0.0185445,0.0165012,0.00386087
0.00287025,0.00754115,0.0145995,0.00940723,0.00313307,0.00418356,0.0045627,0.00315918,0.00917582,0.0269125,0.0158681,0.0041584
0.00364576,0.0143645,0.0253717,0.0122764,0.00188649,0.00239826,0.00247637,0.00256048,0.010052,0.0195049,0.0112331,0.00788754
0.00412496,0.00570505,0.00893145,0.00371807,0.00193872,0.00205245,0.00326722,0.00387969,0.00744101,0.00944639,0.00442318,0.00376927
0.00115014,0.00666113,0.0180973,0.0100515,0.00179015,0.00246151,0.00223701,0.00143128,0.00852056,0.0208961,0.0121354,0.00523747
0.00226775,0.00718393,0.0133072,0.00784049,0.00161355,0.00195782,0.00481474,0.00228496,0.00633818,0.0130555,0.00694671,0.0037053
0.00226319,0.00484368,0.00882159,0.00629959,0.00366015,0.0115396,0.0102285,0.00292003,0.00781789,0.0244236,0.0188047,0.00510772
0.00244277,0.00850725,0.0179714,0.0087524,0.00182058,0.00780496,0.00680188,0.00239818,0.00315511,0.00844474,0.0066437,0.00269137
0.00368231,0.00854347,0.0180921,0.00936118,0.00495879,0.0113158,0.00881665,0.00244905,0.00889485,0.0266508,0.0170105,0.00404578
0.00138972,0.00494152,0.0163328,0.011582,0.00282046,0.00258948,0.00321125,0.0019687,0.00493587,0.0218419,0.0167628,0.00394522
0.00468902,0.00755286,0.0160291,0.0115265,0.00301701,0.00392708,0.00334774,0.00457934,0.0145377,0.0186865,0.00792651,0.00579845
0.00489951,0.00942856,0.0140415,0.00821566,0.00218018,0.00491593,0.00498697,0.00357257,0.00621316,0.0145003,0.00824019,0.00319006
0.00232601,0.0105654,0.0225948,0.0122745,0.00165204,0.00430583,0.00541485,0.0030257,0.0117764,0.0255851,0.0143375,0.00409781
0.00106309,0.00257854,0.0109626,0.00788951,0.00146924,0.0018823,0.00362666,0.00403226,0.0162855,0.0438665,0.0256615,0.00648732
0.0030381,0.00193559,0.00783729,0.00430855,0.00155152,0.000992768,0.00369192,0.00489222,0.0100362,0.0235265,0.0173987,0.00554465
0.00185196,0.00896273,0.0164397,0.00767406,0.00087696,0.00239533,0.00496184,0.00884024,0.00811119,0.0136581,0.0113313,0.00299818
0.00441579,0.00661475,0.0100275,0.00779046,0.00336244,0.00293435,0.00391039,0.00480074,0.00870605,0.0162733,0.0104098,0.00322682
0.00077913,0.00426638,0.0132735,0.00856686,0.00163988,0.0018545,0.00401749,0.00544465,0.00643376,0.0192996,0.0137362,0.00291144
0.00392049,0.00978529,0.0138964,0.00887308,0.002431,0.00210183,0.00406627,0.00267217,0.00944391,0.0208324,0.0121943,0.00469437
0.00316671,0.00413662,0.0122048,0.00955545,0.0023357,0.00424888,0.00569637,0.00320554,0.00654543,0.011539,0.00604345,0.00599023
0.00731364,0.00992563,0.0167009,0.010456,0.00407405,0.00590283,0.00575649,0.002792,0.00417711,0.00734686,0.00415628,0.00829879
0.00149934,0.00621172,0.017479,0.0106123,0.000883092,0.00305462,0.00621329,0.00330613,0.00452032,0.0141805,0.00947051,0.00654867
0.00146338,0.00570438,0.0163121,0.0100377,0.000824291,0.00135124,0.0034721,0.00341233,0.00600743,0.0153739,0.00998194,0.00648993
0.00324207,0.00442141,0.0118704,0.00697723,0.00348092,0.00409479,0.00336327,0.00363418,0.00494131,0.0145818,0.0109498,0.00249675
0.00403046,0.00822285,0.0111587,0.00616064,0.00164241,0.00142601,0.00103882,0.00289218,0.00823428,0.0285953,0.0217739,0.00436075
0.00182985,0.00855107,0.013555,0.00603404,0.00107289,0.00243592,0.00387599,0.00308482,0.00167169,0.00683576,0.00629344,0.00253215
0.00232347,0.00787398,0.0157842,0.00899501,0.00110229,0.00122725,0.00243525,0.00134171,0.00137018,0.00429333,0.00372832,0.00218094
0.00251847,0.00797311,0.012129,0.00603038,0.0011633,0.00142656,0.00206083,0.000759004,0.00169176,0.00210724,0.00110654,0.00125043
0.00137099,0.00417555,0.00804179,0.00414789,0.000764559,0.000813043,0.00113575,0.00203438,0.00282189,0.00582864,0.00373185,0.00157904
0.00363645,0.0064152,0.00590389,0.00351393,0.001939,0.00318714,0.0037519,0.00311519,0.00410975,0.00569804,0.00397165,0.00309094
0.00233566,0.00349893,0.00880628,0.00601556,0.00098603,0.00228977,0.00242933,0.00197237,0.00420802,0.00489279,0.00227093,0.00252696
0.00106669,0.00318211,0.00527356,0.00196176,0.00061657,0.00137818,0.00327109,0.00248757,0.00390314,0.00898775,0.00630134,0.00185754
0.00141069,0.00323847,0.00664925,0.00277832,0.000974424,0.00276875,0.00570172,0.00335887,0.00347238,0.00420613,0.00284783,0.00285043
0.00313152,0.00450264,0.00750318,0.00393265,0.00142972,0.00104613,0.00151181,0.00159082,0.00558647,0.0124976,0.0092758,0.00410817
0.00242493,0.00501083,0.00786037,0.0046195,0.00135524,0.00167812,0.00253824,0.00411653,0.00314202,0.00690671,0.00430306,0.00167582
0.00125754,0.00738736,0.0136435,0.00683384,0.000763168,0.000457208,0.00138369,0.00377169,0.00430761,0.0102206,0.00885107,0.00294592
0.000846741,0.0063893,0.012797,0.00664581,0.000712252,0.0008935,0.00186395,0.00240868,0.00252756,0.0108194,0.00695916,0.00126298
0.00609574,0.0122445,0.0160187,0.00667537,0.00187797,0.00434091,0.00328557,0.00162661,0.00573616,0.00716539,0.00626896,0.00747143
0.00417573,0.00564112,0.00890004,0.00473908,0.00100628,0.0028451,0.00413002,0.00377653,0.00575133,0.00771865,0.00438048,0.00428435
0.00154434,0.0040757,0.00998971,0.00546819,0.000815818,0.00225069,0.00446238,0.00414666,0.00519003,0.0128354,0.00915607,0.00822439
0.00096756,0.0040443,0.00725183,0.00411848,0.00109333,0.00310868,0.00436843,0.00288012,0.00816176,0.0201341,0.0128646,0.00526104
0.00163406,0.00446542,0.00959245,0.00500419,0.00242777,0.0110905,0.00902108,0.00130859,0.0067863,0.0246888,0.0163166,0.00399719
0.00250465,0.00383984,0.00730358,0.00471907,0.00479241,0.0119188,0.00742319,0.00215319,0.0029117,0.013348,0.00991273,0.00291434
0.00119059,0.00703981,0.0137133,0.00713503,0.00374504,0.010914,0.00760025,0.00184733,0.00871711,0.0277871,0.0206734,0.00464237
0.00223088,0.00597785,0.0105337,0.00531476,0.00146474,0.00431545,0.00451349,0.00292698,0.00594303,0.0179263,0.0120899,0.00348061
0.00242287,0.00778599,0.0155413,0.00664326,0.00256022,0.0048764,0.00657082,0.00278189,0.00642054,0.0109253,0.00566546,0.00469176
0.00801272,0.00643766,0.00780741,0.00445816,0.00115585,0.00227556,0.00219925,0.00501903,0.0173349,0.0199744,0.00825505,0.00863217
0.0011307,0.00579341,0.0118688,0.00559344,0.000773407,0.00739782,0.0163958,0.00784755,0.0104282,0.0265558,0.014431,0.00606181
0.0012903,0.00586177,0.011301,0.00510673,0.000431619,0.00396644,0.0105247,0.00616169,0.0074025,0.0154988,0.00824304,0.0025741
0.00128543,0.0037725,0.0102308,0.00545091,0.00061037,0.00158825,0.00360183,0.00252369,0.00409987,0.0105032,0.00656888,0.00161004
0.0016171,0.00467786,0.0100335,0.00539515,0.000848946,0.00163689,0.00377892,0.00304499,0.00138486,0.0026742,0.00236913,0.000975311
0.00331876,0.00647919,0.00874767,0.00680568,0.00638726,0.00358911,0.00397252,0.00305056,0.00820466,0.0147144,0.00777326,0.00439002
0.001697,0.0106904,0.0207859,0.0113455,0.00788463,0.00484434,0.00465066,0.00235675,0.00381846,0.00887896,0.00574623,0.0023494
0.00103064,0.00800961,0.0133069,0.0055338,0.0065038,0.00350206,0.00281646,0.00205538,0.00695785,0.0186541,0.0124133,0.00301087
0.00115531,0.00537462,0.00876929,0.00913558,0.0155361,0.0095793,0.0015617,0.00134521,0.00937986,0.0268347,0.016062,0.00265232
0.000602067,0.004684,0.0096362,0.00903979,0.0193595,0.0116703,0.00256015,0.00216579,0.0123306,0.0380204,0.0224455,0.00240895
0.000669755,0.00521849,0.0106216,0.0129899,0.0268615,0.0175961,0.00258802,0.00121681,0.0140463,0.0374188,0.0206866,0.00240737
0.000523611,0.00381235,0.00891217,0.00791081,0.0114037,0.00633335,0.000509454,0.000679484,0.00926774,0.0258544,0.0151012,0.00172527
0.000576064,0.00363592,0.00760953,0.00394385,0.00214769,0.00179713,0.000804272,0.000477251,0.00566801,0.0173852,0.0102906,0.00154132
0.000815572,0.00230391,0.00450488,0.00294316,0.00582562,0.0037059,0.00186558,0.00106477,0.0054011,0.0127913,0.00690818,0.00114737
0.000550896,0.00180664,0.00344589,0.00158639,0.0017704,0.00119757,0.000894326,0.000549441,0.00160443,0.00536256,0.00376914,0.000989594
0.00048515,0.00138755,0.00337289,0.00223661,0.00209616,0.00192928,0.00131511,0.000728783,0.00483766,0.0137498,0.00811529,0.00116577
0.000496637,0.00144999,0.0037457,0.00269425,0.00165568,0.000896629,0.000820438,0.000401531,0.00252797,0.00871848,0.00573096,0.000761287
0.000288275,0.00169006,0.00281141,0.00275451,0.00433594,0.00249993,0.000494764,0.000419365,0.00206642,0.00733295,0.00475168,0.000653831
0.000262989,0.00245696,0.00404615,0.00190019,0.00305619,0.00187346,0.000258997,0.000317273,0.001751,0.00497983,0.00286793,0.000549435
0.00208766,0.00187516,0.00205068,0.00309471,0.00323421,0.00192156,0.000967104,0.00151147,0.00282696,0.00536125,0.00387762,0.00283282
0.00173538,0.00601848,0.0182319,0.0150087,0.00400515,0.00239629,0.00444698,0.00230371,0.0022321,0.00691864,0.00543576,0.00216058
0.00149718,0.00736477,0.0164975,0.00898212,0.00233309,0.00286172,0.0035179,0.00284932,0.00260725,0.00491998,0.00427725,0.00274938
0.00179487,0.0097586,0.0258313,0.0205817,0.00610252,0.00374237,0.00418206,0.00308832,0.012916,0.0291809,0.017926,0.00276354
0.0023481,0.00573293,0.0113169,0.0097409,0.00283887,0.00295389,0.00304375,0.00298304,0.00613782,0.00850457,0.00478174,0.00221381
0.00132138,0.00541556,0.0141152,0.00812878,0.00759446,0.016538,0.0101001,0.00314385,0.00528313,0.0101494,0.0063872,0.00304818
0.00160333,0.00448002,0.0108412,0.00723713,0.00367095,0.00721469,0.00586603,0.00356877,0.00515314,0.00745364,0.00433239,0.00276586
0.00110607,0.0109655,0.0251655,0.0134952,0.00605628,0.0239021,0.0209573,0.00494273,0.0054328,0.0122272,0.00684076,0.00454707
0.00463741,0.00944264,0.018354,0.00903355,0.00354992,0.00892216,0.00640923,0.00309519,0.0103261,0.0150057,0.00763637,0.00396317
0.00100846,0.00648913,0.0188251,0.0115381,0.00266315,0.00465879,0.00436174,0.00227608,0.0124807,0.0511182,0.0420482,0.00772893
0.00332463,0.00822764,0.0171623,0.00975114,0.00172161,0.00602544,0.00664461,0.00268615,0.0112335,0.0256217,0.0176614,0.00433585
0.00230424,0.0141401,0.025328,0.010311,0.00309441,0.0045881,0.00401298,0.00121139,0.00919904,0.0180881,0.00842572,0.00347946
0.0010711,0.00480226,0.0129478,0.0117477,0.0024139,0.0033272,0.00454002,0.00222289,0.00320628,0.00481447,0.00218147,0.00186528
0.00114088,0.0039763,0.0105827,0.00692684,0.00185099,0.00302625,0.00248336,0.00143694,0.00285741,0.00673442,0.00530024,0.00235116
0.00273533,0.00680834,0.0171059,0.010755,0.00206956,0.00332046,0.00313905,0.00101337,0.00278391,0.00736519,0.00659809,0.002792
0.00220248,0.0111037,0.0309142,0.0225159,0.0133256,0.00920217,0.00336208,0.0039441,0.00547322,0.00725364,0.00464884,0.00195011
0.0019957,0.00932223,0.0309956,0.0230057,0.00695614,0.00289526,0.00187821,0.00113452,0.00394915,0.0088425,0.00453352,0.00149354
0.000671118,0.00853419,0.0267236,0.0166115,0.00544642,0.00376874,0.00117572,0.0013509,0.00236989,0.00449305,0.00367028,0.00125934
0.00151766,0.00676637,0.0227074,0.0175433,0.00906866,0.00627246,0.00268825,0.00161557,0.00505317,0.0117329,0.00683247,0.00235123
0.00171484,0.00553036,0.0132349,0.00714524,0.00436041,0.00238387,0.00111946,0.00110255,0.00219343,0.0063029,0.00426433,0.00148285
0.000991272,0.00750128,0.0166933,0.00797467,0.00142945,0.00421651,0.00779134,0.00323627,0.00197975,0.00588958,0.00458174,0.00303211
0.00275909,0.00268446,0.00865521,0.00604881,0.00250222,0.00218159,0.00273415,0.00321419,0.00517548,0.00484094,0.00292552,0.00218119
0.00155715,0.00789757,0.0167901,0.00979508,0.00356944,0.00351348,0.00413728,0.0022109,0.00274155,0.00556121,0.00376813,0.00210409
0.00257998,0.00614639,0.0154649,0.0101297,0.00235532,0.00212152,0.00226003,0.00155418,0.00281754,0.00355942,0.00173239,0.00193055
0.00224689,0.00793119,0.0183003,0.0114178,0.00161228,0.00154746,0.00177914,0.00107676,0.00326692,0.00470528,0.00187999,0.00150378
0.00626811,0.00981544,0.0194087,0.0115467,0.00165647,0.00136402,0.00220688,0.00164015,0.00229575,0.00369228,0.00268442,0.0041253
0.0084115,0.00763917,0.0122737,0.00701583,0.00110168,0.0010255,0.00102513,0.00103134,0.00114346,0.00232001,0.00112421,0.00533047
0.00406009,0.00501382,0.0106631,0.00588957,0.000971669,0.00118794,0.00111437,0.00106189,0.001768,0.00215092,0.00146292,0.00295133
0.00177962,0.00531944,0.0123952,0.00712951,0.00052666,0.000868531,0.00111914,0.00107265,0.0011439,0.00298959,0.00207828,0.00134084
0.00377812,0.00889532,0.0108333,0.00562461,0.00155318,0.000649561,0.0012623,0.00127641,0.00238297,0.00323023,0.00160886,0.00170026
0.00327096,0.00871754,0.015833,0.00870184,0.0011912,0.00126209,0.0021745,0.00136111,0.00147251,0.00195107,0.00123735,0.00201026
0.00326719,0.00628942,0.00908136,0.00572451,0.00154833,0.000554606,0.00101127,0.000566973,0.00263876,0.00410513,0.0021333,0.00150965
0.00206168,0.00787801,0.0155604,0.00830132,0.000957244,0.00111376,0.00168105,0.00121387,0.00139268,0.00236748,0.00192254,0.00144131
0.00158095,0.00716384,0.0117714,0.0054515,0.000655379,0.00132748,0.00126488,0.000502026,0.00160501,0.00294062,0.0014665,0.00107202
0.00295169,0.00429992,0.0143135,0.00874192,0.000896758,0.000817113,0.000876229,0.000870342,0.00155515,0.0016446,0.0101729,0.00762996
0.00201808,0.00949818,0.0208504,0.0109635,0.00129067,0.000714587,0.000821749,0.000584971,0.000790344,0.00283294,0.00618132,0.00487338
0.001765,0.0076752,0.0186374,0.00986041,0.00117887,0.00036705,0.00060774,0.000765076,0.00127418,0.00389843,0.0128833,0.00934101
0.00207716,0.00582057,0.00649371,0.0048754,0.000873046,0.000877571,0.00106201,0.000898433,0.00130241,0.00193312,0.00298929,0.00155905
0.00191107,0.0131529,0.0241782,0.0126897,0.00192605,0.00240288,0.00289867,0.0023011,0.00314818,0.0046251,0.00290479,0.00395834
0.00192157,0.00816452,0.00738791,0.00503734,0.0011457,0.000800473,0.000959115,0.00111738,0.00263768,0.00261963,0.00300812,0.00152436
0.00125495,0.0112053,0.0237527,0.0123119,0.00126595,0.0015394,0.00291042,0.00144056,0.00192708,0.00367544,0.00316435,0.00331256
0.00230938,0.0122537,0.0159811,0.00549119,0.0014321,0.00107006,0.00219355,0.00177473,0.00253537,0.00317966,0.00367614,0.00276355
0.00212943,0.0057149,0.0179638,0.0122803,0.00149079,0.000962975,0.00103068,0.00131812,0.0041537,0.0135927,0.0112411,0.0031727
0.00237262,0.0101237,0.0199565,0.0100711,0.00155465,0.00102473,0.00093875,0.000823962,0.00430028,0.0129864,0.00771733,0.00115592
0.00083113,0.0100795,0.0219996,0.0122798,0.0013858,0.000859021,0.0014489,0.00222581,0.00439796,0.0103177,0.00696648,0.00213547
0.00185266,0.00556281,0.0145466,0.0090435,0.0012021,0.00115673,0.00189572,0.000962446,0.00376924,0.00851437,0.00550942,0.00255375
0.00367885,0.00746202,0.0122981,0.00818716,0.00186581,0.00432355,0.00538907,0.00372545,0.00473566,0.00682028,0.00577044,0.00481991
0.00677665,0.0105276,0.0184595,0.011688,0.00314709,0.003436,0.0054348,0.00678944,0.00731341,0.00665008,0.00621045,0.00959797
0.00380966,0.0163468,0.0351012,0.0188446,0.00219213,0.00195837,0.00281333,0.00260875,0.00478568,0.00555878,0.00316463,0.00469802
0.00215639,0.0120873,0.0390866,0.0246664,0.00236181,0.00112449,0.00254953,0.00196104,0.00431254,0.00696373,0.0038644,0.00263758
0.00216602,0.0161697,0.041745,0.0267471,0.00366228,0.000716952,0.00206025,0.00242336,0.00528806,0.00878553,0.0199388,0.0142131
0.00579659,0.0117443,0.0352329,0.0211052,0.00145511,0.000983625,0.0034968,0.00319447,0.00236122,0.00797355,0.0457587,0.0422427
0.00313767,0.00688548,0.0240377,0.0189273,0.00283374,0.00190694,0.00300408,0.00260532,0.00423763,0.00604108,0.0278501,0.0240717
0.00234697,0.0122638,0.0376288,0.0251276,0.00306699,0.000895359,0.00161026,0.00215659,0.00182756,0.00815399,0.0125865,0.00626386
0.00753282,0.0211178,0.0372726,0.0200012,0.0022423,0.00293961,0.00634218,0.00360415,0.0055005,0.0145307,0.0275575,0.0192544
0.00173535,0.00851926,0.0252245,0.0159979,0.00254557,0.00227277,0.00448057,0.00321023,0.00310041,0.00765596,0.00688322,0.00451397
0.00421422,0.0170207,0.0338452,0.0191947,0.00250116,0.00303348,0.00474208,0.0023412,0.00689429,0.0138777,0.00830733,0.00680829
0.00087217,0.0140901,0.0404661,0.0244908,0.002502,0.00180284,0.00386085,0.00239945,0.00722134,0.020811,0.0118194,0.00347651
0.00552794,0.00959952,0.0135371,0.00855886,0.00307833,0.00235495,0.00378504,0.00242696,0.0064668,0.0175159,0.0154967,0.00868196
0.00659209,0.0395227,0.0506334,0.0180281,0.0017899,0.00128863,0.00247093,0.00241972,0.00447508,0.0115835,0.0079276,0.00171218
0.00523465,0.0303257,0.0402645,0.0156407,0.00201713,0.00124515,0.00149438,0.00115929,0.00141939,0.00427024,0.00448445,0.00280251
0.00502507,0.026862,0.0398619,0.019292,0.00268872,0.00134977,0.00396404,0.00176031,0.00194007,0.00637955,0.00720221,0.00571528
0.00185992,0.0134134,0.0364955,0.0245725,0.0033392,0.00102818,0.00173884,0.00144816,0.00304733,0.0089951,0.00689779,0.00387521
0.00929332,0.016212,0.0178247,0.0089619,0.00248225,0.00265947,0.00276336,0.00292916,0.00871795,0.0102672,0.00965298,0.00897967
0.00416349,0.018426,0.0329205,0.0162876,0.00197496,0.00250934,0.0037632,0.00215056,0.00728437,0.0163494,0.00982185,0.0069657
0.0102288,0.012608,0.00719422,0.0047908,0.00242029,0.00288485,0.00225046,0.00306055,0.00611734,0.00504797,0.00331383,0.00448733
0.00301378,0.00637545,0.0101019,0.00692352,0.00110797,0.00116927,0.00285237,0.00189799,0.00486935,0.0155673,0.0119946,0.00346294
0.00493195,0.00813835,0.0133992,0.00903626,0.00175661,0.00185845,0.00245238,0.00288039,0.00526582,0.00780018,0.00404242,0.00265587
0.0041531,0.0135555,0.0383032,0.0260103,0.0041822,0.0011181,0.00167542,0.00200999,0.00295977,0.00765945,0.0037938,0.00423899
0.00187578,0.0209846,0.050084,0.0280144,0.00307119,0.00107228,0.00146422,0.00139318,0.00305839,0.00561249,0.00255247,0.00250267
0.00427233,0.0109713,0.0174203,0.0098031,0.00190629,0.00184822,0.00233909,0.00140603,0.00391078,0.00689047,0.00566329,0.00397047
0.00139451,0.0138772,0.0294434,0.0145632,0.00114719,0.000465582,0.00120362,0.00113412,0.00205671,0.0050304,0.00369722,0.00143683
0.00239028,0.00567413,0.0164717,0.0112447,0.00205175,0.00233412,0.00250126,0.00282714,0.00644753,0.00620717,0.00343497,0.00237661
0.0026723,0.00788325,0.0181461,0.0122355,0.00220886,0.00299162,0.00612545,0.00372546,0.00743155,0.0184033,0.0119572,0.00597316
0.00514937,0.00588269,0.015862,0.0109948,0.00234704,0.00173207,0.0037945,0.00260882,0.00176694,0.00386174,0.00501457,0.005036
0.0022802,0.00823565,0.0236882,0.0133096,0.00128441,0.00507934,0.0102945,0.00656848,0.0087673,0.0174405,0.0091238,0.00444176
0.00237911,0.00857085,0.0204948,0.0102559,0.00129273,0.00316947,0.00574491,0.003278,0.00411922,0.00873502,0.0048568,0.00313976
0.0183008,0.0158787,0.0194134,0.0102436,0.00127833,0.00172121,0.00228607,0.00174971,0.00339878,0.00778033,0.0057788,0.0100583
0.00575696,0.0157787,0.0309858,0.0166845,0.00137454,0.00150074,0.00252057,0.00192259,0.00387985,0.0092886,0.00452292,0.0056989
0.00797258,0.0162102,0.0369568,0.0210634,0.00250416,0.00184017,0.00257739,0.00156958,0.00294863,0.0081812,0.00535729,0.00582667
0.0063655,0.0132865,0.0242654,0.0142712,0.00185486,0.000461266,0.00140747,0.00146945,0.00252804,0.00881714,0.00606266,0.00213617
0.0052548,0.0106853,0.0138181,0.00474493,0.00129802,0.00170956,0.00256099,0.0017324,0.00789417,0.0099201,0.00363701,0.00486841
0.00546868,0.0109474,0.0289666,0.0145745,0.00121054,0.00197724,0.00418887,0.00250953,0.00545843,0.0141033,0.00862878,0.004425
0.00849403,0.0127266,0.0163749,0.00974313,0.00148877,0.00254151,0.00332188,0.00295713,0.00878792,0.0173726,0.0083773,0.00477243
0.00140918,0.00605682,0.0266908,0.0176933,0.0019551,0.00181832,0.00263553,0.00116136,0.00667415,0.0190387,0.0110803,0.00272534
0.00333337,0.00801251,0.0191581,0.00994776,0.00165451,0.00100154,0.00144269,0.00149692,0.00752998,0.0187786,0.0129068,0.00477035
0.00380816,0.00671746,0.0162387,0.0079841,0.000589166,0.00128738,0.00125816,0.000659117,0.00496541,0.0148068,0.033189,0.0223703
0.00273776,0.00793962,0.0143324,0.00783254,0.00142361,0.00164597,0.0017766,0.00174824,0.0034374,0.00761958,0.014384,0.00881769
0.00240833,0.00768899,0.0269906,0.0184287,0.0018374,0.00049675,0.00082762,0.00086118,0.00328338,0.00732954,0.00832873,0.00473496
0.00445652,0.00624158,0.00931441,0.00669309,0.00100969,0.00120316,0.00138228,0.00158182,0.00347294,0.00824,0.00891632,0.00520742
0.00639765,0.0122119,0.0114638,0.00339007,0.00107519,0.00147866,0.00258827,0.0028981,0.00276955,0.00682826,0.00550141,0.00610197
0.00317709,0.00593314,0.00799203,0.00261709,0.00102855,0.00707836,0.0152358,0.00727332,0.0036299,0.00751599,0.00282424,0.00348056
0.00119472,0.00355157,0.00963719,0.00592584,0.000703559,0.00477091,0.00993207,0.00488234,0.00311782,0.00678347,0.00553727,0.00405298
0.00204832,0.00481665,0.0101908,0.00539287,0.000546191,0.00144257,0.00237725,0.00131559,0.00133224,0.00295801,0.00393127,0.00279245
0.00121522,0.00491088,0.00776082,0.00357054,0.000601856,0.00107859,0.00201107,0.00152288,0.00147875,0.00249818,0.00225918,0.00125656
0.000911258,0.00385505,0.00963415,0.00573119,0.0010924,0.00191421,0.00365906,0.00276723,0.0108053,0.022353,0.0109578,0.00227522
0.00119275,0.00512663,0.012074,0.00801843,0.00077895,0.00102838,0.00187766,0.00130057,0.00934531,0.0264462,0.0166055,0.00301441
0.00184282,0.00874958,0.0227315,0.0136421,0.00189107,0.00160121,0.00254877,0.00181396,0.00717394,0.0258836,0.0170439,0.00243867
0.00120415,0.00700004,0.0182766,0.0102167,0.000650522,0.00112984,0.00183075,0.00104454,0.00700522,0.0220564,0.0139829,0.00275844
0.00135226,0.00842397,0.020703,0.0119305,0.00131499,0.00180288,0.00377048,0.00201279,0.00762421,0.0218844,0.0131165,0.00321265
0.00127636,0.00799356,0.0190741,0.0104018,0.00102416,0.00322403,0.00707364,0.00348803,0.00742201,0.0231557,0.0145587,0.00304022
0.00074727,0.012338,0.0284139,0.0140848,0.000837122,0.00268829,0.00528827,0.00251865,0.00809796,0.0209616,0.0112461,0.00184387
0.000764833,0.0106495,0.0283183,0.0153793,0.00127998,0.000604643,0.00111859,0.000860831,0.00512239,0.0158831,0.00930701,0.0014281
0.000734104,0.00967928,0.0279271,0.0153482,0.00118956,0.00123171,0.0022778,0.00112328,0.00226733,0.00622183,0.0035075,0.000645537
0.000691741,0.0100666,0.0242285,0.012394,0.000772288,0.000982309,0.00172826,0.000877152,0.00207364,0.00691045,0.00489482,0.00139265
0.000522111,0.00647034,0.0158698,0.0076716,0.000425691,0.000683826,0.00129353,0.000730553,0.00463093,0.0119059,0.00656108,0.000727348
0.000637563,0.00585087,0.0152521,0.00799577,0.000629831,0.000929486,0.00146645,0.000687881,0.00227597,0.00700577,0.00410109,0.000756534
0.000433534,0.00430191,0.00971855,0.00469516,0.00027333,0.000536755,0.000896066,0.00053733,0.00192632,0.00532713,0.00307361,0.000589065
0.000615864,0.00368581,0.00810882,0.00412863,0.000472683,0.000648645,0.000761188,0.000391847,0.00204172,0.00474662,0.00298428,0.000869806
0.000459017,0.00317723,0.00837037,0.00458629,0.000488316,0.000489253,0.000759275,0.000526221,0.00187501,0.0047727,0.00529569,0.00262073
0.000349325,0.00309407,0.00770465,0.00399265,0.000441169,0.000471904,0.000899682,0.000464088,0.00185147,0.0055214,0.00779986,0.00423868
0.00141866,0.00406369,0.00736762,0.00288013,0.00144382,0.00121377,0.00241771,0.00402451,0.00493354,0.0068365,0.0072763,0.00461119
0.000631583,0.00247697,0.00582971,0.00306374,0.000479622,0.000225472,0.000525517,0.000503257,0.00180552,0.00670373,0.00788411,0.00362079
0.00107146,0.00243833,0.00506062,0.00250854,0.000665685,0.000803338,0.000689903,0.00089423,0.00217781,0.00532477,0.0064551,0.0033132
0.000973228,0.00157496,0.00342789,0.00206055,0.00136565,0.00108826,0.00104033,0.00341105,0.00628905,0.00632012,0.00530576,0.00244025
0.000576909,0.00103779,0.00285434,0.00147717,0.00098644,0.000829466,0.000672854,0.00137617,0.0037664,0.00480904,0.00514975,0.0025789
0.000572181,0.00140162,0.00245331,0.00108017,0.000345237,0.000594221,0.000684446,0.00366351,0.00567238,0.00449693,0.0024455,0.00105863
0.000378619,0.000838878,0.00186496,0.000951274,0.000330903,0.000363937,0.000977829,0.00282312,0.00279928,0.00251266,0.00206894,0.00107019
0.000420824,0.000617765,0.00143736,0.000911303,0.000376108,0.00501039,0.00648128,0.00268415,0.00258728,0.00316786,0.00269564,0.00100019
0.000330825,0.000463528,0.00138017,0.000732288,0.000792954,0.00776914,0.010019,0.00331752,0.000755881,0.00218127,0.00281072,0.0013599
0.000808195,0.000836772,0.00123536,0.00108382,0.00114312,0.00642538,0.00719713,0.00231319,0.00191855,0.0017487,0.00154252,0.00169984
0.000557158,0.000640392,0.00151067,0.00100481,0.000556504,0.00581932,0.0110999,0.00440806,0.00151138,0.00102573,0.000671089,0.000679182
0.00176581,0.00324021,0.00468655,0.00311659,0.00150147,0.00559822,0.00763185,0.00306767,0.00162029,0.00283599,0.00283246,0.00192384
0.000793224,0.000839098,0.00152647,0.00093096,0.000346931,0.00169366,0.00194111,0.00134941,0.00162631,0.00157702,0.00132238,0.000677194
0.00120311,0.00212776,0.00364899,0.00376041,0.00409867,0.00274332,0.000937803,0.000885629,0.00162887,0.00152722,0.00182348,0.00126276
0.00052604,0.000746245,0.00106009,0.00090066,0.00176772,0.00325406,0.00324523,0.00158832,0.000668952,0.000603662,0.00106671,0.000984707
0.000968135,0.00134208,0.00137384,0.000920609,0.00216554,0.0020622,0.00188555,0.000665181,0.000694282,0.00105084,0.00134291,0.0013663
0.0022659,0.00253893,0.00263145,0.00143497,0.00191471,0.00214297,0.00276709,0.00220025,0.00361947,0.00398271,0.00433299,0.00352458
0.000515171,0.00093476,0.00676061,0.00904174,0.00338197,0.00221361,0.002921,0.00128756,0.000482873,0.000995353,0.00105147,0.000668402
0.000620265,0.00103479,0.00223681,0.00200201,0.00117057,0.0011612,0.00136005,0.0013203,0.00147571,0.00118186,0.000485125,0.000852222
0.000508668,0.00167162,0.00744309,0.00645242,0.00108514,0.000853065,0.00138605,0.000852322,0.00092819,0.000864572,0.000387624,0.000298412
0.00244395,0.00354671,0.00395701,0.00243083,0.00144031,0.00110703,0.0021095,0.00153684,0.00185626,0.00241144,0.00151054,0.00224281
0.0033016,0.00410456,0.00258845,0.0023991,0.00138209,0.000590643,0.00103145,0.000956501,0.00118477,0.00160948,0.00114314,0.00125333
0.00118041,0.00130744,0.00222948,0.00233868,0.00154415,0.00130777,0.00104632,0.00114682,0.00117868,0.00124692,0.000789047,0.000813308
0.00342398,0.00255859,0.0025203,0.00144055,0.00071233,0.000623555,0.00103175,0.000882233,0.000750846,0.000617328,0.00105182,0.00331609
0.00277318,0.00168592,0.00174395,0.00154578,0.00104854,0.000961297,0.000762882,0.0012427,0.00179155,0.002563,0.00369744,0.00420998
0.00330345,0.00230381,0.00161727,0.00124171,0.00103216,0.00111564,0.000656932,0.000776003,0.000666841,0.0050118,0.0207685,0.0166938
0.00394266,0.000573504,0.00100654,0.000617632,0.000673714,0.000842249,0.000817711,0.000653432,0.000650685,0.00177888,0.0140313,0.0163441
0.0016992,0.00200526,0.00157842,0.000952884,0.000302848,0.000552655,0.00080912,0.000539727,0.00100499,0.00409449,0.0101398,0.00662984
0.00255762,0.00115362,0.00105094,0.000572542,0.000510915,0.000907331,0.00105136,0.000957892,0.00125997,0.00844006,0.0157102,0.00920894
0.000752828,0.000818179,0.00231747,0.00121611,0.000646049,0.000651634,0.000644035,0.000444822,0.00280834,0.00945642,0.00750035,0.00413816
0.00111905,0.00124879,0.0012231,0.000839852,0.000350887,0.000264973,0.000448921,0.00046859,0.0014445,0.00855217,0.00832098,0.00207953
0.00115355,0.000998177,0.00138562,0.000690599,0.000399403,0.000597302,0.000501888,0.000723208,0.00367343,0.00774599,0.00453454,0.00314612
0.000568899,0.000513537,0.00113182,0.000828093,0.000317456,0.000473525,0.000382425,0.000376804,0.00491258,0.0138751,0.00872015,0.00118511
0.00102618,0.000883684,0.000836458,0.000554783,0.000302932,0.000435372,0.00185956,0.00254732,0.00241066,0.00700066,0.00365686,0.00182026
0.000736969,0.000494977,0.000332494,0.00041895,0.000180328,0.000245762,0.00379888,0.00808882,0.00277261,0.00789006,0.00617277,0.00232124
0.000581308,0.000505064,0.000744832,0.00061306,0.000518784,0.000590162,0.00350992,0.00594798,0.00396672,0.00477952,0.00296458,0.000945477
0.000625212,0.000442154,0.000617537,0.000476471,0.000248439,0.000550425,0.00229683,0.00454776,0.00162401,0.00407827,0.00159313,0.000610428
0.000802501,0.000483658,0.000651126,0.000599223,0.00205342,0.00392566,0.00118626,0.00341262,0.0030376,0.00423345,0.00210826,0.00192802
0.000712205,0.000527239,0.00018676,0.000221875,0.00357056,0.0132476,0.010421,0.00433117,0.00123039,0.00393004,0.00289156,0.00161171
0.000829407,0.000613149,0.000721293,0.00058278,0.000918536,0.00284379,0.00251635,0.00325319,0.00154191,0.00189043,0.00160149,0.000890213
0.000677198,0.000573007,0.000554435,0.000595817,0.00600028,0.0181697,0.0100137,0.000994005,0.000791046,0.00218635,0.00200314,0.00137782
0.00159762,0.00171776,0.00153021,0.00111843,0.00230475,0.00451683,0.00188795,0.00165566,0.0011372,0.00228989,0.00120106,0.00154323
0.000795768,0.00108409,0.0010248,0.00352207,0.00845213,0.00443471,0.0025237,0.00393356,0.00167161,0.00159658,0.00127572,0.00161864
0.000518847,0.000310152,0.000894224,0.0028006,0.00427426,0.00273851,0.000969134,0.00181397,0.00125369,0.00181807,0.00140505,0.00235584
0.00066692,0.00108425,0.00123989,0.00345789,0.00923907,0.00558484,0.00125111,0.0024676,0.00108654,0.00100394,0.00110904,0.00384268
0.000651683,0.000988321,0.000783038,0.00254706,0.0044068,0.00273784,0.00122168,0.000849563,0.000424458,0.000699689,0.000568725,0.000419195
0.000622543,0.00222861,0.0110703,0.0100086,0.00164404,0.00153069,0.0020546,0.000739694,0.000922709,0.00284779,0.00247781,0.00189091
0.000631804,0.00134926,0.00802806,0.00943019,0.00295096,0.00237158,0.00196607,0.00115644,0.000530063,0.00181762,0.00163987,0.00138649
0.000718886,0.00369289,0.0130249,0.00832724,0.00255208,0.00283294,0.00145457,0.000459947,0.00109071,0.00280956,0.00242837,0.00183236
0.00142876,0.00196026,0.00725407,0.00699899,0.00220105,0.00120605,0.000636139,0.000886267,0.00171955,0.00386114,0.00260167,0.00115561
0.0265379,0.0155975,0.00722579,0.00709439,0.000954886,0.00125139,0.00168244,0.00405343,0.00379828,0.00416136,0.00246047,0.0133328
0.0357198,0.0190665,0.00556489,0.00388123,0.00183141,0.00109318,0.00140574,0.00291246,0.00199971,0.000601677,0.00139136,0.0138239
0.0192853,0.0111275,0.00414855,0.00314258,0.00170909,0.00109735,0.00357676,0.00727429,0.00739561,0.00494108,0.00276707,0.0120781
0.0222373,0.0105561,0.00314833,0.00342428,0.00108862,0.00169942,0.00642759,0.00708934,0.00281269,0.00254682,0.00438158,0.0178137
0.010521,0.00358527,0.00285601,0.00327717,0.0018738,0.00208049,0.0012222,0.00431406,0.00505773,0.00745986,0.0217865,0.0095041
0.00518957,0.00339779,0.00275027,0.00211631,0.000941792,0.00173063,0.0016432,0.00157975,0.000835382,0.0114464,0.0308773,0.0160895
0.00647027,0.00454525,0.00313137,0.00300981,0.001965,0.00197012,0.00166,0.00583982,0.00921586,0.0199014,0.0206123,0.00434975
0.00661528,0.00251616,0.00241834,0.00205842,0.00210116,0.00294445,0.00158792,0.00285996,0.00898856,0.0267676,0.0235408,0.00704648
0.00695364,0.00404039,0.00237409,0.00308284,0.00449156,0.00290625,0.00245899,0.00422407,0.0186503,0.0429707,0.0291862,0.00977417
0.00212017,0.00146434,0.00173406,0.00242218,0.00671793,0.0063864,0.00213785,0.00273871,0.00717176,0.0332965,0.0259164,0.00516795
0.00335662,0.00281661,0.00136839,0.00282282,0.00293259,0.00270777,0.00281838,0.00528341,0.0259121,0.0466333,0.0323734,0.00824061
0.00225036,0.00115822,0.00129158,0.00483452,0.00632387,0.00327015,0.00375991,0.0155139,0.0458824,0.0598955,0.0268107,0.00454068
0.00249569,0.00397092,0.00725042,0.00473716,0.00326918,0.00310649,0.0101793,0.0227528,0.0321783,0.0303165,0.0109088,0.0054191
0.00233475,0.00388977,0.00672591,0.00175814,0.00235629,0.00141164,0.00203967,0.0332681,0.0766942,0.0342428,0.00624539,0.00414664
0.00292808,0.00297631,0.00531211,0.00262994,0.00184445,0.00188901,0.00179196,0.00715285,0.0321446,0.0226054,0.00702407,0.0033548
0.0014112,0.00301618,0.00578067,0.00259614,0.00530041,0.00446856,0.0018418,0.0175826,0.0466752,0.0684889,0.0431419,0.00629944
0.00177266,0.00318498,0.00652435,0.00409149,0.00303732,0.00360627,0.00194265,0.0125643,0.0372815,0.0478225,0.0235781,0.00378051
0.00230165,0.0123035,0.0366391,0.024402,0.00288583,0.00271395,0.00444809,0.012164,0.0320323,0.0553482,0.0293417,0.00682638
0.00160727,0.00535929,0.0148676,0.00767112,0.00355742,0.00371868,0.00403903,0.00235924,0.00619785,0.0147934,0.010992,0.00207816
0.00165954,0.00757982,0.0171728,0.00934902,0.00204876,0.00246134,0.00606467,0.0280015,0.0747893,0.0610432,0.0203406,0.00303772
0.00187552,0.00924128,0.0197424,0.0135312,0.00283758,0.00258949,0.00326048,0.0230069,0.0335616,0.0190016,0.00590538,0.00400291
0.00259228,0.0104495,0.025149,0.0150832,0.00354878,0.00131479,0.00454671,0.0310803,0.0738045,0.0607202,0.0207684,0.00373077
0.00109754,0.0123521,0.0345141,0.0202711,0.00256129,0.00107377,0.00241123,0.0262283,0.049164,0.0275679,0.00593985,0.00154068
0.000892149,0.00510201,0.0113771,0.00648641,0.00227929,0.00115163,0.0021753,0.00688261,0.0241002,0.0400492,0.0207742,0.00573498
0.00145191,0.00541842,0.0123236,0.00779048,0.00543199,0.00427835,0.00196088,0.00971696,0.0111766,0.0547488,0.0391378,0.0037207
0.0021475,0.0054699,0.0099827,0.00711104,0.00383036,0.00381352,0.00523235,0.0106148,0.0323475,0.0399186,0.024283,0.00497741
0.00117702,0.0131709,0.033821,0.0220159,0.00529134,0.0035475,0.00338509,0.00706853,0.0109698,0.0211934,0.0145932,0.00337964
0.00268347,0.00312213,0.00711544,0.00604804,0.0045954,0.00499043,0.00766691,0.0173414,0.0250351,0.03053,0.0163363,0.00462086
0.00115749,0.00428487,0.00992134,0.00432689,0.00146111,0.00108048,0.00349003,0.0407147,0.0890852,0.0389172,0.0131125,0.00277764
0.00112499,0.00587124,0.00681852,0.00633056,0.00130292,0.00297915,0.00498127,0.0175111,0.0357425,0.0132786,0.00902267,0.00223939
0.000891882,0.008475,0.0282713,0.0202258,0.00403697,0.0010568,0.00275666,0.0428601,0.0837225,0.0332155,0.0105232,0.00196952
0.00141518,0.00428552,0.00698966,0.00337854,0.00293581,0.00294703,0.00280611,0.0210705,0.0582212,0.0383757,0.00629084,0.00332629
0.00107752,0.00458166,0.0106819,0.00649315,0.00662151,0.00367088,0.00234711,0.00495765,0.0261831,0.0612054,0.0340302,0.00318692
0.000968212,0.00378215,0.00695883,0.00607433,0.00567553,0.00229151,0.00203585,0.0147143,0.0381259,0.0264018,0.0215486,0.00513283
0.00126056,0.00739514,0.015691,0.00689895,0.00573424,0.00512187,0.00658669,0.0103427,0.0135372,0.0226797,0.0151653,0.00450685
0.00207754,0.00641326,0.013875,0.00707677,0.00106981,0.00259766,0.00551296,0.0087509,0.0145758,0.0215633,0.0106852,0.00283389
0.00475618,0.00576656,0.00814388,0.00558474,0.0137378,0.0208009,0.00932421,0.00502184,0.0100266,0.0194092,0.0117016,0.00470388
0.0027249,0.00446275,0.00679279,0.00436286,0.0124592,0.0202513,0.0107858,0.00430929,0.00604491,0.0163353,0.00872224,0.00418597
0.00502506,0.00718999,0.0120938,0.00745522,0.00777068,0.0131718,0.00834295,0.00395644,0.00808453,0.0149692,0.00870485,0.00379367
0.00375954,0.00905706,0.0234737,0.0145261,0.0118994,0.0220185,0.012305,0.00733916,0.0172136,0.0294791,0.0157358,0.00341149
0.00213904,0.00744216,0.0143996,0.00856163,0.0069179,0.0106,0.00985603,0.00583743,0.00441192,0.00634306,0.00486223,0.0013885
0.00153558,0.00490768,0.0125893,0.0060361,0.00240946,0.0027994,0.00980551,0.023702,0.0216967,0.0119508,0.00552862,0.00428118
0.00241463,0.00604443,0.0104304,0.00721636,0.0030639,0.00275369,0.00799477,0.0163937,0.0155708,0.00938144,0.00551171,0.00468227
0.0019537,0.00962304,0.036473,0.0240923,0.00264734,0.00350596,0.00836661,0.0170266,0.0142587,0.00749531,0.00534212,0.0031116
0.00328279,0.00709067,0.0121338,0.00779075,0.00243873,0.00498247,0.0100415,0.0178725,0.0104972,0.00512929,0.00324346,0.00245196
0.00574585,0.00277101,0.00954391,0.00986976,0.0313047,0.02509,0.0086388,0.0115748,0.01586,0.00821602,0.00128612,0.00706052
0.0049443,0.00426488,0.00888624,0.0103872,0.0157587,0.013664,0.00753965,0.00967155,0.012454,0.00481628,0.00480322,0.00883255
0.00434499,0.00367149,0.0072782,0.00938462,0.0232607,0.0182596,0.00552411,0.0133775,0.0121967,0.0102126,0.00372335,0.00568003
0.00428477,0.00462143,0.011487,0.00966685,0.0135257,0.0113995,0.00752038,0.00291732,0.00800138,0.0130557,0.00646941,0.00651218
0.00586713,0.00335056,0.00372702,0.00438577,0.0114996,0.0255282,0.0178892,0.00653925,0.00477958,0.010251,0.0047175,0.00214739
0.0106082,0.00834704,0.00734041,0.00456871,0.0190526,0.0515763,0.0348119,0.00615316,0.00332108,0.00421976,0.00248117,0.00650147
0.00270965,0.00772656,0.00962135,0.00583678,0.00556579,0.00627895,0.00737666,0.00400407,0.00612399,0.00449093,0.00288711,0.00350454
0.00276642,0.0105621,0.0296538,0.0179189,0.00605321,0.0175193,0.0164263,0.00751099,0.00523565,0.0133782,0.00821313,0.00307027
0.00592048,0.00794433,0.0124265,0.00662171,0.00555295,0.00968726,0.00868577,0.00329053,0.00602786,0.00698988,0.00622466,0.00555701
0.00410643,0.00868826,0.0323048,0.0255109,0.00646008,0.0065072,0.00512865,0.00408563,0.00384158,0.00629781,0.00325732,0.00289907
0.00632681,0.0106907,0.0146144,0.0107598,0.00579279,0.00517506,0.00487969,0.00259166,0.00729008,0.0136121,0.00565889,0.00438165
0.00191782,0.0117499,0.0368205,0.0243696,0.00445968,0.00620765,0.00396168,0.00417296,0.00525452,0.0104508,0.00633834,0.00344835
0.0021438,0.00858643,0.0193573,0.0123338,0.00374909,0.00824255,0.00854905,0.00400986,0.00427453,0.00525005,0.002803,0.00288141
0.00281793,0.00971746,0.0233958,0.014052,0.0325016,0.0315835,0.0083215,0.00258538,0.00894331,0.00746242,0.00399382,0.00477996
0.00405142,0.00978971,0.0218907,0.0163356,0.0278099,0.027966,0.00985501,0.00285585,0.00909619,0.0100063,0.00362869,0.00455213
0.00302829,0.0121286,0.0168367,0.0072941,0.00745098,0.0111552,0.00630482,0.00358145,0.00800984,0.00992837,0.00441893,0.00259665
0.00289648,0.0108928,0.0271227,0.0174025,0.0211391,0.0178887,0.00578421,0.00235735,0.0017007,0.00259211,0.00248522,0.00387421
0.00729063,0.0184447,0.0256956,0.0112334,0.00742988,0.0102221,0.00529284,0.00441833,0.00650762,0.00638875,0.00649183,0.00434628
0.0100865,0.0427051,0.0348817,0.00464683,0.00544842,0.0069927,0.00478139,0.00137025,0.00710745,0.00705085,0.00359936,0.00363837
0.0148148,0.0153855,0.0145602,0.0115073,0.00464036,0.00639396,0.00412659,0.00307353,0.00417558,0.00562649,0.00502453,0.00552448
0.0144636,0.0470207,0.0373123,0.0148777,0.00343781,0.00607273,0.00662774,0.00491437,0.0171003,0.020468,0.00842683,0.00435629
0.0121123,0.0241634,0.0117929,0.00568118,0.00271116,0.0042545,0.00301183,0.00479707,0.0101852,0.00767807,0.00350097,0.00456065
0.00948931,0.0124301,0.0501193,0.0392018,0.0094444,0.0056321,0.00455365,0.00256734,0.00873197,0.0177497,0.0105295,0.00617391
0.00707701,0.0344196,0.0721383,0.0456169,0.00927505,0.0052091,0.0083439,0.00643441,0.00970505,0.0138101,0.00924663,0.00698349
0.00801364,0.0178038,0.0363713,0.0224569,0.00401932,0.0056875,0.00951863,0.00779855,0.00765767,0.0159043,0.0109393,0.00575782
0.00862341,0.0150003,0.039689,0.0279816,0.00678912,0.00576587,0.00435935,0.00338343,0.00433996,0.0128099,0.00967663,0.00354108
0.00584862,0.0193657,0.0409769,0.0221478,0.00468153,0.00415352,0.00798129,0.00521687,0.00841508,0.0138216,0.00800053,0.00532829
0.0132579,0.0387828,0.0355369,0.00880769,0.00737211,0.00820738,0.0052463,0.00594351,0.0160306,0.0171101,0.0100209,0.00916212
0.00783638,0.0179807,0.0197036,0.00715219,0.00704381,0.00916239,0.00877024,0.0122256,0.0148364,0.0183003,0.0139567,0.00880155
0.0158551,0.0393435,0.0415581,0.0312411,0.00873181,0.00785339,0.00696182,0.00453921,0.013254,0.0239118,0.0171549,0.00771489
0.0073462,0.0215976,0.0291168,0.0146684,0.0057021,0.00641463,0.00354445,0.00568946,0.0160036,0.0210528,0.0147072,0.00610497
0.00584506,0.0243953,0.0467686,0.0266065,0.00647986,0.00739381,0.0110986,0.0090672,0.00994947,0.0187424,0.0123816,0.00821851
0.00496935,0.0212841,0.0434707,0.0245622,0.0105198,0.00959124,0.0117139,0.00885869,0.0130034,0.0231645,0.013392,0.00860376
0.0113993,0.0277107,0.053141,0.0303389,0.00796914,0.00569357,0.0101301,0.0122384,0.0103701,0.0157952,0.00946098,0.00738168
0.00629339,0.0235464,0.0567639,0.0324429,0.00873488,0.00634952,0.00666647,0.00673416,0.00831952,0.0141716,0.00795455,0.00673904
0.0080552,0.0148302,0.0297976,0.0184558,0.00732397,0.00662795,0.00358601,0.00622708,0.0103107,0.0116093,0.00767728,0.00640104
0.00592739,0.015746,0.0171814,0.00698815,0.00214535,0.00670059,0.00977946,0.00685955,0.0269525,0.0225045,0.00593329,0.00699238
0.00849881,0.024529,0.0288785,0.0134058,0.0080413,0.00361932,0.00574222,0.0090657,0.0123013,0.0141829,0.0112389,0.00611023
0.0151508,0.0372712,0.0367966,0.0272935,0.012407,0.0137318,0.0130158,0.010894,0.0194513,0.0227878,0.016237,0.0120427
0.00693028,0.0191214,0.0188066,0.00774271,0.00898535,0.00832928,0.00531924,0.00819444,0.0207321,0.0243451,0.0112444,0.00567408
0.00440181,0.0121336,0.0195292,0.01112,0.00718448,0.0114709,0.0144669,0.0103169,0.0205539,0.0284843,0.0154644,0.00551204
0.00575171,0.0087326,0.012861,0.00833377,0.00794893,0.00722474,0.00744671,0.00737787,0.0110145,0.0189165,0.0119229,0.00482631
0.0056342,0.0100102,0.0205541,0.0186417,0.0133545,0.00906477,0.00826419,0.00803964,0.0118683,0.00974587,0.00749945,0.00504145
0.00405371,0.0112157,0.0304032,0.0155774,0.0109605,0.0110307,0.0127339,0.0140169,0.0167273,0.0242773,0.0134032,0.00496704
0.00632699,0.01321,0.0133601,0.00979351,0.0126046,0.00974266,0.00916452,0.00871108,0.00864518,0.0117778,0.00824773,0.00293505
0.00791739,0.02065,0.0177779,0.00950181,0.010163,0.00942519,0.00685976,0.00716941,0.0111326,0.0128474,0.00776767,0.00630816
0.00859342,0.0145745,0.0174955,0.00768385,0.00795094,0.00823477,0.0100361,0.00923932,0.011377,0.0156295,0.00809833,0.00624287
0.00703578,0.00742773,0.0097126,0.00777046,0.00757817,0.00672064,0.00487415,0.0109818,0.0211133,0.0265784,0.0137899,0.00673313
0.00381824,0.00930939,0.0101893,0.00446479,0.00224104,0.00360953,0.00851492,0.0124663,0.0147983,0.0148492,0.0103817,0.00405633
0.00256544,0.00744672,0.00622348,0.0042122,0.00370665,0.00342452,0.00676102,0.00871657,0.00989187,0.00948275,0.00662771,0.00327865
0.00374447,0.00791423,0.0113773,0.00483395,0.00366649,0.00526486,0.00443147,0.0042941,0.0079273,0.00825218,0.00398131,0.00369696
0.00378562,0.00550912,0.00299425,0.00311412,0.00414225,0.00392618,0.00351018,0.00532117,0.00402229,0.00602,0.00358172,0.00208384
0.00165213,0.00418893,0.010178,0.00724453,0.0034936,0.00438239,0.00391699,0.0044584,0.0029414,0.00510106,0.00351522,0.00245963
0.0022595,0.00368365,0.01089,0.00605968,0.00305038,0.00222291,0.0022161,0.00321218,0.00430598,0.00496302,0.00373061,0.00210075
0.000934889,0.00389379,0.00432991,0.00224488,0.00258911,0.00260469,0.0023183,0.00224895,0.00284335,0.00473922,0.00301458,0.00128469
0.001215,0.00553492,0.00613095,0.00278655,0.00125116,0.00103996,0.00186771,0.0020293,0.00382658,0.00339821,0.00206179,0.00129298
0.0038763,0.00704793,0.00636114,0.00288192,0.00202798,0.00199241,0.00146607,0.0021974,0.00447424,0.00540212,0.00352197,0.00227732
0.00145272,0.00230209,0.00325181,0.00117012,0.00420908,0.00321777,0.00200132,0.00149111,0.00520525,0.00894777,0.0048315,0.00233023
0.00224354,0.00382138,0.00623603,0.00345816,0.00354103,0.00283028,0.0011977,0.00171649,0.00388785,0.00795574,0.00464497,0.00191653
0.00240254,0.00380037,0.00327572,0.0014194,0.00188751,0.00131061,0.00107263,0.00142878,0.00440475,0.00686049,0.00321516,0.00169778
0.00136246,0.0041197,0.00566725,0.00359959,0.00256412,0.0020076,0.00186541,0.000987458,0.00300208,0.00519641,0.00271101,0.0010201
0.00120986,0.00346095,0.00870553,0.00503326,0.00148546,0.00250626,0.00247977,0.00161796,0.002826,0.00503057,0.00293686,0.00110264
0.000760646,0.00314604,0.00850107,0.00489712,0.00220064,0.00225235,0.00152586,0.00151359,0.00202621,0.00415548,0.00268066,0.000977191
0.00094087,0.00188326,0.0059171,0.00346716,0.00170148,0.001936,0.00146781,0.000900091,0.00156794,0.00445585,0.00289874,0.00116309
0.000865632,0.00159398,0.00292648,0.00146674,0.000833094,0.00144626,0.00105709,0.0010053,0.000784728,0.00352313,0.00246655,0.000855256
0.00241357,0.00517192,0.00497883,0.00273666,0.00296501,0.0029272,0.00216757,0.00213173,0.00371412,0.00505345,0.00317082,0.00129416
0.0017264,0.00266229,0.00212375,0.00156042,0.00135287,0.000936012,0.0015767,0.00236165,0.00377391,0.00617854,0.00331699,0.00130119
0.00153144,0.00216943,0.00160523,0.001643,0.0027262,0.00220666,0.00174249,0.00173844,0.00388631,0.00746697,0.00435677,0.00124786
0.000905695,0.00161699,0.00190339,0.000988305,0.00215081,0.00202531,0.0011382,0.00161702,0.00328893,0.0056894,0.00381014,0.0011344
0.00108451,0.00300711,0.00382577,0.00246965,0.00165451,0.000814122,0.00065218,0.00136548,0.00221404,0.00269782,0.00214166,0.0011919
0.00179947,0.00571971,0.00913647,0.00433391,0.00100001,0.00103353,0.0012034,0.00168242,0.00170637,0.00293531,0.00201373,0.000922868
0.00134079,0.00221855,0.00575497,0.0043769,0.00195333,0.00200479,0.00102794,0.00114451,0.00161132,0.00301237,0.00187653,0.000721374
0.000256567,0.00160077,0.00299707,0.00253428,0.0011235,0.00202489,0.00162142,0.00081293,0.00229674,0.00388987,0.00190802,0.000653999
0.000749735,0.00144565,0.00275277,0.00149776,0.000912126,0.00184005,0.00226944,0.00191576,0.0018027,0.00291926,0.00198805,0.000509193
0.00156407,0.00277108,0.00335344,0.00270518,0.00211643,0.00135603,0.00220698,0.00320045,0.00451807,0.00355579,0.00295246,0.00162446
0.00114905,0.00336815,0.0025769,0.00250836,0.00152422,0.00153002,0.00208801,0.00321033,0.00568552,0.00611728,0.00262092,0.000623393
0.00128868,0.00184672,0.00255813,0.00163266,0.00186293,0.00184871,0.00152455,0.00253015,0.00421269,0.00423467,0.00196959,0.00120088
0.0014388,0.00303079,0.00276414,0.00195188,0.00224654,0.00211749,0.00238764,0.00376369,0.00685694,0.00554812,0.00268415,0.00091197
0.00286825,0.00453327,0.0079651,0.00735894,0.00337437,0.00178585,0.00181322,0.00316305,0.00627941,0.00763139,0.00419206,0.0031088
0.000958689,0.0119117,0.0325398,0.0224821,0.00574907,0.00200196,0.00313189,0.00278145,0.00445341,0.00584793,0.00510774,0.00172502
0.00673203,0.0146353,0.0240958,0.0157135,0.00975673,0.0115901,0.0150943,0.0123314,0.0111147,0.0126057,0.008894,0.00799419
0.00578178,0.0156986,0.0333235,0.0218132,0.00863163,0.00893672,0.0142063,0.0132146,0.0151722,0.0258674,0.0149192,0.00998432
0.00523576,0.0104247,0.0219253,0.020913,0.00993034,0.00823031,0.00868917,0.0114612,0.00987273,0.0129236,0.00880728,0.00535375
0.00579415,0.0185251,0.0275633,0.0122905,0.00446616,0.00662293,0.00921799,0.0117706,0.0137808,0.0139649,0.00615939,0.00701558
0.00539968,0.0220085,0.0601332,0.0433694,0.0124907,0.00583103,0.00966448,0.0113795,0.0116751,0.0163191,0.0120123,0.00603249
0.00948464,0.0290874,0.0588927,0.0296968,0.00306455,0.00590547,0.00981684,0.0102766,0.00799688,0.0106576,0.00754311,0.00520976
0.00961794,0.0205934,0.0357598,0.0179866,0.00638664,0.0043658,0.00876404,0.00976259,0.00871564,0.0124477,0.00574549,0.00836844
0.0115773,0.0138072,0.0337277,0.0212728,0.00707051,0.00317168,0.00666562,0.0112977,0.0106869,0.0125055,0.0117122,0.00675043
0.00988984,0.0150584,0.0260855,0.0167035,0.00893885,0.00525206,0.00575313,0.00929968,0.00576101,0.00809908,0.0132599,0.0128625
0.00932863,0.0158794,0.0297554,0.0166556,0.00964215,0.00740406,0.00599574,0.010435,0.0156189,0.0201056,0.019817,0.00862072
0.00871374,0.0116841,0.0370019,0.0202466,0.00931123,0.00708385,0.0104748,0.0122156,0.0167603,0.0208669,0.0140665,0.00755188
0.0117549,0.0104417,0.0210589,0.0129559,0.00573592,0.0059816,0.00951492,0.0149334,0.0152211,0.0278011,0.017769,0.0121454
0.00481833,0.00930209,0.0144351,0.00834319,0.00708077,0.00546387,0.0101657,0.0178144,0.0233826,0.0247442,0.0137987,0.00911586
0.00684189,0.00750155,0.0157325,0.0132316,0.00942807,0.00856407,0.0076701,0.0110681,0.0143416,0.0148769,0.0139325,0.00902526
0.00772464,0.0175282,0.0389392,0.0251431,0.0166938,0.0134579,0.0133813,0.0108385,0.018668,0.0260481,0.017412,0.0106416
0.00637955,0.0110679,0.0308835,0.0178019,0.0198738,0.0184136,0.0134642,0.0107748,0.0126668,0.0244461,0.0140624,0.00701014
0.00748196,0.00774596,0.0241935,0.0231186,0.0251766,0.0212541,0.0120765,0.0106898,0.0168959,0.0209079,0.0135484,0.00680185
0.0040636,0.00804845,0.0211961,0.0287299,0.0290564,0.0144036,0.00475615,0.0127955,0.0159517,0.0126821,0.00927287,0.00285593
0.00387017,0.0111421,0.0236087,0.0229217,0.0181785,0.0155316,0.0135861,0.00863576,0.00732386,0.00940176,0.0086489,0.00345531
0.0061441,0.0155154,0.0342441,0.0219821,0.0223566,0.0274435,0.014517,0.013229,0.0139076,0.011442,0.00851951,0.00709166
0.0103949,0.0129706,0.0357197,0.0225117,0.0155111,0.0202152,0.0122806,0.0111429,0.00965134,0.0111953,0.00706448,0.00606747
0.00531056,0.0188448,0.0357036,0.0209603,0.0117881,0.0166271,0.0137902,0.0101593,0.00876176,0.0154826,0.00975272,0.00383968
0.00251189,0.0127041,0.0261826,0.0135901,0.00814176,0.0104838,0.0101292,0.0101994,0.00901236,0.0181121,0.0120264,0.00514236
0.0044651,0.00691819,0.0158819,0.0107256,0.00846645,0.0105067,0.00911072,0.00617833,0.00862416,0.0341679,0.0299525,0.0073759
0.00557969,0.00628798,0.0114427,0.00827595,0.00976915,0.0139403,0.0110642,0.00345405,0.00924468,0.0292849,0.0221843,0.00757043
0.00157655,0.00566131,0.0138799,0.0100491,0.00971111,0.0151021,0.00940706,0.00538865,0.00745059,0.0179821,0.0118714,0.00190565
0.00388988,0.00590995,0.0118709,0.0117499,0.0177777,0.0166992,0.00613529,0.0039328,0.0045395,0.00946266,0.00603705,0.00509899
0.00509525,0.00592028,0.0114952,0.0138208,0.00951583,0.00854292,0.0112484,0.0127996,0.0117274,0.0106644,0.0138404,0.0123795
0.0115229,0.00881251,0.0148977,0.0107777,0.0117249,0.0160058,0.0243071,0.0423244,0.0316749,0.0137823,0.041503,0.0410453
0.012332,0.0172906,0.0252818,0.0142665,0.0109017,0.0117798,0.0325616,0.0492994,0.0452859,0.0340535,0.0293782,0.0296724
0.0111641,0.00964777,0.0141623,0.012739,0.0104318,0.0102779,0.0229511,0.0384623,0.0381238,0.0230597,0.0286336,0.0247267
0.00738815,0.00799756,0.0177743,0.0127267,0.00986229,0.0108928,0.0180086,0.0427423,0.0354374,0.0221384,0.0157293,0.0120113
0.00689645,0.00785577,0.0142308,0.00958329,0.0089358,0.00783145,0.0133371,0.0234397,0.027112,0.0272501,0.0192692,0.017399
0.00863199,0.011424,0.0252811,0.0168284,0.0137159,0.0144726,0.0160986,0.0193854,0.020605,0.0179578,0.0121285,0.0118611
0.0107275,0.0160235,0.0310148,0.0193374,0.0117368,0.0182668,0.0172846,0.0222176,0.0160975,0.0182651,0.00962017,0.00981576
0.0103907,0.0105653,0.0225228,0.0181244,0.0322438,0.0253883,0.0159624,0.0175644,0.0175166,0.0164023,0.010426,0.0061246
0.0101714,0.00958811,0.015711,0.0224853,0.025344,0.0142657,0.0133182,0.0271382,0.0242568,0.0131688,0.014372,0.0120741
0.00653631,0.018188,0.019194,0.0184141,0.02085,0.0144162,0.0198648,0.0135785,0.0179236,0.014312,0.00744432,0.0103307
0.00611316,0.0183317,0.0269825,0.0169676,0.0172503,0.0131083,0.0115342,0.019661,0.018879,0.0229141,0.0234837,0.00991647
0.00825581,0.0121371,0.031849,0.0211762,0.0127215,0.00837062,0.0127095,0.0112526,0.0161503,0.0236253,0.0147887,0.00695139
0.0126068,0.0148489,0.0262161,0.0181456,0.0120369,0.00737756,0.0105884,0.0143025,0.015951,0.0142216,0.0139551,0.0135383
0.00999267,0.0102665,0.0264093,0.020372,0.0122415,0.00874128,0.0105642,0.0112997,0.0118184,0.0160431,0.0129639,0.00997841
0.00692251,0.0170987,0.0418253,0.0281321,0.0132807,0.0149632,0.0121062,0.00773775,0.00762501,0.0173614,0.0152483,0.0121489
0.00901442,0.00927775,0.0209914,0.015281,0.00698781,0.0107718,0.0057692,0.00950898,0.0107547,0.0101705,0.0166488,0.00895342
0.0121645,0.0115038,0.0185506,0.0135321,0.00458265,0.00881127,0.00818739,0.00955693,0.0102684,0.015424,0.0181638,0.0107421
0.00796704,0.0117818,0.0188587,0.0153851,0.0116257,0.0123858,0.0101178,0.0117337,0.0172324,0.0189835,0.0134718,0.0100592
0.00832094,0.00881041,0.0199441,0.0124263,0.00924094,0.0145135,0.0136616,0.0152559,0.01618,0.023616,0.0135792,0.00878059
0.0110289,0.015848,0.0280812,0.0228846,0.0172506,0.0147425,0.0198182,0.0265691,0.0224061,0.0188675,0.0157071,0.0105023
0.00702482,0.0138008,0.0218344,0.0148388,0.0113108,0.0111415,0.02762,0.0478319,0.0261407,0.0150058,0.0282423,0.0179027
0.0133934,0.0206079,0.023206,0.0126527,0.0144426,0.0129849,0.0263088,0.0394481,0.0285306,0.0152294,0.017037,0.0127717
0.00851187,0.0146402,0.0198166,0.0106963,0.0109115,0.010216,0.0255753,0.0440276,0.0313024,0.0197901,0.0111993,0.00720887
0.00701021,0.00877191,0.015088,0.0102649,0.00340247,0.0069101,0.0192351,0.0363599,0.0238708,0.0115665,0.0112666,0.0111934
0.00370416,0.00550406,0.0121206,0.00657978,0.00475136,0.00625179,0.0208886,0.037226,0.018802,0.0177669,0.0301962,0.0189923
0.00256803,0.00599067,0.0117965,0.00675303,0.00560734,0.00875093,0.0205515,0.034881,0.0145554,0.0112033,0.0211742,0.0134284
0.00495279,0.00690779,0.0156978,0.00943492,0.0146041,0.0207339,0.018791,0.026299,0.0153219,0.00999299,0.00822591,0.00547763
0.00479811,0.00455006,0.0110445,0.00744339,0.00886653,0.0137765,0.0155289,0.02166,0.0147513,0.00804049,0.00334807,0.00464854
0.00781382,0.0152187,0.012739,0.00569698,0.00984396,0.0111274,0.0116737,0.0272255,0.0200336,0.0105447,0.0150907,0.0118924
0.020272,0.0200561,0.0101162,0.0122124,0.029557,0.0194567,0.00940218,0.0329939,0.02451,0.0185817,0.0422493,0.0291697
0.0190035,0.0146611,0.0111962,0.0163102,0.0346492,0.0166606,0.00738715,0.0248514,0.020927,0.0146311,0.0246371,0.0241499
0.0166796,0.0144655,0.00893853,0.0161272,0.0241145,0.00907675,0.00747659,0.0118403,0.0103822,0.0111821,0.0107453,0.0099071
0.0112583,0.00873807,0.00971957,0.0166165,0.0326524,0.0209684,0.0159673,0.0174312,0.0112198,0.00813681,0.0110261,0.00816449
0.0184032,0.0110002,0.0073227,0.0108143,0.0201478,0.0134827,0.0121414,0.0229011,0.0151275,0.00841023,0.0157103,0.0190601
0.0218133,0.0137803,0.00881868,0.013698,0.031067,0.0159949,0.0115125,0.0168183,0.00848739,0.0109711,0.016951,0.0174365
0.0177589,0.00722237,0.00838067,0.0115807,0.017746,0.0101967,0.00831772,0.0128625,0.0125366,0.0109933,0.0139751,0.0131371
0.0143721,0.0123306,0.00670153,0.0105924,0.0212755,0.0119264,0.0106997,0.0124116,0.0161001,0.0187086,0.0148735,0.0092981
0.0146037,0.0102629,0.00795949,0.00671334,0.011631,0.00720256,0.00629929,0.01165,0.0084791,0.0168468,0.0128005,0.0159664
0.0217316,0.012907,0.0059869,0.00496915,0.0146469,0.0100362,0.00820606,0.0189969,0.0185094,0.0151671,0.0106414,0.0150258
0.0149258,0.00857149,0.00673899,0.00760732,0.00827066,0.0109767,0.0150711,0.0137716,0.0186602,0.0116589,0.0109654,0.0144745
0.0175879,0.0107989,0.0073145,0.0083747,0.0129967,0.021068,0.0113507,0.0152528,0.0137215,0.012659,0.0102266,0.0081247
0.0115299,0.00873438,0.00231478,0.0106023,0.0187322,0.0251872,0.0180085,0.00679785,0.0104489,0.0120973,0.0072599,0.00723681
0.0140059,0.00967671,0.00704861,0.0201508,0.0309485,0.0197448,0.0130285,0.0171187,0.0114402,0.00768747,0.00953396,0.0101029
0.0176655,0.0157201,0.0109952,0.0161459,0.0217762,0.010268,0.0103794,0.0168477,0.0124819,0.00880171,0.00858172,0.00947207
0.00679301,0.00739072,0.00705643,0.011564,0.0120935,0.0105659,0.0116755,0.0152509,0.0110443,0.00944141,0.00590242,0.00488407
0.0146367,0.00938564,0.00463405,0.00659635,0.0173383,0.0109697,0.00563697,0.00689014,0.00938904,0.00809648,0.00631222,0.00900468
0.0173496,0.0110632,0.0116611,0.00842368,0.0141319,0.008128,0.00817479,0.0142466,0.00957594,0.00927586,0.0105193,0.0136484
0.0287181,0.0217047,0.0127879,0.00701953,0.0131548,0.0118197,0.00653647,0.0168212,0.0125033,0.00566766,0.00692168,0.0185591
0.0127505,0.00919487,0.00930699,0.0108729,0.0187456,0.0120661,0.00876985,0.0173129,0.0102993,0.00534281,0.00749788,0.0131166
0.0185958,0.00882768,0.0125896,0.0110684,0.0142974,0.00924936,0.00667043,0.010244,0.00791069,0.00964317,0.00816724,0.0123738
0.0180062,0.00994585,0.00557792,0.00450148,0.00744503,0.00829613,0.00620329,0.0176121,0.0116329,0.00553794,0.00628048,0.0130148
0.017466,0.00682873,0.00594173,0.00709145,0.00612603,0.00329406,0.00786771,0.0169509,0.00975472,0.00719034,0.0106572,0.0131628
0.0185853,0.00591505,0.00381676,0.00417577,0.00768679,0.00583044,0.00756131,0.0190773,0.0102028,0.00559444,0.0157183,0.0222588
0.0143317,0.00913929,0.00422465,0.00386742,0.00633376,0.00506157,0.0047876,0.0121019,0.00887484,0.00581995,0.00745245,0.00991665
0.0099787,0.00578859,0.00545287,0.00332366,0.00431538,0.00572034,0.00927053,0.00947165,0.00486937,0.00770019,0.0217266,0.0202658
0.0117877,0.00668962,0.00480696,0.00680783,0.00845527,0.00825762,0.012851,0.0114531,0.00760449,0.00617049,0.0065478,0.0121243
0.0267694,0.0165,0.00607049,0.0100942,0.0321846,0.047228,0.0359884,0.023803,0.00764029,0.0143393,0.018308,0.0198633
0.0300429,0.0194987,0.00638447,0.00642104,0.0217569,0.0518584,0.0499297,0.0253947,0.0173535,0.021327,0.0174477,0.0146197
0.016797,0.00986158,0.00576266,0.00644543,0.0147696,0.0323118,0.0244672,0.0138075,0.0202346,0.0262107,0.0151373,0.0148223
0.0101969,0.0113318,0.00860704,0.00922383,0.0150905,0.0288697,0.0234682,0.0148535,0.0142897,0.0226121,0.0144204,0.0078031
0.0120333,0.00655566,0.00939852,0.0106311,0.00695522,0.0184725,0.0175581,0.0133131,0.00982954,0.0124541,0.0119391,0.00852164
0.0217765,0.022997,0.0114824,0.0178104,0.0292646,0.0234341,0.0145414,0.022128,0.0141475,0.0119594,0.0113857,0.0102957
0.0282027,0.019928,0.00878731,0.0135443,0.0226647,0.0156682,0.0135167,0.0120176,0.00882909,0.0105239,0.00625467,0.0156967
0.0204062,0.0147357,0.00742733,0.00877351,0.0136981,0.0127024,0.0132472,0.0121241,0.0122952,0.0087647,0.00590392,0.0114331
0.0129762,0.00962127,0.00895195,0.00861468,0.0115776,0.0077959,0.00672601,0.00743566,0.00587861,0.011627,0.00894289,0.00814694
0.023254,0.0186877,0.00881191,0.0132602,0.0141645,0.00957765,0.0136243,0.0126702,0.0117622,0.0132181,0.0107484,0.0115987
0.01626,0.0151285,0.00806276,0.00942005,0.0172039,0.0147724,0.0120081,0.011271,0.0140939,0.0181622,0.012275,0.00907888
0.0200146,0.0107684,0.00763844,0.00864064,0.00877628,0.00989274,0.00876295,0.010877,0.0176237,0.0183324,0.0117888,0.00888847
0.0199362,0.0143369,0.00692288,0.00801015,0.0133455,0.0138345,0.0081884,0.0105641,0.0131477,0.0123886,0.00886591,0.00794617
0.00987076,0.00664919,0.0053365,0.00560371,0.00601281,0.00852459,0.00829544,0.0109163,0.0120012,0.00892495,0.0110567,0.00815504
0.0168631,0.0146286,0.00823618,0.00536344,0.00823428,0.0130964,0.0123173,0.0153681,0.0161166,0.0136551,0.0134065,0.0109068
0.0393833,0.0241359,0.00794393,0.0106781,0.0133283,0.0119576,0.0176304,0.0215532,0.0215334,0.0155791,0.0103316,0.0232988
0.0119689,0.00536715,0.00668885,0.00491931,0.00628375,0.0133618,0.0190207,0.0169159,0.0147262,0.0150224,0.00798397,0.00668684
0.013844,0.00866299,0.0120173,0.00598514,0.00377102,0.0109855,0.0124583,0.0196197,0.0117869,0.00914414,0.00867544,0.00766863
0.0143131,0.0137911,0.00848681,0.00694176,0.0126651,0.0136145,0.0164829,0.0126232,0.0155827,0.0128049,0.00489371,0.0107725
0.0274892,0.0207423,0.011758,0.0102467,0.022323,0.0310928,0.024429,0.0174978,0.0155933,0.0229692,0.0143681,0.0136421
0.0123759,0.00695692,0.0034895,0.00780233,0.023195,0.0395547,0.0233227,0.0136475,0.0193495,0.0308142,0.0185574,0.00904296
0.017896,0.0118976,0.00526418,0.00765785,0.0136406,0.0304018,0.0210348,0.0121525,0.011814,0.00919896,0.0061797,0.00576898
0.0129824,0.00839147,0.0047998,0.00627553,0.010423,0.0264934,0.0208294,0.013605,0.00880828,0.00522387,0.0051426,0.00592538
0.0121156,0.00959536,0.007274,0.00552493,0.011421,0.025433,0.0184371,0.00853069,0.00931844,0.0192764,0.0116523,0.00654412
0.0107844,0.0111209,0.0082615,0.00520973,0.0119674,0.0371799,0.0273223,0.00856583,0.0112711,0.0247379,0.0142985,0.0065907
0.00689466,0.00596933,0.00321455,0.00470698,0.00993297,0.0200172,0.013903,0.00942644,0.0122506,0.0197609,0.0108599,0.0047474
0.00802634,0.00394199,0.0059062,0.0114732,0.0116079,0.0184368,0.0133808,0.00790269,0.00726627,0.0096712,0.0102848,0.0062337
0.00755699,0.00823474,0.0101629,0.00501499,0.0104392,0.0194448,0.010939,0.00773685,0.00975152,0.0117253,0.00892635,0.00557789
0.00798964,0.0132279,0.0228867,0.0157813,0.0176835,0.0262659,0.0271343,0.0135769,0.0139702,0.0242566,0.0225274,0.0153689
0.00780017,0.0119965,0.0312144,0.0206354,0.0173124,0.0307033,0.0236532,0.0142779,0.0307808,0.0518755,0.0369746,0.0193637
0.00940523,0.0153935,0.0272214,0.0158744,0.0175057,0.0109604,0.0063709,0.00856821,0.0183273,0.032013,0.0211916,0.0126735
0.00602787,0.0139934,0.0234426,0.0138546,0.0207619,0.0177015,0.0129465,0.00827548,0.00702817,0.0225433,0.014077,0.00779383
0.00779503,0.0103521,0.0238424,0.0151023,0.0185583,0.0173362,0.0137468,0.0108941,0.0173558,0.0200701,0.0157775,0.0154442
0.00858447,0.0194056,0.0408178,0.0175865,0.0158371,0.0156886,0.0150665,0.0104846,0.0105923,0.0172981,0.0197528,0.0169979
0.00584356,0.0190271,0.0442337,0.0322805,0.0197782,0.0106905,0.00570743,0.00890944,0.0123486,0.0205252,0.0188727,0.0177006
0.00697123,0.0182795,0.0366448,0.016671,0.0175755,0.0108585,0.00828393,0.0199128,0.0230641,0.0183931,0.0159772,0.0141572
0.00553931,0.0134592,0.0345803,0.0220452,0.0166188,0.010638,0.0144954,0.0177804,0.0257074,0.0163188,0.0157152,0.0116424
0.00700431,0.0143546,0.0261836,0.0163207,0.0181964,0.0220538,0.0254304,0.0300581,0.0244636,0.0246575,0.0142976,0.0062102
0.00540931,0.0112657,0.0284948,0.0128596,0.0215339,0.0358509,0.0410749,0.0285665,0.0167367,0.0147371,0.00954217,0.00423452
0.0088064,0.0102166,0.0192789,0.0153369,0.0141723,0.0212085,0.0140175,0.0097783,0.0115942,0.0113895,0.00523002,0.00685866
0.00429778,0.00868911,0.0195734,0.0156388,0.0136929,0.0164871,0.0201143,0.0137606,0.00922587,0.00837587,0.00952304,0.0063995
0.00281137,0.00678961,0.00783038,0.0110043,0.0119371,0.0144544,0.0113876,0.00619652,0.00527196,0.008759,0.00805248,0.00370429
0.00877519,0.0097885,0.0198167,0.010126,0.0115108,0.0171094,0.0134438,0.0127987,0.0149162,0.0163467,0.011639,0.0120433
0.00828404,0.0109658,0.0159495,0.0114236,0.00974517,0.0203028,0.0115182,0.00745789,0.0115286,0.011199,0.00992394,0.00782787
0.00795609,0.00853901,0.0166072,0.0108052,0.00946737,0.0182643,0.0130846,0.0130748,0.0115088,0.0116928,0.00951118,0.00798592
0.00646187,0.0106805,0.0161112,0.00678322,0.00474078,0.0131831,0.0107163,0.00915887,0.00993111,0.0105944,0.00958116,0.00618258
0.00713263,0.00866069,0.0135478,0.00957344,0.00666263,0.0149119,0.0167809,0.0108349,0.0100925,0.0152299,0.024387,0.0169398
0.00580081,0.00832836,0.0173082,0.0116115,0.00960914,0.0317298,0.0287902,0.00876004,0.00644397,0.0135087,0.0313713,0.0225172
0.00674451,0.0101556,0.0188026,0.0105409,0.0100876,0.0244929,0.0183537,0.00601089,0.00630239,0.014794,0.0289399,0.0207492
0.0128462,0.00898898,0.012389,0.00859678,0.00735858,0.00890604,0.0119571,0.0085507,0.00770484,0.0144395,0.0252288,0.00847316
0.00626293,0.00506018,0.010689,0.00608098,0.00639601,0.0148544,0.0148343,0.00696605,0.00433259,0.00942126,0.0159939,0.00507459
0.00820875,0.00628364,0.0103164,0.00740425,0.00979243,0.0258173,0.0172528,0.00677192,0.00997295,0.0221326,0.0280258,0.0137898
0.0050483,0.00463293,0.00817623,0.00540814,0.00869432,0.0179388,0.0156802,0.00784395,0.011359,0.0238243,0.0231772,0.0119594
0.00441498,0.00557819,0.00834833,0.00744613,0.0096634,0.00978815,0.00733588,0.00579448,0.0113038,0.0186853,0.0151034,0.00654839
0.00390788,0.00385246,0.00436705,0.00647605,0.00902668,0.00835492,0.0070415,0.00475619,0.0116896,0.0185749,0.010036,0.00670765
0.011945,0.00692897,0.0100086,0.0130666,0.00786668,0.00883561,0.0117759,0.00882542,0.012299,0.0194525,0.0309881,0.0228151
0.00731245,0.00856282,0.0160503,0.0266885,0.0296769,0.0229255,0.0095211,0.0177537,0.0122031,0.0140957,0.0214673,0.0227711
0.00565841,0.00314116,0.0105331,0.0336033,0.0293322,0.0162416,0.0141866,0.0191741,0.016721,0.0156946,0.0241828,0.013775
0.00788846,0.00448223,0.013934,0.0170258,0.0117687,0.0142229,0.0110867,0.0108771,0.0119525,0.0142096,0.0254731,0.0169672
0.0124981,0.0111176,0.0171502,0.0240908,0.0123598,0.00886293,0.0159286,0.0220566,0.0224976,0.0194127,0.0159357,0.0118915
0.0099266,0.00874424,0.015262,0.0219297,0.0154768,0.00849286,0.0161597,0.0221753,0.0190341,0.0203356,0.0176781,0.0116866
0.00598666,0.0102349,0.0188669,0.0311397,0.0239303,0.0175384,0.0194858,0.022765,0.0176569,0.0174041,0.0230995,0.0163979
0.00898245,0.0117193,0.0174728,0.0193758,0.00847006,0.0103383,0.0154556,0.0223291,0.014887,0.00954923,0.0138216,0.0115955
0.0130738,0.0135555,0.0118897,0.0151082,0.0144693,0.0088342,0.013498,0.0236803,0.0173837,0.0143287,0.0133107,0.00699266
0.0071143,0.00941839,0.00475711,0.00572439,0.00741184,0.0052651,0.0101247,0.0167718,0.0122632,0.0094311,0.0143384,0.00790998
0.00978472,0.0102957,0.0127484,0.0101525,0.00688224,0.0152952,0.0135215,0.0141122,0.0116174,0.0201867,0.0271227,0.0191988
0.00951608,0.00803766,0.0138891,0.0231604,0.0152339,0.0124591,0.010357,0.0132997,0.0110715,0.0133632,0.0284489,0.0205158
0.00565139,0.00520632,0.00898249,0.016881,0.0119836,0.00353143,0.00689943,0.0184308,0.0157247,0.00890472,0.0158075,0.00990449
0.00687247,0.00615005,0.0113619,0.0148248,0.0135425,0.0119347,0.0111677,0.0173025,0.0193428,0.0139517,0.0126581,0.0079689
0.00656427,0.0068254,0.0136413,0.0127835,0.00594504,0.00821421,0.00951772,0.017316,0.0169373,0.0161094,0.0145568,0.0108112
0.0100209,0.00902413,0.0135209,0.0092441,0.00430032,0.00619893,0.0104568,0.0235041,0.0231154,0.0207235,0.0430668,0.029689
0.00429422,0.00384845,0.00834231,0.00687923,0.00718883,0.0143147,0.015622,0.0222875,0.0168086,0.0150676,0.0271652,0.0171905
0.00689809,0.00820614,0.00924739,0.00950137,0.0115791,0.0219241,0.0220318,0.0223734,0.0165157,0.0120968,0.0190884,0.0142822
0.00638666,0.00974082,0.0135887,0.00995268,0.0102267,0.02322,0.0206601,0.0233694,0.0226853,0.0111643,0.0131894,0.00884866
0.00709826,0.00875405,0.0150791,0.0276519,0.0213075,0.0157523,0.0182868,0.0152063,0.0117246,0.0136478,0.0175302,0.00891907
0.00608101,0.00519824,0.0268768,0.0615053,0.0402449,0.0141246,0.0102373,0.0133701,0.0128883,0.0194247,0.0224198,0.0140546
0.00525654,0.00789516,0.0187584,0.045412,0.0200213,0.0121846,0.0125033,0.0166608,0.0173838,0.0140745,0.0109302,0.00874783
0.0067068,0.0120496,0.0168666,0.0247077,0.0181551,0.0123994,0.00852274,0.0144124,0.0147825,0.0106697,0.0113792,0.00634695
0.00247307,0.00722635,0.0168359,0.0155657,0.00918229,0.0095227,0.00885284,0.0116143,0.00887284,0.00554202,0.00984597,0.00611201
0.00363822,0.00561352,0.013627,0.0194055,0.0149553,0.00816697,0.00716287,0.0127143,0.00843327,0.00717248,0.00706927,0.00440896
0.00338879,0.00563995,0.00894256,0.0129656,0.009973,0.0059518,0.0077167,0.014305,0.0065963,0.00703723,0.0115964,0.00699374
0.00370243,0.00646935,0.0110315,0.00792614,0.00623818,0.0058644,0.0127324,0.0193619,0.00928882,0.00560029,0.00789,0.00869202
0.0034905,0.00535269,0.00928513,0.0101708,0.00653682,0.00673163,0.00996717,0.0176482,0.0106487,0.00758132,0.00910919,0.00819137
0.0140609,0.00843381,0.00796807,0.00946976,0.011609,0.00965646,0.013368,0.0208203,0.0173623,0.0185203,0.0111345,0.011793
0.0239797,0.0122813,0.0128754,0.0208057,0.0113011,0.00764,0.0165615,0.0330738,0.0314373,0.0283656,0.0175302,0.0179573
0.023816,0.0145617,0.0142659,0.020301,0.0163969,0.0152902,0.0239142,0.0315791,0.0363854,0.0240615,0.0104138,0.0128741
0.0239833,0.0139489,0.00840459,0.0119327,0.0112205,0.00746105,0.014871,0.0238951,0.0314662,0.0375988,0.0173766,0.0147375
0.0164631,0.0102801,0.00715496,0.0120017,0.0101407,0.00505547,0.0116278,0.0225521,0.0323693,0.0254442,0.0093699,0.0125027
0.00740414,0.00817717,0.0103483,0.0113283,0.00642328,0.00908841,0.0124927,0.0266004,0.0336252,0.0267256,0.00788527,0.00695367
0.0326989,0.0314076,0.0115067,0.0134016,0.0111803,0.00839209,0.0200549,0.0407619,0.0398791,0.0202829,0.00863245,0.0107575
0.0215609,0.016822,0.010117,0.0126249,0.010288,0.00745314,0.0175202,0.0292194,0.0287412,0.0157343,0.0077596,0.0103341
0.012788,0.0110033,0.0115755,0.0135846,0.012813,0.0119171,0.017488,0.0264103,0.0280752,0.018782,0.00869261,0.00854901
0.00788539,0.00996297,0.00905346,0.0119779,0.0169222,0.0117056,0.016373,0.0166643,0.0213342,0.0169059,0.00730283,0.00575678
0.0279303,0.0127754,0.0139479,0.0341739,0.0226301,0.00837037,0.0101999,0.0155804,0.0279462,0.0210682,0.00782486,0.0193429
0.0342219,0.0264839,0.0117854,0.0293611,0.0242765,0.0124007,0.0126464,0.0228311,0.0263683,0.016753,0.00786884,0.0143062
0.0162246,0.013248,0.0135844,0.0137676,0.0100457,0.0129742,0.0114503,0.00886958,0.0125778,0.0127008,0.0123338,0.0140031
0.0139384,0.00993621,0.0143978,0.0169121,0.00860472,0.00415443,0.00952995,0.0163381,0.0130118,0.0128363,0.00857189,0.00914462
0.0126927,0.0060017,0.00620317,0.0152854,0.0151452,0.0116713,0.0136986,0.0111441,0.00975052,0.00904038,0.00660681,0.00966794
0.0283729,0.0157982,0.00913529,0.0128326,0.00793717,0.00810756,0.0138118,0.019784,0.0148641,0.0118753,0.0120098,0.0163304
0.0195764,0.0148288,0.0129781,0.0141472,0.00813991,0.00589042,0.00894655,0.0121665,0.0181843,0.0157917,0.0105907,0.00716336
0.0147788,0.0103374,0.00758197,0.00823725,0.00690173,0.00849959,0.00976085,0.00478649,0.00864777,0.00998548,0.00731805,0.0070907
0.0128855,0.00767779,0.00373242,0.0111641,0.0111169,0.00788494,0.00945386,0.0106026,0.0101158,0.00702757,0.0145117,0.00887123
0.0134503,0.0118105,0.00992466,0.00772505,0.00979511,0.0171433,0.0133795,0.011618,0.0138648,0.0196563,0.0227812,0.0187117
0.0224202,0.0115031,0.00580107,0.0138211,0.01426,0.0252975,0.0214827,0.016528,0.0124422,0.0229942,0.0273986,0.016375
0.0186145,0.0118323,0.00603327,0.0133465,0.0108663,0.0112682,0.0106812,0.0133223,0.0196718,0.0297209,0.024467,0.0127568
0.016638,0.00921922,0.00582687,0.011235,0.0131512,0.0113055,0.0116959,0.0153347,0.00954857,0.0196383,0.0227626,0.0101738
0.0117145,0.00790099,0.00457984,0.00599131,0.006193,0.0131761,0.00966749,0.0079545,0.00862398,0.0209498,0.0251542,0.0123324
0.0112516,0.00603925,0.00606475,0.0107695,0.00815154,0.00716125,0.00629549,0.0130632,0.0125305,0.00728575,0.010809,0.0114593
0.0124252,0.00577767,0.00446819,0.00874856,0.00747043,0.00789506,0.0142924,0.0247006,0.0218542,0.0158234,0.0108155,0.0101195
0.00997359,0.00677868,0.00593426,0.00398711,0.00416965,0.00550275,0.00963653,0.0198982,0.0171857,0.00775755,0.00702441,0.00673331
0.0121244,0.00613477,0.00311159,0.00315677,0.00256297,0.00306066,0.00779072,0.0198844,0.0165653,0.0113815,0.0101198,0.0100919
0.0195684,0.0109861,0.0056968,0.00420242,0.00579286,0.0080825,0.0114855,0.0199306,0.0134564,0.0102644,0.0139554,0.018246
0.0155701,0.0116146,0.0247848,0.0171961,0.00733589,0.00858093,0.0186295,0.0229041,0.0172618,0.0133432,0.0193968,0.0329204
0.0097204,0.0113747,0.0202153,0.0164094,0.0164536,0.0112679,0.0109605,0.0223504,0.0148053,0.0137306,0.0168795,0.0169662
0.00721284,0.0134346,0.0275342,0.0166821,0.00593826,0.00559156,0.015248,0.021797,0.013297,0.0101515,0.0125594,0.0167386
0.0102336,0.00937175,0.0222273,0.00816032,0.00573224,0.00893111,0.0101449,0.0147008,0.0100498,0.00882596,0.0130571,0.0160906
0.0142397,0.0072993,0.0153522,0.0110711,0.00781279,0.00789403,0.00888809,0.00918323,0.00848653,0.0153692,0.0232499,0.0277356
0.0145285,0.0190605,0.0251518,0.0130744,0.00651331,0.00786466,0.0111573,0.00885655,0.0111987,0.0132526,0.0144007,0.0203141
0.0168506,0.0139013,0.021047,0.0107371,0.00783509,0.00449942,0.00711487,0.0193401,0.0209794,0.0203106,0.0204832,0.0262118
0.0101011,0.00439409,0.014096,0.00849278,0.00482091,0.0049391,0.0129084,0.0269608,0.0257088,0.0174254,0.0157971,0.0208583
0.00781308,0.00842345,0.0121596,0.00918836,0.00672347,0.0103281,0.0113708,0.0165612,0.0199797,0.0155652,0.0117371,0.0116973
0.0143775,0.0133047,0.0164209,0.00632949,0.00970207,0.018948,0.0171297,0.0200987,0.0169356,0.023889,0.0165122,0.0202377
0.0108789,0.00752746,0.0145723,0.0116478,0.00982557,0.0190366,0.0218486,0.0193901,0.0141137,0.0111951,0.0124017,0.0206876
0.00613966,0.00933891,0.0189421,0.0214453,0.0164354,0.0115482,0.0131988,0.0102292,0.00677918,0.0133156,0.00919136,0.0132999
0.00480858,0.00906981,0.0176787,0.0120071,0.00688418,0.00557712,0.0113348,0.0127746,0.0113909,0.00620825,0.00673259,0.0104763
0.0104241,0.00687362,0.0134741,0.015218,0.0140587,0.0146277,0.0136767,0.0128592,0.0103766,0.00720635,0.00744581,0.012501
0.0235557,0.00810698,0.0169451,0.0117774,0.0159589,0.0288204,0.0243806,0.0177929,0.0131367,0.0116896,0.00822567,0.0272674
0.0449157,0.00876309,0.013858,0.0109206,0.0137232,0.0321612,0.0205254,0.0136553,0.00804135,0.00871086,0.0283325,0.0689686
0.00961767,0.00735788,0.0103911,0.00790858,0.00662169,0.0107821,0.0102457,0.0094598,0.0112876,0.0129158,0.0131773,0.0195389
0.0134821,0.00896657,0.0134438,0.0105351,0.00687145,0.00996878,0.0097833,0.0111889,0.0107719,0.00765041,0.0116264,0.0246325
0.0107895,0.00840927,0.0141192,0.0141535,0.00778054,0.00772449,0.0178739,0.0123438,0.0078665,0.0105071,0.0178904,0.0238009
0.0130115,0.0137644,0.0248036,0.015323,0.00752679,0.0130917,0.0114525,0.0163627,0.0152766,0.0170397,0.0198117,0.0324756
0.0125719,0.0058665,0.012245,0.0110396,0.0101785,0.0133054,0.0169972,0.0120183,0.00881748,0.0116272,0.0144071,0.0290241
0.0132037,0.0081966,0.00826867,0.00547462,0.004892,0.00897169,0.0124398,0.00895384,0.00649504,0.00892438,0.0117441,0.0197286
0.0150353,0.00490799,0.00657898,0.00432038,0.00463349,0.00947826,0.00811273,0.00492692,0.00457398,0.00859488,0.0167217,0.0264289
0.0116065,0.00481063,0.00791089,0.00716005,0.00530615,0.00795506,0.0114219,0.0111681,0.00781156,0.00539374,0.0178836,0.0251814
0.0114874,0.00504498,0.00882262,0.00721425,0.00406818,0.0117159,0.0167473,0.0194175,0.0109602,0.00784452,0.0105749,0.0190764
0.00689298,0.00596725,0.0105876,0.00889539,0.00682629,0.00552276,0.00992182,0.00858186,0.0141134,0.0209763,0.0144918,0.0133715
0.00872462,0.00744096,0.00864215,0.00686672,0.0112226,0.00883809,0.0147487,0.019152,0.0196792,0.0175059,0.0126743,0.0131033
0.0210609,0.0166773,0.0272136,0.0180981,0.0122369,0.017792,0.0319821,0.0470627,0.0357939,0.0228414,0.0190063,0.029426
0.0104523,0.0163266,0.0303473,0.0259173,0.0144528,0.0362951,0.0540139,0.0511678,0.0422488,0.0206437,0.0161578,0.019099
0.00868224,0.00689584,0.0146575,0.0206141,0.0194151,0.0268069,0.0517248,0.0530758,0.0346728,0.0160793,0.0103222,0.0109139
0.00381028,0.00599798,0.0116065,0.00543998,0.00913517,0.0246618,0.0369078,0.0456804,0.0259364,0.0100279,0.00833035,0.00837616
0.0144209,0.00891886,0.0126037,0.0110581,0.00614117,0.0190603,0.0346954,0.0398422,0.0291244,0.0128215,0.0156994,0.0270437
0.00869092,0.00825247,0.0129615,0.0124012,0.0166038,0.0214927,0.0435014,0.0498281,0.0294177,0.0150282,0.0141491,0.0177457
0.0138306,0.0191163,0.0250117,0.0196801,0.0169945,0.01629,0.0293611,0.0375562,0.0257826,0.0161498,0.00919291,0.0172891
0.00592884,0.0107516,0.013719,0.0328236,0.0304682,0.0165253,0.0227806,0.0195016,0.0123781,0.00690791,0.0106445,0.0162393
0.00730647,0.0100335,0.0206033,0.0280745,0.0196849,0.0150504,0.0222637,0.0240378,0.0110375,0.00837201,0.00613929,0.01005
0.00508922,0.0111299,0.0201415,0.0190841,0.0161959,0.0124706,0.0114684,0.0116218,0.0089247,0.00601411,0.00523798,0.0083411
0.0117257,0.0101732,0.0242467,0.0189124,0.0175701,0.0144307,0.0229973,0.0212614,0.0136407,0.0158447,0.014706,0.0140563
0.0134467,0.0166773,0.0280706,0.0128649,0.0113291,0.00997273,0.0201813,0.0202252,0.0150716,0.0103928,0.0090834,0.0194814
0.00744114,0.0126937,0.024805,0.0129758,0.0110005,0.0105626,0.0134671,0.0189122,0.0142387,0.0109334,0.0088868,0.0165274
0.00751164,0.00935183,0.0213584,0.0173389,0.0135047,0.0129718,0.0136719,0.0120357,0.0122696,0.0114638,0.00714664,0.0102239
0.0106523,0.0151739,0.0211731,0.0112379,0.0062724,0.00504331,0.0125588,0.0139875,0.00529188,0.00804966,0.0162026,0.0202626
0.0189817,0.014131,0.0154109,0.00892175,0.00777739,0.00815372,0.0106148,0.0174839,0.0107175,0.0148896,0.0216606,0.0381557
0.0126108,0.0180533,0.024309,0.0111553,0.00802784,0.00759178,0.0124253,0.0151417,0.0138912,0.0142313,0.0197841,0.0215139
0.0161126,0.0139152,0.013018,0.00820195,0.0084264,0.0117611,0.00786825,0.00805506,0.0181483,0.0229276,0.00984537,0.0155817
0.0171606,0.0108675,0.0120081,0.00846712,0.00721825,0.00957231,0.00993086,0.0230712,0.0220803,0.0145321,0.0116266,0.0174413
0.0151221,0.0196927,0.0254273,0.0143298,0.0119803,0.0111406,0.0170892,0.0220223,0.0152645,0.0105275,0.0148261,0.0234906
0.0225138,0.0206741,0.0301648,0.0142966,0.0127303,0.0107188,0.0198453,0.0234649,0.0233963,0.0178555,0.0208969,0.0365434
0.010578,0.018501,0.0356681,0.0216793,0.010473,0.0107193,0.0199705,0.0241782,0.0122804,0.0145035,0.0131436,0.0165654
0.00948854,0.0115828,0.0153353,0.0135203,0.0146906,0.00805276,0.0119244,0.0174812,0.0117878,0.0135237,0.0123541,0.00757786
0.00676259,0.00824477,0.0101667,0.0077725,0.00945015,0.0135098,0.0151551,0.0208288,0.00978664,0.0119853,0.0077992,0.00734864
0.00855503,0.00774834,0.0101985,0.0065373,0.00747845,0.0147616,0.0189659,0.0246756,0.0176601,0.0106511,0.0110996,0.0121629
0.00736046,0.00656527,0.00867503,0.00646318,0.00765027,0.012748,0.0177518,0.0234648,0.0126328,0.00512091,0.0100559,0.011252
0.0083583,0.00491906,0.00811035,0.00707484,0.007397,0.0173319,0.0247742,0.0243642,0.013759,0.00896071,0.0054941,0.00846838
0.010035,0.00675468,0.0103829,0.00648843,0.00444316,0.00724267,0.0120767,0.0146634,0.0105871,0.00951535,0.00547998,0.0088512
0.0101961,0.011101,0.0168832,0.0125844,0.0108219,0.0118618,0.0104612,0.0180143,0.0167713,0.0115497,0.011078,0.012806
0.0232379,0.00995474,0.0198439,0.0212432,0.0115355,0.0162179,0.0126559,0.0241534,0.0202118,0.011873,0.0139801,0.0181059
0.0223448,0.017178,0.0193952,0.0203996,0.0169036,0.01797,0.0204793,0.0311868,0.0217298,0.0131968,0.0120955,0.0137943
0.0183024,0.0184452,0.0156056,0.0211746,0.00882223,0.00645748,0.00979721,0.0319497,0.0245068,0.0104433,0.0136237,0.0151552
0.0153236,0.0164721,0.00777348,0.0160728,0.0124371,0.00814965,0.0108629,0.0193615,0.0140913,0.00871953,0.0156527,0.0131002
0.0159334,0.0168921,0.0151611,0.0131054,0.0126358,0.0112703,0.0130276,0.0167801,0.0125253,0.0124228,0.0166802,0.015195
0.0133803,0.00750946,0.013797,0.00985907,0.0115489,0.0141585,0.0147482,0.0152968,0.0101694,0.0112148,0.0159858,0.0134998
0.0061169,0.00898384,0.00941287,0.00790854,0.00678153,0.00654,0.0112956,0.0255846,0.0250122,0.0159522,0.0197541,0.0148384
0.0125589,0.00778402,0.00857588,0.0102998,0.00654138,0.0102064,0.0185605,0.0321741,0.025668,0.0119738,0.0109314,0.0135194
0.00804011,0.0081494,0.00867906,0.00907009,0.00576891,0.0104451,0.0142163,0.0271631,0.0155321,0.0130703,0.00849696,0.00725235
0.00718726,0.00838338,0.0123214,0.0127672,0.0118803,0.0133292,0.0220637,0.0335716,0.0544023,0.0394874,0.0125622,0.00864788
0.00566818,0.00818521,0.0106963,0.00665192,0.00537112,0.00756121,0.0181611,0.025292,0.0239501,0.0171507,0.0128647,0.00871313
0.0231109,0.00825886,0.0104837,0.00781519,0.0111146,0.0195796,0.029072,0.0366578,0.02502,0.016401,0.0232186,0.0510197
0.0440273,0.0130223,0.0139845,0.0132789,0.0134382,0.0250369,0.0285654,0.0327486,0.0285532,0.00852646,0.0410053,0.0777067
0.0406227,0.0264616,0.00900566,0.0165788,0.0130829,0.0162229,0.0197851,0.0346083,0.030457,0.0152854,0.0142734,0.0242482
0.0118461,0.0126427,0.0148871,0.0216127,0.0141943,0.00629555,0.012488,0.0338958,0.0267574,0.00733406,0.0077509,0.00699762
0.0135955,0.0122291,0.0188557,0.018396,0.0132347,0.00783856,0.00952931,0.0185449,0.0101093,0.00707338,0.00885225,0.0190388
0.0199297,0.0126495,0.0119486,0.0119351,0.00759952,0.0108333,0.0124612,0.0159004,0.0145114,0.0122599,0.0160977,0.0218507
0.0190197,0.0194297,0.0137591,0.0192383,0.0204838,0.015624,0.0131963,0.0157043,0.0144856,0.0118276,0.0149776,0.0201027
0.0443533,0.0260827,0.0142976,0.0189683,0.015946,0.0101487,0.0130131,0.0224447,0.0105464,0.0155006,0.0134676,0.0288968
0.0331031,0.0216295,0.0110867,0.0181848,0.0130195,0.00702277,0.0106209,0.0174924,0.0130413,0.0122243,0.0158315,0.0233835
0.0363025,0.0170821,0.0123729,0.0160967,0.0172331,0.0130777,0.00953715,0.015508,0.015678,0.01331,0.0134178,0.0227743
0.0188725,0.00973446,0.00850862,0.0114797,0.00931037,0.00671198,0.0054416,0.0172979,0.0185778,0.00769551,0.00543136,0.0170969
0.0187459,0.00976902,0.0111496,0.0123105,0.0191732,0.0121329,0.00731932,0.0136624,0.0126734,0.00828185,0.00796951,0.015714
0.0248338,0.0122955,0.0095537,0.0171998,0.021337,0.0096297,0.00698086,0.01377,0.00868508,0.00523312,0.00553714,0.0140219
0.0204345,0.0106109,0.00469481,0.00760201,0.00927434,0.00569129,0.00623331,0.00962698,0.00717559,0.00469545,0.00450345,0.0134642
0.0172296,0.00814473,0.00821527,0.0120237,0.0104748,0.00495052,0.00453627,0.0100033,0.00540018,0.0061114,0.008759,0.0125623
0.0133183,0.00778045,0.00296572,0.00495848,0.00568591,0.00591681,0.00655865,0.00679311,0.00454189,0.00435153,0.00502453,0.00911278
0.0179227,0.0120451,0.00861287,0.00587168,0.00842754,0.011236,0.00986946,0.014208,0.00806656,0.00484487,0.00656797,0.0121462
0.0180825,0.0119369,0.0079937,0.00482062,0.00867744,0.00544765,0.0053659,0.0100485,0.00512289,0.00514503,0.00542462,0.0100471
0.0133286,0.00670921,0.00817266,0.0109003,0.00828361,0.00583562,0.00652505,0.0110288,0.00596663,0.00273711,0.00431017,0.00822917
0.0277842,0.0180094,0.0142088,0.0117424,0.00730376,0.00486318,0.00707627,0.0119053,0.00487453,0.00484322,0.00612178,0.0153107
0.0237075,0.0139461,0.00854643,0.021441,0.0192703,0.00570126,0.00655771,0.0115343,0.00919805,0.00755981,0.0162666,0.0206752
0.0138993,0.00770386,0.00900414,0.0130504,0.0108106,0.00745765,0.00997749,0.0147211,0.00954943,0.00249557,0.0137013,0.0173537
0.0131538,0.00936047,0.00642386,0.00726544,0.00955651,0.0139966,0.00824622,0.0105779,0.010443,0.00991598,0.0112079,0.0128273
0.0139459,0.010412,0.0104157,0.0101222,0.00945507,0.0108709,0.00874338,0.0158542,0.0147795,0.00882677,0.0154236,0.0142839
0.0148116,0.00822698,0.0103002,0.00947882,0.00883939,0.00642279,0.0123194,0.0180386,0.0238287,0.016619,0.0102496,0.0136475
0.0176552,0.00828183,0.00790719,0.00764175,0.00627714,0.00685087,0.00771453,0.0238951,0.0328259,0.0186539,0.0112635,0.0172205
0.0156483,0.0111727,0.00709345,0.00880073,0.009686,0.0156046,0.0154369,0.0278732,0.0335079,0.0269409,0.00739855,0.0111577
0.0107279,0.00918418,0.0105675,0.00706321,0.00737779,0.0142175,0.0188076,0.0308291,0.0504086,0.031215,0.0114276,0.0140808
0.0293858,0.00886728,0.00967814,0.0116354,0.0102626,0.0122586,0.0151879,0.0223517,0.0257822,0.0165688,0.0157631,0.040084
0.0456141,0.0091664,0.00766771,0.00787893,0.0156654,0.0237531,0.0209402,0.0191642,0.0347809,0.0245532,0.041277,0.084529
0.031445,0.00845715,0.00655697,0.00900571,0.0067904,0.0175335,0.0185398,0.024819,0.0242277,0.0171681,0.0296392,0.0548882
0.0331878,0.0232538,0.0113861,0.0171864,0.0119903,0.0124305,0.0157999,0.0178069,0.0152124,0.0124788,0.0149884,0.019429
0.0122918,0.0109827,0.00828796,0.0111529,0.0113692,0.0112226,0.00867419,0.0144497,0.015129,0.0119358,0.0123959,0.0173286
0.0155016,0.0101838,0.0125566,0.0135659,0.00590103,0.0069933,0.0112317,0.0127409,0.00729637,0.013089,0.011456,0.0140012
0.0256705,0.0160604,0.009295,0.0110232,0.00935271,0.0132693,0.0168187,0.0180848,0.0151835,0.0132091,0.00878395,0.0132048
0.0409363,0.0227286,0.0183298,0.0213073,0.0150212,0.0130234,0.0124765,0.0126797,0.0116558,0.0127596,0.00919577,0.0246711
0.0332878,0.0145674,0.0118467,0.0186841,0.0124285,0.0070073,0.01295,0.0236648,0.0157558,0.00977116,0.00952061,0.029967
0.0311032,0.0170087,0.0125952,0.0206848,0.012519,0.0050213,0.00747456,0.0160376,0.0124702,0.00668831,0.00706621,0.0162712
0.0201828,0.0208902,0.00965482,0.0146695,0.0102951,0.00730408,0.00608494,0.0141205,0.0137303,0.00760615,0.0114637,0.0170823
0.0221459,0.0130332,0.00904604,0.0144285,0.0127658,0.00658089,0.0070468,0.0136368,0.0113237,0.00874982,0.010172,0.0169228
0.0288244,0.0147045,0.008042,0.0111877,0.0100028,0.00722203,0.0102688,0.0131199,0.00734653,0.00553457,0.00427951,0.01926
0.0154179,0.0094259,0.00736014,0.0103929,0.00821352,0.00483359,0.00505722,0.00921619,0.00701785,0.00543831,0.00638703,0.0126404
0.0143242,0.00895682,0.00872453,0.00689961,0.00340819,0.00406461,0.00684113,0.00581653,0.00530008,0.00648476,0.00584614,0.00755278
0.0120297,0.00849668,0.0103832,0.00714386,0.00552428,0.00844376,0.0124452,0.0240364,0.0139205,0.00551499,0.00489853,0.00835076
0.00985512,0.00888028,0.011165,0.0072127,0.0064389,0.00543154,0.00978068,0.023853,0.0135597,0.00510748,0.00541746,0.00860481
0.00747342,0.00613734,0.00983388,0.00578935,0.00536645,0.00478841,0.00763682,0.0180167,0.0110246,0.00318971,0.00481628,0.00738274
0.0056946,0.00606639,0.00733721,0.007403,0.00282834,0.00196691,0.00822134,0.0162388,0.00836584,0.00158421,0.00410863,0.00612954
0.0115007,0.00852937,0.00830439,0.011119,0.00995516,0.00478912,0.007589,0.0121426,0.00787998,0.00436576,0.00529104,0.00945316
0.00983388,0.0117189,0.00980183,0.016628,0.0131579,0.00885575,0.0054777,0.0152779,0.0144282,0.00743893,0.0144725,0.0115296
0.0277414,0.0216804,0.0112345,0.00779275,0.00403147,0.00847242,0.00952196,0.00693897,0.0106962,0.0117581,0.00891914,0.017135
0.0202683,0.0163791,0.00880226,0.0129886,0.00858254,0.00500888,0.00965143,0.0132293,0.0081439,0.00577345,0.00908472,0.013536
0.0149871,0.0111161,0.00706691,0.00868819,0.00615948,0.00853034,0.0114428,0.0138509,0.00888572,0.0117505,0.0116859,0.00844036
0.0129986,0.0109306,0.0106476,0.0109541,0.0106899,0.0123698,0.0124741,0.0302242,0.0319611,0.0147312,0.0203748,0.0165094
0.0141373,0.0111739,0.00549534,0.00606337,0.00690024,0.00749723,0.00783371,0.0229465,0.0388269,0.021119,0.00918603,0.00859549
0.00846036,0.00543808,0.00646126,0.00686711,0.00803786,0.0115796,0.00967519,0.0257855,0.0421625,0.0262585,0.00888149,0.00982035
0.0111372,0.00869613,0.0095931,0.0124202,0.00635848,0.0128687,0.0163936,0.029891,0.0487406,0.0236904,0.00789005,0.0113008
0.0329138,0.0137414,0.0112176,0.0110541,0.0142566,0.0234006,0.0227292,0.0232535,0.025182,0.0129117,0.0326873,0.0528756
0.0475551,0.00869313,0.0080422,0.0192095,0.0224242,0.0263667,0.0280589,0.0335023,0.015274,0.0111468,0.0425917,0.0828602
0.00875604,0.00866514,0.00843279,0.0152149,0.0158789,0.0103249,0.017082,0.0204122,0.0215222,0.0143036,0.0113285,0.0191214
0.0255011,0.0176241,0.0135427,0.0167798,0.0147069,0.00928357,0.0132206,0.0124926,0.0141655,0.0126951,0.010969,0.015984
0.0182531,0.00965421,0.0165483,0.01461,0.00898793,0.0131937,0.0158186,0.00828973,0.00755119,0.011123,0.0183821,0.0283048
0.0151592,0.00991705,0.0242485,0.0231917,0.00915492,0.00685805,0.0128188,0.0149378,0.00967793,0.0122541,0.0130551,0.0189409
0.0198712,0.0166416,0.0217116,0.0149726,0.0100502,0.013647,0.0194301,0.0223149,0.015903,0.013383,0.0109832,0.0168319
0.030624,0.0180673,0.0136149,0.0164325,0.0128541,0.00916899,0.0142893,0.0182098,0.0113399,0.0106152,0.0163168,0.0240496
0.0343012,0.0180401,0.0107124,0.0197272,0.0178039,0.00996898,0.00914083,0.0172916,0.0132147,0.00287686,0.0060639,0.0196549
0.0289684,0.0123987,0.0079753,0.0131801,0.0167746,0.0108006,0.00743096,0.0183313,0.015205,0.00797205,0.00894316,0.0212786
0.0235168,0.00976633,0.00653668,0.0148395,0.0131639,0.00768277,0.00883438,0.0123905,0.00690638,0.00495993,0.00905374,0.0173154
0.0258171,0.0106705,0.0070056,0.0135284,0.0103408,0.00337564,0.00421941,0.0106236,0.0095367,0.00551837,0.00531073,0.0183338
0.016843,0.00781395,0.00618947,0.00389061,0.00591372,0.00337171,0.0056045,0.0111768,0.00831719,0.00424907,0.00495129,0.0161277
0.0164732,0.00753888,0.0051394,0.00754011,0.00862234,0.0037265,0.00546708,0.0105471,0.00808336,0.00422552,0.00392577,0.0105691
0.0144313,0.00875329,0.00553435,0.00664462,0.00693956,0.00300194,0.00482149,0.0094297,0.00594347,0.00276751,0.00427753,0.0098661
0.0120756,0.00812269,0.00525523,0.00485419,0.00329634,0.00202122,0.00445099,0.00627325,0.00403706,0.00399926,0.00454844,0.00643204
0.0105032,0.00877891,0.0115961,0.0117678,0.00996721,0.00608836,0.0049557,0.00473749,0.0042279,0.00812119,0.00938475,0.00750538
0.00765695,0.00641864,0.00843578,0.0188852,0.0106061,0.0044294,0.00394382,0.00728236,0.00550586,0.00469784,0.00685033,0.00758605
0.00645894,0.00376274,0.0102316,0.0235971,0.0175101,0.00512114,0.00563211,0.00935849,0.00718312,0.00473154,0.0138783,0.00998366
0.00875419,0.00527765,0.00697131,0.0118025,0.00842171,0.00404379,0.00402782,0.005326,0.00641126,0.00476541,0.00754894,0.0077011
0.0114168,0.00608844,0.00270289,0.00967573,0.00705077,0.00352581,0.00230147,0.00446252,0.00338688,0.0038396,0.0057097,0.00847071
0.00657838,0.00504693,0.00559072,0.0113247,0.00830326,0.00367667,0.00285349,0.00352033,0.0028912,0.00590636,0.0130531,0.0100838
0.00605584,0.00291845,0.00313054,0.00751646,0.00420567,0.00367264,0.00457768,0.00648581,0.00344856,0.00493237,0.0155149,0.0121009
0.0215564,0.0158338,0.00676504,0.0102755,0.00638601,0.0022476,0.00230254,0.00257141,0.00292286,0.00404913,0.00947484,0.0120629
0.0132351,0.00871925,0.0048174,0.00681279,0.0042997,0.00152593,0.00160365,0.00344005,0.00293174,0.00262943,0.00724191,0.00716571
0.00794437,0.00270082,0.00372393,0.00634748,0.00456491,0.00473095,0.00347894,0.00391821,0.00218244,0.00334237,0.0061626,0.00896842
0.0102461,0.00443792,0.00994928,0.0197702,0.013614,0.00289156,0.00276216,0.00487394,0.0040604,0.00491852,0.00885322,0.0116925
0.00716363,0.00456636,0.00607925,0.0113775,0.00764402,0.00289853,0.00295529,0.00581102,0.00418354,0.00193642,0.00633172,0.00696087
0.00766018,0.00698288,0.00705087,0.00785272,0.00468599,0.00213368,0.00195269,0.00479679,0.00461115,0.00287519,0.00736641,0.0073499
0.00929732,0.00656499,0.00211514,0.00449083,0.00244836,0.00146201,0.00252711,0.00642363,0.0037238,0.00213547,0.00514073,0.00593756
0.00587348,0.0039034,0.00339509,0.00487288,0.00532459,0.00240784,0.00160556,0.00247792,0.00173112,0.00241705,0.00460818,0.00365297
0.00603515,0.00482545,0.00571509,0.0105099,0.00780692,0.00382619,0.00357798,0.00519701,0.00334218,0.00424227,0.0100373,0.00916066
0.00630459,0.00241587,0.00649314,0.00855777,0.00564979,0.00230096,0.00272012,0.00402867,0.00340983,0.00518181,0.00863711,0.0092984
0.00756915,0.00484453,0.00296746,0.00656033,0.00417984,0.00243677,0.00212749,0.00543965,0.00356442,0.0048375,0.00951047,0.00647613
0.018344,0.0120228,0.00351236,0.00915502,0.0047938,0.00195053,0.00198914,0.00209673,0.00211973,0.00265853,0.00584074,0.00912559
0.00697212,0.00552978,0.00363263,0.0078655,0.00703626,0.00331047,0.00258261,0.00395228,0.0032686,0.00369151,0.00679503,0.00509964
0.00625842,0.00313022,0.00627315,0.0172586,0.0136981,0.00483304,0.00340358,0.00597165,0.00426543,0.00409691,0.0134635,0.0121225
0.005035,0.00327428,0.00524429,0.0079724,0.00670191,0.00220607,0.00267435,0.00304265,0.00218026,0.00226899,0.00408611,0.00482599
0.0164675,0.00822964,0.00518772,0.00940067,0.0063166,0.0018294,0.00298012,0.00729715,0.00482874,0.00196721,0.00499571,0.0108779
0.010949,0.00707447,0.00338023,0.00667837,0.00479852,0.00221982,0.00196615,0.00300682,0.00264173,0.00169912,0.00279785,0.00461024
0.00362411,0.0027737,0.00278938,0.00565873,0.00406891,0.00292305,0.00227371,0.00319348,0.00354017,0.00289771,0.008387,0.0080189
0.00644143,0.00310876,0.0038028,0.00598543,0.00422874,0.00285599,0.00312562,0.00535559,0.00351844,0.00602131,0.00967144,0.00522452
0.00403285,0.00267559,0.00313397,0.00483306,0.00256813,0.00171427,0.00301075,0.00446468,0.00206829,0.00405272,0.00816663,0.00883411
0.0114003,0.00944175,0.0049939,0.00587738,0.00484153,0.00392473,0.00373527,0.00666735,0.00469423,0.00191503,0.00438291,0.00512656
0.00963705,0.00655379,0.00322159,0.00616141,0.00918873,0.0155911,0.0120447,0.00636354,0.00334795,0.00352355,0.00361602,0.00536332
0.0135034,0.00683039,0.00374614,0.00587312,0.0153178,0.0309176,0.0189968,0.00321189,0.00378731,0.00368577,0.00426273,0.00834459
0.0104283,0.00764628,0.00375735,0.00597825,0.0137321,0.02484,0.0164541,0.00645669,0.00403369,0.00395013,0.0040724,0.00443741
0.0263487,0.0136878,0.00307544,0.00305671,0.00812704,0.0152014,0.00910737,0.00272701,0.00452198,0.00553356,0.00538638,0.0147711
0.00669481,0.00578304,0.00273263,0.00404766,0.00773757,0.00942942,0.00599952,0.00439191,0.00404219,0.00344633,0.00282852,0.00355907
0.0156141,0.00707405,0.00332994,0.00304062,0.00852416,0.0135,0.00839827,0.00346155,0.00340559,0.00468231,0.00359146,0.00877441
0.00722244,0.00423672,0.00386999,0.00454203,0.00633758,0.00985119,0.00980929,0.00668737,0.0100252,0.00880695,0.0118992,0.00671794
0.0117051,0.00791933,0.00496859,0.00667177,0.00914769,0.0116868,0.00973253,0.00670316,0.0099165,0.00914348,0.00662606,0.006736
0.0200562,0.0111544,0.00191309,0.00314035,0.00933628,0.0101411,0.00376006,0.00525542,0.00885468,0.00668444,0.00436136,0.00867212
0.0114076,0.00624528,0.0023649,0.0024391,0.00772069,0.0123855,0.00570006,0.0022223,0.00271285,0.0038437,0.00422921,0.00719787
0.0105291,0.00635458,0.00385006,0.00497349,0.00700417,0.0150585,0.0096442,0.00404715,0.00342892,0.00657083,0.00601552,0.00594636
0.0116118,0.00876421,0.00590452,0.00629346,0.00539844,0.0118426,0.00773613,0.00531292,0.00656301,0.00463871,0.00334585,0.00729248
0.00896724,0.00593914,0.00399814,0.00248828,0.00720184,0.0114169,0.00605606,0.00310367,0.00640369,0.00680619,0.00544145,0.00759117
0.00254904,0.00214541,0.00328433,0.00388214,0.00566206,0.00911698,0.00563436,0.00260616,0.00654523,0.00652824,0.00334822,0.00399936
0.00511541,0.00354542,0.00212589,0.00239414,0.00423853,0.00944568,0.00604461,0.00318365,0.00605196,0.00830715,0.00889512,0.00578926
0.00375841,0.00511201,0.00296571,0.00355894,0.0107109,0.0150757,0.00946736,0.00599626,0.00588979,0.0042256,0.00768312,0.00719489
0.01866,0.0117515,0.00482863,0.00615275,0.0144503,0.0203296,0.0102403,0.00694853,0.008314,0.00439254,0.00795945,0.013648
0.0193586,0.0122661,0.00324061,0.00264194,0.00662756,0.0078854,0.00720913,0.00376928,0.0052583,0.00372798,0.00302069,0.00726105
0.00645248,0.0058122,0.00359449,0.00225569,0.00602862,0.0134571,0.0102029,0.00413847,0.00240201,0.00129939,0.00358828,0.00140106
0.0109884,0.00666176,0.00287685,0.00257882,0.00731492,0.0192899,0.0120263,0.00336011,0.00330967,0.00290766,0.0022874,0.00771976
0.00875799,0.00467562,0.00440474,0.00521335,0.0138295,0.0214978,0.00931597,0.00557472,0.00503785,0.00341225,0.00226112,0.00710513
0.0177157,0.0138359,0.00509881,0.00308109,0.0108265,0.0121292,0.00617829,0.00707368,0.00678199,0.00413665,0.00338375,0.00859493
0.0139708,0.00866015,0.00260251,0.00300648,0.00820901,0.0148864,0.00619602,0.00390136,0.00490716,0.00396319,0.00203377,0.0087048
0.0146188,0.00755439,0.00157559,0.00282262,0.00899729,0.0123124,0.00470587,0.00468094,0.00605933,0.00434297,0.00345113,0.00750712
0.00768842,0.00480156,0.00349685,0.005388,0.0132786,0.0145142,0.00623945,0.00261516,0.00267778,0.00306454,0.010108,0.0089792
0.0262498,0.013985,0.00424127,0.0039014,0.0129513,0.0199598,0.0115289,0.00563554,0.00442466,0.00393369,0.00673837,0.0141905
0.00868317,0.00733763,0.00514119,0.00381981,0.00944611,0.0143635,0.00844222,0.00575291,0.0065514,0.00466257,0.00526077,0.00632576
0.0105192,0.00904508,0.00266403,0.00233384,0.0063465,0.0103859,0.00620878,0.00625552,0.00698502,0.00328645,0.00200298,0.00365374
0.0146115,0.0119158,0.00511896,0.00344701,0.00682318,0.00703166,0.00611921,0.00975645,0.00551683,0.00423695,0.00273131,0.00745003
0.00447686,0.00479987,0.0073052,0.00621066,0.00444059,0.0065794,0.0121006,0.022854,0.0190496,0.00636848,0.00554794,0.0109501
0.00485635,0.00841688,0.0128023,0.00925612,0.00500695,0.00407603,0.0121212,0.0253974,0.020106,0.00765043,0.00360755,0.00414521
0.0195476,0.0133674,0.0111529,0.00655275,0.00680408,0.00397059,0.0113319,0.0234393,0.0177659,0.00523977,0.00266545,0.00685752
0.0184063,0.0114838,0.00916729,0.00566908,0.00594323,0.00262708,0.00706189,0.0145096,0.00963783,0.00416284,0.00283529,0.00753743
0.00520268,0.00475216,0.00348325,0.00256403,0.00376566,0.0034513,0.00510572,0.0129854,0.0083944,0.00287152,0.00425242,0.0101793
0.0190435,0.00869299,0.0064134,0.00575547,0.00414789,0.00635128,0.00992511,0.0120251,0.0120195,0.00432372,0.00595202,0.0220615
0.015811,0.00522113,0.00411825,0.00400203,0.00259371,0.00348482,0.00863333,0.0157804,0.011921,0.0053625,0.00604327,0.0209308
0.0278236,0.016032,0.00439922,0.00333318,0.0042645,0.00409494,0.00946238,0.0162857,0.00926628,0.00343085,0.00363067,0.0172843
0.0382941,0.0213895,0.00438642,0.00352017,0.00247596,0.00456968,0.00892666,0.0154766,0.00888893,0.00356426,0.00260059,0.0164437
0.0089847,0.0036041,0.00458076,0.00389587,0.00640188,0.00666167,0.0118493,0.023642,0.0152865,0.00324102,0.00335142,0.00733206
0.00471945,0.00774083,0.00740292,0.00493201,0.00377752,0.00597221,0.0112472,0.0193162,0.0132006,0.00576995,0.00619217,0.00584108
0.0149984,0.00857915,0.00963319,0.00688561,0.00309847,0.0039405,0.010476,0.0166638,0.01112,0.00412606,0.00316722,0.0114943
0.032652,0.0195119,0.00773984,0.00424051,0.00193036,0.00241149,0.00526636,0.0134045,0.0124162,0.00407877,0.0015067,0.0129312
0.0154727,0.00860461,0.00385811,0.00276907,0.00206242,0.00259416,0.00659889,0.0134343,0.0100069,0.00318398,0.00368185,0.0118441
0.0147381,0.00997927,0.00460446,0.00287406,0.00172854,0.00371457,0.00838855,0.0157318,0.0139102,0.00402588,0.00760075,0.00734885
0.0236401,0.0141747,0.0038501,0.00438284,0.00287042,0.00395396,0.0122463,0.0226931,0.0136997,0.00425859,0.00478008,0.0178252
0.0317393,0.019124,0.00652812,0.00429013,0.00253605,0.00283991,0.00891869,0.0182386,0.0140666,0.00544819,0.00198706,0.0141916
0.0318474,0.0174323,0.00773641,0.00300835,0.00166635,0.0030469,0.00754247,0.019117,0.0114584,0.00386539,0.00237065,0.0182167
0.0282549,0.0140571,0.00816088,0.00591431,0.00444532,0.00544344,0.0109043,0.0212734,0.0146096,0.00349554,0.00427422,0.0173553
0.0192139,0.0119088,0.00673966,0.00518063,0.00540277,0.00643822,0.0144136,0.0313118,0.0263968,0.011988,0.00675412,0.0123328
0.0110662,0.00622263,0.00907594,0.00425706,0.00534369,0.00654967,0.019032,0.0381709,0.0275654,0.00888161,0.00788604,0.0142451
0.0276767,0.00483786,0.00867041,0.00510599,0.0029412,0.00476819,0.0192945,0.0373135,0.0245503,0.00843212,0.0203662,0.0482485
0.0224324,0.00785895,0.00520926,0.00352055,0.00240677,0.00234236,0.0158163,0.0335004,0.0247865,0.00690245,0.0132751,0.0323887
0.00494587,0.00700758,0.00700272,0.00416161,0.00606531,0.0061721,0.0164341,0.0333122,0.0281387,0.0280322,0.0167511,0.00976623
0.00773156,0.00641836,0.0071263,0.00471508,0.00674492,0.00919858,0.0196779,0.0289962,0.0200915,0.0299804,0.0141571,0.00997279
0.00844848,0.00585988,0.00692561,0.00212067,0.00442898,0.00678322,0.018291,0.0308892,0.0183912,0.00843707,0.00661086,0.0122597
0.0409114,0.00777991,0.00601706,0.00619137,0.00420888,0.00577122,0.0147418,0.0215194,0.0122098,0.0108823,0.0250046,0.0792819
0.0525655,0.0195164,0.0061345,0.00402119,0.00350074,0.00532559,0.0123027,0.0180682,0.0127487,0.00986376,0.0230872,0.0587661
0.0434338,0.031193,0.0143822,0.0205723,0.0222766,0.0139266,0.0160467,0.0299154,0.0271073,0.0162221,0.0167935,0.0240674
0.0746715,0.0464096,0.0125323,0.0229721,0.0224023,0.0172124,0.0233664,0.0393562,0.0209262,0.0114255,0.00807166,0.0306971
0.0405373,0.0185965,0.00915946,0.0144694,0.0199878,0.0168173,0.0190396,0.0308286,0.0269553,0.0114603,0.01319,0.0307916
0.0571895,0.0411808,0.01368,0.0117079,0.0178886,0.0147311,0.0138471,0.0306639,0.0318532,0.0130758,0.0114844,0.0319965
0.0245216,0.0182593,0.00695024,0.00730909,0.00912529,0.00729823,0.0108778,0.019837,0.0130922,0.00804272,0.0087741,0.0298987
0.047551,0.0316672,0.00443501,0.00659017,0.00665758,0.00890264,0.0112291,0.0229521,0.0187628,0.00735785,0.00654291,0.0193174
0.0236672,0.0157811,0.00506624,0.00616898,0.0123613,0.0118014,0.0199346,0.0252254,0.0134632,0.00773195,0.0118629,0.0167103
0.0272593,0.0213397,0.00913784,0.00470007,0.00665278,0.00655848,0.0128068,0.0268667,0.0185367,0.00907002,0.0102565,0.0141392
0.0301307,0.0277948,0.0148628,0.0102385,0.0109745,0.00741649,0.00936954,0.0202558,0.0178115,0.0075714,0.00881069,0.0116974
0.0468562,0.0363587,0.00916586,0.00445229,0.00892591,0.00554121,0.0102037,0.0171742,0.0125304,0.0113974,0.0105944,0.0275458
0.028977,0.0199819,0.0132737,0.00919356,0.0145059,0.0138572,0.0110304,0.0195108,0.0159645,0.0081768,0.00521361,0.0129145
0.0332513,0.0150375,0.00790541,0.00572711,0.00805779,0.00949317,0.0187651,0.0322845,0.0209749,0.0110033,0.0108616,0.0290035
0.0439088,0.0423112,0.0089276,0.00383362,0.00829373,0.010705,0.0159228,0.0221618,0.0157534,0.00607276,0.00816012,0.0165468
0.0533284,0.0455863,0.0160635,0.0039474,0.00885529,0.0065821,0.0128903,0.0187816,0.0192412,0.012325,0.0115571,0.0200043
0.0430445,0.0360043,0.0134927,0.00566875,0.00987326,0.00515887,0.00760734,0.0234072,0.0226941,0.00773833,0.0118938,0.030467
0.0755598,0.0387455,0.0143943,0.00573255,0.00729907,0.00574487,0.00903336,0.0140685,0.0109896,0.00801603,0.0112244,0.0455982
0.0594424,0.043768,0.0122414,0.00416844,0.00540804,0.00787114,0.01302,0.0349802,0.0257984,0.0128874,0.00869367,0.0266444
0.0478995,0.0252179,0.00666946,0.0050218,0.00484546,0.00341196,0.00780997,0.0183364,0.0201348,0.0129102,0.00756972,0.0304815
0.0406487,0.0316332,0.00793315,0.00623587,0.00777057,0.00708618,0.00988537,0.0109977,0.00717104,0.00639152,0.00989253,0.0244196
0.0634039,0.0498306,0.00954367,0.00406318,0.00797065,0.00669583,0.010528,0.0297226,0.0198983,0.00422358,0.00677157,0.0256189
0.0572156,0.0407595,0.0122747,0.004846,0.00771404,0.00634257,0.00797436,0.0177367,0.0111276,0.00551279,0.00909459,0.028075
0.0417483,0.0393788,0.0100117,0.0044038,0.00737036,0.00711881,0.00637876,0.0117967,0.00855286,0.00727073,0.00792358,0.0179696
0.0292966,0.0080497,0.00405343,0.00432752,0.00502322,0.00420971,0.00820287,0.0166068,0.0122394,0.00370651,0.00534937,0.0268336
0.0251218,0.0153206,0.00452052,0.00465357,0.00791079,0.00718223,0.00775692,0.0153247,0.0146553,0.00841401,0.00847307,0.0223094
0.0650117,0.0494578,0.0109776,0.00792961,0.00904557,0.00368453,0.00835939,0.0176465,0.0118895,0.0087489,0.0100413,0.0246188
0.0273318,0.0289947,0.0109506,0.00484297,0.00714215,0.00814411,0.0106328,0.01372,0.00884403,0.00591659,0.00684232,0.015136
0.0596171,0.0497092,0.0170024,0.00926988,0.00603616,0.00646847,0.00897634,0.00815865,0.0052863,0.0115603,0.0197427,0.0286935
0.0350898,0.0240101,0.00946897,0.00626068,0.0103465,0.012521,0.0143938,0.0202561,0.0122677,0.0137468,0.0445795,0.042324
0.0268703,0.0208424,0.0146251,0.0238052,0.0225658,0.0109653,0.0147307,0.015762,0.009384,0.0278582,0.0540845,0.0326436
0.0124171,0.00916618,0.0116163,0.0167001,0.0129105,0.0152724,0.0142346,0.00823331,0.00990258,0.0182322,0.0447382,0.0386532
0.0510617,0.0325651,0.0154443,0.0107846,0.0128372,0.0230682,0.0194996,0.0187985,0.0194458,0.0201691,0.0488437,0.0511592
0.0510829,0.0331483,0.0133416,0.00981667,0.0114774,0.0145491,0.0127267,0.02239,0.0183197,0.0223358,0.0314192,0.0322
0.0329237,0.0228917,0.0135005,0.00922435,0.00924408,0.014552,0.0139883,0.0133755,0.0135924,0.0127962,0.0235746,0.0179602
0.0570504,0.0381486,0.0116549,0.0043325,0.0130315,0.0125818,0.012472,0.0195411,0.0126663,0.0102469,0.0251944,0.030118
0.070076,0.0392856,0.00684542,0.0145171,0.0187641,0.0119332,0.0135264,0.0173364,0.0130459,0.0111975,0.0207962,0.0342964
0.0579771,0.04048,0.0149273,0.0134489,0.0138759,0.00853091,0.00876424,0.0263322,0.0183659,0.0110296,0.0305645,0.035013
0.04505,0.0238005,0.00224957,0.00500737,0.012349,0.00993544,0.00699266,0.0127186,0.0100475,0.00959998,0.0185326,0.0241379
0.0568391,0.0327358,0.00831818,0.00968782,0.0119669,0.00604415,0.0118266,0.0198241,0.0109044,0.00933068,0.0197892,0.0323764
0.0268259,0.0196544,0.0114511,0.00866408,0.0119058,0.00943595,0.00959763,0.0155999,0.0126042,0.0107581,0.0144824,0.0193159
0.0240009,0.0157823,0.00747771,0.00706692,0.00825009,0.00591442,0.0117563,0.0261439,0.0186594,0.00686699,0.0171109,0.0208662
0.0613436,0.0426482,0.0102285,0.00512974,0.00790526,0.00706756,0.00769657,0.0277239,0.0224725,0.0100475,0.0124612,0.0280756
0.0393666,0.0313411,0.00810181,0.00810873,0.0112889,0.00653719,0.00702798,0.0190945,0.016782,0.0039216,0.00910237,0.0181784
0.0277925,0.0222908,0.00815647,0.00427152,0.00641443,0.00497409,0.00995717,0.019321,0.0151709,0.00988407,0.0141589,0.023905
0.0524201,0.0316589,0.00904892,0.00581151,0.0119263,0.00994856,0.0111927,0.0160231,0.0104458,0.00936525,0.0137964,0.0279849
0.0336872,0.017565,0.00540829,0.00479435,0.00516667,0.00538759,0.00596021,0.0118174,0.00900358,0.00750888,0.0134554,0.0274277
0.0847266,0.0478567,0.00352062,0.00536173,0.0104341,0.00641604,0.0112902,0.0204475,0.0123415,0.00843622,0.0121603,0.0407011
0.0492963,0.036097,0.0117159,0.00723784,0.00821601,0.00374104,0.00959981,0.0200645,0.0140131,0.00605932,0.00754738,0.0308301
0.0438938,0.0269629,0.00608369,0.00661544,0.00863128,0.00473006,0.00854202,0.020362,0.0145771,0.0084509,0.00663133,0.0221847
0.0413124,0.0204308,0.00962285,0.00437437,0.00749163,0.00644081,0.00799124,0.0164561,0.0105201,0.00676481,0.00786571,0.0281746
0.047994,0.0295074,0.0114103,0.00394436,0.0077523,0.0076227,0.0113294,0.0198914,0.0130622,0.00814043,0.0108237,0.0366073
0.0564434,0.0262688,0.00704116,0.00389284,0.00995623,0.0102493,0.0101372,0.0159432,0.0150476,0.00806138,0.00846282,0.0363367
0.0553005,0.02939,0.00554493,0.00554786,0.00971948,0.00924507,0.0129099,0.0276391,0.0203908,0.005008,0.00897747,0.0329109
0.0533358,0.0358705,0.00970082,0.00780982,0.00763634,0.0087605,0.010299,0.0153627,0.0113773,0.00683461,0.00789824,0.0210081
0.0291607,0.0193545,0.00528122,0.00533945,0.00936056,0.00735212,0.0115413,0.0194173,0.0218506,0.0184613,0.00773789,0.016813
0.0336733,0.0210664,0.0102601,0.0147497,0.0175555,0.00977128,0.0129904,0.0271737,0.0515417,0.0335308,0.0163464,0.0191209
0.0254293,0.0194435,0.00987575,0.0148824,0.0135603,0.00768849,0.0157432,0.049075,0.0946683,0.0615277,0.0118659,0.0134978
0.0597903,0.0387715,0.00545459,0.0109867,0.00935105,0.00507982,0.0137542,0.0509533,0.0854441,0.0445019,0.0102515,0.0255286
0.0439197,0.0267777,0.00759536,0.0118578,0.0130127,0.00641843,0.017225,0.0679008,0.0821442,0.0337066,0.0136301,0.0222118
0.0330679,0.0238251,0.00525879,0.010062,0.0125858,0.0108121,0.00954857,0.0295359,0.04601,0.02491,0.00884114,0.0245505
0.0462444,0.0226511,0.0135308,0.0139269,0.0164619,0.0111549,0.0150037,0.0294529,0.0251301,0.0166553,0.012271,0.0240159
0.034827,0.0383201,0.0127718,0.00662913,0.00989637,0.00878782,0.0099301,0.0240011,0.0246967,0.0136404,0.0108211,0.019476
0.0325196,0.0212892,0.00647984,0.00975085,0.00883291,0.0054885,0.0131124,0.0281374,0.0372014,0.02224,0.00898071,0.0203333
0.0283388,0.0204706,0.0088488,0.00695763,0.00806248,0.00572617,0.0117094,0.025384,0.0263718,0.0133569,0.00828332,0.0211463
0.0634256,0.0534325,0.0132643,0.00539698,0.00759964,0.00745399,0.0114957,0.0173229,0.0147344,0.0183698,0.012019,0.0220163
0.0200304,0.0247795,0.0105371,0.00393443,0.00565218,0.00799725,0.0101429,0.0201921,0.0191447,0.0111115,0.00737344,0.0168817
0.0431266,0.0364927,0.00913561,0.00404554,0.00362275,0.00613984,0.0153576,0.0207736,0.0132303,0.00694402,0.0100933,0.0172752
0.0420284,0.0299901,0.0108548,0.00309724,0.00430001,0.00392098,0.00750007,0.0155066,0.0211283,0.0123452,0.0104435,0.0220918
0.051262,0.0399384,0.0110248,0.00529494,0.0071097,0.00641671,0.00784624,0.0194823,0.0214688,0.0114209,0.00906229,0.0296374
0.0558816,0.0350664,0.0075209,0.00419832,0.00640165,0.00668466,0.00783737,0.0173101,0.0169132,0.00958746,0.0122427,0.0309676
0.0404209,0.0340826,0.0110925,0.00559132,0.00735985,0.00786302,0.00595235,0.0128383,0.0124623,0.00891194,0.0116662,0.0274606
0.050554,0.0401086,0.00904313,0.00546381,0.00612839,0.00476834,0.0120541,0.023592,0.0186959,0.013259,0.00907579,0.0203228
0.0300141,0.0198215,0.00540345,0.00640072,0.00721309,0.00379236,0.00622182,0.0163431,0.0145088,0.00698323,0.0118747,0.0261354
0.0601404,0.0322637,0.00450295,0.00482718,0.00650487,0.00496085,0.00733782,0.0130706,0.0140197,0.00988505,0.0137711,0.0371739
0.0281596,0.026391,0.0100663,0.00478351,0.00534466,0.00488228,0.00750967,0.0130251,0.0113052,0.00540989,0.0108086,0.0245019
0.0426701,0.0253197,0.0081177,0.00294389,0.00272742,0.00331688,0.00718011,0.0133481,0.00989729,0.0075969,0.0098691,0.0245241
0.0305571,0.0171631,0.011322,0.00433059,0.00189734,0.00548033,0.0101007,0.013093,0.00810349,0.00843632,0.0106886,0.0194277
0.0362273,0.0299732,0.00660251,0.00241646,0.00443471,0.00537716,0.00741107,0.0168402,0.0164139,0.00796329,0.0058638,0.0161896
0.0186661,0.0130486,0.00631458,0.00293282,0.00337081,0.00440512,0.00709603,0.0107691,0.00674717,0.00634525,0.00702602,0.0141501
0.0642423,0.0345838,0.00233475,0.00533929,0.00818722,0.00372487,0.00721979,0.0152273,0.0152202,0.00972856,0.011238,0.0357995
0.0615132,0.0332925,0.00617438,0.00247314,0.00354118,0.00564933,0.0105575,0.0257159,0.0203506,0.00713833,0.0115677,0.0289581
0.0285155,0.0193242,0.0103108,0.00827468,0.00984836,0.00679935,0.0152056,0.0255812,0.0157896,0.005499,0.0093795,0.021179
0.0116766,0.00898891,0.00862748,0.00671099,0.00801053,0.0104907,0.0231879,0.0424358,0.0252425,0.007239,0.0110468,0.0208052
0.0263724,0.0200514,0.0100626,0.00407235,0.00735858,0.00810462,0.0292193,0.0536865,0.0303876,0.00781969,0.00643325,0.0178793
0.0543798,0.0346818,0.0124971,0.00645371,0.00907201,0.00871073,0.016676,0.0324681,0.0253561,0.00720395,0.00422365,0.0261188
0.0354327,0.0246692,0.0169265,0.0083079,0.00537382,0.00587517,0.0209895,0.0425849,0.0299542,0.0124129,0.0124975,0.0187595
0.0419647,0.0285122,0.010526,0.00737021,0.00866634,0.00861371,0.0216967,0.0330922,0.0262855,0.0111565,0.0130209,0.0230503
0.0458625,0.0238547,0.00517816,0.00676931,0.0101231,0.0088603,0.0122314,0.0157686,0.0169049,0.0141411,0.0130564,0.0210854
0.0247381,0.017853,0.00464784,0.00563754,0.00808901,0.00821999,0.00911868,0.0225488,0.0219109,0.0132525,0.0118609,0.0106597
0.0356381,0.0256666,0.0105739,0.00782363,0.00736235,0.00853963,0.0118103,0.018003,0.0185315,0.0132333,0.0135557,0.0224922
0.0685151,0.0412501,0.00924243,0.00631403,0.00831752,0.00851377,0.0130575,0.0341827,0.0234206,0.0105873,0.00824731,0.0282466
0.0738445,0.0475965,0.0091808,0.00503654,0.00944268,0.00940308,0.014203,0.0177508,0.0157687,0.0119051,0.0127928,0.031027
0.0240767,0.0156029,0.00983353,0.00435851,0.00682771,0.00765025,0.00862703,0.0160724,0.0119609,0.0071308,0.0106103,0.0244737
0.0376591,0.0265996,0.00677876,0.00654312,0.0102855,0.010388,0.00913384,0.0148638,0.0114247,0.00499194,0.00909966,0.017135
0.0434254,0.0346804,0.00558863,0.00584264,0.00925154,0.00583278,0.012269,0.0204448,0.0143399,0.00855841,0.0132415,0.0191519
0.0406714,0.0340895,0.0072856,0.00626329,0.00898459,0.00612995,0.00433694,0.0109001,0.00905437,0.0076776,0.00994925,0.0187538
0.0292486,0.0266164,0.00871209,0.00527595,0.00687171,0.0081205,0.0112261,0.017266,0.013227,0.00581589,0.0111281,0.0217967
0.0634744,0.0432533,0.00859018,0.00304328,0.00457965,0.00623894,0.0104737,0.0161562,0.00884492,0.00446755,0.00772632,0.0275707
0.0371973,0.0356003,0.00960721,0.00563501,0.00552653,0.00372786,0.00707807,0.0169311,0.0106964,0.00496742,0.00810906,0.0195407
0.0522287,0.0470226,0.00977648,0.00501384,0.00613003,0.00480738,0.00810965,0.010762,0.00725502,0.0059714,0.00652106,0.0107167
0.045303,0.0363816,0.00871206,0.00367195,0.0065104,0.00402013,0.00848487,0.0147931,0.0114799,0.00927079,0.00917491,0.0174413
0.0241551,0.0157989,0.00631934,0.00507655,0.00691122,0.00507328,0.00745228,0.0147197,0.0101152,0.0038036,0.00429351,0.0129281
0.0136409,0.0144019,0.00782644,0.00471804,0.00359859,0.00206696,0.00517553,0.00974742,0.00680599,0.0040666,0.00346498,0.00558831
0.00743574,0.00905052,0.00491471,0.00265139,0.00225512,0.00286028,0.0067299,0.0145247,0.00894928,0.00333177,0.00190247,0.00491362
0.0136559,0.00849933,0.00202114,0.00129405,0.00215796,0.00223453,0.00524047,0.0128257,0.00752625,0.0010603,0.00235163,0.00770023
0.0169611,0.00990183,0.00143459,0.00166612,0.00239428,0.00178002,0.00281808,0.00757224,0.00598621,0.00231559,0.00284555,0.00766527
0.0143076,0.00775025,0.000734372,0.00151613,0.00253942,0.0020196,0.00281487,0.00432165,0.0027959,0.00216933,0.00230299,0.0071602
0.00775326,0.00551208,0.00242841,0.00140021,0.00130727,0.00128196,0.00265496,0.00518686,0.00347331,0.0023087,0.0020694,0.00431572
0.0119178,0.00934428,0.00701192,0.00612452,0.00287946,0.00186209,0.00296896,0.0048346,0.00439867,0.00356068,0.00453028,0.00776712
0.00856202,0.00450884,0.00476964,0.00651879,0.0060548,0.00414964,0.00809992,0.0204585,0.0136213,0.00465545,0.00683526,0.00753699
0.00837641,0.00537876,0.00318254,0.00528708,0.00534014,0.00305241,0.00818779,0.0227197,0.0136381,0.00471745,0.00552554,0.00708061
0.0275848,0.0145247,0.007823,0.00914011,0.00529079,0.00299253,0.00750658,0.0169133,0.00980752,0.00416621,0.00428637,0.0150958
0.038548,0.0186528,0.00714466,0.00949486,0.00594579,0.00142061,0.00688364,0.0152652,0.00882281,0.00271958,0.00350325,0.0218333
0.0294349,0.0169023,0.00179724,0.00370785,0.00278962,0.00149709,0.00368061,0.00859053,0.00541385,0.001442,0.00273409,0.0126096
0.0101451,0.00447419,0.00606038,0.0091422,0.00732551,0.00350201,0.00501131,0.011128,0.00681695,0.00239072,0.00266446,0.00790791
0.00954122,0.00578234,0.00936973,0.0117831,0.00666642,0.00515297,0.00971379,0.0201243,0.0115357,0.0055163,0.00639241,0.0090331
0.019445,0.0120708,0.00405532,0.00729494,0.00820388,0.00308246,0.00772834,0.0156407,0.0101064,0.00360861,0.00616315,0.0122181
0.0241896,0.0167607,0.00559855,0.00735596,0.00553142,0.00400219,0.011856,0.0205733,0.011167,0.00417499,0.00442266,0.0110063
0.0123506,0.00377401,0.00435664,0.00536959,0.00540879,0.00369503,0.00370415,0.00831202,0.00666435,0.0030557,0.00389813,0.00900969
0.0107831,0.006215,0.00497631,0.0053002,0.00362128,0.00359771,0.00585336,0.0117277,0.00675693,0.00221972,0.00578156,0.011031
0.00924082,0.0070726,0.00427874,0.00515994,0.00311709,0.00165382,0.00546947,0.0151572,0.00947648,0.00279591,0.00464673,0.00644115
0.018143,0.0118494,0.00269076,0.00336712,0.00206966,0.0018183,0.0049568,0.0159255,0.0102059,0.002067,0.00302796,0.00931886
0.0375028,0.017521,0.00404149,0.00445041,0.00174143,0.00160477,0.007639,0.0217313,0.0122793,0.00209797,0.00366413,0.0193757
0.0168628,0.00984651,0.00427474,0.00470702,0.00197305,0.00194491,0.00536789,0.0123504,0.00797185,0.00536266,0.00478682,0.00885153
0.0156577,0.00831596,0.00470617,0.0115673,0.0102592,0.00313886,0.00690466,0.0183737,0.0122989,0.00381352,0.00693019,0.0122507
0.0161743,0.0104602,0.00452433,0.00854722,0.00507646,0.00345227,0.00636825,0.0139122,0.0079162,0.00280017,0.00449107,0.0080377
0.0311069,0.0182833,0.00401232,0.00319742,0.00411467,0.00177571,0.00214331,0.00562214,0.00434207,0.00260828,0.00443471,0.012958
0.0398676,0.0247055,0.00342744,0.00532835,0.00368331,0.00123622,0.0027052,0.00563401,0.00393744,0.00315604,0.00456303,0.0183965
0.00875676,0.00740366,0.0052055,0.00481643,0.00379146,0.00284066,0.00332826,0.00497092,0.00361488,0.00437156,0.00570601,0.00762301
0.0102326,0.00381581,0.00495541,0.0144573,0.00944945,0.00344827,0.00455129,0.0115171,0.00759746,0.00334915,0.00592744,0.0094234
0.0182172,0.0152636,0.0102137,0.00770331,0.00841983,0.00332391,0.00479261,0.00681726,0.00307304,0.0034257,0.00404619,0.0122273
0.0453052,0.0226759,0.00432576,0.00549992,0.00447321,0.00208622,0.00470167,0.0127103,0.00798568,0.00368831,0.00483793,0.0214581
0.0401348,0.023236,0.00180391,0.00536793,0.00332461,0.00224572,0.00468141,0.0145101,0.00837823,0.00154371,0.00288279,0.0211808
0.0113483,0.00674724,0.00655006,0.0164981,0.010562,0.00378498,0.00696926,0.0125002,0.00815815,0.00404541,0.00665251,0.00880027
0.014276,0.00837254,0.00405947,0.0150346,0.010566,0.00204943,0.00469311,0.0126384,0.00867149,0.003074,0.00518158,0.00807959
0.0185427,0.0125122,0.00402936,0.00494968,0.00372312,0.00201389,0.00511667,0.0140665,0.00971239,0.00318625,0.00451567,0.0106455
0.0301311,0.018493,0.00418754,0.00444842,0.00411377,0.0013489,0.00452295,0.013081,0.00831768,0.00167816,0.00194027,0.0112214
0.00912712,0.00512154,0.0024708,0.00597024,0.00473479,0.00165291,0.00556465,0.0111681,0.00735507,0.00290318,0.00378715,0.00927859
0.00611573,0.00769681,0.0189848,0.00995371,0.00209781,0.0028222,0.00726593,0.0175954,0.0124984,0.00329161,0.00267368,0.00722949
0.0105733,0.00961791,0.015485,0.00725494,0.00208275,0.00129016,0.00521832,0.0134264,0.0100356,0.00329177,0.00235221,0.00774001
0.00714622,0.0125466,0.0211588,0.00921369,0.0023153,0.001422,0.00560071,0.0174341,0.0127718,0.00304485,0.00291218,0.00599161
0.0278972,0.0048492,0.00488808,0.00307115,0.00272046,0.00153486,0.00452987,0.0143068,0.00958816,0.0024598,0.00682508,0.0319336
0.0363638,0.00822138,0.00334724,0.00297624,0.00292143,0.0016493,0.00886861,0.023058,0.0153904,0.00288768,0.00809003,0.0423619
0.0143902,0.00657987,0.00766309,0.00452615,0.00235677,0.00183493,0.00713275,0.0184835,0.0111179,0.00293386,0.00639445,0.0171742
0.00472662,0.00538156,0.0130635,0.00869593,0.00234704,0.00125934,0.00719486,0.0198109,0.0122631,0.00353041,0.00260677,0.00582935
0.00793538,0.00313481,0.00832392,0.00466736,0.00186948,0.0014371,0.00659321,0.0139989,0.00831583,0.0040201,0.00315286,0.00471472
0.0192011,0.00313156,0.00507886,0.00303753,0.00160591,0.000772978,0.00306769,0.00955554,0.00653404,0.00131777,0.0051553,0.0220056
0.0137419,0.00557563,0.00489158,0.00186175,0.00145006,0.00100783,0.00342668,0.00794175,0.00534021,0.00174905,0.00501934,0.0157137
0.00446626,0.00400188,0.00837465,0.00505446,0.00172384,0.00154502,0.00280256,0.00579622,0.00416138,0.00312745,0.00300738,0.00626901
0.00403374,0.00212704,0.00715291,0.00451363,0.00141551,0.0012737,0.00242329,0.00488753,0.00402891,0.00184285,0.00223011,0.00422114
0.009211,0.00402501,0.00388308,0.00172333,0.000545866,0.000962215,0.00290101,0.005924,0.00438536,0.00185014,0.00311298,0.0104891
0.00919904,0.000755792,0.00250968,0.00139005,0.000667901,0.000824142,0.00211072,0.00348042,0.00174583,0.00127678,0.00451019,0.0143043
0.00520756,0.000874192,0.00146656,0.00106478,0.000682639,0.000715366,0.00188993,0.00237145,0.00207739,0.00129772,0.00261051,0.00768043
0.00177569,0.00173589,0.00387779,0.00271286,0.000774525,0.000602063,0.00162808,0.00361619,0.00256678,0.00262739,0.00193873,0.00197238
0.00136992,0.0015208,0.0030623,0.00181681,0.000696716,0.000515548,0.00162372,0.00455889,0.00317191,0.00172773,0.00136965,0.00163535
0.00451498,0.000716086,0.00190309,0.00133266,0.000579574,0.000329334,0.00189913,0.0044556,0.00340057,0.00147061,0.00171893,0.00570207
0.00726351,0.00213588,0.0021663,0.00144327,0.00057417,0.000488264,0.0013466,0.00290378,0.00186037,0.000443387,0.00245643,0.0100415
0.00457982,0.00155485,0.00150036,0.000580621,0.000342212,0.000383,0.00122416,0.0019691,0.000845115,0.00032954,0.00161258,0.00601479
0.00219101,0.001482,0.00337152,0.00250995,0.000593075,0.000310894,0.00111864,0.00310147,0.00197844,0.00108894,0.00132693,0.00239932
0.00460214,0.00144885,0.000999711,0.000804158,0.000407977,0.000386352,0.00132557,0.00253158,0.00199179,0.000935152,0.00157407,0.00531312
0.00606906,0.00113136,0.000989383,0.000947067,0.000538474,0.000359532,0.000853712,0.00160394,0.00116549,0.000564231,0.00285852,0.00928625
0.00385539,0.000503472,0.00141439,0.00101698,0.000537447,0.000477969,0.000523169,0.00134468,0.00116681,0.000504763,0.00186899,0.00579959
0.00159743,0.00121562,0.00306607,0.00300175,0.000723894,0.00029222,0.000722724,0.00233131,0.00165123,0.000715612,0.00101251,0.00198213
0.0016708,0.00283191,0.00552475,0.00270894,0.000393558,0.000127981,0.00112396,0.00316454,0.00216413,0.000902419,0.000962948,0.00150374
0.00680302,0.00141249,0.00145845,0.000917915,0.000546266,0.000318032,0.000748394,0.00112916,0.00112637,0.000773534,0.00323641,0.0105324
0.00309364,0.000907609,0.00203653,0.00101484,0.000351439,0.000535412,0.001001,0.00134835,0.00110575,0.000801268,0.00163127,0.00479283
0.00321553,0.00140779,0.00127355,0.000775635,0.00101027,0.00107079,0.00207736,0.00265012,0.00257031,0.00288426,0.00230402,0.00336857
0.00717024,0.00635367,0.00267284,0.00549484,0.00672034,0.00450066,0.00499466,0.0122329,0.00963031,0.00387283,0.00485475,0.0059224
0.0101638,0.00691968,0.00275688,0.0089057,0.00999153,0.0043408,0.00554217,0.014271,0.00970202,0.0028639,0.00278451,0.00612373
0.0163772,0.00946679,0.00287588,0.00903133,0.0108619,0.00403687,0.005345,0.0132659,0.00885857,0.0019958,0.00382517,0.0092676
0.011323,0.00856911,0.00210636,0.00539765,0.00646176,0.00215392,0.00205766,0.0062425,0.00490651,0.00193496,0.00398289,0.00708362
0.00498176,0.0048576,0.00367779,0.00426215,0.00649919,0.00365801,0.00263458,0.00677592,0.00546109,0.00340042,0.00383858,0.00544901
0.00672591,0.00785257,0.011429,0.013179,0.00844831,0.00425286,0.00422643,0.0150787,0.0142668,0.00530965,0.00567312,0.00631375
0.0076267,0.00839463,0.00800606,0.00895837,0.00393896,0.00306914,0.00760536,0.0144202,0.00778276,0.00375083,0.00488349,0.00635939
0.020526,0.0134875,0.00540325,0.00854576,0.00627082,0.00276202,0.00470665,0.00984186,0.00565124,0.00294331,0.00431132,0.0109358
0.0246516,0.0145252,0.00438428,0.00652923,0.00611448,0.00292487,0.00400525,0.00765637,0.00438803,0.00238699,0.00355697,0.0122048
0.00705429,0.0103443,0.0055545,0.00941695,0.0082433,0.00545206,0.0055775,0.0117982,0.00906506,0.00356795,0.0054952,0.00732212
0.0203055,0.0135204,0.00424069,0.00960156,0.00877087,0.00333045,0.00611483,0.0174297,0.0112018,0.00239225,0.00453479,0.0103606
0.0145551,0.00668215,0.0053502,0.00836905,0.00550198,0.00154428,0.00743681,0.0190817,0.0108227,0.0024953,0.00416962,0.0138179
0.0179456,0.00709652,0.00356116,0.00662836,0.00312981,0.0012734,0.00711253,0.0135484,0.00785674,0.00222449,0.00348192,0.0130987
0.0068462,0.0036604,0.00429995,0.00418608,0.00262246,0.00402176,0.00434417,0.00527944,0.00588741,0.00442859,0.00352039,0.00552183
0.0178701,0.0105594,0.00612107,0.0130014,0.01307,0.00706973,0.00737666,0.0156813,0.0117272,0.00570856,0.00870435,0.0145633
0.0133864,0.00790356,0.00558499,0.0122597,0.00990645,0.00425248,0.00537076,0.0135763,0.00995765,0.00283967,0.00424936,0.00643408
0.0341847,0.0165655,0.00304977,0.00743731,0.00798656,0.00340427,0.00538223,0.0123743,0.00659046,0.00196142,0.00540715,0.0205023
0.0237839,0.0156115,0.00314374,0.00466755,0.0059624,0.00366355,0.00648367,0.0135023,0.00785783,0.00305999,0.00483295,0.012192
0.0185827,0.00987833,0.00509106,0.0084799,0.00545842,0.00311042,0.00437736,0.00717832,0.00582828,0.00368457,0.00462628,0.0108504
0.0111756,0.00803971,0.00607319,0.0103985,0.00717597,0.00423255,0.00702002,0.0195212,0.0135557,0.00471391,0.0060799,0.00881913
0.0209469,0.012221,0.00461094,0.0118195,0.00933262,0.00286144,0.00675828,0.0171722,0.0100131,0.00352508,0.00473724,0.00999383
0.0242132,0.0101216,0.00333734,0.0066227,0.00485004,0.00204168,0.00544985,0.0121967,0.00672456,0.00208757,0.00470113,0.01933
0.0104699,0.00502836,0.00360762,0.00407452,0.00409493,0.0025634,0.00469283,0.012423,0.00724731,0.00539847,0.00612659,0.00707858
0.0061964,0.00442775,0.00279299,0.0100637,0.00779433,0.00273963,0.0061083,0.0131584,0.0077612,0.0025223,0.00393558,0.00516018
0.00779719,0.00367982,0.00832518,0.0147871,0.00944449,0.0026427,0.00481554,0.00931513,0.00534313,0.00172958,0.00291405,0.0050377
0.0220194,0.0136885,0.00230619,0.00871053,0.0063077,0.00166016,0.00289835,0.00840155,0.00560813,0.00177345,0.00224504,0.00797171
0.0236457,0.0140022,0.00386796,0.0066515,0.00531102,0.00175819,0.0048957,0.0119601,0.00660092,0.00157868,0.00305399,0.011251
0.00556573,0.00306597,0.00281006,0.00321012,0.00314135,0.00250391,0.00400904,0.00741004,0.00454355,0.00299796,0.00263069,0.00471032
0.00944342,0.00708929,0.011368,0.0104404,0.00972156,0.0138571,0.0115009,0.00978378,0.00789542,0.00555376,0.00991769,0.00949369
0.00939641,0.00668256,0.0158745,0.0125299,0.00504097,0.0136155,0.0128548,0.00472123,0.00573063,0.0091795,0.0169063,0.0132872
0.00918734,0.0071281,0.00976117,0.00767199,0.00690961,0.0218416,0.0167623,0.00992028,0.00760103,0.0141513,0.0300972,0.0226736
0.0105762,0.00505236,0.00774502,0.00529096,0.00574541,0.0183387,0.0131091,0.00544071,0.00511402,0.00899324,0.0265601,0.0195333
0.00789035,0.00612858,0.00730754,0.00606677,0.00487742,0.0115224,0.00870717,0.00569698,0.00390253,0.00906644,0.0254492,0.0181024
0.00372382,0.00521514,0.011312,0.00932876,0.00497058,0.0149008,0.00858866,0.0069603,0.0042355,0.00720358,0.0159457,0.0119734
0.00398926,0.0073721,0.0178199,0.0116067,0.00356828,0.0155088,0.0129719,0.00690495,0.00402041,0.00525231,0.00976157,0.00982595
0.00706306,0.00476317,0.00512627,0.00375507,0.00703626,0.017421,0.0124635,0.00276553,0.00204626,0.00935629,0.0212299,0.0114374
0.00363361,0.00172824,0.00283604,0.00282908,0.00580978,0.019042,0.0153213,0.00423031,0.00152278,0.00935814,0.029886,0.0196317
0.00460277,0.00235991,0.00333136,0.00456067,0.00520433,0.0129309,0.00770085,0.0015922,0.00363718,0.0100891,0.0151484,0.00994035
0.00424093,0.008087,0.0147357,0.00763001,0.00344524,0.00857222,0.00611792,0.00176156,0.00251608,0.00680728,0.0154495,0.00946406
0.0035522,0.00616026,0.0109452,0.00504037,0.00314017,0.0115012,0.00935475,0.00251498,0.00423276,0.00971011,0.0164131,0.0107682
0.00434537,0.00351815,0.00749689,0.0043162,0.00277956,0.0112494,0.00829968,0.00318253,0.00221114,0.00577956,0.0161522,0.0110974
0.00396934,0.00390299,0.00563694,0.00314724,0.00250038,0.00817955,0.00540299,0.00188988,0.00212302,0.0051292,0.0121795,0.0106729
0.00234347,0.00377483,0.00933068,0.00627743,0.00404401,0.0124774,0.00945637,0.00300451,0.00273641,0.00501671,0.0100683,0.00601152
0.00224067,0.00709618,0.0108486,0.0052606,0.00346773,0.011743,0.00855539,0.00190107,0.00189789,0.0044137,0.00663515,0.00483389
0.00351296,0.00392187,0.00541306,0.00254173,0.00265188,0.0112014,0.00890201,0.00219054,0.00149842,0.0058665,0.0153782,0.0101123
0.00209424,0.00277314,0.00510312,0.00272724,0.00250926,0.00965893,0.00660351,0.00108913,0.00135033,0.00414058,0.0126177,0.00826155
0.00175616,0.00319174,0.00489268,0.0015098,0.00108238,0.00471341,0.00392447,0.00120502,0.00128938,0.00317623,0.00516396,0.00408423
0.00173039,0.00537958,0.0129946,0.00729664,0.00281902,0.012009,0.00867057,0.00147153,0.000951585,0.00359341,0.00615653,0.00402793
0.00313526,0.00411353,0.00908366,0.00399557,0.00128855,0.0067044,0.00583436,0.00178345,0.00352014,0.00621998,0.0051331,0.00413813
0.00155215,0.00195009,0.00349839,0.0018496,0.00147579,0.00474076,0.00340381,0.000934783,0.00094565,0.00285678,0.0076381,0.00575347
0.0010971,0.00130646,0.00312497,0.00190621,0.000977604,0.00297316,0.00215446,0.000859844,0.00102559,0.00279714,0.00666215,0.00463354
0.000897697,0.0040315,0.00985088,0.00525313,0.00339304,0.00983744,0.00680323,0.00161904,0.00195265,0.00486198,0.00599634,0.00360918
0.00115396,0.00453542,0.00987845,0.00452344,0.00305096,0.0112653,0.00808257,0.00118286,0.00175161,0.00470845,0.00586962,0.00256161
0.00102398,0.00187419,0.00326809,0.00143232,0.00139243,0.00504469,0.0034388,0.000711269,0.00145672,0.00604285,0.00876786,0.00483632
0.00115086,0.00216236,0.0051434,0.00286547,0.00115944,0.00462007,0.00347568,0.00104814,0.000999187,0.00313209,0.00989807,0.00615234
0.00248667,0.00186089,0.00436055,0.00278017,0.00187022,0.00424918,0.00305329,0.0017448,0.00144899,0.00322526,0.00701125,0.00586269
0.00236799,0.00201318,0.00754278,0.0135279,0.00809171,0.00395091,0.00511626,0.0127961,0.00859605,0.0049766,0.00827364,0.00520874
0.00178364,0.00118123,0.00714751,0.0200327,0.0165301,0.00425351,0.00417293,0.0126598,0.0095597,0.0047713,0.0066465,0.00632652
0.00194224,0.00162706,0.00550919,0.0176702,0.0125543,0.00367916,0.00386094,0.00861372,0.00564792,0.00405846,0.0097875,0.00707336
0.00301545,0.00225743,0.00541185,0.0137748,0.00966095,0.00452072,0.00277318,0.0035195,0.00286378,0.00444684,0.0130265,0.0103348
0.00213093,0.00203911,0.00293636,0.00878819,0.0062939,0.00298525,0.00379849,0.00597682,0.00414316,0.00334256,0.00983487,0.0076998
0.00325118,0.00325116,0.00800805,0.011308,0.0103207,0.0074289,0.00522579,0.0113609,0.0112517,0.00626044,0.00635138,0.00510551
0.00229225,0.00218526,0.00997337,0.020942,0.0162385,0.00762115,0.00699962,0.0148002,0.0164757,0.00896701,0.010533,0.00749843
0.00238857,0.00253375,0.00746775,0.0152481,0.0100079,0.00666478,0.00598034,0.011792,0.0106982,0.00678583,0.0169289,0.0130906
0.00307625,0.0023861,0.00554109,0.00890811,0.00663082,0.00488,0.00545847,0.00783355,0.00540798,0.00748981,0.0165637,0.0124613
0.00213785,0.00174016,0.00503225,0.00899772,0.00788321,0.00447527,0.00640035,0.00949496,0.00541191,0.00537753,0.0101003,0.00711738
0.00273623,0.00260355,0.0122524,0.0264509,0.0160497,0.00295331,0.00485506,0.0104914,0.00728456,0.00478088,0.00582443,0.0048305
0.00232386,0.00155241,0.0125561,0.0292259,0.0161702,0.00339019,0.00399627,0.0120695,0.00781108,0.00430079,0.0076619,0.0064389
0.00227455,0.00157715,0.00924672,0.0175381,0.0104784,0.00455754,0.00530858,0.0102383,0.00748976,0.00390901,0.0166366,0.0116928
0.00142824,0.00161414,0.00566326,0.0101568,0.00542677,0.00284504,0.00374003,0.00555906,0.00569456,0.00744115,0.0126826,0.00778754
0.00255678,0.00330815,0.00835658,0.0165934,0.013486,0.00604778,0.00797634,0.0141495,0.00845991,0.00619659,0.00874557,0.0056286
0.00409135,0.00346607,0.0122365,0.0288597,0.0186847,0.00431921,0.00509526,0.0142982,0.0103213,0.00552187,0.00883773,0.00881886
0.00252715,0.00210441,0.005878,0.0160865,0.00917562,0.00392322,0.00877448,0.0139125,0.00803756,0.00662825,0.0259995,0.0180361
0.00254212,0.00123012,0.00467858,0.0117726,0.00757027,0.00364257,0.00273704,0.00858876,0.00619521,0.00653547,0.0269729,0.0191878
0.00289931,0.00206073,0.00636401,0.00757789,0.00596182,0.00352526,0.00311578,0.00628441,0.00520876,0.00494828,0.017769,0.0138222
0.00168974,0.00178734,0.00614942,0.0194999,0.0152445,0.00501226,0.00763597,0.0148092,0.00726672,0.00341027,0.0112467,0.00812702
0.00273395,0.000814515,0.00908695,0.0238165,0.0144148,0.00525418,0.00741597,0.013131,0.00801786,0.00964087,0.0175523,0.012697
0.00236064,0.0021329,0.00430722,0.011693,0.00858651,0.0046404,0.00519595,0.0101155,0.00598164,0.00369839,0.0139415,0.0103544
0.00305456,0.00185273,0.00567428,0.00737237,0.00411026,0.00344478,0.00349995,0.00603856,0.00427327,0.00807923,0.0154821,0.0109092
0.0019887,0.00206166,0.00689297,0.0116995,0.00851711,0.00337845,0.00443518,0.00784261,0.00497013,0.00379015,0.0100447,0.00813222
0.00165026,0.0014435,0.00852096,0.0185417,0.0108094,0.00187006,0.00516947,0.0110291,0.00688037,0.00415446,0.0105035,0.00818758
0.0013411,0.001021,0.00602722,0.0162058,0.00999435,0.00245356,0.00609872,0.00965249,0.00487328,0.00399636,0.0171571,0.0125465
0.00223419,0.000992298,0.00420715,0.00757989,0.00403925,0.00176359,0.00502914,0.00900582,0.00520203,0.00407083,0.0163244,0.0123398
0.00170039,0.00149316,0.00313092,0.00558708,0.00467041,0.00244167,0.00355379,0.0053429,0.00374968,0.00484032,0.00904873,0.00758225
0.00149286,0.00243681,0.00419459,0.00622599,0.00326967,0.00303138,0.00266861,0.00403535,0.00268322,0.00306411,0.00497733,0.00312751
0.00198326,0.00146982,0.00262913,0.00793529,0.00668218,0.00349846,0.00547169,0.00740347,0.00412727,0.00252537,0.00586025,0.00495718
0.00112719,0.00177663,0.00416128,0.00780587,0.00476053,0.00212658,0.00543366,0.0088432,0.00483775,0.00138248,0.00386555,0.00280784
0.00109593,0.00148332,0.00314696,0.00660928,0.00434044,0.00181459,0.00711262,0.0159389,0.00852823,0.00299725,0.00765569,0.00494884
0.00074497,0.00139531,0.00259051,0.00291366,0.00215977,0.00140025,0.00418474,0.00864652,0.00603908,0.00193688,0.00387361,0.0026784
0.000987536,0.00154718,0.00275935,0.00284028,0.00202187,0.00123789,0.00572571,0.0152917,0.00868134,0.00139679,0.00179428,0.0014948
0.000872024,0.00106469,0.00236349,0.00212047,0.00142878,0.00101232,0.00342903,0.00994651,0.00631745,0.00303478,0.00558548,0.00343187
0.00124031,0.00125513,0.00163441,0.0028261,0.00231251,0.000902857,0.00307324,0.00835689,0.0129416,0.00761105,0.0039997,0.00291092
0.000646015,0.000537248,0.00124636,0.00251877,0.00138185,0.000900073,0.00322661,0.00984506,0.0140182,0.00770774,0.0023415,0.00167488
0.00058165,0.000571104,0.000965424,0.00136106,0.0012878,0.000780581,0.00293451,0.00713606,0.0158957,0.0109802,0.00405372,0.00251111
0.000676735,0.000662027,0.00104854,0.00115306,0.000624793,0.000658494,0.00227895,0.00946065,0.0135339,0.00588449,0.00205017,0.0012955
0.000736904,0.0004351,0.00067325,0.000545194,0.000450442,0.000768313,0.00173165,0.00550022,0.0108462,0.00665694,0.00235221,0.00219265
0.000536916,0.000449463,0.000618053,0.000868765,0.000580078,0.000496537,0.00154484,0.00448232,0.00594751,0.00641061,0.00850249,0.00365434
0.000351289,0.000423935,0.000957441,0.000892169,0.000413473,0.000270433,0.0015098,0.00287787,0.00376425,0.00335862,0.00545364,0.00300494
0.000886678,0.00075729,0.0013128,0.00125199,0.000908167,0.00044199,0.00109862,0.00162782,0.00226044,0.00386701,0.00794422,0.00502311
0.000286031,0.000714752,0.00123856,0.00100431,0.000575138,0.000383821,0.000909796,0.00275218,0.00334112,0.00256767,0.00892078,0.00493929
0.01043,0.00673291,0.00186264,0.000790681,0.000675142,0.000511195,0.000992748,0.00329258,0.00414413,0.00237797,0.00453204,0.00717574
0.00954962,0.00529551,0.00102366,0.000673639,0.000508276,0.000346403,0.00105397,0.00227735,0.00247359,0.00230777,0.00392333,0.00667527
0.0025375,0.00252645,0.000953012,0.000883586,0.000493469,0.000261516,0.000617918,0.00141875,0.00154177,0.000927557,0.00213295,0.00255383
0.010254,0.00501167,0.00100411,0.00083557,0.000362622,0.000196844,0.000691672,0.00166642,0.00186825,0.00172748,0.00231343,0.00812073
0.00711034,0.00561881,0.000920305,0.000582462,0.000332916,0.000290243,0.000678683,0.00188544,0.00297106,0.00158209,0.00284209,0.00365446
0.00299477,0.00329473,0.0087602,0.0074652,0.00144673,0.000248019,0.000680607,0.00122028,0.00164246,0.000998746,0.00266312,0.00191338
0.00338985,0.00371336,0.00608373,0.00460988,0.000903738,0.000322908,0.000455893,0.001163,0.00162841,0.00117786,0.00242778,0.00166152
0.00130653,0.00274518,0.0105192,0.00741797,0.00115353,0.000353775,0.00037039,0.00104941,0.00155874,0.000702222,0.00178615,0.00130071
0.0019757,0.00127372,0.00327509,0.00440511,0.00157599,0.000501024,0.000597694,0.00101225,0.00142341,0.000858506,0.00126032,0.00137004
0.00186877,0.000893523,0.00467905,0.0119559,0.0073335,0.000869373,0.000227632,0.000552514,0.00069471,0.000748459,0.00129058,0.00139427
0.000949016,0.000921649,0.00267412,0.00517725,0.00289798,0.000555414,0.000505757,0.000479652,0.000891673,0.000666862,0.00066964,0.000516172
0.000977897,0.000810963,0.0039961,0.0109695,0.00668729,0.00103553,0.000642392,0.000696577,0.00112989,0.000876723,0.000782387,0.000809452
0.00180754,0.00144308,0.00559639,0.0191374,0.0155307,0.00419816,0.00220217,0.00193328,0.00289775,0.00232569,0.00138977,0.00151281
0.00185452,0.00115535,0.006314,0.0170295,0.011188,0.00261834,0.00270485,0.00655927,0.00610934,0.00325076,0.00177889,0.00195079
0.0018617,0.00157292,0.00310597,0.00858132,0.00725978,0.00306841,0.00470653,0.0100064,0.00751735,0.00282865,0.00255165,0.00192376
0.00251469,0.00145484,0.00330715,0.00726673,0.00573129,0.00210335,0.00412232,0.00724889,0.00507592,0.00425903,0.0095764,0.00676763
0.00270731,0.0014667,0.0037038,0.00616291,0.00435832,0.00219241,0.00410223,0.00803603,0.0048741,0.00507698,0.0130865,0.00877338
0.00152341,0.00298992,0.00415356,0.00349152,0.00336263,0.00521009,0.00761328,0.0133825,0.00873724,0.00240667,0.00505255,0.00396365
0.00174058,0.00234225,0.00721465,0.007312,0.00524258,0.00589792,0.00963131,0.0235762,0.0202698,0.00540186,0.00231831,0.00254672
0.00175542,0.0012506,0.00602022,0.00730306,0.00536841,0.00313463,0.00502592,0.0147776,0.0181719,0.0073178,0.00483781,0.00312139
0.00283104,0.00336392,0.00401453,0.00407444,0.00570101,0.0124016,0.0159834,0.0159292,0.0126565,0.00760529,0.00836749,0.00427253
0.00209675,0.00231218,0.00382795,0.00787975,0.00705311,0.012556,0.016349,0.0123388,0.00734109,0.0024567,0.0028971,0.00175143
0.00226832,0.00169273,0.00562645,0.0100561,0.00569999,0.00380417,0.00528628,0.0126082,0.00975813,0.00329235,0.00418314,0.00364731
0.00164527,0.00206028,0.00459894,0.00788953,0.0062774,0.00641807,0.00664801,0.0138422,0.0149366,0.00561933,0.00499291,0.00274542
0.00163317,0.00287883,0.00634664,0.00667591,0.00495654,0.00426484,0.00426745,0.0147378,0.0153121,0.0051003,0.00319959,0.00283389
0.00143638,0.00108474,0.00306372,0.0038324,0.00332814,0.0020224,0.00537356,0.0114669,0.00847836,0.00455891,0.00568203,0.00311596
0.00151158,0.00123343,0.00312463,0.00359161,0.00337896,0.00374544,0.00451093,0.00621946,0.00329631,0.00313227,0.00355078,0.00215833
0.00218318,0.0014679,0.00289644,0.00226597,0.00249718,0.00282418,0.00547004,0.00945193,0.00669818,0.00292698,0.00261869,0.00235412
0.00198413,0.00110108,0.00240304,0.00422511,0.00336168,0.00302758,0.00402794,0.00799958,0.00676145,0.0032932,0.00276657,0.00197842
0.000802449,0.00175852,0.00307817,0.00280942,0.00299064,0.00163199,0.00381205,0.00553541,0.00330278,0.0023246,0.00334312,0.00263488
0.00100724,0.00117107,0.00390635,0.00524772,0.00377014,0.00220417,0.00186023,0.00399373,0.0037111,0.00257845,0.00317063,0.00206373
0.00168906,0.00149727,0.00274374,0.0049928,0.0045576,0.00393249,0.00204169,0.00500798,0.00405949,0.00240798,0.00457867,0.00351035
0.00240668,0.00199363,0.00398757,0.00649021,0.0036081,0.00325229,0.00523757,0.00703023,0.00523335,0.00303816,0.00368864,0.00323568
0.00213545,0.0016635,0.00288557,0.00553852,0.00454507,0.00204399,0.0049321,0.00932941,0.00584524,0.00209349,0.00234482,0.00220112
0.00247695,0.00180039,0.00289187,0.00396056,0.00211738,0.00217684,0.00373609,0.00604674,0.00442549,0.00218785,0.00428804,0.00271219
0.0023379,0.0015055,0.00141472,0.00267121,0.00266752,0.0028332,0.00355869,0.00762646,0.00625039,0.00267123,0.00181348,0.00236998
0.00215202,0.00146691,0.00313579,0.0021972,0.00192658,0.0017649,0.00496488,0.0117324,0.00870571,0.00202179,0.00205893,0.00253392
0.000645399,0.000977511,0.00304672,0.0030204,0.00206901,0.00197627,0.00452763,0.0127849,0.0105868,0.00262917,0.0019569,0.00113475
0.000924887,0.00105064,0.00228467,0.00253974,0.00215657,0.00145225,0.00338472,0.0121327,0.00936868,0.00276277,0.00275776,0.00214061
0.00140406,0.00122733,0.00141115,0.0035769,0.0036589,0.00151998,0.00344129,0.00656457,0.00480436,0.0021734,0.0032103,0.0020497
0.00170695,0.00223494,0.00502713,0.00908024,0.00652815,0.00429593,0.00390784,0.00270198,0.00329533,0.00285346,0.00302679,0.00265607
0.0028552,0.00147824,0.00222018,0.00526533,0.00664695,0.00642489,0.00559977,0.00659169,0.00864848,0.00655475,0.00453296,0.00320785
0.00351287,0.0020594,0.00241134,0.00766902,0.00884379,0.010276,0.00671781,0.0101494,0.0192848,0.0129845,0.00447456,0.00344904
0.0026229,0.00187133,0.00320197,0.00274668,0.00286512,0.00356799,0.00316308,0.0121532,0.0245733,0.0142782,0.00331717,0.00172082
0.0018076,0.00142283,0.00172448,0.00262857,0.000822753,0.00253483,0.00360578,0.0104439,0.0251263,0.0154323,0.00334412,0.00185398
0.00192488,0.00145162,0.00264746,0.00513447,0.00301228,0.0017764,0.0024597,0.00869301,0.0213299,0.0124991,0.00313902,0.00233683
0.00228527,0.00265099,0.0051882,0.00660675,0.00316789,0.00324699,0.00391423,0.0127362,0.0291957,0.0165439,0.00309507,0.00191486
0.00192936,0.0012922,0.00392888,0.00621376,0.00333602,0.0025965,0.0029789,0.00714778,0.0212614,0.0143266,0.00302761,0.00124395
0.00173438,0.00112201,0.00384936,0.00572376,0.00354202,0.00273108,0.00245786,0.00503631,0.0118139,0.0100589,0.011942,0.00759186
0.00209958,0.00139296,0.00323723,0.00270457,0.00122988,0.0014699,0.00150808,0.00362231,0.00966132,0.0101873,0.0123727,0.00757465
0.00122484,0.00131444,0.00246512,0.00151979,0.000834726,0.000878654,0.000855511,0.00392918,0.0115087,0.0107904,0.0106076,0.00580142
0.00115271,0.000953534,0.0013252,0.0016264,0.00119395,0.001168,0.00109453,0.00393543,0.0105407,0.00913203,0.0126412,0.0078618
0.00714211,0.00481315,0.0016786,0.00219089,0.00155578,0.00100558,0.000778841,0.00345778,0.00871988,0.00561186,0.00979674,0.00806327
0.00702044,0.00545174,0.00250817,0.00292703,0.00144082,0.000589969,0.000737337,0.00298551,0.00767138,0.00454169,0.00490653,0.004707
0.00309117,0.00163069,0.00148704,0.00162353,0.000846667,0.000704622,0.00088457,0.00289844,0.00674098,0.00403107,0.00246858,0.00194491
0.0126649,0.00735758,0.00128911,0.00120823,0.00121304,0.000701955,0.000826772,0.00171073,0.00357155,0.00480866,0.00380103,0.00573803
0.00457275,0.00300336,0.00164111,0.00103276,0.000665492,0.000601702,0.000639831,0.00152751,0.00381297,0.00498094,0.00422112,0.00337309
0.00353223,0.00412812,0.00879411,0.00690285,0.00155738,0.000638182,0.00040301,0.00164369,0.00423633,0.00463772,0.00348374,0.00180029
0.000992144,0.00157691,0.00318535,0.00293695,0.000657991,0.000486842,0.000455836,0.00170734,0.00317297,0.00268693,0.00191076,0.00159434
0.00113134,0.000872213,0.00268998,0.0025435,0.00117762,0.000593058,0.000383494,0.00127975,0.00338462,0.00288948,0.00122121,0.000840205
0.00254527,0.00149839,0.0031195,0.00317818,0.000736411,0.000497241,0.000450389,0.00133687,0.00357741,0.00370211,0.00201925,0.00176582
0.000948147,0.00164808,0.00595609,0.00513247,0.00125504,0.000458026,0.000718225,0.00116682,0.00252444,0.00278857,0.00140218,0.00100833
0.000737386,0.000844595,0.00264087,0.00977797,0.00638791,0.00069668,0.000475493,0.0013199,0.00210373,0.0021359,0.00224788,0.00164669
0.00105991,0.0013406,0.00212724,0.0035029,0.00230956,0.000484438,0.000324354,0.00111069,0.00248095,0.00149274,0.000914377,0.000744209
0.00138887,0.000819428,0.00269622,0.00853125,0.00490616,0.000498473,0.000769919,0.00121748,0.00199084,0.00185098,0.00113075,0.000720685
0.00067082,0.00100978,0.00301372,0.00780228,0.00908603,0.00538344,0.00188441,0.000815555,0.00185782,0.00169459,0.00162953,0.00129324
0.000574476,0.000595177,0.000666847,0.00254426,0.0020031,0.000906292,0.000571731,0.000426925,0.00121175,0.00124654,0.000762806,0.000599756
0.00114421,0.00101635,0.0013268,0.0026108,0.00281497,0.0017225,0.00169147,0.00139974,0.00146666,0.00131359,0.00178954,0.00144627
0.0015932,0.00246852,0.00189744,0.00296211,0.0081346,0.011988,0.00681473,0.00180038,0.00312049,0.0041838,0.0028745,0.00150173
0.00186074,0.00292512,0.00320879,0.00478729,0.00595222,0.0119108,0.00750248,0.0026436,0.00524735,0.00856092,0.00456677,0.00128797
0.00254376,0.00248334,0.00141272,0.00464484,0.00931545,0.0135496,0.00772212,0.00235849,0.00792964,0.0131979,0.0077073,0.00345184
0.00213648,0.00219076,0.00226073,0.00620953,0.0143675,0.00912839,0.00422191,0.00266804,0.00613114,0.0123216,0.00633249,0.00267097
0.0118517,0.00944003,0.00254544,0.00312828,0.00823092,0.00940101,0.00460885,0.00116134,0.00460377,0.00943084,0.00484392,0.00397853
0.00635438,0.00444782,0.0017664,0.00162115,0.00296941,0.00323338,0.00230223,0.00165348,0.00264683,0.00595637,0.00321304,0.00440244
0.00660502,0.00504128,0.00177343,0.00318289,0.00815522,0.00733983,0.00472968,0.00478831,0.00963074,0.0102119,0.00498302,0.00433141
0.00311919,0.00316929,0.00157075,0.00460849,0.0106133,0.0058509,0.00264121,0.00252679,0.00543183,0.0167659,0.0109126,0.00393971
0.00198784,0.00176076,0.00136292,0.00243069,0.00632282,0.00814753,0.0047924,0.0048756,0.00872109,0.0156661,0.00922791,0.00219248
0.00358538,0.00257115,0.00243697,0.0034983,0.00821142,0.00670835,0.00410408,0.0132137,0.0134939,0.0103647,0.00630115,0.00363867
0.00304082,0.00124725,0.00195161,0.00210514,0.00620645,0.00535621,0.00411362,0.0114279,0.0116338,0.00898493,0.00649299,0.00389682
0.00210242,0.00164268,0.00125346,0.00243537,0.00743176,0.0100818,0.00660816,0.00949649,0.0106449,0.0122575,0.00816295,0.00238978
0.00261953,0.00180214,0.00149713,0.00154236,0.00632691,0.00921784,0.00639475,0.00759708,0.00670241,0.00892591,0.00628442,0.0031132
0.00741308,0.00724291,0.00272613,0.00155964,0.00354403,0.00326317,0.00196387,0.00564042,0.00616571,0.00839479,0.0069183,0.0032103
0.00240245,0.00251073,0.00110051,0.00078461,0.00286944,0.00426304,0.00372237,0.00513313,0.0054524,0.00763885,0.00595601,0.0024605
0.00503125,0.00410119,0.00154993,0.00269901,0.00590923,0.00770032,0.00389593,0.00469436,0.0122699,0.013546,0.00587595,0.00286287
0.00243968,0.00211736,0.00106008,0.00378819,0.0107113,0.00939167,0.00418075,0.00634026,0.00713969,0.0162069,0.0120776,0.00231962
0.000907146,0.000977335,0.00127046,0.00350859,0.0100012,0.00882609,0.00318367,0.00420794,0.00466074,0.0111284,0.00745211,0.00179627
0.00251552,0.00166761,0.00072811,0.0027283,0.00943633,0.0140757,0.00966754,0.00332152,0.00293553,0.00765022,0.00525105,0.00215909
0.00186059,0.00157329,0.00122203,0.00264109,0.00785963,0.00961299,0.00430544,0.00341531,0.00404116,0.00730077,0.00385951,0.0017847
0.00249017,0.00204937,0.00164485,0.00204452,0.00537629,0.0104129,0.00705622,0.00481489,0.00708127,0.0103356,0.00583631,0.00198311
0.00261427,0.00257491,0.00113055,0.00252367,0.00768491,0.0120073,0.0062735,0.0021461,0.00416887,0.00899734,0.00522313,0.00188783
0.00574365,0.00364295,0.00114016,0.00329669,0.00722494,0.00535761,0.00284086,0.00312253,0.00557368,0.00775645,0.0043021,0.00424482
0.00248105,0.00197252,0.000825041,0.00104671,0.00173014,0.00265495,0.00205955,0.00225629,0.0043636,0.00352191,0.00224991,0.00174539
0.00242012,0.00236241,0.000833677,0.00139823,0.00300195,0.00372511,0.00303033,0.001678,0.00326957,0.00711187,0.00334309,0.00155118
0.00186232,0.00140696,0.000711567,0.00270729,0.0062663,0.00610381,0.00332921,0.00197822,0.00475252,0.0123964,0.00697017,0.00192786
0.00105856,0.00086713,0.000844188,0.00215792,0.00483895,0.00399358,0.00213434,0.00183549,0.00544736,0.0124166,0.00767177,0.00165733
0.00110547,0.00128233,0.00071865,0.00212874,0.00564155,0.00852935,0.00576045,0.00191528,0.00448519,0.00945912,0.00538985,0.00131032
0.00166475,0.00118639,0.000531063,0.00126581,0.00302364,0.00657867,0.00636569,0.00277015,0.00249943,0.00663447,0.00399892,0.0015774
0.00122356,0.00134395,0.00261547,0.00304711,0.00317248,0.00360314,0.00346855,0.00227086,0.00326964,0.0064707,0.00483815,0.00223385
0.00253046,0.00244753,0.00516687,0.00381619,0.00325795,0.00803522,0.00821076,0.00808708,0.00737864,0.00594279,0.00630513,0.00512839
0.0020707,0.00151605,0.0033761,0.00301993,0.00175207,0.0075285,0.00589093,0.00446516,0.00408987,0.00743655,0.0151122,0.0109973
0.00251598,0.00127605,0.00309172,0.00239405,0.00368619,0.00841705,0.00709395,0.00248498,0.00237412,0.00539336,0.0200732,0.0162753
0.00174064,0.00158948,0.00274509,0.00145531,0.00187945,0.00506303,0.00448328,0.00209715,0.00230282,0.00521186,0.0136837,0.0100631
0.00155192,0.00139702,0.00258229,0.00152667,0.0022182,0.00591048,0.00500575,0.002118,0.00196354,0.00608575,0.0164969,0.0101033
0.00141126,0.00115679,0.00255289,0.00130117,0.00133485,0.00538364,0.00441065,0.00113242,0.00205862,0.0076008,0.0166383,0.00908251
0.00733866,0.00622063,0.00332174,0.00181501,0.000680736,0.00270177,0.0025593,0.00114156,0.00237178,0.00480515,0.012496,0.00640738
0.00841056,0.00870199,0.00323651,0.000843986,0.000677803,0.00220432,0.00204468,0.00186431,0.00267382,0.0044752,0.00843869,0.00638838
0.00384056,0.00298054,0.00231356,0.0012308,0.000992332,0.00189751,0.00160967,0.00127692,0.00185098,0.00331978,0.00670204,0.00323843
0.00762923,0.00833158,0.00336037,0.000861774,0.000925818,0.00194776,0.00143083,0.00108202,0.00115635,0.00244615,0.00611358,0.00536127
0.00207758,0.00219121,0.00250836,0.00160088,0.00116554,0.0017196,0.00124185,0.000450994,0.000610647,0.0010248,0.00460104,0.0031151
0.00215445,0.00248409,0.00839245,0.00868857,0.00240126,0.000745324,0.000273446,0.00100932,0.00121583,0.00163979,0.00282628,0.00257613
0.000891528,0.0010319,0.00434209,0.004368,0.00169093,0.00139555,0.000958277,0.000549818,0.000682983,0.00165473,0.00299107,0.00186472
0.0017633,0.000701165,0.00748833,0.00691453,0.00153626,0.000703595,0.000499071,0.00083392,0.000699799,0.0012889,0.00368991,0.0025885
0.00196502,0.00275923,0.00462997,0.00504221,0.00160833,0.00101741,0.000860037,0.000657132,0.000670016,0.00145702,0.00346827,0.00200608
0.00132674,0.000924739,0.00320289,0.00501395,0.00240432,0.000984952,0.000684724,0.000403347,0.000486075,0.0010167,0.00275105,0.00163375
0.000918565,0.00107007,0.00268905,0.00722482,0.00488952,0.000809832,0.000705227,0.000527417,0.000407484,0.00153311,0.00339484,0.00202404
0.000514078,0.000674352,0.00117867,0.00362632,0.0028825,0.000872259,0.000628258,0.000585566,0.000701966,0.00120038,0.00232079,0.0011371
0.00157089,0.00124705,0.00173919,0.00537738,0.00418178,0.000976836,0.000607845,0.000542259,0.000721261,0.00129996,0.00189843,0.000717645
0.00083156,0.000811056,0.000899629,0.000757347,0.00101429,0.00188959,0.00107052,0.000610845,0.000588936,0.000894033,0.00159184,0.000777267
0.000822625,0.000782455,0.00156023,0.00278417,0.00259455,0.00565639,0.00347455,0.000717486,0.000573183,0.00088415,0.00170033,0.00097657
0.000589326,0.000375016,0.000772527,0.0018595,0.00114873,0.00108761,0.00105305,0.000535739,0.000365754,0.000617572,0.00121185,0.000900606
0.000508729,0.000379737,0.000614756,0.00109499,0.00132364,0.00472766,0.00413538,0.00117354,0.000373329,0.000518789,0.00107354,0.000641412
0.000446299,0.000488572,0.000549978,0.00102645,0.00132878,0.00145105,0.00101583,0.000338483,0.00034378,0.000504012,0.000862092,0.000662224
0.000483176,0.000469305,0.000914463,0.00174608,0.001417,0.00152685,0.00165594,0.00122027,0.000655317,0.000628396,0.000642457,0.000419227
0.000287485,0.000379133,0.000579835,0.00108116,0.000789737,0.000814628,0.000411558,0.00280393,0.00219848,0.000509504,0.000576159,0.000465847
0.000885515,0.00140844,0.00127939,0.00171848,0.00130661,0.00163399,0.00170293,0.00305171,0.00172059,0.00143082,0.00147167,0.000894198
0.00204513,0.0015422,0.00160724,0.00279683,0.00345779,0.00385816,0.00501292,0.00656373,0.00522332,0.00302938,0.00288796,0.00246684
0.00817988,0.00614969,0.00488348,0.00779212,0.00895022,0.0079238,0.0108085,0.0106744,0.00653299,0.00337941,0.00616419,0.0096971
0.00697297,0.0045359,0.00392338,0.00777045,0.00748983,0.00593884,0.0128876,0.0132799,0.00504039,0.00534266,0.00768717,0.0118915
0.0131602,0.00566997,0.00569602,0.0112981,0.0121935,0.00647137,0.0119986,0.0112907,0.00471836,0.00538068,0.00788154,0.0139242
0.00644237,0.00340482,0.00860753,0.0105622,0.00718553,0.00259301,0.0080195,0.00856775,0.00438534,0.00414106,0.00716752,0.00941383
0.0120188,0.00449116,0.00273397,0.00603128,0.00856358,0.00643366,0.00604158,0.00837504,0.00492392,0.00351832,0.00711399,0.0114184
0.0105931,0.0020816,0.00255575,0.00908428,0.0121335,0.00669337,0.0049328,0.00492035,0.00335263,0.00389403,0.009381,0.0216566
0.00844178,0.00246483,0.00213954,0.00654268,0.00966083,0.004751,0.00781046,0.0111316,0.0073617,0.00362125,0.00575665,0.00968305
0.00826093,0.00190581,0.00123043,0.00702021,0.0105883,0.00494528,0.00551305,0.0130799,0.0107347,0.00326938,0.0065115,0.015165
0.00777037,0.00357693,0.00156646,0.00494765,0.00727137,0.00355985,0.00450579,0.0104012,0.00797261,0.00393145,0.00439761,0.00951561
0.00608825,0.00178184,0.00275387,0.00422824,0.00682684,0.00351652,0.0039624,0.00976131,0.00644772,0.00397124,0.00332701,0.00664336
0.00790208,0.00333003,0.00193969,0.00366663,0.00446856,0.0030613,0.00410643,0.00639516,0.00525045,0.00326187,0.00220624,0.00706186
0.00584076,0.00273124,0.00372301,0.00467757,0.00450383,0.00199614,0.00480687,0.00629079,0.00478934,0.00337232,0.00386504,0.00716234
0.00335064,0.0043129,0.00900651,0.00770107,0.00369856,0.00198095,0.00472725,0.00925229,0.00573433,0.00281616,0.0041105,0.00585093
0.00610083,0.00335687,0.0022859,0.00388784,0.00432523,0.00207843,0.00138738,0.00351172,0.0028385,0.00214863,0.0044898,0.00648311
0.0100969,0.00237066,0.00256531,0.00457083,0.00309402,0.00456257,0.00408642,0.00370897,0.00325062,0.00317156,0.00799777,0.0178967
0.00948718,0.00384643,0.00422828,0.00701955,0.00381145,0.00316868,0.0046184,0.0040386,0.00219694,0.00298398,0.00776862,0.0124095
0.00892123,0.00280167,0.00321982,0.00391801,0.00303173,0.00202943,0.00419249,0.0106115,0.0108853,0.00366974,0.00675328,0.0148522
0.00827293,0.00296096,0.00148356,0.0025028,0.00397985,0.00134031,0.00382502,0.00572775,0.00508364,0.00258822,0.00769101,0.0141575
0.0073851,0.00292945,0.00140688,0.00225911,0.00243176,0.00147086,0.00307634,0.006204,0.00558247,0.002555,0.00595685,0.0120668
0.00800961,0.0046222,0.00451153,0.00384553,0.0035304,0.00436254,0.00443215,0.00588511,0.00480398,0.00328314,0.0073784,0.0121264
0.00609696,0.00600514,0.00815029,0.004765,0.00453608,0.0025191,0.00304542,0.00541766,0.00447676,0.00259739,0.00867144,0.0133
0.00739134,0.00749168,0.0166667,0.00958954,0.00535494,0.00235287,0.00288402,0.00758514,0.00635191,0.00237713,0.00754653,0.0130465
0.00554494,0.00314862,0.00523081,0.00489785,0.00431821,0.00160292,0.00170543,0.00375969,0.00391701,0.00246837,0.00640536,0.0116142
0.00766282,0.00291548,0.00444171,0.00429897,0.00411883,0.00205119,0.00262595,0.00352885,0.00353499,0.00260851,0.0080299,0.0152865
0.00618624,0.00190287,0.003467,0.00455085,0.00459004,0.00422075,0.00361606,0.00293174,0.00308943,0.0027959,0.0059186,0.00952252
0.00511372,0.00304983,0.00518401,0.00498048,0.00317446,0.00155036,0.00201005,0.00542923,0.00602589,0.00201542,0.00602551,0.0113045
0.00566845,0.00250363,0.00483255,0.00341636,0.00277749,0.00191318,0.00381966,0.00757161,0.00693608,0.00263315,0.00524502,0.0100417
0.00600025,0.00368604,0.00420174,0.00791234,0.00864732,0.00292166,0.00355263,0.00487923,0.00403693,0.00284833,0.00489389,0.00843796
0.0501917,0.0256647,0.00495416,0.0111075,0.0114951,0.00615501,0.007818,0.00651524,0.00895991,0.00773619,0.00741173,0.0300182
0.0534762,0.0286855,0.0161478,0.0297849,0.0277098,0.0154259,0.0116042,0.0146109,0.0119259,0.00630612,0.00960212,0.0282057
0.0449654,0.0219856,0.00806797,0.0192637,0.0256716,0.0162197,0.0075493,0.0118501,0.0117784,0.00666004,0.0153375,0.0320283
0.0599202,0.0409118,0.0109148,0.00665232,0.0168728,0.0157826,0.00873085,0.013376,0.0130552,0.00636121,0.00900527,0.0207895
0.0482748,0.0286683,0.0108732,0.0121468,0.0103959,0.00816391,0.00594486,0.00958022,0.00949407,0.0060745,0.0079497,0.0221146
0.0480326,0.0256339,0.00837335,0.0184293,0.0177936,0.00877687,0.00922335,0.0138608,0.0114954,0.00787452,0.00994377,0.0290074
0.0243217,0.0182455,0.00497976,0.0105583,0.0118035,0.00539574,0.00681291,0.0147068,0.00921307,0.00975661,0.0120172,0.016798
0.0410539,0.0253199,0.00874529,0.0104683,0.0128318,0.0074397,0.00778245,0.0146243,0.0105147,0.0079272,0.00830226,0.0213886
0.0356059,0.0167217,0.00423815,0.00668036,0.00947042,0.00502431,0.00860838,0.0128796,0.0116762,0.00870972,0.00924202,0.0196956
0.0320926,0.0225084,0.00478237,0.00666631,0.00815469,0.00612256,0.00629555,0.00932909,0.00938473,0.00859896,0.00905388,0.0141079
0.0649891,0.052086,0.00848309,0.00735537,0.00820436,0.00695103,0.00749162,0.0120916,0.00999802,0.0054424,0.00525352,0.0222805
0.0420831,0.019295,0.0064186,0.00754164,0.0108677,0.0081457,0.0122811,0.0186134,0.0134256,0.00799766,0.00646185,0.0265044
0.0554173,0.0408578,0.00868873,0.00787352,0.0116095,0.00646247,0.0056864,0.0134836,0.00995857,0.00359561,0.00659977,0.0285893
0.0284343,0.0272627,0.01142,0.00526548,0.00824132,0.00854754,0.0058832,0.0114786,0.0125176,0.00860564,0.00897551,0.0171212
0.0559382,0.0312984,0.00277625,0.00324185,0.00405574,0.00540414,0.00559801,0.00824272,0.00984321,0.00676564,0.00833141,0.0342966
0.0630266,0.0380323,0.00566659,0.00569269,0.0108362,0.00735023,0.0051019,0.0125056,0.00937625,0.00595658,0.0091806,0.0291001
0.0515763,0.0340306,0.00911714,0.00574872,0.00558563,0.00511718,0.00573838,0.0108932,0.0116599,0.00804273,0.0115545,0.0231839
0.0512904,0.0355974,0.0149609,0.00620869,0.00948326,0.00708796,0.0054525,0.0099384,0.00560628,0.00399044,0.00617597,0.0276651
0.0445937,0.0291506,0.00768297,0.00640092,0.00685472,0.00487768,0.00654599,0.00947533,0.00985214,0.00733862,0.0094242,0.0307172
0.0340957,0.0256592,0.00739688,0.00446724,0.00917411,0.00740971,0.0107985,0.0200352,0.0145605,0.00670455,0.0103531,0.0226094
0.0338969,0.0254792,0.0125652,0.00206193,0.00709542,0.00529418,0.00845646,0.0184054,0.0107864,0.00686626,0.0111063,0.0301337
0.0552887,0.030832,0.00621975,0.00371095,0.00791571,0.00520276,0.00707135,0.0135519,0.0118545,0.00806049,0.00962441,0.0246275
0.0483643,0.0391144,0.00891507,0.00849092,0.0128878,0.00906911,0.00658435,0.0192824,0.0151264,0.00613866,0.00736247,0.0236851
0.0430449,0.0202051,0.0062782,0.00425856,0.00748207,0.00677644,0.0113865,0.0162887,0.0104684,0.00870778,0.0145933,0.0260094
0.0635105,0.0351724,0.00886033,0.00844774,0.00961087,0.00869566,0.0120231,0.0283086,0.0235686,0.011131,0.0149735,0.03535
0.0567498,0.0305469,0.00824887,0.00558177,0.00637263,0.00618072,0.0101515,0.0182662,0.0168518,0.011523,0.00894066,0.0307198
0.0533607,0.0340238,0.0128813,0.008778,0.00647081,0.00937286,0.0126371,0.0250056,0.0267502,0.0162006,0.00889149,0.0240512
0.0301714,0.0276275,0.0123855,0.00953966,0.0101975,0.010976,0.0111314,0.0159052,0.0208728,0.0152416,0.012459,0.0189753
0.0378567,0.0407414,0.0169326,0.0200723,0.0188697,0.0136035,0.00854318,0.020006,0.0461655,0.0412675,0.019278,0.0182725
0.0615454,0.0427562,0.0129157,0.0135191,0.0137029,0.00803109,0.0124528,0.0397888,0.107438,0.0997374,0.0289225,0.027206
0.0257239,0.026201,0.00959142,0.0116655,0.0131241,0.0083862,0.0114681,0.0485447,0.0980362,0.0654892,0.0179422,0.0142254
0.0310274,0.03109,0.0134975,0.0145851,0.0163406,0.0105709,0.0111854,0.0377152,0.0745302,0.0472067,0.00637093,0.0119693
0.0421924,0.0322624,0.0105028,0.00909261,0.0126156,0.0130524,0.0148092,0.0331584,0.0475288,0.0308015,0.0120809,0.0178682
0.0422815,0.0333931,0.0127903,0.0087748,0.011585,0.00805497,0.00999688,0.0420625,0.0602115,0.0372066,0.0107618,0.015725
0.0403871,0.04053,0.0125465,0.00460107,0.00499435,0.00651058,0.00776081,0.013729,0.0135184,0.0112012,0.0088117,0.0133296
0.0650146,0.0453698,0.00972668,0.00363906,0.00975613,0.00634827,0.0091952,0.0175357,0.025316,0.0216403,0.0138103,0.0239857
0.0314457,0.0376288,0.0178221,0.00925621,0.0103653,0.00832921,0.00880683,0.0225458,0.0285297,0.0204545,0.0087404,0.0249045
0.0472189,0.0422434,0.0112307,0.00624396,0.0071123,0.00861294,0.00914373,0.0250862,0.046829,0.0313508,0.0151871,0.0165629
0.0127039,0.0141203,0.012884,0.0149928,0.0177567,0.0134362,0.0184946,0.0326851,0.0766696,0.0605275,0.0179099,0.0115539
0.0422021,0.0290127,0.00771194,0.0156788,0.0132757,0.00640971,0.0157631,0.037659,0.0429961,0.0322739,0.0146548,0.0168373
0.0340496,0.0365012,0.012476,0.0153784,0.0126147,0.00772461,0.0181485,0.0527023,0.0736101,0.0463834,0.0155592,0.00987933
0.0243189,0.026092,0.0082179,0.00724458,0.00723948,0.00787883,0.0090932,0.030282,0.0492046,0.0308546,0.0101614,0.0137619
0.054401,0.0428598,0.0082457,0.00875845,0.00986336,0.00508129,0.0109416,0.0220017,0.0256906,0.0129628,0.00845718,0.0179232
0.035717,0.028702,0.0105818,0.00402723,0.00869121,0.00907556,0.0126284,0.0226683,0.0249314,0.0188969,0.00928055,0.0169019
0.0466569,0.0285064,0.00800643,0.00476976,0.00486707,0.00339272,0.00867913,0.0259906,0.0281509,0.0116573,0.0083627,0.0203786
0.0488437,0.0361604,0.0117364,0.00617366,0.007859,0.00552337,0.0162431,0.0329376,0.013629,0.0191114,0.00989692,0.0257455
0.0176417,0.0177322,0.0107711,0.0139151,0.0100553,0.00684425,0.0116273,0.0307117,0.0795018,0.056115,0.0150609,0.0151642
0.0377215,0.038638,0.0207663,0.0152323,0.0113272,0.00456448,0.0106247,0.0342316,0.0933433,0.0660834,0.0185942,0.0123754
0.0290178,0.0197413,0.0111585,0.00963344,0.00998375,0.00873948,0.0190292,0.0591907,0.0966038,0.0566224,0.0167642,0.0169512
0.0621597,0.0485694,0.00975204,0.0106887,0.0132077,0.0100182,0.00832249,0.0449437,0.0785456,0.0474687,0.0191667,0.0244171
0.0443944,0.0245034,0.00794126,0.00515712,0.00486058,0.00565853,0.0086567,0.0251849,0.0447688,0.0340405,0.0132476,0.0230427
0.0386087,0.026847,0.00954066,0.00733387,0.010466,0.00871579,0.00977417,0.0183468,0.027635,0.025089,0.0141167,0.0195259
0.024977,0.021517,0.00814011,0.00638905,0.00690161,0.00724073,0.0110792,0.0253737,0.0339564,0.0182742,0.0130677,0.0113937
0.0326516,0.0201295,0.00991317,0.00482993,0.00383286,0.00565681,0.0109607,0.0229264,0.02088,0.0150634,0.00851827,0.0168351
0.0517264,0.0362179,0.00885852,0.00690685,0.00684513,0.00639131,0.0126367,0.0151462,0.0119391,0.00973704,0.00855918,0.0242726
0.0324644,0.00773383,0.00639464,0.0101785,0.00914808,0.00858378,0.0189132,0.0240239,0.0194853,0.0190068,0.0350229,0.0710469
0.0672956,0.0170091,0.00612796,0.00514117,0.00460481,0.00738063,0.0125172,0.0150528,0.0189045,0.013831,0.028784,0.0881764
0.0407407,0.0245311,0.016576,0.0110619,0.0126173,0.0123347,0.0171632,0.0130427,0.012559,0.011121,0.01216,0.0288341
0.0247969,0.0120701,0.010943,0.00992922,0.00821574,0.015083,0.0187278,0.0131893,0.0128485,0.0115009,0.0190541,0.0411891
0.0239463,0.0138741,0.00741634,0.00979532,0.00729319,0.00817446,0.0226762,0.0166422,0.0153421,0.0121512,0.0200176,0.0385671
0.0247921,0.0113293,0.0074927,0.00502563,0.0066118,0.00720805,0.0213705,0.0213086,0.010898,0.0131113,0.016241,0.0289998
0.020867,0.00534554,0.00689607,0.00776445,0.00540222,0.00787192,0.0145844,0.0120931,0.011598,0.00733978,0.0106591,0.0283415
0.0426402,0.0123502,0.00629963,0.00645737,0.00664151,0.0137559,0.02263,0.014195,0.00786075,0.0063725,0.0217845,0.0647714
0.0230642,0.00908775,0.00543798,0.00718738,0.00464034,0.00733374,0.0126553,0.0104443,0.00824871,0.00859582,0.014575,0.0300288
0.0184925,0.008338,0.00495277,0.0054631,0.00671122,0.0130834,0.024789,0.0171677,0.0070599,0.00873078,0.0156795,0.0239362
0.0344627,0.0117991,0.00685511,0.00758824,0.00482102,0.00783262,0.0156849,0.0134517,0.00712857,0.0084078,0.0162817,0.0450296
0.0280764,0.0156412,0.00636566,0.00837309,0.00786923,0.011717,0.00996366,0.0100093,0.00782184,0.00952935,0.0133534,0.0268201
0.0377257,0.0121438,0.00451313,0.00643888,0.00931135,0.0114461,0.0228914,0.0182068,0.00834643,0.0102435,0.0150322,0.0383815
0.043779,0.01219,0.00582721,0.00975301,0.00891004,0.0103268,0.0202008,0.0123592,0.00704168,0.0136324,0.0205362,0.0590268
0.0680756,0.0127146,0.00641065,0.00662771,0.00905162,0.0123006,0.0243645,0.0156919,0.00917691,0.0124931,0.0375592,0.100186
0.0560108,0.017002,0.00536704,0.00850801,0.0117611,0.0192852,0.0225522,0.019204,0.00818963,0.00830066,0.0260959,0.0567988
0.0511421,0.00847419,0.00349154,0.00715091,0.00929923,0.00957907,0.0214517,0.0192005,0.0101096,0.0103132,0.0242087,0.0681802
0.0369151,0.00878501,0.00472184,0.00684524,0.0105447,0.0169115,0.0231377,0.0205122,0.00910544,0.00930242,0.0182597,0.0523438
0.0312245,0.006822,0.00618307,0.0129994,0.0208218,0.0238593,0.0333205,0.0221746,0.0200972,0.0228885,0.0254613,0.046718
0.0854542,0.0223841,0.00670231,0.0116543,0.0105966,0.0161361,0.0271271,0.0175375,0.0092616,0.00972635,0.0275634,0.0969118
0.0733047,0.0259942,0.0109959,0.0138892,0.0149509,0.017405,0.0326734,0.0257437,0.0105775,0.0121641,0.028855,0.0828843
0.0490069,0.0109354,0.0049596,0.0105553,0.0144501,0.0133732,0.0371243,0.0424883,0.0184268,0.0109072,0.0265582,0.0599623
0.0403366,0.018019,0.00887629,0.0125338,0.0192416,0.0231579,0.0297472,0.0266896,0.0185056,0.0143753,0.0342728,0.0574017
0.0794271,0.0169655,0.00935802,0.00981476,0.0109563,0.0131067,0.0231361,0.0160232,0.00720368,0.0101987,0.0443404,0.118324
0.0286201,0.0132231,0.0075236,0.0122876,0.0146361,0.0154906,0.0170943,0.0107727,0.0122082,0.0120627,0.0124425,0.0354843
0.0584055,0.00905682,0.00524942,0.0105049,0.00887837,0.00828579,0.0229627,0.0226663,0.012059,0.0147939,0.0364809,0.0911179
0.0291843,0.0108738,0.00724951,0.0153048,0.0158576,0.00970643,0.0285794,0.0255882,0.0229547,0.0232696,0.0304785,0.0606926
0.0240581,0.0123687,0.0190338,0.0218613,0.0188707,0.0122853,0.0162185,0.0552503,0.0531288,0.0225605,0.0264892,0.0457477
0.025383,0.0212422,0.0267585,0.0240097,0.018586,0.0177925,0.0240407,0.0469029,0.0482571,0.032624,0.0270469,0.0340954
0.0217794,0.0171277,0.023092,0.0139352,0.0104398,0.0184817,0.0312691,0.0636298,0.0655266,0.0326711,0.0279305,0.0363342
0.0176583,0.00902863,0.0122405,0.0105282,0.0209529,0.033749,0.031009,0.0530467,0.0599633,0.0375962,0.0372845,0.0363469
0.0150891,0.00795749,0.00783434,0.0101911,0.0139201,0.0182632,0.0291518,0.0596546,0.0499918,0.0289816,0.0272619,0.0264925
0.0146865,0.00979332,0.00874818,0.0106005,0.0098018,0.0343156,0.0336428,0.041937,0.0301706,0.0329294,0.0500578,0.0317707
0.0104834,0.00964532,0.0137472,0.0143918,0.017821,0.029176,0.0338132,0.0340787,0.0199153,0.0159934,0.0347003,0.0168606
0.0142836,0.0119772,0.0106369,0.00857063,0.0180565,0.0321314,0.0259674,0.0246616,0.0203519,0.0236799,0.0479189,0.0310336
0.0125094,0.0060902,0.0102079,0.00515016,0.00394191,0.0211541,0.0221595,0.0312025,0.022374,0.0179953,0.0318269,0.0259642
0.0164872,0.00824567,0.015017,0.00749643,0.00805604,0.0151845,0.0258056,0.0621281,0.0490519,0.0221731,0.0449469,0.039297
0.00877245,0.00997646,0.0208035,0.014597,0.0104366,0.0157058,0.0251353,0.0419684,0.0362934,0.0246127,0.0299755,0.0232124
0.011234,0.00966313,0.0122461,0.00742854,0.0168555,0.0324612,0.0350443,0.0503039,0.0414415,0.0296452,0.052526,0.0294747
0.0087502,0.00860328,0.00622811,0.00573351,0.00726624,0.0213952,0.0213997,0.0496994,0.0455609,0.0187978,0.0311578,0.0214451
0.0116805,0.0101927,0.0112956,0.00957601,0.0174515,0.0309698,0.0227649,0.0490331,0.0517153,0.0204542,0.0383332,0.0285563
0.0103214,0.00773016,0.0134299,0.0120434,0.0153538,0.0206183,0.0187114,0.0464344,0.0448705,0.0257003,0.0401874,0.0305846
0.00837584,0.00764732,0.007432,0.00348147,0.00677978,0.014158,0.0160144,0.0309564,0.0319372,0.030166,0.0612797,0.0399174
0.0140286,0.00423838,0.0094554,0.00745938,0.00546629,0.0250906,0.0326972,0.0427439,0.0264662,0.0219902,0.0651968,0.0585122
0.00985709,0.0101752,0.0116449,0.00634578,0.00766358,0.0226049,0.0241705,0.0209506,0.0184557,0.0205286,0.0377839,0.0268884
0.00751369,0.0102652,0.0181928,0.00931158,0.00730689,0.0199987,0.0274837,0.0294466,0.0214949,0.0145395,0.0275245,0.0187707
0.00778958,0.00370516,0.0132023,0.0076641,0.00829317,0.0165937,0.0244643,0.0422202,0.0285427,0.0168892,0.03363,0.0300048
0.00677075,0.00712944,0.012682,0.00942314,0.00756564,0.0127433,0.0186577,0.0445433,0.0241468,0.0110227,0.024199,0.0183554
0.00693284,0.00761131,0.0153514,0.00794761,0.00618479,0.0207566,0.0190364,0.0244535,0.0251525,0.020595,0.03809,0.027393
0.010065,0.00871223,0.0140031,0.00969789,0.00918469,0.0169314,0.0222739,0.0417508,0.0315672,0.015839,0.0407992,0.0288339
0.0112935,0.00748813,0.0137252,0.010832,0.00609983,0.0185894,0.0173475,0.0307058,0.0221358,0.0136465,0.0397155,0.0348318
0.00822119,0.00412552,0.0123951,0.00654347,0.00556381,0.0222635,0.0250285,0.0264441,0.0177114,0.0199703,0.023678,0.0183622
0.00839768,0.00573162,0.0105556,0.00819757,0.0134277,0.0313059,0.0237067,0.0182317,0.0144222,0.0226291,0.0530101,0.0419436
0.00717959,0.00800325,0.00974297,0.00702484,0.00731343,0.016563,0.0122343,0.0125116,0.0150947,0.0135019,0.0127544,0.0121807
0.0105538,0.0176707,0.0144082,0.0050015,0.0202328,0.017368,0.0129934,0.0187003,0.0226581,0.0618753,0.0475656,0.0220814
0.0113707,0.0208672,0.0125342,0.0113498,0.019855,0.0211097,0.016575,0.0135471,0.0239257,0.062561,0.0433794,0.0123929
0.00466494,0.00945899,0.00840571,0.0066541,0.0160522,0.0180233,0.00707435,0.0121362,0.0204671,0.0594919,0.0470348,0.0164254
0.00870589,0.019759,0.0134661,0.0080782,0.0145446,0.0124281,0.0059299,0.0096546,0.0144705,0.0363388,0.0310237,0.0118716
0.00826291,0.0143943,0.0127723,0.00348344,0.00676468,0.00856862,0.00734345,0.0113567,0.0181674,0.0330602,0.0225314,0.0150081
0.00601999,0.00992648,0.00673411,0.00648061,0.0174166,0.0149578,0.00926148,0.0144549,0.0183671,0.0393543,0.025525,0.0086764
0.00939191,0.0117124,0.00577599,0.00358461,0.00749551,0.00818632,0.00749264,0.0163426,0.030702,0.0334941,0.0232668,0.0115769
0.00868891,0.0136666,0.00840615,0.00732102,0.0153888,0.0126715,0.00658638,0.0139621,0.0265727,0.0644699,0.0440119,0.00902487
0.00686228,0.00961484,0.00596109,0.00795595,0.0159544,0.0132582,0.00961383,0.0132628,0.0153801,0.0170549,0.0149701,0.00842838
0.00853676,0.0112257,0.00576385,0.0119755,0.0163624,0.0128453,0.0143121,0.0201796,0.0353194,0.0601078,0.0340996,0.011254
0.00616169,0.0105663,0.00427046,0.00609987,0.0135395,0.00907129,0.00968046,0.0140357,0.0190243,0.0299151,0.0254667,0.0114759
0.00526897,0.0106947,0.00900351,0.00729024,0.0112937,0.0105506,0.00818826,0.0144344,0.0263822,0.0366219,0.0209919,0.00693485
0.0053319,0.01254,0.00891895,0.00725526,0.0209831,0.0179985,0.00854024,0.0118682,0.0229371,0.0424533,0.0259781,0.00765469
0.0067845,0.0135894,0.00697149,0.013718,0.036264,0.0261211,0.0109415,0.0126498,0.018442,0.0355836,0.0286649,0.0106717
0.0120707,0.0211251,0.0106302,0.0176067,0.0306873,0.0174268,0.00888584,0.0137499,0.0272203,0.0583791,0.0344152,0.00880839
0.00962358,0.0124911,0.00757229,0.0159866,0.0308112,0.0181832,0.0100116,0.0182663,0.0378707,0.043853,0.0279812,0.0103103
0.0067129,0.0105791,0.00700101,0.0116241,0.0157021,0.014067,0.0116479,0.023011,0.0417523,0.042977,0.0230015,0.0160178
0.00722033,0.0112446,0.00782601,0.0076481,0.0193263,0.0167606,0.00706542,0.0175331,0.0268732,0.0477315,0.0345697,0.0141184
0.00761501,0.0148701,0.00931555,0.00887389,0.0181516,0.0136867,0.00764611,0.0170979,0.0250519,0.0571752,0.0345957,0.0124921
0.00581057,0.00816387,0.00908965,0.00701367,0.0314917,0.0268728,0.00863277,0.0169004,0.0352124,0.0388959,0.0207996,0.0129388
0.00777033,0.00901231,0.00669978,0.0117045,0.0326358,0.0302252,0.011419,0.0126727,0.0318706,0.0613267,0.0370221,0.013038
0.00661168,0.00608412,0.00647627,0.00618414,0.0133182,0.0142793,0.00629509,0.00993338,0.0220837,0.0485342,0.0363731,0.0151449
0.0109753,0.0120742,0.00679124,0.0060869,0.0154658,0.012129,0.0117769,0.0211009,0.0298023,0.0665653,0.0466768,0.0197216
0.00463911,0.00731216,0.00709255,0.0104505,0.0273449,0.0236272,0.0109722,0.0142103,0.0352394,0.0545,0.0257271,0.00923544
0.00904101,0.00919381,0.00647111,0.0116548,0.0223579,0.0123066,0.0103716,0.014916,0.0221287,0.0403688,0.0313419,0.0140485
0.0117169,0.0161422,0.0119555,0.0245812,0.0184249,0.0110056,0.00892985,0.0160225,0.0291405,0.0441197,0.0276376,0.0146467
0.0112361,0.0152497,0.0088199,0.0125983,0.022475,0.00531067,0.0157877,0.0166062,0.0205244,0.0264988,0.0185566,0.00868329
0.0141719,0.0115598,0.0074797,0.0183008,0.0286263,0.0489918,0.0338521,0.027249,0.0288051,0.0250904,0.0160151,0.0134976
0.0267199,0.0211435,0.00571743,0.0139154,0.041445,0.074878,0.0465686,0.0204493,0.023545,0.0276318,0.0252258,0.0134063
0.0183734,0.0154471,0.00671358,0.01414,0.0227762,0.0341208,0.0316635,0.0208691,0.0438614,0.0238556,0.0181,0.0191614
0.0113591,0.00881537,0.0106925,0.00905747,0.0220065,0.0370032,0.022108,0.039559,0.0667007,0.0315503,0.0161588,0.0155678
0.016844,0.0162295,0.0133422,0.0207206,0.0261615,0.0283545,0.017773,0.0365685,0.0638709,0.0413677,0.0178399,0.0113541
0.0165169,0.0138659,0.0135655,0.0177461,0.0138238,0.0108858,0.024067,0.0385045,0.062911,0.0419724,0.0205708,0.0129908
0.017273,0.0172461,0.0153037,0.0174128,0.016778,0.0267518,0.0211239,0.0223796,0.026829,0.0239953,0.0166693,0.0134043
0.00982549,0.00944281,0.0142383,0.0296273,0.0227823,0.0384776,0.0311076,0.042502,0.0823519,0.0447666,0.0098483,0.00890622
0.00794697,0.0118085,0.00968417,0.00949583,0.011391,0.0113383,0.0220267,0.030614,0.0628909,0.0532041,0.0195536,0.00786352
0.0240633,0.0131936,0.00729568,0.0174465,0.0330703,0.0490291,0.0302647,0.0252118,0.058948,0.0425601,0.0143019,0.0167064
0.0152823,0.0104926,0.0145169,0.0194182,0.028768,0.0324019,0.0155673,0.0287035,0.0546188,0.0439928,0.0165828,0.0139338
0.0195466,0.0132936,0.0134931,0.0180785,0.0194743,0.0231024,0.020891,0.0255384,0.0565933,0.0336026,0.0123587,0.0114751
0.0164593,0.00745166,0.00889824,0.0194852,0.0272306,0.030848,0.0161404,0.0254413,0.0625082,0.0371808,0.0149823,0.0113868
0.0129421,0.00648586,0.00560213,0.014584,0.0191629,0.0276905,0.0229953,0.0249487,0.0241984,0.0222522,0.0147028,0.0161809
0.00830018,0.00706463,0.0141166,0.0235689,0.0225288,0.0128504,0.0164677,0.0288701,0.0574469,0.044719,0.0154826,0.00883812
0.0119716,0.0069391,0.0122697,0.0218536,0.0139547,0.00568716,0.013687,0.028422,0.0569215,0.039558,0.0118371,0.00698671
0.00904812,0.00814674,0.0110307,0.0224865,0.0156215,0.0153357,0.0223196,0.0285818,0.0638641,0.0368308,0.00878893,0.0101565
0.0175325,0.0144518,0.0081554,0.0123446,0.021875,0.0207397,0.0165215,0.018705,0.0325643,0.0339237,0.0109161,0.00949676
0.0114179,0.00702435,0.00683306,0.0137164,0.0158173,0.0208912,0.011296,0.0149069,0.0332476,0.0309528,0.013319,0.012132
0.0154,0.0115167,0.00604298,0.0127995,0.0178535,0.0280363,0.0197089,0.0163361,0.0489143,0.0447124,0.0181621,0.0120103
0.0113932,0.00924234,0.0103364,0.024551,0.0306357,0.0432586,0.0255732,0.0243967,0.0485074,0.0357088,0.00951419,0.00681468
0.0174492,0.0121547,0.0115629,0.0291804,0.0273414,0.0327164,0.0244547,0.0231528,0.0487237,0.0380829,0.0132794,0.0101253
0.0145888,0.0105312,0.00899695,0.0118068,0.0254436,0.0358149,0.0255099,0.0160131,0.0434698,0.0285964,0.00985759,0.0121397
0.00914803,0.0104239,0.0112368,0.0249233,0.0286307,0.0337151,0.0272249,0.0277509,0.0367543,0.022012,0.00826821,0.00942646
0.00960888,0.00700364,0.00833918,0.0113009,0.00995034,0.0146381,0.0206339,0.0293713,0.0601795,0.0399828,0.0134889,0.0121401
0.0125479,0.0105119,0.0124059,0.0143237,0.00880243,0.00962172,0.0114193,0.034571,0.0638398,0.0429176,0.013213,0.0129375
0.0101054,0.0150937,0.0185903,0.00951093,0.0073366,0.0152235,0.0241774,0.0357297,0.0376565,0.0258092,0.0110784,0.016784
0.0132855,0.0167838,0.017613,0.0108221,0.0109993,0.0131188,0.022288,0.0485402,0.0386453,0.0207434,0.0105454,0.0109028
0.00738672,0.0134275,0.0253826,0.0170001,0.00962388,0.0152698,0.0236816,0.028031,0.0218516,0.0137351,0.0101233,0.0150573
0.00557932,0.010017,0.0137065,0.00965364,0.00908435,0.0164596,0.0209856,0.0344143,0.0266239,0.0202098,0.0117782,0.014328
0.00984635,0.00987415,0.0137284,0.0087077,0.0103298,0.0188757,0.0324212,0.0503826,0.0368442,0.0178662,0.0152471,0.0222706
0.00882947,0.011427,0.00889375,0.0106217,0.00694377,0.00742974,0.0205768,0.0416248,0.0309854,0.0134112,0.00634686,0.00716253
0.00605736,0.012092,0.0160949,0.0152072,0.00831469,0.0113832,0.0215157,0.0369506,0.0196198,0.0100712,0.00786346,0.00835585
0.00731407,0.0149537,0.0185369,0.0106478,0.00701883,0.00701725,0.0204396,0.0327318,0.0154376,0.00784899,0.00634839,0.0120384
0.00523145,0.00714462,0.0124963,0.00786421,0.00446934,0.00920817,0.0213401,0.0366894,0.025586,0.0105363,0.00446777,0.00852535
0.00750432,0.003721,0.0112168,0.00762564,0.00468755,0.00853303,0.021098,0.0435429,0.0335178,0.00936169,0.00675767,0.0132536
0.00814887,0.00729717,0.0118014,0.00758671,0.00472584,0.0100114,0.0249533,0.0435344,0.0269128,0.0109976,0.0078868,0.0121726
0.00804358,0.00638752,0.0131603,0.0076348,0.00591589,0.00842376,0.0317992,0.0524763,0.0404085,0.0144126,0.00830151,0.0139591
0.00670063,0.0078667,0.0145406,0.00652745,0.0049818,0.00718945,0.0177038,0.0336704,0.0317389,0.0111784,0.00588406,0.0082201
0.00513499,0.00915789,0.0169392,0.0111771,0.00482722,0.0091801,0.0274421,0.0506199,0.03283,0.0100492,0.00591846,0.00937283
0.00813388,0.00682223,0.0086067,0.0046313,0.00531653,0.00840835,0.0266438,0.057528,0.0364309,0.0084434,0.00762473,0.0135613
0.00513231,0.00939034,0.013755,0.00732435,0.00484955,0.00924928,0.0288205,0.0662851,0.050253,0.0137424,0.0090613,0.0145599
0.00841075,0.00991759,0.0125273,0.00923655,0.00391137,0.0120301,0.0331575,0.0526268,0.0327745,0.0082407,0.00634886,0.0124792
0.00705099,0.00742607,0.00959963,0.00748117,0.00656909,0.0117147,0.0269951,0.048338,0.0291496,0.00759969,0.00909839,0.0128613
0.00736626,0.00794796,0.0143839,0.00818744,0.00472297,0.00932468,0.0248681,0.037955,0.0280705,0.00625065,0.00733212,0.0135649
0.0102995,0.0136926,0.0184871,0.0120577,0.00489174,0.00770304,0.0272358,0.052463,0.033796,0.011508,0.00837457,0.0142808
0.00817036,0.00808303,0.0165896,0.0144734,0.00805034,0.00814945,0.0112819,0.0329269,0.0275912,0.00971571,0.00971225,0.0188789
0.00687917,0.0106107,0.0190707,0.0113423,0.00793059,0.00635529,0.0138097,0.0503691,0.0447125,0.0119389,0.00615227,0.0113588
0.00404561,0.00755264,0.0169655,0.0105008,0.00264125,0.00578478,0.00822574,0.0479317,0.0458511,0.0151975,0.0068011,0.0107135
0.0064535,0.00348975,0.00551349,0.00514785,0.00558859,0.00374037,0.0237235,0.0465086,0.0371303,0.0129165,0.00877479,0.0123771
0.00627624,0.00636096,0.0159096,0.00944244,0.00689881,0.00983104,0.0270045,0.0522228,0.0503096,0.0184798,0.00937261,0.0187711
0.00712905,0.0174643,0.0250841,0.0175517,0.00525314,0.00842266,0.0280706,0.0547395,0.0445268,0.0144675,0.00671871,0.00932093
0.0064111,0.00754458,0.0186651,0.0152646,0.00692227,0.00698264,0.0129299,0.0264387,0.023358,0.0165886,0.0150768,0.00930964
0.00881334,0.00919765,0.0186462,0.0342962,0.0192594,0.0114787,0.0158468,0.0236243,0.0250629,0.0208948,0.0213293,0.0133855
0.00744853,0.00949913,0.0397675,0.0711483,0.0361008,0.0110567,0.0214591,0.036965,0.0262148,0.0231265,0.0396116,0.030271
0.00660496,0.00650297,0.0188951,0.045112,0.0299467,0.00988281,0.0159653,0.04133,0.0342282,0.00890647,0.0192999,0.0185153
0.00540599,0.00372908,0.0156901,0.0328236,0.0222708,0.00905546,0.0289242,0.055064,0.0354659,0.0127178,0.0128412,0.00972404
0.00704781,0.00739713,0.0223763,0.0235523,0.0169261,0.010746,0.0159186,0.029082,0.0218265,0.00869708,0.00871113,0.0101558
0.00669052,0.00554973,0.0178436,0.0165372,0.0100788,0.00648349,0.016225,0.028768,0.0219245,0.011386,0.0136891,0.0135385
0.00805986,0.00572525,0.0189584,0.0216182,0.0125024,0.00521458,0.0164579,0.0495205,0.038166,0.00828035,0.0085507,0.00855753
0.00387602,0.00891728,0.023223,0.0185322,0.0108997,0.00671608,0.0165603,0.0330382,0.0268715,0.0106466,0.0111418,0.0142163
0.00477677,0.00622139,0.0202246,0.0199852,0.0128147,0.00613088,0.0187701,0.0385329,0.0314588,0.0125747,0.00891297,0.010062
0.00935991,0.0080643,0.0157366,0.030858,0.0179913,0.012504,0.0200213,0.0349995,0.0325116,0.019222,0.0111321,0.0109877
0.00413513,0.00459241,0.021598,0.0485859,0.0303584,0.00577731,0.0129791,0.0326173,0.0306624,0.0134146,0.0206042,0.0200435
0.00276001,0.00312005,0.0183522,0.0260015,0.0207117,0.00787125,0.016537,0.0412014,0.0331598,0.0111446,0.0156978,0.0149271
0.00522497,0.00486769,0.0180032,0.0300202,0.0193293,0.0107297,0.0169783,0.0433318,0.0342848,0.0126658,0.0116132,0.0134527
0.00609082,0.00935953,0.0144938,0.0162885,0.0116779,0.00814319,0.015254,0.0410439,0.032435,0.0070561,0.00568004,0.00862164
0.0110968,0.00618478,0.015977,0.0147704,0.0112953,0.00614233,0.0168169,0.0372932,0.0308959,0.0168028,0.0113216,0.0114908
0.00503686,0.00846253,0.0157703,0.0182355,0.00967793,0.0128964,0.0211041,0.0352497,0.0287042,0.0126337,0.012771,0.0116468
0.00735176,0.0105164,0.0177829,0.0237635,0.0154317,0.00665814,0.0182679,0.0489888,0.0373226,0.00992717,0.00890571,0.0104239
0.0070324,0.011034,0.0151155,0.0131348,0.00966616,0.00573668,0.0249278,0.0425158,0.023197,0.00693874,0.00818015,0.0082494
0.00746856,0.00871647,0.0271405,0.0418315,0.024176,0.00326952,0.020031,0.0411471,0.0326485,0.0153505,0.0134979,0.0130088
0.00932408,0.0124299,0.0244419,0.0472739,0.031221,0.0131234,0.0119263,0.0391546,0.0309673,0.010878,0.0158205,0.0113318
0.00655923,0.00892466,0.0141146,0.0222124,0.020142,0.00525073,0.0107229,0.0195157,0.011463,0.0140476,0.0138919,0.00876107
0.00815093,0.00648215,0.017624,0.046589,0.0294797,0.00716106,0.014185,0.0188481,0.0118832,0.00641579,0.0102147,0.0108878
0.00588263,0.00499902,0.0152447,0.0169683,0.00985641,0.00571475,0.0147732,0.0361538,0.0263328,0.00702338,0.00361784,0.0103374
0.00631744,0.0110167,0.0182359,0.022577,0.0133168,0.00765252,0.0204447,0.0417684,0.0308051,0.0060966,0.00633409,0.00773393
0.00512921,0.00653008,0.0110215,0.0239794,0.0149434,0.00905524,0.0253096,0.0528619,0.0370636,0.0120246,0.00522008,0.00962201
0.00446688,0.00594431,0.011246,0.0100529,0.011634,0.0111063,0.0270082,0.0529906,0.042362,0.011189,0.00667644,0.00482647
0.00403077,0.0122159,0.0189115,0.0156102,0.0108825,0.0135227,0.0264039,0.040999,0.0303241,0.00948674,0.00781368,0.00632159
0.00643118,0.0202136,0.0214478,0.00955019,0.0065027,0.0178849,0.0316762,0.0307153,0.0142161,0.011082,0.011494,0.00965568
0.00433816,0.0114015,0.0151138,0.00890449,0.01109,0.020017,0.0476572,0.0451134,0.0229764,0.00811386,0.0108118,0.00795885
0.00657447,0.0175516,0.010968,0.00702319,0.00721873,0.0239443,0.0426493,0.0245558,0.00994525,0.00893953,0.0111247,0.0099037
0.00502419,0.0149406,0.0132819,0.00895395,0.00791602,0.0214337,0.035195,0.0259852,0.0102242,0.00597953,0.00783966,0.00880695
0.00611181,0.0151329,0.0110066,0.00460451,0.00462145,0.00784983,0.0231067,0.0233783,0.0146833,0.00636774,0.00793602,0.00597728
0.010954,0.0131352,0.0062069,0.00653878,0.00357489,0.0217471,0.0408562,0.0314044,0.0146209,0.011245,0.00875522,0.00663268
0.00622424,0.018744,0.0156255,0.00689138,0.00883273,0.0145076,0.0317572,0.0282755,0.0131886,0.00548084,0.00637591,0.00692986
0.00453259,0.012024,0.00627767,0.00659022,0.00418691,0.0120587,0.0288995,0.0363977,0.0224922,0.0097238,0.00967792,0.00617749
0.00799965,0.0172671,0.0119263,0.00427597,0.00341475,0.00993997,0.0265395,0.0318723,0.0139978,0.005971,0.00518818,0.0043937
0.00728693,0.0192264,0.0134047,0.00680651,0.00756973,0.0143029,0.0308615,0.0322973,0.0177446,0.00565076,0.00680489,0.0056045
0.00491392,0.0193188,0.0172425,0.00564419,0.0045054,0.0184846,0.0370276,0.0300096,0.0142953,0.00853149,0.010206,0.00497757
0.0122962,0.0214335,0.0130512,0.00563435,0.00670336,0.0134773,0.0281167,0.0298192,0.0125621,0.00695031,0.00944495,0.00794252
0.00614361,0.0160932,0.0113861,0.00397536,0.00489064,0.0165799,0.0290931,0.0256123,0.0137553,0.0099574,0.0129493,0.00700614
0.00449777,0.0180001,0.0154909,0.00511001,0.0059466,0.0106869,0.0236269,0.0215697,0.0130657,0.00727407,0.00855991,0.00793849
0.00831628,0.0134861,0.00964659,0.00260246,0.00615074,0.0167674,0.0457665,0.0364208,0.0117182,0.00883093,0.00943622,0.00945654
0.00660891,0.0184009,0.013194,0.00731204,0.0071979,0.0210814,0.0308472,0.026028,0.0115844,0.00671556,0.00840216,0.00765159
0.00738457,0.0146084,0.00944433,0.00429139,0.00866044,0.0321373,0.0676217,0.051382,0.0169735,0.0093984,0.0113555,0.00859941
0.00446356,0.00588522,0.00677203,0.00627754,0.00825008,0.0209712,0.0591576,0.0367349,0.0111336,0.00487082,0.00691051,0.00787754
0.0097922,0.0111557,0.00999926,0.00974728,0.00789499,0.0131979,0.025034,0.0232162,0.0124865,0.0113856,0.0157401,0.0156545
0.00760741,0.0251712,0.0258125,0.0110787,0.00757401,0.0222144,0.0637981,0.0491948,0.0153701,0.00764647,0.00892854,0.0100175
0.0123122,0.0187563,0.00953506,0.00344845,0.0129797,0.0254183,0.0403723,0.031832,0.0104269,0.00666236,0.00762826,0.0123947
0.010541,0.0221254,0.0180721,0.00622074,0.0101059,0.0229165,0.0464013,0.0360764,0.0143214,0.00746611,0.00661,0.00849934
0.00572352,0.00982493,0.0124301,0.00653851,0.00463953,0.0134114,0.0329703,0.0314588,0.0138228,0.00931989,0.00711955,0.0120217
0.00693644,0.0140446,0.0265123,0.0140032,0.00657201,0.0195278,0.0511085,0.0433292,0.0159177,0.00939962,0.0121686,0.00951096
0.0116516,0.0246926,0.0207656,0.00892485,0.0100269,0.0261223,0.0570327,0.0541662,0.0233827,0.0081674,0.00977731,0.00874141
0.0104364,0.0194798,0.0177322,0.00800459,0.0072123,0.0212496,0.0506293,0.0457732,0.0150112,0.00749822,0.00978008,0.0105734
0.0131237,0.0127234,0.0106303,0.00847257,0.0131993,0.0248452,0.0617011,0.0405918,0.0123329,0.00856509,0.0118551,0.0109264
0.0189775,0.00739523,0.0350015,0.0273918,0.013183,0.0193808,0.0354268,0.0355899,0.0130358,0.0105838,0.0085796,0.0132473
0.00971512,0.0355181,0.0785354,0.0450812,0.0115171,0.0157847,0.0218203,0.0245515,0.0219359,0.0364568,0.0279718,0.0128549
0.0136121,0.0416959,0.0740686,0.0388464,0.0139781,0.0293514,0.0263494,0.0131999,0.0113447,0.0243641,0.0246966,0.010236
0.0142632,0.0274332,0.0291525,0.0151842,0.00654323,0.0245605,0.0187793,0.0163802,0.0145159,0.0238045,0.0160037,0.0120683
0.0112423,0.0146726,0.0257823,0.0184425,0.0214809,0.0300587,0.0246705,0.0138916,0.0117597,0.0176892,0.0155976,0.0111309
0.0066166,0.0120604,0.0191818,0.0132443,0.0131762,0.0123718,0.0120197,0.0181284,0.0159998,0.0168126,0.00821297,0.00833234
0.0114641,0.0141239,0.0248647,0.0207758,0.00973263,0.0245583,0.0241671,0.0183833,0.0151358,0.0122974,0.00776199,0.0109409
0.0179745,0.020262,0.0310766,0.016388,0.0199756,0.036739,0.0280833,0.0314927,0.025001,0.0199918,0.0112721,0.00757928
0.0100472,0.0167563,0.021398,0.0114957,0.0293552,0.0570663,0.0426447,0.0264554,0.016739,0.0138393,0.0111172,0.0110595
0.0120515,0.00523313,0.0271783,0.0241817,0.0191277,0.03328,0.0290021,0.0161133,0.0152442,0.017206,0.007561,0.00677735
0.0118079,0.0253249,0.0542277,0.0354782,0.00635241,0.0169146,0.0158834,0.0190666,0.0145714,0.0259169,0.0141309,0.0043775
0.0189629,0.0292985,0.0260033,0.0220753,0.0167952,0.0235123,0.0139869,0.00795841,0.00811171,0.0182793,0.0108481,0.00761426
0.00715147,0.0140204,0.0348942,0.0212204,0.00913882,0.0215381,0.0128123,0.0123676,0.00961538,0.0160523,0.0116163,0.00468567
0.0172133,0.0175329,0.0248219,0.013944,0.0143296,0.0311336,0.027259,0.0142373,0.0105996,0.00966671,0.00778814,0.0130085
0.0118703,0.00656492,0.0190078,0.0154954,0.0140547,0.0316277,0.0207346,0.0167642,0.0142768,0.0159691,0.00995575,0.00791007
0.0139016,0.0147792,0.027437,0.0155331,0.00925464,0.0384743,0.0323514,0.0137483,0.00868644,0.0124251,0.00758921,0.00985499
0.020836,0.0186497,0.0221327,0.013193,0.0140042,0.0284181,0.0185314,0.00784643,0.0141081,0.0121279,0.00889113,0.0142841
0.0151882,0.0139877,0.0215915,0.0101756,0.023235,0.0544476,0.03377,0.0225739,0.0174343,0.0187724,0.0114068,0.00876277
0.0119053,0.0227797,0.0519526,0.0298678,0.0130935,0.022189,0.0172727,0.0178683,0.0189592,0.0178092,0.00742439,0.00519146
0.0079714,0.0262357,0.0647394,0.0404927,0.0224072,0.0339322,0.0194368,0.00915888,0.0123254,0.0205652,0.012002,0.00646743
0.0107491,0.0249515,0.061208,0.0372379,0.0192978,0.0345469,0.0201906,0.0115297,0.0144757,0.0186581,0.00910672,0.0103336
0.0068671,0.0153672,0.0361998,0.0217482,0.0103468,0.0276045,0.0184783,0.00848927,0.00737221,0.0115739,0.0106867,0.00826639
0.0198618,0.0175384,0.0186421,0.0186305,0.0116303,0.0333459,0.0192212,0.00746651,0.00944038,0.0141701,0.00810532,0.00899716
0.00985433,0.0116236,0.0212895,0.0181173,0.021581,0.033103,0.0187769,0.00974932,0.0130905,0.0161276,0.00974349,0.00552931
0.0137095,0.00898456,0.00772867,0.00787019,0.0137284,0.0243437,0.0167927,0.0125325,0.00841503,0.00600971,0.00572579,0.00926017
0.0194241,0.0188072,0.0138456,0.00765951,0.0106706,0.0254596,0.017995,0.00876455,0.00980406,0.0107777,0.00596235,0.00841691
0.0123885,0.0108505,0.0170934,0.0129535,0.0100901,0.0168911,0.0146982,0.00882499,0.00928351,0.0096839,0.00480683,0.0131462
0.0145001,0.0092165,0.0129938,0.0129676,0.0175628,0.0121901,0.0124637,0.00890845,0.0116206,0.00949927,0.0121885,0.0203987
0.0122233,0.0113792,0.014141,0.0130698,0.0261009,0.0283054,0.0215874,0.0129211,0.00930104,0.00770099,0.00788184,0.0158148
0.00645183,0.00473051,0.0121049,0.0127469,0.0364531,0.029384,0.0139725,0.013761,0.015407,0.00982374,0.00812398,0.0127759
0.00560466,0.00461496,0.00818689,0.0160486,0.0359517,0.0213743,0.00805618,0.00941749,0.0121392,0.0069076,0.00442766,0.00830967
0.0064341,0.00783147,0.00965531,0.00769425,0.0157942,0.012053,0.00696352,0.0108149,0.0128484,0.0108357,0.00698761,0.00960641
0.00909719,0.0080885,0.0121402,0.0146276,0.0316269,0.0214312,0.00580178,0.00791738,0.00721629,0.00500956,0.00646724,0.0146065
0.0121357,0.00894358,0.0140223,0.0187753,0.0365267,0.0222548,0.00416845,0.0051757,0.00621687,0.00515082,0.00785295,0.019344
0.0081642,0.00647303,0.0112254,0.0220778,0.0352886,0.0228834,0.0108495,0.00781002,0.00598385,0.00488923,0.00627109,0.0103151
0.00542807,0.00746456,0.00996588,0.0145249,0.0280907,0.0179236,0.00807701,0.00694397,0.00915101,0.00868055,0.00345122,0.00726729
0.01259,0.00593113,0.00824914,0.0215072,0.0341798,0.0191888,0.00576288,0.00633233,0.00858455,0.00644956,0.00741639,0.018766
0.0130752,0.00594323,0.008155,0.0182802,0.0335647,0.0217907,0.00859653,0.00366535,0.0072778,0.0054634,0.00945633,0.0189586
0.00640275,0.00716206,0.0107656,0.0258742,0.0303575,0.0114505,0.0038429,0.00812316,0.0105753,0.00765194,0.0040909,0.00993524
0.00685443,0.00424177,0.0056988,0.0270229,0.0548167,0.0297729,0.00752646,0.00538512,0.00556033,0.0045899,0.00526857,0.0100591
0.00621344,0.00456215,0.00282491,0.014942,0.041574,0.026571,0.00505158,0.00720583,0.00785492,0.00546357,0.00823066,0.0151621
0.0108772,0.00436744,0.00931904,0.0227086,0.0349906,0.0186259,0.00749558,0.0102443,0.0134837,0.00829866,0.00620284,0.01445
0.00764433,0.00501152,0.0115571,0.017261,0.0312175,0.0179668,0.00584,0.00667299,0.00632202,0.0041559,0.00428733,0.0109266
0.00979011,0.00732657,0.012628,0.0220745,0.0334257,0.0178225,0.00680261,0.0138697,0.0131495,0.00813587,0.00574753,0.0162296
0.0075926,0.00534357,0.0070182,0.0285372,0.034529,0.0215927,0.00736643,0.0128562,0.00994508,0.0071817,0.00920818,0.0149922
0.00726822,0.00476778,0.00880891,0.0366219,0.0511202,0.0216568,0.00669255,0.00871172,0.0133858,0.00800632,0.00665948,0.0124405
0.00964014,0.004242,0.00589062,0.0261896,0.0450136,0.0207346,0.00554731,0.00985703,0.00721138,0.00546015,0.00919419,0.019628
0.010795,0.00672906,0.00694797,0.0331281,0.0477827,0.0247957,0.00902211,0.0102019,0.0104313,0.00694169,0.00815323,0.0188546
0.0108439,0.00754624,0.0098868,0.0241207,0.0418439,0.0182698,0.00701621,0.0109991,0.00772416,0.00556274,0.00789679,0.0182638
0.00611732,0.00505028,0.0110365,0.0266577,0.0388508,0.0212466,0.0100359,0.0134191,0.0134372,0.00568409,0.00438075,0.00991455
0.0096604,0.00399638,0.00742666,0.0247094,0.045788,0.0194809,0.00592389,0.00701659,0.00842092,0.00498659,0.00932844,0.0208839
0.0040747,0.00575875,0.0118457,0.0303383,0.0440708,0.0248344,0.00708484,0.00913928,0.0127753,0.0103967,0.00911765,0.0120262
0.011697,0.0053903,0.0120151,0.0237342,0.0329214,0.0150274,0.00811049,0.0111046,0.0119027,0.00909064,0.0125505,0.0207336
0.0747714,0.0365067,0.0103287,0.0202484,0.0283864,0.0111977,0.00936941,0.0145044,0.0104026,0.00636448,0.00653236,0.0433393
0.097575,0.0410466,0.0112811,0.0125123,0.0136063,0.00860753,0.0144686,0.0198118,0.0210755,0.0231929,0.0183443,0.0660775
0.064985,0.0393344,0.0125883,0.0167347,0.0277137,0.0141048,0.0145573,0.025776,0.0145478,0.00633491,0.011398,0.0301291
0.0318283,0.0169124,0.0125304,0.031221,0.0216584,0.0130791,0.0111998,0.0163571,0.0123211,0.0136188,0.0107594,0.0215453
0.0333356,0.0193501,0.0145174,0.0254415,0.0204881,0.00648248,0.011124,0.0189092,0.0109666,0.0127773,0.0137488,0.0185731
0.0240518,0.0182781,0.0327176,0.0520328,0.0270923,0.00764102,0.010121,0.0181344,0.0141488,0.0106208,0.0118185,0.0174625
0.0120392,0.00916611,0.018858,0.0418516,0.0257337,0.00698689,0.00643534,0.0117892,0.00768432,0.00876935,0.0164012,0.00909767
0.0218563,0.0125092,0.0255858,0.0401016,0.0178629,0.00293617,0.00984599,0.0130704,0.00952688,0.00975677,0.013311,0.0172345
0.00969841,0.0062787,0.0256039,0.0573833,0.0347726,0.00706257,0.00648155,0.0181291,0.0121817,0.00718656,0.0188081,0.0167113
0.0853237,0.0485939,0.0103577,0.0331031,0.0250076,0.00670173,0.00810519,0.00897618,0.00969353,0.00702131,0.00957941,0.0351866
0.0465242,0.0279306,0.0125025,0.0181099,0.0138612,0.00706015,0.00594574,0.0156087,0.0119261,0.00884235,0.0245364,0.0309108
0.0929318,0.045282,0.00747122,0.0216433,0.0216687,0.00941041,0.00803728,0.0147194,0.0126285,0.00673666,0.0114306,0.054082
0.0591955,0.0274216,0.0119688,0.0374381,0.0256465,0.00813617,0.00775043,0.0176077,0.0129456,0.00884692,0.0255562,0.0420235
0.0407022,0.0243237,0.0207208,0.0312236,0.0122946,0.00587989,0.00820081,0.0101994,0.00767156,0.00998274,0.0155304,0.0210033
0.0182685,0.0156817,0.0175139,0.0365998,0.0171878,0.00445639,0.00708934,0.0141707,0.0134045,0.00935784,0.00891366,0.0072643
0.0205553,0.0103189,0.0222688,0.0287681,0.0164023,0.00777362,0.00980863,0.0197441,0.0141955,0.00975996,0.0124331,0.0183859
0.00837466,0.00876174,0.0269799,0.0504755,0.0303174,0.00783249,0.0082947,0.0115355,0.00586339,0.00862483,0.0186041,0.0133424
0.028603,0.0140483,0.0258096,0.0541421,0.0308892,0.00758821,0.00730968,0.0145545,0.0139572,0.0157956,0.0189166,0.0299244
0.0862419,0.0441161,0.00534595,0.0214138,0.0180313,0.00498049,0.0110585,0.0247974,0.0212036,0.0183832,0.0132491,0.0398088
0.0858125,0.0489616,0.0170579,0.0213496,0.0179104,0.00853831,0.0134509,0.0194582,0.0125052,0.0132175,0.0178449,0.0499113
0.0392353,0.021327,0.0137146,0.0302796,0.0210064,0.00733129,0.0121034,0.0161009,0.0126906,0.014031,0.0191174,0.0177377
0.029656,0.0149082,0.010882,0.0245622,0.0147645,0.00599266,0.00679214,0.0143577,0.0124682,0.00788161,0.0154517,0.0212977
0.019449,0.0139667,0.0179521,0.0274078,0.0178708,0.0070041,0.00991323,0.0144781,0.0101071,0.0103291,0.0147066,0.0122223
0.0224874,0.0160428,0.016321,0.0350082,0.0273697,0.00991748,0.00610295,0.00934739,0.00893083,0.0125005,0.0195827,0.017515
0.0203614,0.0130935,0.010902,0.0202629,0.0140746,0.00386841,0.0053127,0.0104299,0.00803737,0.00510629,0.00847437,0.0112537
0.0083061,0.00714388,0.0140232,0.0158859,0.0115565,0.00787039,0.00653589,0.00770524,0.010053,0.0105555,0.0106852,0.00478906
0.0252918,0.0190157,0.018489,0.0150172,0.0112908,0.00725324,0.0075127,0.0105667,0.00929474,0.0094207,0.0105829,0.0123345
0.00961275,0.027323,0.0459028,0.0260461,0.0122609,0.00613297,0.00829454,0.00735738,0.0113208,0.013177,0.00953972,0.0117387
0.0112644,0.0166581,0.0306264,0.0253156,0.00943106,0.00524797,0.00767502,0.00594219,0.00458205,0.0113598,0.0117095,0.00853445
0.00945019,0.0210371,0.028306,0.0149007,0.00449482,0.0055301,0.00980725,0.00633809,0.00508367,0.0117988,0.00963721,0.00696383
0.0130327,0.0185849,0.024666,0.0117742,0.00464244,0.00409015,0.00736023,0.00732701,0.00614478,0.0146518,0.0106006,0.00800484
0.00914632,0.0113976,0.0173365,0.0100163,0.00510946,0.00449846,0.00912688,0.00555443,0.00863498,0.0162969,0.00879363,0.00567635
0.00396308,0.00745633,0.0189771,0.0137116,0.00452797,0.002309,0.0056034,0.00565279,0.00753712,0.0127368,0.00869645,0.00387604
0.00309507,0.00724644,0.0191051,0.0120035,0.00358821,0.00318645,0.00580148,0.00299228,0.00693311,0.0161908,0.00981642,0.00357596
0.00581009,0.0109546,0.0267857,0.015899,0.00402244,0.00400324,0.00716085,0.00383309,0.00740381,0.0182394,0.0101547,0.00435519
0.00685546,0.0157382,0.0192012,0.00747963,0.00251611,0.00420434,0.00466035,0.00242005,0.0060749,0.0137791,0.00818942,0.0037833
0.00383901,0.0121972,0.019948,0.00883821,0.00298753,0.00639215,0.0242339,0.0199326,0.00632113,0.00732629,0.00600538,0.00255013
0.0031803,0.0114951,0.0207936,0.0109408,0.00257631,0.00771342,0.0218649,0.0198226,0.00393817,0.0070336,0.00418821,0.00246624
0.00455615,0.0104598,0.0224082,0.0137894,0.00355609,0.00424851,0.0120066,0.0101864,0.00639913,0.00805653,0.00490496,0.0024287
0.00312086,0.0108334,0.0192294,0.011251,0.00356054,0.00355606,0.0101634,0.00508127,0.00317043,0.00604585,0.00351699,0.00200368
0.00344299,0.00628557,0.0139525,0.00878175,0.0019748,0.00352713,0.0080741,0.00579877,0.00598518,0.00814546,0.00385737,0.00215826
0.00417365,0.0108556,0.01811,0.0095753,0.00209902,0.00261048,0.00408856,0.00322216,0.00302565,0.00544393,0.00369631,0.00302622
0.00193126,0.0059802,0.0123961,0.00651265,0.00153367,0.00251213,0.00712506,0.00553333,0.00132177,0.00329798,0.00233611,0.00238508
0.0019121,0.00776713,0.0165429,0.00840151,0.00152692,0.00374125,0.00714657,0.00359876,0.00293253,0.0046195,0.00166993,0.00204922
0.0031999,0.00850044,0.0151291,0.00711332,0.00157898,0.0021024,0.00394136,0.00297707,0.00378877,0.00587191,0.00302936,0.00268933
0.00177237,0.00699582,0.014767,0.00711847,0.00424532,0.00331815,0.00285632,0.00207652,0.0062739,0.0225637,0.0147133,0.00392065
0.00399068,0.00481226,0.011829,0.0096538,0.00945897,0.00668868,0.00526505,0.00627988,0.0136871,0.0194546,0.00819796,0.0034785
0.00173801,0.00459279,0.0103431,0.0053178,0.00301317,0.00347369,0.00541196,0.00401643,0.00774371,0.0119701,0.00671586,0.00240249
0.00217011,0.00561296,0.0103119,0.00458448,0.0034294,0.00285647,0.00376409,0.00321543,0.0071124,0.0191033,0.0101204,0.00210929
0.00178745,0.00528753,0.0110196,0.00590938,0.00187061,0.00271952,0.00464677,0.00313809,0.00347023,0.00873185,0.00561346,0.0016597
0.00292114,0.00420652,0.00501336,0.00324409,0.00182517,0.00233112,0.00326602,0.00254295,0.00360461,0.0080288,0.00451475,0.00228272
0.00167008,0.0046462,0.0081054,0.00456249,0.00182151,0.00168507,0.00344308,0.0021375,0.00263321,0.00694884,0.00456321,0.00208094
0.00118252,0.0053422,0.0120332,0.00574561,0.00141633,0.00205696,0.00368783,0.00129537,0.00383213,0.00865741,0.00435253,0.0017755
0.00321922,0.0054738,0.00599587,0.0048855,0.00117655,0.00192038,0.00240814,0.00198208,0.00447851,0.00536224,0.00317901,0.00267376
0.00465743,0.00790293,0.012742,0.00501111,0.00197163,0.00421165,0.00520127,0.00254247,0.00311469,0.0126031,0.0314643,0.0221657
0.00443193,0.00814373,0.0156007,0.00788019,0.00270875,0.00525277,0.00642918,0.00325033,0.00382118,0.00692423,0.0327165,0.023815
0.00462421,0.006456,0.0118448,0.00747079,0.00169052,0.0023703,0.00466947,0.00298416,0.00346128,0.0137407,0.0270466,0.0188994
0.00318149,0.00987946,0.0201401,0.00950628,0.00132089,0.00385274,0.00560656,0.00230615,0.00299887,0.0102599,0.0180415,0.0112748
0.00402424,0.0076654,0.00923126,0.00447205,0.000581128,0.0015851,0.0023777,0.00166175,0.00258678,0.00469057,0.00447046,0.0035989
0.00266981,0.00487932,0.00630244,0.00365883,0.00133472,0.00170326,0.00258093,0.00129503,0.00205707,0.00416737,0.00706036,0.0059133
0.00198229,0.00290688,0.00801515,0.00465871,0.000586045,0.000884373,0.00210248,0.00119897,0.00328744,0.00446808,0.00227063,0.00282984
0.00161445,0.00727405,0.0147041,0.00728148,0.000774094,0.00187818,0.00279637,0.00122946,0.00292446,0.00753948,0.00714342,0.00373249
0.00551515,0.0115412,0.0169606,0.0084863,0.00254719,0.00194676,0.003423,0.00243055,0.00600579,0.00852237,0.00590141,0.00620082
0.0308917,0.0225271,0.0246022,0.0147131,0.00163678,0.00162819,0.00390733,0.00489565,0.00593625,0.00979971,0.00448508,0.00747941
0.0184861,0.0185148,0.0190561,0.0109233,0.00255112,0.00198895,0.00435764,0.00466767,0.00590072,0.010386,0.0085374,0.0110318
0.00892696,0.0158151,0.017388,0.00763368,0.0013738,0.00371748,0.00665739,0.00346057,0.00491396,0.00968643,0.00627831,0.00275524
0.00744875,0.00910066,0.0175435,0.00825713,0.0014409,0.00266975,0.00516447,0.00273175,0.0045522,0.00927659,0.00681967,0.00473693
0.00713775,0.0117901,0.00960488,0.00681188,0.00138541,0.00174839,0.00268424,0.00121879,0.00333322,0.00453048,0.00349879,0.00364296
0.00478417,0.00915049,0.0121793,0.00460591,0.00108097,0.00141155,0.00344701,0.0019351,0.00115128,0.00373216,0.00279735,0.00185762
0.00301664,0.00702912,0.0143488,0.00790074,0.000970018,0.00278714,0.00501071,0.00258363,0.00198747,0.00431416,0.00280446,0.00187206
0.00331075,0.00862387,0.014723,0.0075848,0.00157664,0.00133207,0.00318463,0.00189619,0.00212024,0.00300028,0.00127296,0.00273535
0.00518187,0.00642435,0.012747,0.00682573,0.0013501,0.00246647,0.00344598,0.00245254,0.00675286,0.0106821,0.00691776,0.00481977
0.00230034,0.00720451,0.022836,0.0160041,0.00197164,0.00140169,0.00251547,0.00208537,0.00198499,0.00666675,0.00518366,0.00247064
0.00345794,0.00611164,0.0150095,0.00712005,0.00126592,0.00175674,0.00186631,0.00143014,0.00383467,0.00652234,0.00378798,0.00271478
0.00327982,0.0118599,0.0223932,0.0105531,0.00111938,0.00560913,0.0109393,0.00518424,0.00545395,0.0181933,0.0115977,0.00288043
0.00344111,0.0102109,0.0202541,0.0100924,0.00123907,0.00291788,0.00496309,0.00259684,0.00198358,0.00627042,0.00472418,0.00172371
0.00149043,0.0103156,0.0192026,0.00941705,0.00151703,0.00312238,0.00497503,0.00317466,0.00491624,0.0130816,0.00758833,0.00176278
0.00561471,0.010188,0.0114125,0.00979202,0.0013772,0.0022649,0.00415009,0.00300268,0.00507246,0.0070176,0.00350427,0.00212617
0.00208438,0.00858748,0.025303,0.0144003,0.000932999,0.0025689,0.0054815,0.00335566,0.00382896,0.0109118,0.00648429,0.00124128
0.00239639,0.0117403,0.0266115,0.0141128,0.00145559,0.00240791,0.00452809,0.00281761,0.00531822,0.0142076,0.00839429,0.00242715
0.00500242,0.00913711,0.0108542,0.0156574,0.00912395,0.0020753,0.00141531,0.0021548,0.00488583,0.00803656,0.00653176,0.00374088
0.00183711,0.00604997,0.0155191,0.0253071,0.0164097,0.00259493,0.00224785,0.001565,0.0025015,0.006326,0.0107934,0.00760521
0.00319628,0.01001,0.023411,0.0272902,0.0131813,0.00280584,0.00284647,0.0038332,0.00533947,0.00804793,0.00968646,0.00667705
0.00302835,0.0102504,0.0235872,0.0252493,0.0103881,0.0047367,0.00875473,0.00459959,0.00644303,0.0164275,0.0139752,0.00477239
0.00524984,0.00986014,0.011777,0.00712002,0.00209465,0.00207842,0.00468665,0.00266649,0.00376825,0.00619726,0.00352019,0.00256735
0.00209965,0.00793857,0.0150194,0.0061032,0.00245509,0.00172799,0.00389493,0.00277115,0.00376556,0.00692907,0.00364329,0.0035373
0.00304048,0.00878437,0.0119353,0.00674215,0.0017316,0.00321208,0.00552157,0.00290539,0.00288766,0.00406697,0.00261561,0.00232684
0.00256088,0.00802823,0.0160153,0.00927116,0.00236337,0.00530643,0.010946,0.00549865,0.00436769,0.00823189,0.00548797,0.00441498
0.0071098,0.0122053,0.00989347,0.00772664,0.00226013,0.00248897,0.00433212,0.00421621,0.00576872,0.00870396,0.00542606,0.0049987
0.00308459,0.00557591,0.0107267,0.00707911,0.00240909,0.00207536,0.0237522,0.0295033,0.00685923,0.00788944,0.004551,0.00304175
0.00405705,0.00798556,0.0106111,0.00514518,0.00109723,0.00503982,0.0253517,0.0217804,0.00559998,0.0059288,0.00413802,0.00337003
0.00286941,0.0086435,0.0150025,0.00786855,0.00186685,0.00836855,0.0305521,0.0249071,0.00675081,0.00914678,0.00547193,0.00217172
0.0018304,0.0125423,0.0220358,0.00975772,0.00151727,0.00914686,0.0185631,0.0108498,0.00368811,0.00849774,0.00635438,0.00352602
0.00147991,0.00434742,0.0122567,0.00734795,0.000484479,0.003808,0.01491,0.0126614,0.00336757,0.00870383,0.00419985,0.00318519
0.00377286,0.0109925,0.0193923,0.00918976,0.000843071,0.0026133,0.00581976,0.00559031,0.00318146,0.00665671,0.00306073,0.00185447
0.00215117,0.00867752,0.0152212,0.00785723,0.000874032,0.00478519,0.013176,0.00859459,0.00433886,0.01009,0.00555931,0.0034512
0.00157928,0.00770363,0.0228628,0.0128054,0.00136869,0.00154563,0.00316437,0.00407088,0.0023408,0.00753119,0.00600321,0.00202518
0.00354001,0.00523014,0.0129898,0.00789799,0.00115594,0.00257388,0.00856229,0.0120674,0.012559,0.0125081,0.00667043,0.00227036
0.00149262,0.00647588,0.0155188,0.00817975,0.000941061,0.00260601,0.00581223,0.012995,0.00947679,0.00511223,0.00231753,0.00150655
0.00469139,0.00707239,0.0103515,0.00607123,0.00323409,0.00444457,0.00542197,0.0100913,0.0109344,0.00868041,0.00373912,0.00389736
0.00118291,0.00716267,0.0206577,0.0121697,0.0016128,0.00489589,0.00905627,0.00498406,0.00756385,0.0100355,0.0059389,0.00268614
0.00268111,0.00650413,0.0143307,0.00695284,0.000739369,0.00270727,0.00574268,0.00288096,0.00525418,0.0056611,0.00341768,0.00272095
0.00280522,0.00708558,0.0174668,0.00918879,0.00100358,0.00243479,0.00531826,0.00655309,0.0075322,0.00898127,0.00426273,0.00247135
0.00291711,0.00522758,0.00981854,0.00731572,0.00127675,0.00230583,0.00376699,0.00261596,0.00267844,0.00527925,0.00316112,0.00254186
0.000862182,0.00692913,0.0164747,0.00867517,0.000623733,0.00701718,0.013163,0.00644772,0.00296403,0.00755827,0.00383656,0.00185329
0.0034476,0.00378079,0.00785907,0.00568642,0.00171492,0.003613,0.00547373,0.00648673,0.00712397,0.00445782,0.00233558,0.00365801
0.00252423,0.00485932,0.0111589,0.006311,0.0010283,0.00255457,0.00588127,0.00666039,0.0184394,0.0322891,0.0143986,0.00134356
0.00220868,0.00386729,0.00747397,0.00386081,0.00163437,0.00116597,0.00392057,0.00404566,0.0133103,0.0232734,0.0119164,0.00188887
0.00207149,0.0070129,0.0106251,0.00490905,0.000652325,0.00539701,0.0102948,0.0065774,0.00619864,0.00998826,0.00505804,0.00424038
0.0019136,0.00566482,0.0151749,0.00895708,0.00134994,0.00663258,0.0138958,0.00742627,0.011133,0.0214205,0.00979426,0.0020844
0.00144743,0.00579466,0.0107508,0.00558066,0.00150583,0.00270791,0.00317653,0.00155932,0.00556542,0.00742959,0.00330067,0.00175094
0.00440948,0.00723201,0.0146274,0.00786706,0.00118281,0.00213502,0.0054115,0.00381958,0.00491216,0.0113001,0.00717748,0.00447478
0.003187,0.00698926,0.0139818,0.00713483,0.00114956,0.00134333,0.0025286,0.00160546,0.0074574,0.0142159,0.00625691,0.00436016
0.00210854,0.00361624,0.010243,0.00558531,0.00108626,0.00170978,0.00432911,0.00227323,0.00886558,0.0191528,0.00894629,0.0041677
0.00390244,0.00633984,0.00920117,0.00344805,0.000855601,0.00240646,0.00344923,0.00260529,0.00312341,0.012435,0.0135569,0.00978903
0.00328198,0.00368453,0.00729979,0.00456158,0.000529594,0.00130284,0.00326735,0.00196781,0.00230493,0.0219071,0.0399843,0.0163754
0.00303283,0.00357392,0.00699337,0.00363118,0.00217581,0.00279531,0.00330981,0.00201756,0.0057497,0.0150198,0.0156251,0.00860486
0.0021765,0.00463623,0.011468,0.00684818,0.00139464,0.00620163,0.0132065,0.00640854,0.00118397,0.0145276,0.032597,0.0177819
0.00251946,0.00938531,0.0191993,0.0092811,0.00159787,0.00406088,0.0100783,0.00637987,0.00448467,0.00600371,0.0112644,0.0100676
0.00404565,0.00631907,0.0145403,0.00705477,0.0015088,0.00379842,0.0061585,0.00409401,0.00520272,0.00906664,0.00591654,0.00523299
0.00323902,0.00510218,0.00916168,0.00493455,0.00112531,0.00226008,0.003874,0.00256152,0.00485493,0.00887664,0.00538937,0.00346204
0.00216045,0.00580891,0.0153886,0.00903384,0.00156463,0.00201695,0.0071424,0.00748229,0.00535325,0.00743118,0.00397971,0.00629385
0.00698828,0.0114021,0.0147461,0.00725655,0.00150095,0.00156689,0.00568365,0.00477549,0.00737803,0.00862457,0.00258286,0.00573335
0.0132425,0.0107902,0.0100214,0.0049346,0.000724145,0.00207993,0.00429419,0.00340095,0.00287139,0.00619485,0.00568637,0.00467016
0.00397072,0.00372665,0.0067242,0.00345197,0.00120134,0.00154848,0.00325521,0.00211287,0.00365148,0.00731688,0.00530521,0.00526649
0.006418,0.00796384,0.0108393,0.00538791,0.000819502,0.00293964,0.00585135,0.00375801,0.00278772,0.00589802,0.00502921,0.00415482
0.00495357,0.00972299,0.0201167,0.00910561,0.0009065,0.00169375,0.00244487,0.00243565,0.00462297,0.0110818,0.00672491,0.0040967
0.00741734,0.0108998,0.0218754,0.0106576,0.00229986,0.00181142,0.00412735,0.00423545,0.0105166,0.00963413,0.0048467,0.00617206
0.0050337,0.00768558,0.0169724,0.00956855,0.00171572,0.00236542,0.0038158,0.00309816,0.00499657,0.00839098,0.00513664,0.00235338
0.00446706,0.00671969,0.0199228,0.0107692,0.000854283,0.00312587,0.00663836,0.00436267,0.00888444,0.0161521,0.00703329,0.00285477
0.00406524,0.0104212,0.0216397,0.0106019,0.000886467,0.00191483,0.00437523,0.00313633,0.0035061,0.0059236,0.00418828,0.00323849
0.00461043,0.00792663,0.0148224,0.00690589,0.00122591,0.001085,0.0020001,0.00264992,0.00382243,0.00612582,0.00503001,0.00562141
0.00254233,0.0162129,0.0382733,0.0196292,0.00163864,0.00124695,0.00232666,0.00215989,0.00409486,0.00697874,0.00315133,0.00164967
0.00143923,0.00783077,0.0225967,0.0132596,0.00148462,0.00260775,0.00455267,0.00246757,0.000917065,0.00224463,0.00251508,0.00254327
0.00426375,0.0104199,0.0266647,0.016041,0.00187411,0.00111574,0.00274895,0.0029493,0.00261642,0.00381591,0.00248633,0.00385943
0.00537975,0.0218865,0.0432852,0.0208005,0.00190582,0.00153978,0.00204851,0.00167099,0.00364575,0.00762799,0.00413206,0.00412682
0.00447145,0.0161362,0.0407553,0.0216592,0.0029841,0.00341374,0.00567279,0.00347276,0.00583203,0.00988136,0.00446223,0.00271369
0.00736076,0.01748,0.0357041,0.0183312,0.00435262,0.0043168,0.00506852,0.00275201,0.00450446,0.00789712,0.00680858,0.00534872
0.0560189,0.0431889,0.0489424,0.0233422,0.0019801,0.00102107,0.0032367,0.0061163,0.00397477,0.00537366,0.00635916,0.0391313
0.0194098,0.0134472,0.031076,0.0153403,0.00232376,0.00306139,0.00421844,0.00312535,0.00268823,0.00551005,0.0100522,0.0184137
0.0169368,0.0111718,0.0189707,0.00974614,0.000794147,0.00581887,0.00623944,0.00165346,0.00296713,0.00846315,0.0286,0.0340303
0.00678896,0.0052123,0.0120833,0.00736221,0.0015847,0.00258604,0.0027596,0.00177763,0.00347612,0.00695566,0.00959476,0.0156641
0.00845326,0.0106789,0.0161631,0.00976626,0.00792876,0.00438258,0.00281663,0.00244943,0.00537056,0.00948878,0.00903271,0.00965847
0.00509412,0.00807139,0.0169268,0.0125448,0.00988929,0.00794014,0.00818482,0.00559631,0.0107531,0.0232755,0.0114034,0.00657493
0.00659958,0.00408364,0.0117254,0.0109349,0.00817498,0.00544316,0.00627725,0.0120246,0.0118867,0.0112565,0.00625587,0.00627766
0.0043018,0.00268286,0.00341603,0.00335592,0.00320847,0.00314014,0.00459334,0.0143176,0.0122366,0.0102994,0.00645199,0.00285725
0.00581839,0.00594288,0.00815018,0.00592333,0.00497062,0.00619899,0.010695,0.0109246,0.00921682,0.00854912,0.00733467,0.00778093
0.00902915,0.00864301,0.00904223,0.00642487,0.00282684,0.00581016,0.0171759,0.0133308,0.00699324,0.0109245,0.00698564,0.0106115
0.00527379,0.00799144,0.013071,0.00734014,0.00582249,0.00693664,0.0101027,0.00652655,0.00231974,0.00687906,0.00609685,0.00432168
0.00527657,0.00889005,0.0142279,0.00606323,0.0125958,0.00745942,0.00485296,0.00603393,0.00425214,0.00400812,0.00307766,0.00708796
0.00721464,0.00756315,0.00697828,0.0046504,0.00754684,0.00514557,0.00707116,0.00753449,0.00309306,0.00264227,0.00768894,0.00953011
0.00650668,0.0098585,0.0257718,0.0123459,0.00534804,0.00415561,0.00801539,0.00910325,0.00460163,0.00973457,0.00433827,0.00813838
0.00359724,0.012002,0.023009,0.0133785,0.00447904,0.00366761,0.00274223,0.0030593,0.00683358,0.0147656,0.00902101,0.00710744
0.0526888,0.055601,0.0173131,0.00492758,0.00273021,0.00179084,0.0055283,0.00681341,0.00549133,0.00757418,0.00505763,0.00808259
0.0327965,0.0233438,0.00978139,0.00611055,0.0035339,0.00238434,0.00332551,0.006337,0.0071433,0.00792164,0.00552707,0.0174395
0.0234917,0.0122502,0.00625861,0.00365277,0.00157067,0.00526497,0.0085741,0.00778941,0.00617716,0.0114505,0.0271267,0.0345425
0.00985943,0.0117074,0.00980746,0.004833,0.00178379,0.00779148,0.00784057,0.00278052,0.00584824,0.010481,0.00768338,0.00938123
0.0100796,0.00943484,0.00938425,0.00396146,0.00458003,0.00434618,0.0040481,0.00279345,0.00658815,0.0124681,0.014105,0.015778
0.0109395,0.0176741,0.0091197,0.00522141,0.00484873,0.00607496,0.00963269,0.00782077,0.00718529,0.0104891,0.0105216,0.0113652
0.00971725,0.0055116,0.014581,0.00923064,0.00731477,0.00782593,0.00768861,0.0122881,0.0108173,0.0184744,0.0195123,0.0193689
0.00841511,0.0092852,0.0128199,0.0133729,0.0169312,0.0209177,0.0197243,0.0314914,0.0236309,0.0188384,0.00993358,0.00962502
0.00569436,0.0120467,0.0168325,0.0105456,0.0135958,0.0166544,0.0171758,0.0394171,0.0299144,0.017937,0.0123949,0.00427645
0.0028884,0.0117428,0.016848,0.0109636,0.00993112,0.0157851,0.0166699,0.0298053,0.023512,0.0132384,0.00540341,0.00707709
0.00590333,0.0148484,0.026822,0.0127398,0.00617929,0.011744,0.0183959,0.0335148,0.0257329,0.00972918,0.00882675,0.0105518
0.00975871,0.0118419,0.0211221,0.0097192,0.00409049,0.0112771,0.0186872,0.0317539,0.0191742,0.0088048,0.00530294,0.00816504
0.0202476,0.010293,0.0230091,0.0178872,0.00433403,0.00550502,0.0195593,0.0375706,0.0175981,0.00946112,0.00736149,0.00803982
0.0170415,0.00967872,0.0196343,0.0140689,0.00476391,0.0101429,0.0272746,0.0600513,0.033652,0.00911866,0.0071758,0.0183157
0.0101591,0.0130235,0.0109133,0.00578527,0.00768412,0.0114245,0.0240235,0.0480604,0.0305063,0.0161221,0.00856719,0.00869523
0.00915401,0.00635484,0.0148492,0.00909229,0.00532132,0.00753308,0.0206619,0.0451869,0.0305026,0.024047,0.0155052,0.0121518
0.0118633,0.0120678,0.0153292,0.010324,0.00367535,0.00445616,0.0160741,0.0359844,0.0280031,0.0214274,0.00985721,0.00872637
0.0091598,0.0135037,0.0177641,0.012495,0.00646815,0.00982803,0.0160136,0.0356138,0.0287857,0.0172374,0.0198885,0.0163772
0.00350735,0.00875777,0.0178386,0.0111529,0.00544721,0.00859571,0.0179827,0.0297021,0.0183696,0.00795703,0.00679464,0.00730386
0.00776908,0.00711609,0.0121284,0.00745835,0.00707222,0.00643295,0.015666,0.035556,0.0260125,0.00720735,0.00939529,0.0146947
0.00522673,0.00616724,0.0143423,0.00997203,0.00764983,0.0113383,0.0151147,0.0217335,0.0150332,0.00447699,0.00901596,0.00952804
0.00457436,0.00830556,0.0186712,0.0131513,0.00825239,0.0149056,0.0236792,0.016296,0.00939046,0.0104744,0.00517655,0.00656996
0.00414817,0.0146756,0.0297365,0.0185009,0.0103009,0.0160045,0.0185255,0.0273519,0.0191537,0.00845783,0.00670968,0.0060169
0.00568641,0.0118315,0.0182524,0.0119368,0.0135475,0.0225748,0.0278422,0.0319195,0.0200146,0.00887294,0.00744163,0.00993039
0.00555047,0.0088217,0.017977,0.0106058,0.00567156,0.00994018,0.0181174,0.0260149,0.0195474,0.0093452,0.00711015,0.0118733
0.00758039,0.0144517,0.0146694,0.00800202,0.0064786,0.0094516,0.0139732,0.0144323,0.0139648,0.00713733,0.00587753,0.0062909
0.0117729,0.0135422,0.0185991,0.0111613,0.00766732,0.0109022,0.0132816,0.0252052,0.0215769,0.00710668,0.00690785,0.00909759
0.0155709,0.0179137,0.0170974,0.00799592,0.00758981,0.00937417,0.0160893,0.0279243,0.0201381,0.00686364,0.00987844,0.0103505
0.00580923,0.0149174,0.0225309,0.0120723,0.00805736,0.00841456,0.0119021,0.0225343,0.0219979,0.0124262,0.00695515,0.0101969
0.015264,0.0146956,0.0164874,0.00835377,0.00652806,0.00772236,0.0178401,0.0255681,0.0159332,0.00701508,0.01321,0.0212068
0.00711709,0.0147737,0.0200703,0.00745326,0.00541944,0.00705686,0.016881,0.0235042,0.0164202,0.0105038,0.0141857,0.0125391
0.00551246,0.0118496,0.0235636,0.011067,0.00571289,0.00800564,0.00903154,0.0367866,0.0355597,0.0195343,0.0113853,0.008327
0.00673761,0.011806,0.0239744,0.0144984,0.00560104,0.0046834,0.0191798,0.0455363,0.0371612,0.0215837,0.0108922,0.00795036
0.00648626,0.0062088,0.0161693,0.0128792,0.00544987,0.00649646,0.0155212,0.0377616,0.0389613,0.0213658,0.00804048,0.00791136
0.00863337,0.0252648,0.0436821,0.0225983,0.00834541,0.0136205,0.0217901,0.0393824,0.0330144,0.0254393,0.012637,0.0100073
0.0106722,0.0231214,0.0512012,0.0264738,0.00803221,0.0144787,0.0239547,0.0295531,0.0221942,0.0159873,0.0161263,0.0173099
0.0081976,0.0180735,0.0432528,0.0267423,0.00599629,0.0128199,0.0350538,0.0645115,0.0407342,0.0186575,0.0196996,0.0212354
0.00428731,0.0141058,0.0300093,0.0136138,0.00744462,0.0128256,0.0245699,0.0465908,0.0389215,0.021454,0.0120621,0.0110326
0.00450118,0.0105856,0.02525,0.015876,0.00470236,0.00791951,0.0307898,0.0595265,0.0378449,0.0151829,0.0121138,0.00980584
0.00617878,0.00511876,0.015724,0.0127747,0.0103163,0.0236859,0.0265337,0.038641,0.0320556,0.0222784,0.0147535,0.0110233
0.00957518,0.0114296,0.0173472,0.0110371,0.00919108,0.0218862,0.0326453,0.0320324,0.0179669,0.0152064,0.0115136,0.0124046
0.0035921,0.00717006,0.0155295,0.0145387,0.0134781,0.0242608,0.0308474,0.0348221,0.0230024,0.013356,0.00945883,0.0108102
0.00534764,0.00780705,0.0132758,0.0201362,0.018307,0.0144958,0.0231629,0.0394083,0.0295433,0.0130923,0.0114387,0.0107759
0.0044547,0.0111007,0.0205414,0.0202772,0.00913669,0.0114185,0.0248646,0.0367333,0.0234905,0.0119631,0.00854537,0.00786337
0.0091379,0.0131557,0.0379188,0.0308721,0.00581981,0.0102025,0.0165527,0.0381648,0.0252868,0.0204206,0.0148909,0.00929844
0.00772151,0.0274267,0.0575435,0.0285213,0.00727077,0.0124381,0.0232935,0.0492707,0.0375004,0.0196117,0.00958064,0.00769706
0.0290315,0.0249509,0.0194869,0.0139421,0.00862449,0.00956822,0.0249306,0.049807,0.0388111,0.0149546,0.0128266,0.0176071
0.054836,0.0482885,0.018163,0.00609089,0.00431996,0.00725868,0.0212735,0.0471829,0.0316917,0.00855139,0.00777775,0.0170845
0.0217674,0.0179781,0.0140005,0.00938924,0.00597572,0.00803274,0.0156684,0.034118,0.0192498,0.0197426,0.0360332,0.028774
0.0126497,0.0138809,0.0134591,0.00836955,0.00673939,0.0161762,0.0258133,0.0371503,0.0219893,0.0166344,0.0284945,0.0215285
0.0076789,0.0120439,0.0139219,0.00879929,0.00870143,0.0157505,0.0337766,0.0589448,0.039264,0.0210432,0.0327741,0.0269626
0.00839885,0.00849015,0.0161918,0.00957039,0.00905293,0.0105317,0.0234055,0.0307454,0.0455967,0.0872803,0.0567294,0.017257
0.00674585,0.0106747,0.0207853,0.00925036,0.0104188,0.0112853,0.0177259,0.0343583,0.0279894,0.043988,0.0278087,0.0122089
0.00777188,0.0141545,0.0280183,0.013863,0.00581329,0.0103368,0.0177788,0.04014,0.0300694,0.0245575,0.0193345,0.0133184
0.00668097,0.00883504,0.0164786,0.00985577,0.00506215,0.0112405,0.0271189,0.0359002,0.0225376,0.0232005,0.0120125,0.00412388
0.00844424,0.0115285,0.0193579,0.0100013,0.0099901,0.0221208,0.0389108,0.0521565,0.0325143,0.0220001,0.0214708,0.013469
0.00633975,0.00607063,0.0106583,0.00617175,0.0154661,0.0236679,0.0191604,0.0233069,0.0223977,0.0208725,0.0131991,0.0108023
0.00816084,0.00856483,0.0123844,0.0218748,0.0182444,0.0144042,0.0187161,0.0248423,0.0190811,0.0100124,0.01471,0.0151425
0.00390038,0.00453814,0.0159692,0.0182568,0.0122682,0.00794794,0.011595,0.015003,0.0165224,0.0117193,0.00944111,0.00675902
0.00657133,0.0107717,0.0189374,0.0153503,0.0122699,0.0145772,0.0210011,0.0325073,0.0219048,0.0129443,0.00787238,0.00534643
0.00618173,0.0128566,0.0246795,0.0242915,0.0103661,0.00737223,0.0221895,0.0375423,0.0216411,0.0237336,0.0141015,0.00782231
0.0127808,0.0127327,0.0252226,0.0214365,0.0231547,0.0137376,0.0171228,0.0253135,0.0254113,0.020761,0.010391,0.0169757
0.0720666,0.0646296,0.015533,0.0137826,0.0210376,0.0212374,0.0199997,0.0392091,0.0263058,0.0179187,0.0153442,0.0243179
0.0581733,0.0508405,0.0156537,0.0115662,0.0167829,0.0121027,0.0173604,0.0396222,0.0308233,0.0163025,0.0116326,0.0244666
0.0513813,0.0415803,0.0202088,0.0169326,0.0210491,0.0111778,0.0146609,0.038469,0.0311177,0.0122905,0.00811172,0.0242445
0.0639589,0.0502456,0.0153232,0.00833844,0.0126866,0.0104325,0.011541,0.0260836,0.0168127,0.00987503,0.00809291,0.0224849
0.037232,0.0225203,0.00858447,0.00712754,0.00982366,0.0128169,0.0149902,0.0158953,0.0128327,0.00755136,0.00996171,0.023351
0.0518522,0.046741,0.0121489,0.0121528,0.0162509,0.0155976,0.0194969,0.0244422,0.0144245,0.00614961,0.00991523,0.0119104
0.0355147,0.0320869,0.0149656,0.00561521,0.010943,0.0101962,0.0121784,0.0215675,0.0166961,0.0125471,0.01221,0.0188437
0.0687264,0.0442912,0.0147334,0.0127495,0.0117244,0.00857187,0.0126945,0.0198645,0.0117466,0.00532785,0.00730842,0.0271271
0.0182141,0.0186267,0.0141939,0.0126324,0.01017,0.00734355,0.012572,0.0233643,0.0187902,0.00978899,0.00708439,0.017289
0.0309833,0.0271047,0.013062,0.0135715,0.00865371,0.0056466,0.0100775,0.0168977,0.0097447,0.0102776,0.00883779,0.0156186
0.0611987,0.046126,0.0176034,0.0105699,0.00949635,0.00985263,0.013149,0.0218772,0.0149291,0.0102495,0.00847226,0.0248113
0.0558804,0.0277431,0.00771141,0.0107689,0.00802372,0.00341732,0.00708733,0.015945,0.0144235,0.00983326,0.00738534,0.0256168
0.051522,0.0438376,0.00570849,0.00836816,0.0100894,0.00529924,0.00484685,0.0111263,0.0112843,0.00700648,0.00814127,0.0200266
0.0413628,0.0293841,0.00668535,0.00447124,0.00683861,0.009111,0.0112504,0.00907784,0.00867319,0.010424,0.027051,0.0365204
0.0650038,0.0407233,0.00988703,0.00763669,0.00861678,0.00644208,0.00859184,0.0142385,0.00799002,0.0109914,0.014955,0.0272699
0.0574788,0.0319465,0.00764899,0.00595939,0.0103755,0.00977216,0.0117337,0.0168856,0.0102412,0.0126811,0.0104511,0.0258398
0.0464059,0.0260298,0.00534317,0.00767782,0.0128775,0.00682891,0.00645861,0.0115206,0.0126319,0.018765,0.0121118,0.0220937
0.0364984,0.0146436,0.00915669,0.00873983,0.00782301,0.00473742,0.00637407,0.0178725,0.0161111,0.00943132,0.00738539,0.0221875
0.039943,0.0208209,0.00744517,0.00706839,0.00589698,0.00824493,0.00910093,0.0245149,0.0171526,0.00634258,0.00851456,0.0284493
0.0349157,0.0183527,0.00757206,0.00553073,0.00899747,0.00967921,0.012716,0.0205221,0.0114988,0.0117004,0.0129859,0.0295991
0.0315907,0.0209151,0.00434065,0.00809538,0.0104263,0.0110976,0.017786,0.0202434,0.012686,0.00993169,0.00869258,0.023524
0.0317233,0.0219575,0.00630469,0.00371527,0.00496142,0.00501209,0.0080631,0.0119465,0.00937526,0.00564807,0.00705689,0.0164628
0.0418087,0.0218388,0.00629594,0.00640598,0.00655885,0.00605279,0.0096966,0.0217055,0.0142229,0.00351549,0.0128249,0.0319028
0.0444519,0.0228634,0.0089868,0.0103348,0.00940516,0.00907513,0.00922476,0.0109384,0.0054582,0.0104303,0.0114319,0.02381
0.0479981,0.0323641,0.0113502,0.0063131,0.00959319,0.00607161,0.0112068,0.0191462,0.0130898,0.00987149,0.00645291,0.0231533
0.063806,0.0409374,0.0118758,0.00508269,0.00868662,0.00626839,0.00946523,0.0159412,0.0136218,0.0111112,0.0095655,0.0327706
0.0837933,0.0452178,0.0128664,0.0110886,0.00661906,0.00413475,0.00924715,0.0180465,0.0115183,0.00730443,0.0101993,0.0387167
0.0630122,0.0364536,0.00921181,0.00349858,0.00429555,0.00542086,0.0108168,0.0188993,0.0166775,0.00847415,0.0112776,0.0299188
0.0352936,0.0324824,0.0125061,0.0139805,0.0132585,0.00815483,0.0151274,0.0252035,0.0183051,0.0128022,0.0209379,0.0254089
0.0355247,0.0257074,0.0127442,0.0107329,0.00797375,0.00459513,0.0104632,0.0186628,0.0141264,0.00906173,0.0103256,0.014281
0.0322615,0.0261305,0.0077085,0.00535508,0.00955168,0.00479263,0.00886758,0.0191104,0.0177079,0.0184689,0.0314948,0.0318125
0.0405709,0.0275677,0.0113556,0.00508357,0.00498489,0.00415756,0.00677573,0.0178655,0.00934755,0.0111579,0.0343496,0.0387823
0.0281456,0.0168041,0.00552683,0.00484699,0.00614284,0.00385648,0.00550445,0.0115874,0.0174308,0.0165674,0.0122847,0.0193289
0.0371631,0.0235402,0.0073783,0.00690498,0.0102415,0.0071507,0.00666892,0.0160415,0.016321,0.0181163,0.0139383,0.0217076
0.0370325,0.0187519,0.00400152,0.00350752,0.00461214,0.00348754,0.0106892,0.0309324,0.0293729,0.026243,0.0106778,0.020564
0.0250472,0.0169615,0.00461618,0.00330864,0.00354966,0.00263411,0.00614505,0.0189261,0.0174573,0.00505085,0.00782666,0.0124931
0.0364278,0.0272336,0.0076245,0.0042581,0.00342053,0.00426422,0.00456034,0.0101955,0.0105976,0.00505806,0.0119831,0.0170242
0.027164,0.0271175,0.0130803,0.00759538,0.00634696,0.0171607,0.0189242,0.0191545,0.0138863,0.0139563,0.0132872,0.0247354
0.0348995,0.0286087,0.00583441,0.00535617,0.0118741,0.0139632,0.0177386,0.0200998,0.011851,0.00413586,0.00448564,0.0152237
0.027349,0.0219272,0.00980437,0.022608,0.0166114,0.00805555,0.00680273,0.0119916,0.0112355,0.0121233,0.0106452,0.00925587
0.0238707,0.0226161,0.011035,0.0215859,0.0155289,0.00553653,0.00506961,0.0106473,0.0113634,0.0107362,0.00588705,0.00555763
0.0312731,0.0227986,0.0242506,0.0204399,0.00799625,0.00477819,0.00747096,0.0144396,0.0110146,0.0107889,0.0108735,0.0170445
0.0269113,0.0286432,0.0156416,0.0152082,0.00736461,0.00731952,0.010075,0.0194786,0.0142258,0.00651118,0.00940597,0.0109005
0.0325463,0.0213899,0.0173722,0.00649255,0.0055299,0.00658484,0.00993389,0.0114814,0.0107387,0.0134422,0.0099332,0.0249533
0.0554053,0.0432811,0.0191343,0.00793455,0.00433054,0.00377444,0.00210634,0.0101813,0.0101267,0.00517226,0.00818161,0.0237669
0.0291311,0.0188521,0.0048597,0.00566755,0.00368562,0.00254927,0.00588978,0.0142291,0.0128128,0.00830813,0.00866888,0.0169496
0.0226048,0.0147326,0.00701108,0.0065553,0.0086635,0.0100712,0.0123075,0.0174695,0.0128964,0.019882,0.0505465,0.0400026
0.0260422,0.0146279,0.00788237,0.00651833,0.00712895,0.0100912,0.010788,0.0108283,0.0116635,0.0141454,0.0240569,0.0225549
0.0290473,0.0148014,0.00817516,0.00764983,0.00964296,0.00518446,0.00444639,0.00929693,0.0160797,0.0213419,0.0105996,0.0213202
0.0267286,0.0175181,0.00880604,0.00749953,0.00752519,0.00445048,0.00494493,0.0095131,0.0161039,0.0333267,0.0218849,0.0152881
0.0267977,0.0170524,0.0105421,0.00587662,0.00723256,0.00568526,0.00655634,0.0113023,0.0188962,0.023323,0.0156581,0.0142995
0.0262933,0.0142983,0.0143626,0.00844518,0.00534768,0.00604371,0.0109891,0.0252396,0.0205956,0.0139093,0.0129829,0.0177194
0.0227908,0.0130558,0.00653302,0.00484602,0.00622723,0.00656015,0.0111651,0.0134872,0.0134871,0.0138469,0.0113075,0.0123339
0.0279615,0.0115038,0.00313934,0.00479434,0.0109796,0.0208916,0.0117366,0.00804484,0.00879409,0.0196071,0.0183664,0.0204231
0.0318447,0.0168114,0.0102738,0.00975182,0.00984173,0.0125697,0.00983232,0.0135468,0.0117872,0.00928816,0.0106931,0.0190524
0.0187848,0.0112996,0.0259791,0.0457134,0.0273752,0.0104228,0.0132302,0.0177763,0.0122675,0.0121884,0.0235749,0.0245467
0.0193318,0.0147888,0.0252398,0.0612701,0.0398966,0.0157918,0.00965021,0.0185505,0.0152773,0.0132788,0.0197041,0.0204812
0.0148844,0.0100026,0.024585,0.0357903,0.016255,0.0107132,0.00966242,0.0153317,0.0128932,0.0155374,0.0283975,0.0232191
0.00990118,0.00483645,0.0147497,0.033701,0.0197507,0.00348512,0.00496353,0.0083605,0.00710378,0.0115998,0.023359,0.0160138
0.00976,0.00739259,0.00883522,0.0171236,0.0109744,0.00579187,0.00915529,0.0146269,0.00884251,0.0107526,0.0162187,0.0092668
0.0160747,0.0116736,0.00592503,0.0191911,0.0174503,0.00730669,0.00583453,0.0156844,0.010808,0.0107265,0.0132077,0.0110529
0.00957614,0.0079367,0.010169,0.0162257,0.0109003,0.00806153,0.00889416,0.0160949,0.0127314,0.00841789,0.0153409,0.0125788
0.00588304,0.00347802,0.00988766,0.0199095,0.0142991,0.00770649,0.0059038,0.0120718,0.0111955,0.00636478,0.0066622,0.00713102
0.00449512,0.00637654,0.0136452,0.0158134,0.00941275,0.0112556,0.00792672,0.012807,0.00992525,0.00538283,0.00974504,0.00674107
0.00801548,0.00493193,0.0170436,0.0268864,0.0143832,0.0148992,0.0169274,0.00948155,0.00434768,0.00564597,0.00775062,0.00821249
0.00549388,0.00830284,0.0146092,0.0447388,0.0315315,0.0110853,0.0124602,0.0132471,0.00791399,0.0056437,0.014724,0.00938712
0.00846923,0.00918965,0.0183229,0.0360169,0.0220903,0.00840531,0.00616468,0.0090062,0.00784224,0.00283653,0.00803866,0.0066198
0.00492125,0.00388648,0.0138967,0.0318244,0.0200759,0.00589398,0.00610466,0.0130407,0.0101197,0.00596179,0.016791,0.0124802
0.00484474,0.00484321,0.0168187,0.0335159,0.0206303,0.00487103,0.0063511,0.00888106,0.00588494,0.00810878,0.0108504,0.00680303
0.00640138,0.00696386,0.0278268,0.0490401,0.028972,0.00765729,0.006059,0.00744926,0.00581448,0.00702803,0.012913,0.0102693
0.00844122,0.0108097,0.0136547,0.0271086,0.0180417,0.00615819,0.00395094,0.00856259,0.00614824,0.00668805,0.0200552,0.011281
0.0128134,0.0113906,0.0130078,0.0265625,0.0153156,0.00419801,0.00580304,0.00893985,0.00497682,0.00395119,0.0110141,0.00979468
0.0160198,0.00913035,0.00949886,0.0241174,0.0165396,0.00320263,0.00428452,0.00539915,0.00660053,0.00852658,0.011317,0.0130397
0.0192191,0.00987808,0.00891135,0.0197899,0.0115896,0.0075297,0.00663087,0.00782299,0.00865255,0.011519,0.0170318,0.0189248
0.0169127,0.0191604,0.0105737,0.0352983,0.0258336,0.00646047,0.00528712,0.0082089,0.00734692,0.00908377,0.0155769,0.014957
0.0110601,0.00948066,0.0170899,0.0357941,0.0283718,0.0118113,0.00802168,0.0113876,0.0192258,0.026195,0.0170064,0.00927426
0.00671904,0.00685575,0.0163216,0.0284392,0.0215867,0.00824576,0.0041912,0.0094372,0.010852,0.0233996,0.0217737,0.0122848
0.00828784,0.00940947,0.0151404,0.0220273,0.0147951,0.00801746,0.00734786,0.0131098,0.009388,0.0062753,0.0100564,0.00840447
0.00853923,0.00556028,0.0210784,0.042458,0.0276354,0.00785181,0.00617459,0.013719,0.0105142,0.00868012,0.0105309,0.008182
0.00683341,0.00946035,0.0178812,0.0336528,0.0242216,0.00836876,0.00585384,0.00944277,0.0110466,0.00807262,0.00910826,0.00829426
0.00362494,0.0065538,0.0154415,0.0274458,0.0206985,0.0139513,0.0118709,0.0101525,0.00768662,0.00807738,0.0113299,0.0074591
0.0112731,0.0104675,0.0120415,0.0260074,0.0178772,0.00649401,0.00621154,0.00772962,0.00507615,0.00869666,0.0111704,0.0109991
0.0066457,0.0113615,0.0213409,0.0428075,0.0263768,0.00945095,0.00648182,0.00881165,0.00639668,0.00690029,0.0102053,0.0100765
0.00641003,0.0103553,0.0196613,0.0374094,0.0273265,0.00732491,0.00855739,0.0133864,0.00903844,0.0108946,0.0140826,0.0127382
0.0139366,0.0187554,0.0260069,0.0300058,0.0141656,0.00679361,0.00555213,0.011177,0.0079876,0.00835479,0.0152704,0.0111699
0.0048945,0.0147321,0.0266226,0.0306311,0.0216189,0.00791791,0.004701,0.0104994,0.00872925,0.00735085,0.0137462,0.012415
0.00876168,0.00707959,0.0158818,0.0114273,0.0108987,0.00640202,0.00338445,0.00551624,0.00915008,0.0141328,0.011691,0.00987833
0.00577608,0.0176625,0.0190546,0.021566,0.0151258,0.00426133,0.00377001,0.00595703,0.00559952,0.00860118,0.0167656,0.0108671
0.0231975,0.0207622,0.019978,0.0261697,0.0109689,0.00678895,0.00641437,0.00831244,0.00608486,0.00663201,0.0143858,0.0122573
0.011131,0.0078158,0.0145726,0.0300227,0.0242728,0.00569173,0.00469865,0.00894609,0.00785687,0.00590313,0.0127561,0.0162812
0.00308036,0.00623936,0.0113434,0.0184594,0.0111387,0.00449182,0.00369718,0.00507985,0.00509162,0.00824231,0.0186051,0.0156108
0.00671228,0.00681404,0.0145077,0.0257722,0.0180629,0.00645137,0.00576803,0.00734374,0.00882391,0.0135323,0.0310785,0.0215017
0.00337327,0.00695943,0.0101991,0.0223509,0.014126,0.00709085,0.00742289,0.00806319,0.00942831,0.0161479,0.0223931,0.0163255
0.00692114,0.00418787,0.0142275,0.0225042,0.0149809,0.00490674,0.00658143,0.0117308,0.0147941,0.00902556,0.0156875,0.012204
0.00492885,0.00557175,0.0141347,0.0319646,0.0236329,0.00687239,0.00701455,0.017381,0.0200968,0.0122776,0.0107899,0.00795886
0.00560608,0.00535209,0.0083227,0.0127743,0.00786876,0.00610091,0.0103923,0.0120508,0.00901703,0.00558916,0.0067181,0.00796158
0.00586008,0.00360958,0.0104257,0.0222436,0.0157918,0.00529989,0.0177483,0.0227368,0.0143388,0.00940268,0.0132783,0.00978062
0.00266646,0.00462218,0.0101255,0.0234545,0.0135991,0.0156564,0.0278334,0.0110841,0.00645689,0.00941147,0.0142802,0.00944662
0.00499022,0.00615186,0.0191417,0.0370801,0.0273901,0.0114784,0.0127497,0.00888515,0.00656264,0.00539256,0.00969002,0.00878672
0.00361311,0.00278695,0.00855299,0.0157219,0.0215068,0.0158588,0.00943623,0.00777446,0.00543019,0.00935095,0.0113828,0.00838293
0.00583676,0.00722934,0.0123417,0.0217139,0.0175341,0.0062243,0.0106562,0.00786918,0.0056876,0.00833377,0.00834766,0.00929856
0.00481081,0.0134825,0.0294271,0.0379539,0.0221933,0.00614337,0.0074106,0.00494167,0.00399814,0.00447425,0.00814902,0.00778351
0.00735642,0.0064606,0.0238836,0.0336964,0.0241445,0.00990294,0.0140564,0.0140189,0.00695949,0.00834342,0.0111066,0.0121363
0.025957,0.0120778,0.0142032,0.0196953,0.018664,0.00703181,0.00655538,0.0109195,0.00686943,0.00913808,0.0119942,0.0210042
0.0207992,0.0228041,0.0081447,0.0118095,0.0085182,0.00572452,0.00349513,0.00636775,0.00497194,0.00458765,0.00757582,0.0125722
0.016384,0.0120906,0.0105153,0.01115,0.00947687,0.00569323,0.00530014,0.00956404,0.0078315,0.00774418,0.0202176,0.0193465
0.00907021,0.0055027,0.0153353,0.0229242,0.0117124,0.00668129,0.0097798,0.0082304,0.00647693,0.013882,0.0328445,0.0255075
0.011643,0.00754467,0.0131522,0.0230609,0.0169932,0.00790517,0.00628793,0.00709788,0.00622856,0.012817,0.0178995,0.0128188
0.00533547,0.00586961,0.0181792,0.0239119,0.0168624,0.0071666,0.00473373,0.00535195,0.0286255,0.0768934,0.0562744,0.0122221
0.00999924,0.0108114,0.0078595,0.0141421,0.0118784,0.00654648,0.00517538,0.00991934,0.0172384,0.0259528,0.0210848,0.0119236
0.00611935,0.00894036,0.0176335,0.0156952,0.00925676,0.010545,0.0189303,0.0226787,0.0245687,0.0216365,0.0129225,0.00743833
0.00497356,0.0104685,0.0247356,0.0183019,0.010215,0.00980981,0.0178326,0.0493304,0.0434576,0.0182489,0.0118197,0.00825703
0.00317364,0.00648348,0.0120037,0.00922899,0.00589817,0.00389741,0.0331414,0.0641828,0.0394536,0.0206766,0.0139786,0.00431505
0.00479766,0.00795081,0.0176136,0.0115809,0.0066047,0.00613359,0.0162595,0.0450303,0.0355055,0.0166306,0.0159757,0.0119964
0.00690957,0.00917363,0.0136941,0.00890946,0.00449623,0.00559114,0.0240331,0.0435459,0.0307685,0.0173075,0.0110723,0.00693224
0.00850859,0.00714859,0.0102938,0.0076984,0.00560861,0.00471532,0.0155972,0.0353103,0.0260426,0.0117761,0.00535296,0.00615472
0.0128358,0.0102012,0.0129126,0.0077402,0.00416556,0.00497178,0.017922,0.0305259,0.0225821,0.0126344,0.0081615,0.0114723
0.0070072,0.0047283,0.00767783,0.00645572,0.00383973,0.00499641,0.0198442,0.0448357,0.0339121,0.00958573,0.00745301,0.00806313
0.00663177,0.00486576,0.0128941,0.00907942,0.00318279,0.00289577,0.00923781,0.0329762,0.0293038,0.00783856,0.0165788,0.0159724
0.00484747,0.00897785,0.0126356,0.012135,0.00739205,0.00700688,0.017814,0.032247,0.0236096,0.0120671,0.00801921,0.00691941
0.00309021,0.00678244,0.0135047,0.00837635,0.00348188,0.00637832,0.0180784,0.0344559,0.0268299,0.0108749,0.00823428,0.0110946
0.00662265,0.00571462,0.00610615,0.00487609,0.00503522,0.00555592,0.0174511,0.0319455,0.0132949,0.00636124,0.00628656,0.00817628
0.00498724,0.0063099,0.0161021,0.00899375,0.00361155,0.0068728,0.0192082,0.0443703,0.0313549,0.00818161,0.0039154,0.00481281
0.00333496,0.00537788,0.00960372,0.00601753,0.00192964,0.00419046,0.0219383,0.0495308,0.0329052,0.00957146,0.00613571,0.00349308
0.00387974,0.0054676,0.00698325,0.00575534,0.00379829,0.00688028,0.0196727,0.0374941,0.0212317,0.00622374,0.00381142,0.00396533
0.00280852,0.00559078,0.0128685,0.00827134,0.0047141,0.0095168,0.0299106,0.048867,0.025496,0.00708681,0.00924103,0.00775372
0.00351006,0.00604942,0.0111394,0.00735052,0.0132716,0.00950522,0.0168319,0.0344336,0.0277664,0.01082,0.00737229,0.00796115
0.00338712,0.00379899,0.00428716,0.00524184,0.0074681,0.0043845,0.0217595,0.0515167,0.0344236,0.007832,0.00679091,0.00910332
0.0044424,0.00517815,0.0126846,0.00756288,0.00504708,0.00510169,0.0141465,0.0405509,0.0263812,0.00642649,0.00524459,0.00883912
0.00422506,0.00522549,0.0126831,0.0104511,0.00533433,0.00581463,0.0164006,0.0468362,0.0315209,0.00936507,0.00665208,0.00577541
0.00561016,0.00697394,0.0132857,0.00756348,0.00442088,0.00517701,0.0217515,0.0494906,0.0324868,0.0083377,0.00738343,0.0051695
0.00543174,0.00684748,0.00787099,0.00465039,0.00328848,0.00567176,0.016948,0.0430441,0.0318431,0.00838534,0.00414346,0.0069496
0.00496217,0.00455236,0.00478029,0.00270967,0.00213685,0.00385699,0.021568,0.0459889,0.0259983,0.00562194,0.00556128,0.00669909
0.0051861,0.00648921,0.00418873,0.0028472,0.0028081,0.00711725,0.0144539,0.0276149,0.0174168,0.00420533,0.00958989,0.011523
0.00409056,0.00493236,0.00813108,0.00484206,0.00352314,0.00365252,0.0158057,0.030403,0.0180943,0.00530267,0.00592634,0.00801131
0.00484193,0.00870192,0.00954502,0.00405561,0.00436621,0.0042194,0.0161256,0.0270155,0.0143415,0.0129275,0.00779538,0.00764705
0.00330476,0.00468256,0.00791568,0.00621644,0.00284795,0.00486788,0.017307,0.0292798,0.0189717,0.0078475,0.0054954,0.00495037
0.00326351,0.00881991,0.0269708,0.0233057,0.00547207,0.00177988,0.0152214,0.0295891,0.0162407,0.00373064,0.00389205,0.0049545
0.005074,0.0108566,0.0398675,0.0296318,0.00574697,0.00528794,0.0141311,0.0244731,0.0190984,0.0095404,0.007341,0.0105948
0.00387447,0.00524972,0.0137942,0.00986351,0.00283315,0.00439057,0.0242376,0.0450561,0.0237927,0.00734342,0.00654942,0.00911858
0.00378611,0.00424463,0.0107349,0.00752639,0.00326296,0.00460702,0.016656,0.0396072,0.0268559,0.00820049,0.0052652,0.00736531
0.00290084,0.00714917,0.0136506,0.00740061,0.00224919,0.00318152,0.0138884,0.0227073,0.01513,0.00551274,0.00413114,0.00398301
0.00314155,0.00561661,0.015849,0.00941965,0.000819338,0.00357072,0.01482,0.0299593,0.021321,0.0080705,0.0064407,0.00709721
0.00485275,0.00682645,0.0123711,0.00633909,0.00120309,0.00267817,0.012561,0.0234189,0.0130122,0.00361214,0.00542083,0.00689478
0.00414667,0.00588388,0.0147377,0.00931886,0.00231352,0.00292156,0.0157355,0.0323594,0.017553,0.00440836,0.00468896,0.00878571
0.00383522,0.00599213,0.0101058,0.00581572,0.0015058,0.00282841,0.0153909,0.0304125,0.0214576,0.00499454,0.00568197,0.00668799
0.00250468,0.00348714,0.00791048,0.0146444,0.0111718,0.00377162,0.016962,0.0364351,0.0251491,0.00850757,0.00905989,0.00724794
0.00323668,0.00457568,0.00927807,0.0208038,0.0136484,0.00675471,0.010739,0.0206245,0.0147264,0.0105129,0.0111101,0.00723661
0.00321045,0.00346745,0.00702861,0.0128831,0.00685855,0.003446,0.0131464,0.0391551,0.0298733,0.00818441,0.0110402,0.00584858
0.00431235,0.00324747,0.00704375,0.00649218,0.0048046,0.00343859,0.00970053,0.0346163,0.0250902,0.00385166,0.00557222,0.00930109
0.00617462,0.0033168,0.0089601,0.0123519,0.0081172,0.00443921,0.0115629,0.0341868,0.0225385,0.00681633,0.00917715,0.0106038
0.00618754,0.00465456,0.0103561,0.0127964,0.00780108,0.00413081,0.0119952,0.0315261,0.0204142,0.00551126,0.00464753,0.00859588
0.00677718,0.00961261,0.0104545,0.0053247,0.00385308,0.00349271,0.00870553,0.0244364,0.0207793,0.00610974,0.00496093,0.0111343
0.00434303,0.00586802,0.0151508,0.00915134,0.00263118,0.00358072,0.0135634,0.032448,0.0193584,0.00348971,0.00398524,0.0084255
0.0053177,0.00498945,0.00826155,0.00828263,0.00359289,0.00453513,0.0117058,0.0160225,0.0190754,0.0113371,0.00769757,0.00884269
0.00276525,0.00846249,0.0184376,0.0142343,0.00482764,0.00854199,0.0443522,0.049688,0.0195421,0.00629107,0.0041122,0.00624042
0.00393994,0.00970767,0.01727,0.0127356,0.00503846,0.00898281,0.0488232,0.0557134,0.0224759,0.00935594,0.00542632,0.00399994
0.00461279,0.00685572,0.0186798,0.0155526,0.00428299,0.0131402,0.0549393,0.0616428,0.0242262,0.00438849,0.0040513,0.00460652
0.00283322,0.00474352,0.00747974,0.00498274,0.0035681,0.00541626,0.0183797,0.0235938,0.0193968,0.00927797,0.00586584,0.00558852
0.00629935,0.00483156,0.00623763,0.00488718,0.0035628,0.00615268,0.028112,0.0436746,0.0220213,0.00839004,0.0120756,0.0158471
0.00532439,0.00440992,0.00784809,0.00729301,0.00363133,0.00573112,0.0212433,0.0382482,0.0274898,0.00604038,0.00503123,0.00679659
0.0032172,0.00596526,0.0154498,0.00934573,0.00206365,0.00416293,0.0198261,0.0560026,0.0325838,0.00509748,0.00499969,0.00616149
0.00201318,0.00587693,0.0115642,0.00668847,0.0018938,0.00339148,0.0132587,0.0372952,0.0223827,0.00335745,0.00366513,0.00767225
0.0063984,0.0062314,0.00351135,0.00499458,0.00383775,0.00515378,0.016176,0.0288424,0.0270746,0.0115308,0.00533405,0.00986132
0.0071544,0.0131409,0.0209535,0.0153062,0.00947778,0.0102981,0.0173539,0.0422495,0.0285572,0.00767529,0.00817302,0.0138609
0.00367617,0.00618603,0.0161273,0.0133244,0.00626923,0.00908989,0.0227045,0.0410337,0.0272619,0.00967811,0.00509623,0.0146395
0.00437482,0.00863058,0.0134926,0.0095709,0.00479987,0.00543886,0.0194724,0.046351,0.0296476,0.00542558,0.00556787,0.0105162
0.00494456,0.00387938,0.00690511,0.00637368,0.0045253,0.0042764,0.0143292,0.0325844,0.0222113,0.00461749,0.00313827,0.00766099
0.00263072,0.00425473,0.00749901,0.00581956,0.00377818,0.00335189,0.0154555,0.0372867,0.0230723,0.00507437,0.0061212,0.0102013
0.00386022,0.00672516,0.0109938,0.006818,0.00270071,0.00363608,0.0182729,0.0374878,0.0233909,0.00784718,0.00472884,0.0058723
0.00283453,0.007406,0.0135394,0.00862614,0.0022997,0.00341815,0.0155398,0.0341696,0.0188353,0.00608403,0.00493778,0.00656908
0.00278919,0.00569158,0.0162196,0.0117148,0.00395997,0.00281749,0.0176271,0.044148,0.0295055,0.00873631,0.00636707,0.00882674
0.00368915,0.00619585,0.00722264,0.00380698,0.00322987,0.0044095,0.00778832,0.0125552,0.0137995,0.00789392,0.00376062,0.00257103
0.00286766,0.00486423,0.00839705,0.00516168,0.00564308,0.0145316,0.0164088,0.0318318,0.0239891,0.00925732,0.00499042,0.00473933
0.00646711,0.00868005,0.019986,0.0131463,0.0104756,0.0142924,0.0180117,0.0354962,0.0222753,0.00886234,0.00781192,0.0124367
0.00229493,0.0054505,0.0120455,0.00721135,0.00808714,0.0195117,0.0189763,0.0339893,0.0264461,0.00793575,0.00219722,0.00373496
0.00242255,0.00341356,0.007322,0.00436091,0.0049533,0.0105283,0.0144306,0.0263449,0.0221655,0.00762876,0.00506552,0.00506889
0.00349632,0.00337973,0.00956818,0.00580957,0.00438659,0.00871707,0.0199928,0.038083,0.0204584,0.0046799,0.00434256,0.00830142
0.00141665,0.00268617,0.00652486,0.00455078,0.0034565,0.00748418,0.0142701,0.024209,0.0154233,0.00380731,0.00298758,0.004035
0.00445022,0.00237252,0.0057951,0.00429692,0.00105815,0.00331275,0.0125036,0.0278512,0.0165815,0.0040602,0.00630807,0.0118021
0.00348953,0.00393422,0.00721302,0.00290899,0.00164615,0.00271902,0.00890313,0.0206023,0.0160879,0.00591718,0.00296471,0.00553495
0.00196368,0.00178749,0.00848801,0.00898561,0.00455952,0.00394491,0.00709198,0.0149324,0.0120436,0.00383024,0.00427107,0.00426856
0.00572865,0.00817991,0.0143637,0.00777654,0.00890709,0.00693327,0.009467,0.0278767,0.0194986,0.00830059,0.00805102,0.00981453
0.00557307,0.00894844,0.0195316,0.0132098,0.00514864,0.00430303,0.00701567,0.0187387,0.0185064,0.00638114,0.0058359,0.00899034
0.00364207,0.0040888,0.00985521,0.00897335,0.00526347,0.00286191,0.00566106,0.0168505,0.0148893,0.00386925,0.00484287,0.00748694
0.00372779,0.00246699,0.00667192,0.00468621,0.00228925,0.00277653,0.00709244,0.0157525,0.0101088,0.00451638,0.00406858,0.00547213
0.00120877,0.00561187,0.0117458,0.00764116,0.00217032,0.00225883,0.00747376,0.0195437,0.0119876,0.0037343,0.00227782,0.00431312
0.0029573,0.00241903,0.00663256,0.00548024,0.00170309,0.000986098,0.00926546,0.0170481,0.00999199,0.00356545,0.00361977,0.00452232
0.00737899,0.00236378,0.0079643,0.00460497,0.00146398,0.00176556,0.0110983,0.0231189,0.0130659,0.00308892,0.00913814,0.0180501
0.00525261,0.00478464,0.0101076,0.00620476,0.00229699,0.00276548,0.00878299,0.0109566,0.0104017,0.00403666,0.00717389,0.0113466
0.00223319,0.00799677,0.0204434,0.0128449,0.00270815,0.00244287,0.00656829,0.0213234,0.0158311,0.00477353,0.00442624,0.00255456
0.00191866,0.0113016,0.0322555,0.0206417,0.00293754,0.0060561,0.0111225,0.0178314,0.0140872,0.0100029,0.00498277,0.00177834
0.0028857,0.00826153,0.0148258,0.00905187,0.00296609,0.00439435,0.0138241,0.0278911,0.0246653,0.00755582,0.00304389,0.00293827
0.00177021,0.0057251,0.0155574,0.0104606,0.00271154,0.00383668,0.0150174,0.0341266,0.0235688,0.0040141,0.00355619,0.00350214
0.00344634,0.00715822,0.0143703,0.00723286,0.00205178,0.00283749,0.0123234,0.0319108,0.0217528,0.00557725,0.00344746,0.0053926
0.00753674,0.0097102,0.0148925,0.00938024,0.00359281,0.00413187,0.0137083,0.0332734,0.0222574,0.00694301,0.00450055,0.00776326
0.00427449,0.00429611,0.00904488,0.00599089,0.00133341,0.00163111,0.0129229,0.0285431,0.0214602,0.00633141,0.00674129,0.008754
0.00513859,0.00404704,0.0120591,0.00944743,0.00277963,0.00287547,0.0153443,0.0381321,0.0233922,0.00604046,0.00717874,0.0127833
0.00537194,0.00355537,0.0115453,0.00816262,0.00190449,0.00249921,0.0139449,0.0316525,0.0207935,0.0034083,0.00813168,0.0154116
0.0039641,0.00971183,0.0218021,0.0153643,0.0116572,0.00923498,0.0111981,0.030462,0.0347526,0.0182818,0.0120114,0.00983352
0.00565149,0.00794594,0.0207177,0.0294931,0.0223918,0.010632,0.0199055,0.0436468,0.0317321,0.00682635,0.0110263,0.0129385
0.00555554,0.00607756,0.0133297,0.0109944,0.00990339,0.00619524,0.0193637,0.0325325,0.0203012,0.00682145,0.00866809,0.00954915
0.00401749,0.00443283,0.015778,0.0195655,0.0137942,0.00555226,0.0181592,0.0496998,0.0382605,0.00933276,0.00687778,0.0124759
0.00233795,0.00455456,0.0112572,0.0121472,0.00710568,0.00516875,0.0136588,0.039398,0.0246978,0.00578419,0.00426751,0.00617519
0.00483688,0.00690217,0.0143776,0.0115844,0.00479948,0.00269804,0.0166894,0.0456975,0.0394136,0.014292,0.00553207,0.00667145
0.00302911,0.00208074,0.00522299,0.00686888,0.00505977,0.00487554,0.0148377,0.0272874,0.0333667,0.013181,0.00364275,0.00578906
0.00642225,0.00542778,0.011632,0.00689911,0.00309789,0.00275349,0.0163524,0.05792,0.045845,0.0116271,0.00721515,0.0130713
0.00313844,0.00759901,0.020451,0.011629,0.00407591,0.00304947,0.0134636,0.0364352,0.0281192,0.0075108,0.0067777,0.00708695
0.00796293,0.0114862,0.0262798,0.0210257,0.00989821,0.0168466,0.0465886,0.0481199,0.028955,0.00981219,0.00816026,0.0114911
0.00614674,0.00961586,0.0252588,0.014342,0.00356858,0.0162062,0.0474391,0.0555137,0.0366933,0.0121817,0.00808925,0.0102615
0.00481168,0.00972633,0.0148441,0.00904659,0.00579388,0.0115012,0.0348817,0.054977,0.0379031,0.00923389,0.00575795,0.010276
0.00395367,0.00539777,0.0178212,0.0133859,0.00594782,0.0102866,0.0308129,0.0499317,0.036474,0.00793183,0.00583958,0.0121022
0.00287444,0.0056353,0.0156108,0.0102307,0.00434439,0.00480433,0.0113339,0.0515373,0.0482649,0.0106347,0.00358906,0.00538426
0.00449474,0.00496803,0.0080126,0.00593045,0.00234969,0.00402793,0.0263965,0.0727546,0.0602268,0.0152293,0.00487562,0.00852844
0.00612569,0.00965213,0.0293389,0.0192293,0.00206758,0.00287199,0.0138406,0.0396376,0.0263033,0.00734353,0.00625275,0.0160668
0.00329648,0.0095594,0.0290326,0.0209727,0.00474345,0.00277748,0.017445,0.0498667,0.0337565,0.0108718,0.00388018,0.0134989
0.00459758,0.00751491,0.0104929,0.00757294,0.00569194,0.00599653,0.0148756,0.0301981,0.0295156,0.00916003,0.00592684,0.00825304
0.00892271,0.0117275,0.0259109,0.020448,0.00738452,0.0140501,0.0244215,0.0671519,0.049296,0.0137971,0.00549241,0.0121291
0.00547765,0.0062625,0.0218034,0.017604,0.00979287,0.0115052,0.0207746,0.0453272,0.0381937,0.0152118,0.00708997,0.011056
0.0028573,0.00582143,0.0152776,0.00885833,0.00405066,0.0068066,0.0168108,0.0360616,0.0254768,0.00523697,0.00361341,0.00785347
0.00844891,0.00842194,0.0140804,0.0090214,0.00415218,0.00510748,0.0124392,0.0313202,0.0208758,0.0109854,0.00668493,0.0120404
0.00331275,0.00744471,0.0206042,0.0122659,0.00239901,0.00465523,0.014283,0.0383519,0.02679,0.00753087,0.00618163,0.0107976
0.00697773,0.00616473,0.0110579,0.00918331,0.00390781,0.00443811,0.0148649,0.023449,0.0189962,0.00686386,0.00392034,0.00679155
0.00442539,0.00610761,0.0131001,0.0103923,0.00372978,0.00393014,0.0178118,0.0444585,0.0296647,0.00565462,0.0045945,0.00924944
0.00544807,0.00785195,0.0137451,0.00820962,0.00404879,0.00748018,0.0120889,0.024817,0.0229871,0.00799084,0.00510981,0.00789089
0.00347799,0.00601896,0.0138326,0.0126845,0.0129019,0.0286128,0.0246509,0.0314365,0.0184861,0.00778339,0.00693857,0.00959981
0.00453121,0.00665836,0.0204135,0.0132528,0.0102044,0.021775,0.0226563,0.0280904,0.0204952,0.0101587,0.00469212,0.0108252
0.00318542,0.00554854,0.00972381,0.00727119,0.00850136,0.0188987,0.0326391,0.0533649,0.0301633,0.00904881,0.0115501,0.00996441
0.00323478,0.00502234,0.0147976,0.0079807,0.00813625,0.0128852,0.0221523,0.0457456,0.0280251,0.00646547,0.00593611,0.00903833
0.00685925,0.00786693,0.0108441,0.00522943,0.00411367,0.00868783,0.0192492,0.0337397,0.0182325,0.00564547,0.00639326,0.00936759
0.00384383,0.00501353,0.0109405,0.00814954,0.00449491,0.00928302,0.0203823,0.036637,0.0303389,0.0116151,0.00712303,0.00737604
0.00277919,0.00562854,0.0137499,0.00976354,0.0026565,0.00255851,0.0103887,0.0297937,0.0200954,0.00384531,0.00185987,0.00623823
0.00281376,0.00402998,0.0124653,0.0081447,0.00315717,0.00675607,0.0123646,0.0289542,0.0210122,0.00659182,0.00457677,0.00697315
0.00491464,0.0076324,0.0110216,0.00764769,0.00258171,0.00387865,0.0147322,0.028401,0.0198174,0.0150856,0.0069086,0.00578594
0.00226004,0.00344618,0.011823,0.0114644,0.00529445,0.00473054,0.0143902,0.0254989,0.0140818,0.00536764,0.00615074,0.00491502
0.00561515,0.00790682,0.0104926,0.00954076,0.00480328,0.00730513,0.0148898,0.023011,0.0122784,0.00574193,0.00634036,0.00701276
0.0039618,0.00530112,0.00930418,0.0132027,0.00704321,0.00409359,0.0166524,0.0385184,0.0270296,0.00580502,0.00564702,0.00579362
0.00397072,0.00743833,0.0143255,0.0102485,0.00387462,0.00317563,0.0109973,0.0231411,0.0157744,0.00478305,0.00518548,0.00784544
0.00188125,0.00656492,0.0140318,0.00994521,0.0038203,0.00389244,0.0176218,0.0402252,0.0256782,0.00686556,0.00432718,0.00509916
0.00336619,0.00360497,0.00658872,0.00709839,0.00344225,0.00243657,0.0101799,0.0181993,0.01013,0.00713965,0.00498435,0.00451693
0.00393252,0.00529952,0.0106299,0.00360169,0.00302132,0.00319556,0.0136677,0.0267282,0.0143996,0.00464692,0.00559445,0.0101192
0.00199632,0.00219534,0.00845788,0.00532368,0.00190086,0.00232364,0.00937108,0.0182322,0.0179263,0.00595064,0.00447481,0.0065974
0.00564458,0.00917577,0.0153337,0.011624,0.00479053,0.00286145,0.00837268,0.0231118,0.0157645,0.0121284,0.00756359,0.00372961
0.00354204,0.0122887,0.0369412,0.0270229,0.00700349,0.00916124,0.0125554,0.0292191,0.0241105,0.0134089,0.00964417,0.00521275
0.00527423,0.00765906,0.0221392,0.015278,0.00423254,0.00589718,0.0194633,0.0324429,0.0164452,0.00602754,0.00837836,0.0134
0.00334687,0.00915335,0.0349416,0.0241245,0.00400113,0.00476539,0.0165637,0.031095,0.0182982,0.00633812,0.00532963,0.00660263
0.00252122,0.0113725,0.0371546,0.0270183,0.00583647,0.00434581,0.0113248,0.032722,0.0198995,0.00836617,0.00512309,0.00671769
0.00234452,0.00926813,0.0221152,0.0137548,0.00219324,0.00300022,0.0118115,0.021451,0.0146009,0.00751669,0.006853,0.00332028
0.00411805,0.00973641,0.0183549,0.00823512,0.00397587,0.00472518,0.014774,0.0297461,0.0232656,0.0166681,0.0110598,0.00484283
0.00140717,0.00488214,0.0103035,0.00829472,0.00612981,0.00471125,0.0122021,0.0234744,0.0207495,0.0168883,0.0134317,0.00749993
0.0102006,0.00535861,0.0113528,0.00682109,0.00157587,0.00246041,0.00783082,0.014781,0.0116981,0.0101628,0.0219391,0.016752
0.00813566,0.00935151,0.00946773,0.00552464,0.00111036,0.00322065,0.00654902,0.0114313,0.00717609,0.00806237,0.0186759,0.0146917
0.00824948,0.00612063,0.00685154,0.00379734,0.00146864,0.0023979,0.00515339,0.00949277,0.00646621,0.00866585,0.0120941,0.0066332
0.0372884,0.0253922,0.00498856,0.00530945,0.00219906,0.00326502,0.0058381,0.0107618,0.00758271,0.00714409,0.00702576,0.0103659
0.0137365,0.00578227,0.0114626,0.00659327,0.00340932,0.00187844,0.00494228,0.006467,0.00533498,0.00771226,0.00733878,0.00949564
0.014298,0.011913,0.0141087,0.00656171,0.00213098,0.00159489,0.00353867,0.0062764,0.00432815,0.00819034,0.00501452,0.00593463
0.00384059,0.00457779,0.0142168,0.0118511,0.00478639,0.00289559,0.00407459,0.00669152,0.00756043,0.0084466,0.00511422,0.00377507
0.00922012,0.00377077,0.0121226,0.00958143,0.0133275,0.00275049,0.00701581,0.00693861,0.00598291,0.00617729,0.00526741,0.00495101
0.00830363,0.00784909,0.00846464,0.0088453,0.007448,0.00562795,0.00828349,0.00498312,0.00316073,0.00751178,0.00833165,0.00778604
0.00509211,0.00565728,0.0116645,0.00932205,0.00353546,0.00658738,0.0205384,0.0176779,0.00531433,0.00444115,0.00548127,0.00339822
0.00346544,0.0051159,0.00582937,0.00390642,0.00209547,0.00920715,0.0244487,0.017586,0.00611438,0.00184055,0.00216108,0.00307611
0.00561074,0.00192595,0.00911673,0.00998409,0.00561594,0.00191531,0.0112429,0.0211104,0.010962,0.00448444,0.0100291,0.00937142
0.00470486,0.00470986,0.00559385,0.00513132,0.00402123,0.00221995,0.00548473,0.00592795,0.00558899,0.00671623,0.0061546,0.00533898
0.0043065,0.0032053,0.00347309,0.00480394,0.00280489,0.00207682,0.00763659,0.0119396,0.00662589,0.00692606,0.00621307,0.00338824
0.00206615,0.00182917,0.00229762,0.00341515,0.00298956,0.0025646,0.00400196,0.00332498,0.00583952,0.0130305,0.00721937,0.0060694
0.004349,0.0041824,0.00295581,0.0038337,0.00235352,0.00259309,0.00458184,0.0067075,0.00448941,0.00810382,0.0109483,0.00852653
0.00135191,0.00373263,0.00430598,0.0017719,0.00152837,0.0016223,0.00203982,0.00419441,0.00704291,0.0124225,0.00658712,0.00647736
0.00347352,0.00282748,0.00328968,0.00207822,0.00125773,0.00144913,0.00602229,0.0107939,0.00644562,0.00446237,0.0185607,0.0141557
0.00285719,0.00270974,0.0019241,0.00112865,0.0013055,0.00125338,0.00346354,0.00533274,0.00526058,0.00947927,0.00936478,0.00483704
0.00521274,0.00205745,0.00126352,0.000707113,0.000814935,0.000683824,0.00423147,0.00619083,0.00321123,0.00796133,0.00619071,0.0064017
0.00357051,0.00217898,0.00247762,0.00128475,0.0014283,0.00292479,0.00325496,0.0107923,0.00755487,0.0117852,0.0107454,0.00464971
0.00291925,0.000939989,0.00230914,0.00171689,0.00300231,0.00934633,0.00774836,0.0141081,0.0136836,0.00499801,0.00671824,0.00629867
0.00243035,0.00153239,0.00175114,0.0012411,0.00437147,0.0136126,0.0114903,0.0133906,0.00690693,0.0093231,0.0061124,0.00291807
0.00142405,0.00161857,0.00271596,0.00471043,0.00420092,0.0115199,0.0102026,0.00787451,0.00461963,0.00412721,0.00489598,0.0022349
0.000795165,0.00177432,0.00494974,0.00541064,0.00813536,0.0130401,0.00884207,0.00467979,0.00730792,0.00861987,0.00471225,0.00657113
0.00221999,0.00304743,0.00855997,0.0122885,0.00671473,0.00227699,0.0027373,0.00217438,0.0022387,0.00327845,0.00317548,0.0029193
0.00190372,0.00377883,0.00499028,0.00477593,0.00955313,0.00932064,0.00609215,0.00426605,0.00621839,0.00746527,0.00526074,0.00339199
0.00728925,0.00625058,0.0113137,0.00803521,0.00439581,0.00530994,0.00502548,0.00434397,0.00390924,0.00612589,0.00356106,0.00456281
0.0314753,0.0247493,0.0173873,0.0135935,0.00431164,0.007684,0.0053518,0.00281642,0.00270571,0.00430973,0.00392225,0.0141812
0.0342332,0.0301155,0.0167659,0.00916617,0.00398198,0.00510166,0.00343151,0.00291119,0.00434174,0.00737735,0.00736733,0.014664
0.088866,0.0664516,0.0116263,0.00365501,0.00319801,0.00241831,0.00219718,0.00683522,0.00760692,0.00808042,0.0153885,0.0356229
0.022443,0.0105895,0.00329532,0.00360993,0.00357744,0.00280672,0.00227554,0.00378389,0.00473086,0.00563612,0.0132542,0.0139682
0.0170954,0.00572697,0.00429453,0.00469502,0.0051524,0.00711395,0.00542922,0.00296238,0.00449041,0.0108153,0.0225025,0.027623
0.0213198,0.0148255,0.00590493,0.00382114,0.00357851,0.00351227,0.00456262,0.00344495,0.00585662,0.00741992,0.0203932,0.0216198
0.0116611,0.00753215,0.00439684,0.002445,0.00217189,0.00337564,0.00610491,0.0134302,0.0240445,0.0216357,0.0101829,0.00615529
0.00620295,0.00541405,0.00468391,0.00207271,0.00254323,0.0037671,0.00452497,0.00840337,0.0144451,0.00782669,0.00812247,0.00812819
0.007699,0.0104335,0.0062901,0.0029414,0.00239272,0.00379001,0.0059205,0.0167909,0.0191248,0.0164326,0.00726252,0.00584927
0.0040482,0.00560007,0.00368215,0.00365101,0.00171318,0.0051148,0.0116261,0.0171838,0.0121048,0.00518576,0.00439727,0.0025633
0.0111818,0.0140767,0.00747942,0.00361337,0.00274634,0.00415313,0.00584683,0.00815871,0.00681095,0.00723362,0.00573024,0.0075257
0.00932654,0.00974544,0.00520764,0.00521184,0.00465899,0.00797232,0.013984,0.0114372,0.00478684,0.00526855,0.00793857,0.00721177
0.00756797,0.00702938,0.00450367,0.00464729,0.00549933,0.00514454,0.00617298,0.00758836,0.00487178,0.0027326,0.00825416,0.0104587
0.0051657,0.00432121,0.00497028,0.00629102,0.0108304,0.00918116,0.00832394,0.00873394,0.00711142,0.00327671,0.00803468,0.00936032
0.00566304,0.00560985,0.00471076,0.00221307,0.0025667,0.00364905,0.00715654,0.00471266,0.00402002,0.00252269,0.00369609,0.00505858
0.00820599,0.0160631,0.0250554,0.0119117,0.00317363,0.00368572,0.00368191,0.00377455,0.00410385,0.00798975,0.00574286,0.0045887
0.0220249,0.0183426,0.0182482,0.0083561,0.00393223,0.00555396,0.00812757,0.00806493,0.00572635,0.00642775,0.00998301,0.0192607
0.047801,0.0284908,0.0118637,0.00499484,0.0032429,0.00472198,0.00439666,0.00443104,0.0068968,0.0087211,0.0147933,0.0259618
0.0545489,0.0369224,0.0125435,0.00387459,0.00575196,0.00751361,0.00695168,0.0136909,0.0134343,0.0101439,0.0211198,0.0282514
0.0178221,0.0107928,0.0112024,0.00562054,0.00792073,0.0201744,0.0174938,0.0112852,0.00936904,0.0269131,0.0565761,0.0390844
0.0137812,0.0148982,0.0209629,0.0100723,0.0100461,0.0217205,0.0168081,0.0132499,0.013257,0.0264889,0.0556834,0.0302023
0.0120389,0.0105046,0.00930759,0.00714927,0.011195,0.0160758,0.0130088,0.0144379,0.0100822,0.0180017,0.037757,0.021694
0.00915336,0.0102651,0.0134733,0.00766117,0.00646296,0.00765283,0.00949139,0.0185846,0.0159151,0.0186931,0.0354691,0.0290646
0.00798352,0.00886059,0.0105071,0.0049621,0.00797882,0.0145314,0.0199916,0.0228214,0.0115712,0.0208297,0.0239972,0.0120482
0.00975228,0.00716466,0.00684508,0.00509561,0.00733331,0.0178519,0.0155248,0.0245305,0.015065,0.019126,0.02656,0.0177347
0.0051446,0.00517765,0.0103799,0.00545268,0.00599793,0.0186717,0.018248,0.0165598,0.0158743,0.0204086,0.0235542,0.0126585
0.0119819,0.00702545,0.0114522,0.0109785,0.0119569,0.0165845,0.0198324,0.0223684,0.0208005,0.0187465,0.0177772,0.0175078
0.00679518,0.00851986,0.015572,0.00972574,0.00776716,0.0156121,0.0199735,0.0218685,0.0271671,0.0281034,0.0244748,0.0180826
0.0108777,0.00746371,0.0101902,0.0047165,0.00499382,0.0131241,0.0136522,0.0190783,0.012299,0.0270897,0.0331384,0.0223718
0.00643621,0.00789335,0.0111528,0.00700142,0.0101641,0.0188613,0.0232264,0.0239715,0.0181222,0.0107656,0.0290653,0.0211565
0.00719039,0.00621892,0.0124986,0.00815211,0.00863386,0.00892469,0.00855375,0.0147765,0.0146677,0.0117612,0.0170383,0.0158914
0.00659204,0.00755084,0.0119029,0.00856851,0.00714402,0.00820066,0.0142889,0.0255969,0.0159607,0.0190482,0.0238068,0.0114431
0.0061675,0.00369803,0.0119436,0.00943628,0.00426582,0.0113797,0.0207006,0.0222532,0.0137555,0.0245729,0.0333802,0.016223
0.00599781,0.00880164,0.0190573,0.0108712,0.00618941,0.0150524,0.0137731,0.0119053,0.0101989,0.0207415,0.0397902,0.0244822
0.00595232,0.00694724,0.00604371,0.00583206,0.00891762,0.0101067,0.0104969,0.0140776,0.0106248,0.0166451,0.0187586,0.0100193
0.00555163,0.00507197,0.0130078,0.00943754,0.0104705,0.0155205,0.0145672,0.0203181,0.0141303,0.0123414,0.013949,0.0140745
0.00662567,0.00808309,0.0106158,0.00677127,0.0120787,0.0148152,0.0139659,0.0225941,0.0158555,0.0170266,0.0310108,0.0203004
0.00973852,0.00724724,0.0112859,0.00765798,0.0052396,0.00972412,0.0126209,0.0222546,0.0172431,0.0125472,0.0212331,0.0174421
0.00701865,0.0075326,0.0166039,0.00991917,0.00811293,0.0122818,0.0110798,0.0212625,0.015806,0.0134924,0.0194586,0.0154457
0.00588727,0.00537895,0.00986202,0.0063273,0.00553993,0.00899351,0.0109298,0.0175777,0.0130773,0.0117423,0.0128319,0.014441
0.00638013,0.00510596,0.0085224,0.00587319,0.00730025,0.0143084,0.0155867,0.0148162,0.0148634,0.0100313,0.0169307,0.0139246
0.00550137,0.00748794,0.0118816,0.00920165,0.00921594,0.0131773,0.00716537,0.0178836,0.0164134,0.0114082,0.0176802,0.0118985
0.00558441,0.0051427,0.0088842,0.00577243,0.0094846,0.0159382,0.0108962,0.0134234,0.0159374,0.0148873,0.0244994,0.0173348
0.00594205,0.00434892,0.00714802,0.00820479,0.00693999,0.00561769,0.0128585,0.0201224,0.00932111,0.00964733,0.0157857,0.0118522
0.00793749,0.00885781,0.0094234,0.00587879,0.00501381,0.00691718,0.00944123,0.017093,0.0122365,0.0029149,0.0105924,0.010847
0.00873499,0.0186273,0.0269982,0.0107955,0.0112468,0.013285,0.00992867,0.0088547,0.0126656,0.0162314,0.010302,0.0109113
0.0121502,0.0243904,0.0434011,0.0336824,0.0116246,0.013803,0.0125543,0.0077142,0.011438,0.0120763,0.0102345,0.00855903
0.00489694,0.0177571,0.03436,0.0392769,0.0262197,0.0102246,0.0103627,0.0118934,0.0121971,0.0153274,0.034864,0.0249853
0.00587266,0.0156141,0.0127893,0.0199773,0.0122359,0.00552875,0.00566829,0.00782583,0.00727312,0.0123956,0.0204888,0.0127523
0.0056036,0.0111785,0.0171073,0.00500515,0.00706854,0.00654379,0.00843974,0.0100507,0.00855554,0.0127184,0.0101549,0.00622227
0.00415526,0.0173858,0.0297145,0.0116237,0.00710674,0.00506375,0.00607936,0.00447843,0.00459562,0.00836316,0.0110557,0.00809189
0.00318424,0.00940446,0.0192967,0.010974,0.00597839,0.00715701,0.00917836,0.00662237,0.00542017,0.0109332,0.0106427,0.00594355
0.00430086,0.0117116,0.0238742,0.0160443,0.00285312,0.00691998,0.0185089,0.0126992,0.00625642,0.00517461,0.00318057,0.0043691
0.00231587,0.00904964,0.017074,0.0115916,0.00761619,0.00648381,0.00968922,0.00656174,0.00361558,0.00515147,0.00426234,0.00354169
0.00346646,0.00684533,0.0118663,0.00654504,0.00334279,0.00330141,0.00547224,0.00454782,0.00264352,0.00390807,0.00298609,0.00351552
0.00200202,0.00521617,0.0102681,0.00696234,0.00542554,0.00382734,0.00586242,0.00596337,0.00253028,0.00437308,0.00412686,0.00262098
0.00231755,0.00369163,0.00926088,0.00661475,0.00306233,0.00194887,0.00258096,0.00641198,0.00377619,0.00391642,0.00471803,0.00432482
0.00136891,0.00375169,0.00721699,0.00452834,0.00250361,0.00313865,0.00754226,0.00896867,0.00475286,0.00411851,0.00358479,0.00282398
0.00132309,0.0017156,0.00461221,0.0024265,0.00200218,0.00432768,0.0120389,0.00985295,0.00354134,0.00273914,0.0039445,0.00236788
0.0020186,0.00436551,0.00421767,0.00336685,0.00128404,0.00273618,0.00641623,0.00425357,0.00496892,0.00492603,0.0031544,0.00146143
0.00151696,0.00322095,0.00554315,0.00463941,0.00542318,0.0030866,0.00408486,0.00622323,0.0268321,0.0487653,0.0221995,0.00277172
0.00126466,0.00147802,0.0028964,0.00180074,0.00276621,0.00182644,0.002933,0.00262287,0.019432,0.0418939,0.019769,0.00202985
0.00139848,0.00342019,0.00719187,0.00517053,0.00280481,0.00180462,0.00603133,0.00850395,0.00748703,0.013053,0.0067211,0.00229846
0.00138951,0.00281732,0.00616223,0.00312593,0.00209627,0.00154891,0.00600927,0.00842143,0.00980391,0.0103378,0.00620914,0.00254519
0.00257623,0.00275579,0.00508043,0.00285017,0.0017251,0.00465424,0.00450657,0.00622541,0.00734903,0.0113231,0.0230963,0.0161934
0.00140279,0.00171289,0.00423187,0.00236605,0.00161773,0.00265719,0.00445415,0.00354977,0.00373727,0.0115545,0.0200239,0.00824504
0.00149244,0.00111265,0.00341167,0.00320304,0.00340305,0.00275215,0.00255989,0.00574632,0.0193681,0.0627966,0.0360787,0.00499126
0.00131746,0.00198161,0.0037756,0.00225195,0.00163417,0.00179271,0.00174995,0.0027699,0.0222223,0.0439355,0.024815,0.00548698
0.0271785,0.0240025,0.00545739,0.00160663,0.00166591,0.00123664,0.00291003,0.00547329,0.0109834,0.0168766,0.0101715,0.00800509
0.0348415,0.0214935,0.00382524,0.00187502,0.00118494,0.000492106,0.00219995,0.00482646,0.00491079,0.00872242,0.00730129,0.0117766
0.00902768,0.00599404,0.00467633,0.00201388,0.00135141,0.00222582,0.00245744,0.00300201,0.00772487,0.0186388,0.0275884,0.0246712
0.00897373,0.00204998,0.00372066,0.00191364,0.0012088,0.00215521,0.00219343,0.00264307,0.00182454,0.0117635,0.036489,0.0263369
0.00675764,0.00697219,0.0138599,0.00892146,0.00218127,0.00235579,0.00173509,0.00298854,0.00249475,0.00831882,0.012101,0.0150616
0.0061627,0.00733653,0.0218196,0.0146027,0.00247662,0.00210475,0.00230755,0.00250811,0.00110178,0.00549364,0.0118401,0.0115572
0.0026793,0.0150017,0.0223753,0.00816434,0.00120432,0.00211714,0.00195188,0.00094285,0.00462243,0.00856918,0.0104248,0.00976017
0.0258015,0.0159034,0.00467119,0.00412876,0.00114357,0.00151521,0.00143619,0.00377946,0.00504681,0.00581962,0.0032843,0.00702075
0.0188623,0.0166041,0.0100306,0.00466644,0.000870521,0.000586038,0.0010783,0.00206347,0.00225927,0.0029491,0.0032789,0.00845104
0.00444378,0.00478883,0.00549585,0.0142263,0.0101259,0.00152459,0.00100042,0.00134451,0.00248797,0.00639903,0.0116553,0.00864048
0.00412208,0.0028196,0.00666732,0.0148468,0.0102235,0.0015274,0.000745123,0.000760538,0.00192467,0.00475483,0.00917097,0.00949694
0.00323608,0.00365446,0.0198703,0.0242359,0.00888501,0.000811729,0.000744392,0.000471737,0.00104378,0.00311091,0.00634726,0.00535544
0.00387684,0.00690498,0.00689584,0.0127753,0.00566896,0.00195234,0.00296248,0.00258193,0.00215913,0.00254063,0.00396237,0.00319369
0.00191245,0.00140724,0.00238893,0.00255176,0.00141261,0.00261097,0.0161457,0.0158997,0.00348627,0.00352962,0.00451202,0.00227479
0.00138273,0.0022021,0.0060999,0.00516101,0.00197884,0.0038907,0.020937,0.0182156,0.00266087,0.00128679,0.00361393,0.00332277
0.00175021,0.00170286,0.0036373,0.00324244,0.00310146,0.00726901,0.0167412,0.0138276,0.00357061,0.00313556,0.00442487,0.00592153
0.00168587,0.00141701,0.00296765,0.00168018,0.00402245,0.00272676,0.00976667,0.00733614,0.00202722,0.00427476,0.00328492,0.00284504
0.00249006,0.00319378,0.00440491,0.0032724,0.00373836,0.00324205,0.0140883,0.0154302,0.0054782,0.00172605,0.00272704,0.0033609
0.00102222,0.00115705,0.00172931,0.00200883,0.00158209,0.00178506,0.00362365,0.00601096,0.00520882,0.00124521,0.00220654,0.0020488
0.000854733,0.00111903,0.00216882,0.00220138,0.00110537,0.00143997,0.0051798,0.0103307,0.00622059,0.00115509,0.00164575,0.00189262
0.0011692,0.000758946,0.00221262,0.00175506,0.000835454,0.00476159,0.0196413,0.0160937,0.0042123,0.00174292,0.00151851,0.00185154
0.00101826,0.000783244,0.0019578,0.0022871,0.00196197,0.00312562,0.00600355,0.00844174,0.00314521,0.000723496,0.00110571,0.00154043
0.00224697,0.00172112,0.000977001,0.0010024,0.000880613,0.00380138,0.0112771,0.00839227,0.00756458,0.0182164,0.0115268,0.00258718
0.000693901,0.000809643,0.0022046,0.00152493,0.000979407,0.00286512,0.0127204,0.0110914,0.00570858,0.0221457,0.012637,0.00210613
0.00135219,0.00145381,0.000627218,0.000502704,0.000660597,0.00107643,0.00247078,0.0108316,0.0113936,0.0114575,0.0071654,0.00188639
0.000689896,0.000784945,0.00198763,0.00156437,0.00111952,0.00149603,0.00560066,0.0164917,0.0149819,0.011763,0.00541728,0.00115347
0.00167512,0.000844832,0.00136985,0.000657507,0.000623396,0.00131325,0.00510439,0.00570768,0.0051182,0.00784117,0.00762029,0.00323115
0.00251903,0.00107713,0.00143501,0.00103137,0.000884582,0.00132835,0.00321947,0.00475444,0.00471926,0.00929121,0.0266058,0.0177472
0.00162775,0.000503222,0.000559071,0.000824164,0.000793267,0.000668678,0.00183574,0.0035922,0.00117979,0.00677647,0.0240929,0.0157506
0.000996435,0.000375186,0.000637884,0.000929101,0.000731027,0.00127869,0.00343098,0.00519871,0.00284996,0.0137482,0.0132764,0.00787039
0.000772368,0.000496088,0.000783821,0.000397687,0.000522715,0.000935097,0.00214358,0.00228343,0.00474059,0.0119562,0.00757807,0.00341524
0.00339539,0.00406249,0.0034018,0.00286411,0.000991277,0.00152329,0.00250559,0.00280112,0.00707305,0.0151193,0.00982584,0.00208552
0.00444149,0.00361432,0.0046976,0.013289,0.00850753,0.00266323,0.00396332,0.00670995,0.00800471,0.0116962,0.016442,0.0112337
0.00470348,0.00247365,0.00742373,0.0163592,0.011417,0.00171105,0.00286371,0.00725656,0.00464594,0.00617664,0.0183565,0.0161164
0.00276139,0.00844382,0.0219214,0.0133519,0.00294693,0.00276448,0.00767461,0.00985818,0.00766002,0.013213,0.0102515,0.00237779
0.00159995,0.00949247,0.021975,0.0115,0.00310698,0.00107659,0.00458773,0.00897175,0.00491262,0.00902531,0.00831972,0.00303549
0.00390905,0.00884046,0.0137948,0.0109592,0.00397705,0.00191318,0.00248165,0.00400877,0.00241947,0.00542314,0.00486864,0.00325786
0.00152143,0.00358559,0.00493654,0.00303771,0.00202648,0.00376985,0.00968139,0.00660519,0.00343447,0.00426063,0.00483733,0.00306159
0.00142358,0.00292491,0.00470577,0.00380652,0.00188943,0.00525825,0.0179166,0.0112931,0.00337995,0.0050832,0.00484002,0.00240822
0.00137614,0.00172654,0.00301137,0.0027067,0.00525536,0.0033362,0.00569425,0.00384255,0.00297583,0.00282613,0.0034907,0.0010208
0.00211955,0.0017972,0.00352138,0.0036328,0.00417966,0.00187303,0.00240716,0.00198647,0.00172441,0.0023964,0.00304515,0.0037336
0.00101988,0.00272826,0.00425537,0.0023507,0.00223591,0.00135449,0.00347689,0.00234439,0.00165823,0.00172628,0.00121199,0.0012566
0.000767935,0.00356066,0.0057579,0.00275767,0.00172933,0.000990403,0.00388243,0.00570822,0.00186551,0.00147324,0.0014156,0.00079766
0.000747335,0.00244981,0.00468002,0.00199994,0.00112108,0.00143969,0.00639005,0.00655785,0.00204583,0.00249308,0.0026047,0.00159759
0.000932595,0.00209742,0.00374286,0.00170907,0.000869782,0.0042438,0.0113949,0.00624399,0.00146952,0.0020531,0.0030613,0.00223634
0.0010157,0.00281602,0.00293979,0.0011078,0.00131872,0.00270488,0.0071877,0.00492479,0.00152433,0.00117664,0.0011857,0.00106563
0.000641696,0.00188627,0.00312101,0.00245369,0.00231988,0.00177982,0.00409181,0.00658778,0.022915,0.0365965,0.0155728,0.00155565
0.000522793,0.000915556,0.00181667,0.0015447,0.00217988,0.00185551,0.0029521,0.00273963,0.0242574,0.043637,0.0162284,0.00125665
0.000500403,0.00137109,0.00408621,0.00286277,0.00141018,0.00103235,0.00214559,0.0104696,0.00859241,0.0116748,0.00379655,0.00209458
0.000778275,0.00188172,0.00311686,0.0018197,0.00149471,0.00106146,0.00241907,0.0034062,0.00543149,0.0118146,0.00621823,0.00117324
0.00244145,0.0039046,0.00693116,0.00391505,0.00114206,0.0013728,0.00426026,0.00422326,0.00730556,0.0124506,0.0165699,0.00869156
0.00108252,0.00136112,0.00404394,0.00247867,0.00347583,0.00786728,0.00556703,0.00457614,0.00248545,0.00991118,0.0182502,0.00696705
0.00057813,0.00119948,0.00301077,0.00301352,0.0071158,0.00504252,0.00452164,0.00400855,0.0247481,0.0596861,0.0346414,0.00578506
0.0010852,0.00142375,0.0024419,0.00203465,0.00316494,0.00182672,0.00204246,0.00302167,0.0238432,0.0673325,0.0394436,0.00537417
0.0107788,0.00789333,0.00311584,0.00160236,0.00232613,0.00206592,0.00398314,0.0033469,0.00488635,0.0219667,0.0170266,0.00904377
0.0389161,0.0306597,0.00553616,0.00203616,0.00146364,0.00114668,0.00182656,0.00752648,0.0130313,0.0275996,0.016275,0.0119582
0.0216472,0.0151717,0.0104092,0.00491661,0.00131292,0.00174354,0.00192669,0.00131509,0.0103566,0.0290631,0.0195736,0.0209958
0.00750972,0.00623542,0.00997533,0.00477009,0.00150953,0.00198361,0.00286798,0.00256706,0.00476137,0.0119022,0.0305081,0.0271505
0.0046504,0.00620531,0.00776778,0.00388515,0.00173775,0.00183818,0.00164454,0.00142545,0.00476968,0.01853,0.0251958,0.0141774
0.00552113,0.00844726,0.0222861,0.0164368,0.00248481,0.0034033,0.00405411,0.00300667,0.00428821,0.0117834,0.0170767,0.0137219
0.00314557,0.00267534,0.0167943,0.0118338,0.000915476,0.00218688,0.00309651,0.00276592,0.00498433,0.00949254,0.00388718,0.006492
0.00238626,0.0140645,0.0213732,0.00980442,0.00170056,0.00133185,0.00209169,0.00124818,0.00496248,0.00892252,0.00589922,0.00596192
0.0229352,0.0144233,0.00798812,0.00561727,0.000897718,0.000960403,0.001546,0.00458358,0.00417763,0.00520117,0.00801076,0.0115465
0.00751618,0.00779791,0.00949939,0.00519256,0.000933413,0.0008244,0.00176236,0.00189723,0.00201151,0.00530585,0.00497942,0.00377398
0.00301049,0.00317407,0.00775329,0.016347,0.0101959,0.000957642,0.00071642,0.000834859,0.00164328,0.00409246,0.00467543,0.00315789
0.00381825,0.00353117,0.00703204,0.0118485,0.00708254,0.00100359,0.00121198,0.00100399,0.00171246,0.00235985,0.00212842,0.00360667
0.00265758,0.00620011,0.0229937,0.0224812,0.00769042,0.000977818,0.000842527,0.00100973,0.00215502,0.0048605,0.00697198,0.0041037
0.00234398,0.00577524,0.0167999,0.0116154,0.00350503,0.000502843,0.000395094,0.000770635,0.00216053,0.00639726,0.0080649,0.00468151
0.00242272,0.00500256,0.00576199,0.00375253,0.00152875,0.00318446,0.00877507,0.00573136,0.00172892,0.00234266,0.00261523,0.00204909
0.00192749,0.00297088,0.00721456,0.00439647,0.000912086,0.00482444,0.0204629,0.0157393,0.00278266,0.00432323,0.0035593,0.00268937
0.000558447,0.001663,0.00361506,0.00330321,0.00111618,0.006239,0.0175586,0.0121128,0.00258548,0.00277527,0.0037353,0.0032289
0.00242074,0.002323,0.00375216,0.00272945,0.00915451,0.00778939,0.0137051,0.0104147,0.00225487,0.00144725,0.00242957,0.00632933
0.00074804,0.00148226,0.00325367,0.00610669,0.010578,0.00675284,0.0120719,0.00933803,0.00151031,0.00170251,0.00285453,0.00519305
0.00135146,0.00133185,0.00207913,0.00429459,0.00714202,0.00545676,0.00785326,0.00581899,0.00146906,0.00149106,0.00089853,0.00329675
0.00277297,0.00168857,0.002343,0.00379162,0.00543544,0.00220733,0.00241555,0.0133454,0.0139444,0.00472669,0.00268106,0.00243991
0.00126575,0.00098063,0.00240243,0.000388752,0.0028606,0.00180733,0.00265594,0.00981902,0.00769372,0.00120409,0.0016501,0.00268438
0.0013013,0.000555176,0.000964328,0.000999642,0.00102077,0.00143446,0.00411595,0.0204206,0.0155797,0.00224453,0.00105269,0.00120801
0.00134274,0.0011491,0.00069272,0.000734727,0.00193206,0.00361424,0.00897846,0.0170982,0.0102708,0.00228008,0.000823413,0.00130595
0.000611165,0.0010309,0.00214778,0.00200549,0.0012647,0.00277256,0.00849217,0.00943596,0.00588102,0.00128842,0.000601523,0.00101345
0.000884655,0.000442134,0.000994698,0.000590997,0.00136547,0.00197037,0.0119117,0.0156792,0.00879061,0.00189169,0.000743416,0.000804358
0.00271127,0.00230084,0.00205117,0.000900568,0.00159559,0.001663,0.00491772,0.00618782,0.0076054,0.0114717,0.00701995,0.00352479
0.00129478,0.0014363,0.001661,0.000894943,0.00115211,0.00202304,0.01022,0.00767241,0.00325077,0.0295999,0.029227,0.00636539
0.000930958,0.000599023,0.000827769,0.000499255,0.000910095,0.00176722,0.00706423,0.00712053,0.0095578,0.0302639,0.0191881,0.002463
0.000588256,0.000680458,0.000936422,0.00102544,0.000616497,0.000903582,0.00414159,0.0100942,0.0167994,0.0109069,0.00976335,0.00178093
0.000661619,0.000469105,0.000578644,0.000542865,0.000476295,0.00108263,0.0044873,0.0145263,0.0126281,0.0118979,0.00769998,0.00156291
0.000598199,0.000536819,0.000604617,0.000325727,0.000312032,0.000566864,0.00290265,0.0117362,0.00659306,0.00552056,0.00412408,0.000766611
0.00101918,0.000921409,0.00100533,0.000977444,0.000930186,0.000609235,0.00106199,0.00440663,0.00514912,0.00475261,0.0033699,0.000792948
0.00374772,0.00110655,0.00232076,0.00207187,0.00237554,0.00171036,0.00243504,0.00338505,0.00722612,0.00805822,0.0103654,0.0121433
0.00342214,0.000685055,0.000653972,0.00107396,0.00168894,0.00150815,0.00326441,0.0042775,0.00201447,0.0102867,0.0422935,0.0300618
0.00301633,0.000647219,0.000618983,0.000363371,0.000581338,0.000793571,0.00365728,0.00359979,0.00263905,0.00795425,0.0344383,0.0246342
0.00148712,0.000749797,0.000706479,0.000397043,0.000425309,0.000497622,0.00297685,0.00436399,0.00330647,0.00728335,0.0272506,0.0180922
0.000901765,0.000294752,0.000403504,0.000404372,0.0004381,0.000428004,0.000787278,0.00159558,0.00179156,0.00477936,0.0127704,0.00938906
0.00106929,0.000326339,0.00021045,0.000261549,0.000485777,0.000490236,0.00113165,0.00153278,0.00207205,0.00728332,0.017107,0.00973333
0.000545566,0.00045745,0.000474769,0.000378103,0.000463553,0.000284202,0.000671368,0.000539873,0.00261126,0.0122399,0.0096525,0.00398792
0.000590996,0.000450918,0.000257886,0.000325337,0.00049535,0.000459763,0.00106322,0.00272414,0.00810464,0.0425123,0.0340007,0.00500408
0.000562676,0.000333738,0.00024587,0.00025303,0.000266933,0.000270478,0.000743496,0.00138548,0.00757305,0.0199208,0.00979164,0.00160315
0.000582346,0.000749908,0.00118253,0.000400574,0.000412178,0.000292055,0.000693043,0.00133239,0.00324973,0.00714435,0.0101729,0.00541804
0.000691929,0.000465805,0.000387691,0.00063592,0.0015135,0.00183107,0.00238114,0.00217368,0.00444411,0.0103876,0.00441005,0.00373803
0.00037686,0.00080555,0.000974774,0.00141844,0.00172475,0.00203297,0.00156921,0.00144058,0.00188089,0.00683993,0.00728002,0.00299031
0.000910435,0.000845899,0.000691772,0.000594195,0.000658822,0.00103701,0.0018522,0.0019085,0.00202492,0.00542965,0.00570389,0.00278812
0.00109882,0.000849654,0.000839261,0.000605967,0.000851649,0.000788167,0.00116086,0.00166231,0.00264571,0.0072299,0.00518479,0.00171776
0.000442908,0.00047216,0.000582144,0.000494076,0.000456381,0.000512943,0.000695687,0.000855548,0.00148275,0.00297421,0.00321661,0.00144163
0.00503812,0.00675332,0.00748205,0.00442805,0.00337509,0.00338761,0.0046602,0.00481958,0.00406422,0.00354969,0.00446758,0.006847
0.00436608,0.0133927,0.0242581,0.0154854,0.00764885,0.0070388,0.0110164,0.00966477,0.010041,0.0211912,0.01334,0.00673532
0.00376752,0.0172436,0.0333038,0.0224874,0.00808155,0.00582753,0.0104594,0.00995483,0.0169933,0.0274792,0.0158639,0.00336533
0.00635628,0.0119183,0.0254826,0.0123394,0.0113828,0.0110868,0.0137107,0.0106584,0.0109697,0.0187008,0.0102356,0.00557354
0.00313809,0.013145,0.0368253,0.0285868,0.0118058,0.0129604,0.0141836,0.00978953,0.00870152,0.0125676,0.00663578,0.00633044
0.00896966,0.0251983,0.0430298,0.0242275,0.0102477,0.0102164,0.00974924,0.00904529,0.00820985,0.0118635,0.00652286,0.00632855
0.00669412,0.0213858,0.0455647,0.0235197,0.00914445,0.00581579,0.009494,0.0112571,0.0174816,0.0275168,0.0167701,0.0129425
0.0137993,0.0215475,0.0378249,0.0238246,0.0075195,0.00824169,0.010734,0.0141963,0.0154594,0.023813,0.0149123,0.0123524
0.0143524,0.0209411,0.0456354,0.032752,0.0111822,0.00939259,0.00962211,0.0142059,0.0130394,0.0139948,0.0126954,0.0112221
0.0205619,0.0288926,0.0472919,0.0276672,0.00955545,0.00854042,0.0104912,0.0132593,0.0150524,0.0194518,0.0203792,0.0113706
0.0140073,0.0202655,0.0284293,0.0189563,0.0136287,0.0097032,0.0123622,0.0158466,0.0127599,0.0253432,0.0181234,0.0143883
0.0126377,0.0230227,0.0475325,0.0287738,0.00882769,0.00700147,0.00978647,0.0132033,0.0157636,0.0189948,0.0174921,0.0138104
0.00754906,0.0226325,0.0300202,0.0123363,0.00496151,0.00800838,0.0100622,0.0105198,0.0129327,0.024387,0.0208481,0.00839601
0.0106686,0.0204166,0.0407033,0.0240047,0.00776485,0.00903612,0.00994071,0.0118678,0.00846355,0.0191813,0.0223367,0.0143942
0.00833537,0.0271121,0.0416836,0.0190616,0.00941229,0.0113225,0.0152401,0.0126752,0.0146477,0.0173698,0.0135939,0.0106942
0.00941824,0.0233573,0.0346252,0.0168514,0.0095781,0.0076932,0.0103858,0.0122646,0.0150513,0.021629,0.0204305,0.0101831
0.013042,0.0247866,0.0320535,0.0188173,0.0082568,0.00626358,0.00915084,0.0146247,0.0142232,0.0180031,0.0150587,0.00894219
0.00580141,0.0213506,0.027761,0.0194287,0.00800352,0.0047017,0.0116445,0.0214211,0.0217234,0.0182516,0.0111632,0.0103072
0.0053887,0.00640332,0.0319008,0.0277966,0.0126952,0.00542017,0.0100898,0.0159394,0.0160328,0.0147104,0.0193013,0.0149053
0.00684502,0.0166569,0.0305279,0.0173824,0.0112519,0.0259504,0.0297967,0.0132764,0.0173031,0.0215201,0.0188657,0.0113258
0.00697886,0.0194352,0.0271429,0.015619,0.010562,0.0232445,0.0311138,0.0223696,0.0177979,0.0176826,0.0153911,0.0094415
0.00990355,0.00832799,0.0160611,0.017489,0.0148724,0.017675,0.0195143,0.0246973,0.0226077,0.0203143,0.0143969,0.0111125
0.0065724,0.024912,0.0540453,0.0328662,0.0170714,0.0137281,0.0176746,0.0171416,0.00737109,0.0142296,0.00831733,0.0081999
0.00615233,0.0180374,0.0403418,0.0272071,0.0104293,0.0070549,0.0163006,0.0186654,0.0095372,0.00975216,0.00660789,0.00700868
0.0109476,0.020245,0.0359344,0.0268624,0.0194666,0.0172164,0.0179218,0.0141984,0.0106154,0.0142608,0.00930457,0.0109731
0.0079774,0.0133278,0.0244103,0.0139183,0.00914379,0.0171968,0.0230864,0.0175647,0.0101515,0.012745,0.00900828,0.00996356
0.00882105,0.0145657,0.0242617,0.0183751,0.0166443,0.0102102,0.0135822,0.0180311,0.0136537,0.0132047,0.014632,0.0149783
0.00913257,0.0206391,0.0228216,0.0143304,0.0164025,0.0212559,0.0188172,0.0169992,0.0127765,0.0175828,0.0303842,0.0180671
0.00986619,0.0191059,0.027519,0.0166151,0.0160227,0.0178843,0.0173986,0.0208388,0.0267199,0.0345475,0.0308658,0.0221924
0.010477,0.0189327,0.0258352,0.0149916,0.0138585,0.0234079,0.020755,0.0190318,0.0266393,0.030414,0.0188481,0.0161968
0.0108686,0.011726,0.0185943,0.0107473,0.018756,0.0317503,0.0185605,0.0161847,0.0166936,0.0174968,0.0198828,0.0186234
0.00681115,0.0135832,0.025717,0.0142786,0.00879703,0.0152093,0.020262,0.0145499,0.0135731,0.0144359,0.0156178,0.0190755
0.0140234,0.00821197,0.0102865,0.00904822,0.0151911,0.021112,0.0139193,0.0192634,0.0209016,0.0179968,0.0222903,0.0215817
0.00499119,0.00814395,0.019753,0.0145775,0.0136392,0.0229255,0.0152634,0.0116936,0.0160485,0.0219759,0.0242277,0.0166633
0.00774358,0.0134857,0.0162018,0.0112496,0.0126246,0.0135786,0.0123593,0.0125376,0.0168191,0.0241578,0.031221,0.0225018
0.0044508,0.00544271,0.0113142,0.00792611,0.0160486,0.0300403,0.019866,0.0227687,0.0182037,0.0239499,0.0314112,0.0190021
0.0060117,0.00610324,0.00682771,0.00507864,0.0133739,0.0145931,0.0106142,0.0131779,0.0150421,0.0127895,0.0125692,0.013993
0.00664659,0.0128004,0.0291121,0.0186689,0.00736039,0.00990467,0.0209061,0.030456,0.0168338,0.0106638,0.0155512,0.017338
0.00803147,0.0142319,0.0289787,0.014664,0.00563471,0.0105715,0.0173963,0.022398,0.0160124,0.0209777,0.0183954,0.0156249
0.00624055,0.0150618,0.0234297,0.0122295,0.0112177,0.0181402,0.0131527,0.0133431,0.013872,0.0183059,0.017019,0.0145375
0.00779234,0.0132966,0.020929,0.0110482,0.00383689,0.00886587,0.00809014,0.0102784,0.00659208,0.0168704,0.0201992,0.017901
0.0105138,0.0119651,0.0167175,0.00727249,0.0106937,0.0177894,0.0157172,0.0177651,0.0191297,0.0332965,0.0333553,0.0258406
0.00597761,0.00486472,0.00764786,0.00791117,0.00820524,0.0133907,0.0167067,0.0187631,0.0209873,0.0331671,0.0467463,0.0229864
0.00774416,0.00637068,0.0115321,0.00669481,0.0082271,0.0170336,0.017212,0.0181634,0.0164535,0.0184903,0.015084,0.0139792
0.00793603,0.00866925,0.00912676,0.00438575,0.00693186,0.011444,0.014829,0.014737,0.0119988,0.0131641,0.015912,0.0172474
0.00459905,0.0101429,0.0160901,0.00883791,0.00635155,0.010107,0.0132939,0.0130751,0.00845259,0.00883464,0.0129102,0.0110102
0.00467287,0.0101183,0.0179552,0.00921852,0.00526902,0.00834263,0.0121337,0.0220291,0.0135883,0.00802767,0.0120004,0.0147591
0.00611261,0.0102823,0.014451,0.00514071,0.00366349,0.0067576,0.0109348,0.0122867,0.0129728,0.012539,0.0139293,0.0117457
0.00786353,0.0144701,0.0188069,0.0093639,0.00901019,0.0183124,0.0168671,0.0118567,0.0129098,0.021229,0.0179667,0.0123522
0.00447828,0.0128613,0.0179144,0.00909671,0.00680054,0.011423,0.0105651,0.0134277,0.0146742,0.0156882,0.0111346,0.00661015
0.00587889,0.0113804,0.018355,0.00864322,0.00901719,0.0189264,0.0156734,0.0114552,0.0106324,0.0168671,0.0174895,0.0093524
0.00303576,0.0114853,0.0194819,0.00965515,0.0083462,0.0137763,0.0107814,0.0125518,0.0101505,0.0155807,0.0189254,0.0130812
0.00553202,0.0078512,0.0114994,0.00732381,0.00944159,0.0150172,0.0167855,0.0182147,0.00922816,0.0128016,0.0137527,0.00760455
0.00316112,0.00555655,0.00960269,0.00830427,0.00721939,0.0100234,0.00845264,0.00984995,0.0127578,0.0209848,0.0208395,0.0130863
0.00900136,0.0110776,0.0119029,0.0070701,0.0069885,0.00961635,0.0118726,0.0138347,0.0185677,0.0251746,0.0160964,0.0126284
0.0127448,0.0131545,0.012202,0.0149819,0.0147531,0.00987787,0.0124427,0.0232646,0.0162139,0.0130322,0.0134932,0.011069
0.012797,0.011448,0.0162175,0.0108593,0.0103035,0.0118191,0.00974272,0.0165619,0.0139652,0.0210687,0.0138133,0.00857691
0.0121912,0.0120959,0.00770181,0.00454188,0.00370563,0.0052919,0.00930655,0.0180826,0.0138843,0.00880657,0.00958539,0.00830714
0.00875883,0.00578641,0.00608863,0.00497566,0.00732117,0.00624243,0.00715354,0.00825321,0.00377169,0.00432963,0.00745801,0.00828744
0.00978014,0.00712436,0.00694082,0.00452517,0.00863896,0.00560515,0.00538591,0.00793561,0.00923364,0.0092865,0.00667472,0.00750444
0.0109536,0.00868707,0.00788622,0.00496402,0.00427585,0.00318562,0.00483097,0.00672759,0.0119637,0.0182734,0.010201,0.00990647
0.0132348,0.0101835,0.00633488,0.00426359,0.0065045,0.0056121,0.00601107,0.0124685,0.00984692,0.00948247,0.006323,0.00924418
0.00727675,0.00652934,0.00511645,0.00471783,0.00478945,0.0036156,0.00503326,0.00924334,0.0087584,0.00641168,0.00517821,0.00714505
0.0121419,0.01069,0.00622741,0.00538146,0.00606365,0.00713039,0.00593408,0.0127388,0.00680621,0.00794439,0.00641883,0.00908345
0.0101145,0.0114658,0.00611412,0.00399629,0.00439278,0.00260272,0.00606584,0.0165241,0.0122274,0.0077255,0.00741134,0.00856507
0.010144,0.0102871,0.00628488,0.00337849,0.00416799,0.00232022,0.00523308,0.012437,0.0089795,0.0113583,0.00870416,0.00644445
0.00656769,0.00665663,0.00603196,0.00448383,0.00354868,0.00229507,0.00534216,0.00668795,0.00805514,0.00620407,0.00713682,0.00872765
0.00575239,0.00518496,0.00483789,0.00229627,0.00315174,0.0035386,0.00590952,0.0101293,0.00489799,0.0100118,0.00746433,0.00532012
0.00468385,0.00359313,0.00654061,0.00512855,0.00517866,0.00386113,0.00728173,0.00883823,0.00563312,0.0101186,0.00951932,0.00530536
0.0112464,0.00691843,0.00679465,0.00356661,0.002762,0.00176024,0.00582918,0.0100586,0.00683342,0.00694039,0.00462842,0.00843933
0.00794914,0.00613453,0.00607121,0.00240676,0.00242886,0.00151572,0.00531789,0.0121822,0.00646823,0.00620655,0.00531725,0.00737225
0.00629906,0.00506861,0.00322106,0.00278608,0.00491683,0.00484304,0.00263409,0.00624287,0.00669964,0.00917371,0.00671684,0.00443323
0.00760103,0.00483773,0.00476059,0.00425826,0.00278091,0.00371898,0.00589906,0.00573645,0.00517327,0.00687825,0.00644745,0.00665547
0.00923256,0.00874921,0.00813833,0.00556828,0.00268239,0.00292165,0.00481594,0.0101286,0.00929194,0.0108821,0.00738159,0.00945259
0.00866692,0.00504786,0.00452788,0.00865386,0.00736998,0.00392724,0.00658159,0.00694254,0.0094529,0.0144373,0.00822242,0.00921013
0.0093836,0.00576146,0.00663284,0.00586896,0.00511453,0.00237134,0.00567912,0.0107302,0.00917317,0.0152851,0.00970328,0.00840105
0.01052,0.00549744,0.00502542,0.00472975,0.00483608,0.0026654,0.00600022,0.0129065,0.0094171,0.00485725,0.00416457,0.00950585
0.0127485,0.00773081,0.00513258,0.00484323,0.00634266,0.00411485,0.0069375,0.0124911,0.00658403,0.012721,0.0127309,0.0127218
0.0105531,0.00886131,0.00490362,0.0028743,0.00565654,0.00349393,0.00438408,0.00753608,0.00412932,0.00568598,0.00468363,0.00717568
0.00815569,0.00755122,0.00572576,0.00359026,0.0053364,0.00419692,0.006471,0.0093813,0.00507361,0.00634029,0.0055723,0.00740508
0.00788256,0.00890369,0.00779187,0.00338089,0.00569018,0.00293848,0.0073442,0.0140283,0.00881043,0.00567398,0.00510037,0.00680285
0.00656442,0.0119401,0.00886369,0.00623331,0.00715446,0.00776159,0.00836263,0.0134373,0.0144332,0.0228361,0.0144236,0.00783543
0.00550737,0.0115575,0.012746,0.00746526,0.00488611,0.00588519,0.0133397,0.0132143,0.00708568,0.0128568,0.00769505,0.00435994
0.0040111,0.00624599,0.00731482,0.0065861,0.00711219,0.00717665,0.010132,0.00865968,0.00585334,0.0144235,0.0111359,0.00453242
0.00470508,0.0115334,0.0132497,0.00663323,0.00499172,0.00943361,0.0170497,0.0127964,0.00719114,0.010643,0.00783929,0.00467541
0.00427701,0.00788833,0.00980313,0.00484043,0.00337352,0.00523089,0.00672649,0.00571554,0.00412471,0.00949019,0.00633375,0.00393111
0.00389578,0.0104473,0.00969516,0.00564122,0.005957,0.00442015,0.00901559,0.00856514,0.0074346,0.0138808,0.0102624,0.00404
0.00406143,0.00974397,0.0115606,0.00701806,0.00613164,0.00567914,0.00732866,0.00347573,0.00709849,0.0128426,0.00842286,0.00302443
0.00486178,0.00935201,0.00965899,0.00595634,0.00571939,0.00570398,0.00934891,0.00670713,0.004309,0.00899305,0.0111586,0.00586061
0.00380439,0.0115887,0.0149257,0.00771334,0.00437116,0.00450213,0.00672221,0.00592239,0.0077658,0.0150616,0.0118551,0.00357291
0.0029897,0.00444911,0.00833659,0.00733661,0.00377943,0.00513379,0.0122182,0.00831555,0.00707905,0.0144007,0.0094841,0.00444453
0.00431197,0.00762506,0.00995712,0.00734139,0.00685781,0.00616624,0.00634392,0.00492794,0.00552132,0.0132771,0.00971645,0.0035362
0.0043941,0.00974172,0.00913199,0.00406117,0.00653972,0.00646956,0.00808613,0.00525412,0.00482714,0.00967218,0.00666341,0.00317831
0.00336234,0.00957447,0.0121335,0.00392226,0.00604756,0.00584693,0.0103657,0.00810257,0.00362069,0.00655722,0.00495656,0.00378549
0.00382715,0.00866113,0.00961987,0.00664475,0.0060714,0.00618009,0.00803275,0.00620199,0.00723897,0.0108067,0.00808371,0.00461791
0.0052453,0.0112663,0.0135775,0.00855353,0.00827849,0.00443428,0.00769819,0.00533001,0.0054887,0.0119075,0.00967718,0.00463781
0.00254138,0.00557518,0.0147614,0.00866546,0.00692564,0.00599923,0.00525399,0.00377534,0.00465804,0.00487374,0.00439469,0.0030192
0.00447841,0.010222,0.0135831,0.0072489,0.00656497,0.00575241,0.00824155,0.00800574,0.0101519,0.0136242,0.00796384,0.00357472
0.00449172,0.00921291,0.012538,0.00866684,0.00321257,0.00332982,0.00462884,0.00351926,0.00925598,0.0179557,0.00973885,0.00246295
0.00631823,0.0108385,0.0121539,0.00555656,0.00329139,0.00509097,0.00897191,0.00657523,0.00559311,0.0138768,0.00945435,0.00371358
0.00502215,0.00871173,0.0114314,0.00613354,0.00609311,0.00211968,0.00762595,0.00637765,0.00530382,0.00862077,0.00469693,0.00307176
0.00402008,0.00952663,0.00945821,0.0043547,0.0034177,0.00319297,0.00605125,0.00428163,0.00876366,0.01468,0.00745362,0.00221231
0.00343417,0.00793347,0.0118505,0.00803002,0.00486226,0.00347847,0.00703315,0.00427292,0.00627467,0.0102704,0.0046346,0.00197894
0.00416944,0.0102623,0.0132781,0.00596206,0.00244236,0.00395776,0.00572622,0.0057594,0.00710052,0.012566,0.00693673,0.0024724
0.00274818,0.00679732,0.0114969,0.00699475,0.00283746,0.00319994,0.00663993,0.00465668,0.00596204,0.0107381,0.00636037,0.00327294
0.00417517,0.00798895,0.00881679,0.00438681,0.00399059,0.00355708,0.00439206,0.003952,0.00528251,0.00753657,0.00735331,0.00535178
0.00577978,0.00663437,0.00657236,0.00675584,0.00578296,0.00384345,0.00448184,0.00412018,0.00696072,0.011858,0.00625369,0.0077787
0.00620803,0.00830602,0.00670898,0.00432409,0.00622916,0.00628246,0.0075754,0.011535,0.0119555,0.0120533,0.0124262,0.00887419
0.00575364,0.00963862,0.00870909,0.00560133,0.00603966,0.00506232,0.0118433,0.01725,0.0152785,0.0139599,0.00789098,0.00439178
0.00470593,0.00951241,0.010743,0.00498953,0.00653987,0.00902796,0.0140293,0.0226977,0.0214418,0.0168022,0.01087,0.00630336
0.00521959,0.00944906,0.0163795,0.010839,0.00618761,0.00805348,0.0134005,0.0208712,0.0128953,0.00787569,0.00862961,0.00891337
0.00609882,0.00698614,0.013977,0.00812842,0.00430499,0.00425766,0.014009,0.022388,0.016176,0.010142,0.00801754,0.00737329
0.0035362,0.0110237,0.0141858,0.00894553,0.00641299,0.0083336,0.0128899,0.0225345,0.0174603,0.0104546,0.00873767,0.00511726
0.00390063,0.00579448,0.00882809,0.00630536,0.00380148,0.00402117,0.00811519,0.0211533,0.0188555,0.0090241,0.0145463,0.0104366
0.00321363,0.00843781,0.0122579,0.00524111,0.00375087,0.00639289,0.00754966,0.0154495,0.0158214,0.0086456,0.00797382,0.0053084
0.0068463,0.00722266,0.00698961,0.0039835,0.00247972,0.00619676,0.00760763,0.0178665,0.0168314,0.0103207,0.00676118,0.00965433
0.00400357,0.00570184,0.00932926,0.00445289,0.00384465,0.00593675,0.0138501,0.0206439,0.0139921,0.00678727,0.00790083,0.00872322
0.00280504,0.00708238,0.00859219,0.0051448,0.0035118,0.00672983,0.00942124,0.0236795,0.0118547,0.0140372,0.0158185,0.013881
0.00736072,0.0100823,0.0166172,0.00801876,0.00606165,0.00970322,0.0130381,0.0205477,0.0152733,0.0164993,0.0246794,0.0194472
0.00565825,0.00709837,0.0155779,0.00888361,0.00719608,0.00784559,0.0136933,0.0188044,0.0125537,0.00975332,0.0209743,0.0137694
0.00379889,0.010298,0.0161453,0.00664385,0.00348132,0.00868068,0.0172981,0.0198382,0.0113119,0.01102,0.0109391,0.00744741
0.00389971,0.00858408,0.014701,0.00618759,0.00383805,0.00915343,0.00925281,0.00755933,0.00659939,0.0135557,0.0178895,0.00916101
0.00392295,0.00369479,0.00757727,0.00411626,0.0074379,0.013263,0.0110811,0.00829158,0.00705694,0.00974142,0.0161087,0.00948559
0.00419433,0.00599476,0.00999137,0.00514645,0.00732029,0.0108298,0.00873552,0.00723104,0.00754072,0.00974772,0.0128815,0.00850151
0.00316273,0.00377497,0.0104783,0.00556604,0.00525803,0.00959072,0.00761568,0.00630102,0.00629273,0.00492905,0.00599025,0.00630088
0.00461469,0.00299746,0.00798624,0.00394533,0.00411264,0.00755386,0.00878251,0.00743027,0.00645615,0.00520975,0.00604565,0.00576314
0.00507455,0.0072893,0.00912727,0.00488277,0.00479942,0.0104275,0.0122509,0.0108165,0.00538149,0.00621205,0.00926706,0.00941537
0.00334773,0.00472088,0.00967775,0.00669204,0.00866596,0.0105443,0.00777106,0.0118012,0.0104419,0.00877617,0.0104387,0.00829127
0.00352518,0.00736277,0.014101,0.00803808,0.00667863,0.00835837,0.0035155,0.00679161,0.00385394,0.00733455,0.00931837,0.00963579
0.00211112,0.00927083,0.0174487,0.00841858,0.00466092,0.00498304,0.00604824,0.00632549,0.00460566,0.00696655,0.00722045,0.00692969
0.00323612,0.00531881,0.00878136,0.00504602,0.00729705,0.0145315,0.00898136,0.00856007,0.00947693,0.0101167,0.0097335,0.00562395
0.00330051,0.00698035,0.0094701,0.00422714,0.00496257,0.00665554,0.0103247,0.00607305,0.00548497,0.00972234,0.0107915,0.00667888
0.00328524,0.00493324,0.00582116,0.00139515,0.00358451,0.00822572,0.0063864,0.00808504,0.00630949,0.00997545,0.0124952,0.00841876
0.00449112,0.00513528,0.00845128,0.00296221,0.00514001,0.00843571,0.0045465,0.00651486,0.00604075,0.00723148,0.0081417,0.00939205
0.00442029,0.00607102,0.00972788,0.0060081,0.00296346,0.00400316,0.00431951,0.0056828,0.00538415,0.0100922,0.0154332,0.0111637
0.00800276,0.00430668,0.00972252,0.00776525,0.00549377,0.00630337,0.0055967,0.00818381,0.0087051,0.0152372,0.0128982,0.00782518
0.0118615,0.00662892,0.00672062,0.00563749,0.00597189,0.00774925,0.00948286,0.011604,0.00920291,0.00729281,0.0131947,0.00960653
0.00670531,0.00847766,0.00701782,0.00470699,0.00451506,0.00357263,0.00373066,0.00853912,0.0103681,0.0102332,0.00904233,0.00685491
0.00894944,0.00801272,0.0080679,0.00699821,0.00424484,0.0065838,0.0082368,0.0114654,0.00980763,0.0106573,0.0118129,0.00810276
0.0114567,0.0094453,0.00731941,0.00481924,0.00413013,0.00441577,0.00682459,0.00827306,0.00871192,0.0129632,0.00970572,0.0080578
0.00862716,0.00744599,0.0069824,0.00626191,0.00392944,0.00365877,0.00564943,0.00822229,0.00916657,0.0119436,0.00915829,0.00767199
0.00694357,0.00655314,0.00494756,0.00531361,0.00476485,0.00428448,0.0053264,0.00880781,0.00583617,0.00784015,0.00582283,0.00572076
0.00815715,0.00707733,0.00539868,0.00286674,0.00248657,0.00245786,0.00800011,0.0145644,0.00728552,0.00451891,0.00580828,0.00612186
0.00789679,0.00476766,0.00317638,0.00465875,0.00571781,0.00590033,0.00678044,0.00986836,0.0069057,0.00416377,0.00425737,0.00564723
0.00528082,0.00515835,0.00390733,0.00258454,0.00320998,0.0035536,0.00911627,0.00982147,0.00653193,0.015496,0.0120481,0.00836904
0.0128967,0.00938974,0.00588131,0.00640867,0.00745413,0.00507503,0.00953117,0.0109863,0.00737434,0.00818586,0.00501282,0.00909006
0.00718789,0.00434536,0.00385824,0.00393923,0.00412751,0.00348875,0.00651305,0.00911603,0.00417682,0.00769696,0.00735638,0.00703256
0.00457211,0.00472384,0.00430575,0.00506196,0.0043257,0.00300749,0.00453735,0.00920255,0.00355117,0.00802689,0.0058181,0.00573948
0.0065596,0.00533396,0.00527479,0.00369258,0.00265247,0.00318856,0.00786345,0.0115208,0.00415159,0.00645638,0.00599404,0.00566347
0.00669401,0.0050857,0.00430401,0.0050183,0.00324167,0.00360986,0.00899438,0.0125803,0.00791811,0.00726286,0.006332,0.0056642
0.0065799,0.00615692,0.00391033,0.0021628,0.00375395,0.00290239,0.0060103,0.00943586,0.00680187,0.00502168,0.00358844,0.00572456
0.00745258,0.00633203,0.00509966,0.00503283,0.0040767,0.00342614,0.00376002,0.00571572,0.00473416,0.00669423,0.00575394,0.00447319
0.00741768,0.00504536,0.00264702,0.00321402,0.00415528,0.00412535,0.0071118,0.0118043,0.0074972,0.00618748,0.00582433,0.00503036
0.00613192,0.00487461,0.00469588,0.00337326,0.00232695,0.00227256,0.00757744,0.0112934,0.00725589,0.0105429,0.00991261,0.00651003
0.00743238,0.00537376,0.00584155,0.00666916,0.00474229,0.00298394,0.00434638,0.00988732,0.00693082,0.00823683,0.00926874,0.00696303
0.00990633,0.00788509,0.00596051,0.00475453,0.00348426,0.00431256,0.00654129,0.00687115,0.00396912,0.00855779,0.00753902,0.00567295
0.00617174,0.00324007,0.0038633,0.00270186,0.00416249,0.00367731,0.00404416,0.00490828,0.00499498,0.00702525,0.00504663,0.00498336
0.00750714,0.00751914,0.00565829,0.00470556,0.00492056,0.00303906,0.00763516,0.0107913,0.00828214,0.00935714,0.00501084,0.00755885
0.00849711,0.00807327,0.0069649,0.00521685,0.00464734,0.00356396,0.00682808,0.0105279,0.0107448,0.0143047,0.00905472,0.00667617
0.00724827,0.0039548,0.00361082,0.00479943,0.00449786,0.00305016,0.00515008,0.00781859,0.00462238,0.00720216,0.00862036,0.00690662
0.00491731,0.00470763,0.00534,0.00519203,0.00471741,0.0040048,0.00459717,0.00846236,0.00553853,0.00885281,0.00773805,0.00671499
0.0051414,0.00526999,0.00420968,0.00358363,0.00471374,0.00555492,0.00445802,0.0068702,0.00805572,0.0100182,0.00574992,0.0034667
0.0062369,0.0063025,0.010606,0.00565555,0.00279426,0.00562267,0.0101261,0.00709243,0.00745469,0.0126839,0.00908674,0.00402155
0.00756809,0.0131514,0.0133895,0.00576833,0.00562118,0.00605649,0.0084309,0.00780792,0.00709262,0.011107,0.00811943,0.00564736
0.00612898,0.0109881,0.00874167,0.0038321,0.0041125,0.00511194,0.00677982,0.00507302,0.00551633,0.00866816,0.00774388,0.00470254
0.00427304,0.00758008,0.00959866,0.00632653,0.00559481,0.00763726,0.01387,0.0110808,0.00594299,0.0114066,0.00598129,0.0028688
0.00475802,0.00576522,0.00748757,0.00324751,0.00451379,0.00640426,0.0101513,0.00581072,0.00480045,0.00985916,0.00670927,0.00304714
0.00319322,0.0095132,0.0103942,0.00396526,0.00462929,0.00802327,0.0149902,0.0091403,0.00508659,0.0132039,0.00805256,0.00223842
0.00741255,0.00730059,0.00603721,0.00458468,0.00385106,0.0056531,0.0112371,0.00714312,0.00894545,0.016813,0.0105216,0.00498358
0.00398034,0.0094378,0.0120647,0.00512671,0.00397395,0.00868374,0.0176339,0.009815,0.0109964,0.021737,0.0129887,0.00264406
0.00540265,0.00727785,0.0107001,0.00582459,0.00346794,0.00595492,0.0133281,0.00799456,0.00318571,0.00785367,0.00591694,0.00489838
0.00427968,0.0112022,0.0126943,0.00470384,0.00381241,0.0103159,0.0186626,0.0105178,0.00752735,0.0123307,0.00562096,0.00312404
0.00638225,0.00978598,0.0103635,0.00569194,0.00313167,0.00698228,0.0122843,0.00829139,0.0104647,0.0182517,0.00987259,0.00443614
0.00681372,0.0148334,0.0123337,0.00716905,0.00481525,0.00883548,0.0258647,0.0191826,0.00631694,0.0145211,0.0108012,0.00435199
0.0034956,0.0108952,0.0120043,0.00779245,0.00642287,0.0122591,0.0241262,0.0145448,0.00768513,0.0134977,0.00979916,0.00407886
0.00387616,0.00710188,0.00827465,0.00653798,0.00606355,0.00711626,0.00830511,0.00780673,0.0033846,0.0117982,0.0097794,0.00500298
0.0073533,0.0127994,0.0116534,0.00805693,0.00532389,0.0125482,0.0242811,0.0141683,0.00615285,0.00980569,0.0061955,0.00519465
0.00610596,0.0113844,0.0141761,0.0100202,0.00311003,0.00259169,0.00710197,0.00560904,0.00620089,0.00992216,0.00587299,0.00439889
0.00626417,0.0125151,0.0111199,0.00631336,0.00336065,0.00878097,0.0253873,0.0154746,0.00679747,0.0167691,0.0106147,0.00259681
0.00320589,0.00701976,0.0112187,0.0091025,0.00762071,0.00639685,0.0165473,0.0119146,0.00792806,0.0195808,0.0124383,0.00262252
0.00817317,0.015606,0.0180726,0.011234,0.00665406,0.00936765,0.0129475,0.00759036,0.00745895,0.00774203,0.00502817,0.00524436
0.00459835,0.00899993,0.013439,0.00837248,0.00718463,0.0081205,0.0180713,0.0116487,0.00846083,0.0121629,0.00875489,0.00511748
0.00675454,0.0148235,0.0171336,0.0102492,0.00562377,0.00819825,0.0230378,0.0135939,0.00707635,0.0101345,0.00751944,0.00549114
0.00513907,0.0135731,0.0135875,0.008393,0.00475513,0.00953791,0.024953,0.0174936,0.00518848,0.0100966,0.00880299,0.00441262
0.00538986,0.00819238,0.0109382,0.0064372,0.00608343,0.00512723,0.00902645,0.00728067,0.00950234,0.0155419,0.0100796,0.00676853
0.00730865,0.0182162,0.0209747,0.0105151,0.00637496,0.00995819,0.0205526,0.0155824,0.00824533,0.00866474,0.0071834,0.00389335
0.00612916,0.00834943,0.0111375,0.00831231,0.00290177,0.00390772,0.00862578,0.00875303,0.011881,0.019438,0.0117671,0.00517024
0.0047986,0.0105849,0.0166022,0.0102627,0.00588442,0.00991368,0.0266486,0.0186619,0.0118911,0.0173009,0.00945312,0.0047271
0.00377423,0.00512576,0.00895113,0.00426554,0.00814502,0.0124675,0.0152541,0.00953612,0.0109455,0.0126416,0.00600803,0.00366753
0.0119452,0.0134078,0.0165697,0.0131917,0.0102871,0.0152053,0.024753,0.0183448,0.01023,0.0164461,0.0210557,0.0173454
0.0109911,0.0122064,0.0186959,0.011257,0.00726061,0.0137035,0.0281156,0.0401684,0.0239613,0.0143911,0.010863,0.0119606
0.00954712,0.012638,0.0208226,0.0135579,0.0132074,0.0174259,0.0334341,0.0400734,0.0236641,0.0157421,0.012993,0.0123807
0.00642916,0.0162351,0.0282346,0.0150663,0.00867316,0.0119879,0.0317516,0.0509065,0.0302119,0.0128788,0.0125395,0.0155323
0.00992726,0.0143503,0.0171182,0.0112855,0.0095084,0.00976172,0.0361764,0.0593778,0.0283876,0.00978032,0.0112532,0.0139082
0.00533219,0.00832617,0.0209405,0.0154965,0.00602944,0.00622354,0.0385453,0.0670005,0.0310995,0.0120975,0.0145993,0.0111047
0.00789227,0.0125513,0.0250108,0.0148015,0.00771737,0.011484,0.0255573,0.0391437,0.0230873,0.0140747,0.00860107,0.00954768
0.00530363,0.0126761,0.0242436,0.0127362,0.00534489,0.00746402,0.0319499,0.0545264,0.0369881,0.0132015,0.00853978,0.00821045
0.00740713,0.0125693,0.0306545,0.0182537,0.00785692,0.00707519,0.0244375,0.0442359,0.0267008,0.00976434,0.0092277,0.0112748
0.00409799,0.00681537,0.0202632,0.0157339,0.00830878,0.0098708,0.0169188,0.0244753,0.0161564,0.0200616,0.0387431,0.0267386
0.00675468,0.0074493,0.0156038,0.0125834,0.00885016,0.0121353,0.0214978,0.0210047,0.0198966,0.0131639,0.0446695,0.033229
0.0084334,0.0149979,0.0251802,0.0124154,0.00858765,0.00678321,0.0238952,0.0426705,0.0219317,0.00998825,0.0270083,0.0217905
0.00589119,0.0121176,0.0276165,0.0170402,0.00703099,0.0144932,0.0215348,0.0312799,0.0217482,0.0189115,0.0560682,0.0387596
0.00685468,0.0084339,0.0184728,0.0111958,0.00508129,0.00919187,0.025626,0.045383,0.0270458,0.013023,0.0217711,0.0210736
0.00625036,0.00663658,0.0140941,0.0088244,0.00685462,0.00826068,0.0236558,0.0374857,0.0265887,0.0126592,0.0360204,0.0293071
0.00977988,0.0129029,0.0151817,0.0124212,0.0078656,0.00846198,0.013919,0.0188268,0.0173628,0.0130942,0.0303273,0.0254225
0.00736432,0.00893723,0.0156559,0.00850824,0.00709365,0.0135768,0.0123506,0.0208504,0.0201702,0.021378,0.0360887,0.0304253
0.0127697,0.0112383,0.0245021,0.015659,0.00640558,0.00857618,0.0186599,0.0352871,0.025683,0.0227265,0.0465473,0.0369697
0.0117522,0.0114974,0.0281201,0.0198186,0.00798735,0.00641902,0.0145428,0.0402097,0.0365975,0.0154676,0.0176493,0.021411
0.00675014,0.0179915,0.0467989,0.0281337,0.00757195,0.00961639,0.0172449,0.0442673,0.0443249,0.0286782,0.0274992,0.0214897
0.0111484,0.0110461,0.0381852,0.0220446,0.00564747,0.00928096,0.0227318,0.0320923,0.0358556,0.0222886,0.0264694,0.0139235
0.00600111,0.0155007,0.0308782,0.0196321,0.00504944,0.012964,0.0249473,0.0457822,0.0316225,0.0215808,0.0177901,0.0106685
0.00561866,0.013911,0.0397312,0.027201,0.00804187,0.0100032,0.0157889,0.0370055,0.0242248,0.018479,0.0245927,0.0115812
0.00596705,0.0142885,0.0443006,0.0272624,0.00626374,0.00607499,0.0170567,0.0243273,0.0141647,0.0131063,0.0179578,0.00971764
0.00886257,0.0162387,0.016661,0.0163712,0.00640041,0.0112466,0.0198317,0.0277509,0.0164668,0.0129253,0.0246243,0.016773
0.00581545,0.0205364,0.0506014,0.0308187,0.00675649,0.0131574,0.0296882,0.0439789,0.0254531,0.0157411,0.0253925,0.0145793
0.00469354,0.0236552,0.0596449,0.0359187,0.0066628,0.011323,0.0249099,0.0363332,0.0181155,0.0107096,0.0138341,0.0125969
0.00502962,0.0127136,0.040739,0.0301116,0.0104692,0.0106285,0.0243595,0.0532854,0.0340915,0.0187834,0.0227115,0.0138753
0.00575206,0.0127483,0.0273987,0.0176682,0.00816353,0.0128815,0.0412131,0.0715705,0.0393491,0.0133434,0.0144447,0.0122746
0.00501221,0.0156218,0.0388611,0.0217462,0.00858269,0.0139619,0.0203105,0.0535482,0.0412904,0.0183382,0.014316,0.011831
0.00731295,0.0199111,0.0469323,0.0302667,0.0117563,0.0167491,0.028631,0.0531615,0.042946,0.0222671,0.020297,0.0162921
0.00434658,0.01437,0.0385036,0.0282887,0.0111279,0.0125866,0.0147809,0.0456722,0.0402428,0.0156958,0.0165121,0.0115942
0.00872475,0.0082411,0.0154189,0.0163593,0.00989514,0.0110242,0.0271031,0.0578011,0.0438234,0.01935,0.0195097,0.0170549
0.00976673,0.00837915,0.0180134,0.00955573,0.0102776,0.0169304,0.0379075,0.0622662,0.0410056,0.0211287,0.0259017,0.0193985
0.00589601,0.0115136,0.028936,0.0176483,0.00735837,0.0125635,0.0213367,0.0472596,0.0351686,0.0167487,0.0204427,0.0130696
0.00853681,0.013085,0.0244733,0.0151087,0.00612955,0.0102054,0.0299428,0.0500561,0.0412788,0.0164176,0.0158196,0.0142522
0.00721511,0.0118824,0.0264656,0.0179563,0.00583501,0.0137069,0.0230844,0.0371349,0.0346545,0.0209604,0.0168269,0.00745015
0.00831315,0.0110694,0.015952,0.0118419,0.00930439,0.0126352,0.0261771,0.0628521,0.0432276,0.0161893,0.034784,0.0306748
0.00469427,0.0115058,0.0197825,0.0127131,0.00900655,0.0154287,0.0257782,0.0510303,0.0425286,0.0161661,0.0292535,0.01866
0.00551637,0.00602029,0.0183332,0.0162107,0.00866946,0.0104258,0.0236263,0.040202,0.0346433,0.0192053,0.0388806,0.0316807
0.0060431,0.00638948,0.0121683,0.00770074,0.00589244,0.0105439,0.0196807,0.0462267,0.0390462,0.0172138,0.0126953,0.00982016
0.00666763,0.0103857,0.0237673,0.0178942,0.00466885,0.00740891,0.0182008,0.0441917,0.0368373,0.0164512,0.0153958,0.0145667
0.0100545,0.006465,0.0230699,0.0178046,0.00390723,0.00447848,0.0117867,0.0326217,0.0239747,0.0101684,0.0162482,0.0235417
0.00627393,0.00766571,0.0185811,0.0130991,0.00845186,0.00733183,0.0196173,0.036866,0.0228843,0.0201397,0.0366497,0.0236122
0.00873832,0.010229,0.0185385,0.0121908,0.00611962,0.00760006,0.0190938,0.0342269,0.0161343,0.015751,0.0306249,0.0244428
0.00864355,0.0095263,0.014442,0.0115298,0.0101109,0.0125244,0.0267125,0.0386614,0.0312111,0.0132119,0.0147776,0.0168411
0.00928872,0.00511879,0.0113049,0.00937252,0.00568518,0.0107627,0.0390279,0.0605378,0.0407035,0.0150464,0.0181114,0.0169936
0.00678139,0.0140309,0.0262646,0.0131125,0.0049761,0.00902452,0.0354385,0.0507946,0.0251414,0.0167179,0.0325063,0.0244331
0.00445658,0.00645686,0.0132716,0.0110953,0.00418712,0.0114431,0.0307706,0.0556969,0.0374616,0.0174692,0.0193952,0.0161216
0.00821177,0.0142063,0.021015,0.0104838,0.00651081,0.0106601,0.0254963,0.0436196,0.0272254,0.0176594,0.0320057,0.0256068
0.00920953,0.00714818,0.00721111,0.00695417,0.0093941,0.013082,0.0389809,0.0695045,0.0382951,0.00965944,0.0155079,0.0199867
0.00641574,0.011592,0.0194949,0.012838,0.00843832,0.00727387,0.0405839,0.0666735,0.0376288,0.0150349,0.0250115,0.0200346
0.0042802,0.00958129,0.013583,0.00927961,0.00528278,0.0118352,0.0292236,0.0698862,0.0553278,0.0129262,0.0156279,0.0108001
0.0055537,0.00538658,0.00801552,0.00612684,0.00707477,0.00741561,0.0313831,0.0849792,0.053771,0.0102351,0.0151446,0.0125605
0.00730471,0.0148022,0.0366766,0.0251677,0.011808,0.0134792,0.0254327,0.0361681,0.0300851,0.0144343,0.0148581,0.0110931
0.00790584,0.0222737,0.0519069,0.0334048,0.00790227,0.00919663,0.0155491,0.0308121,0.0268017,0.0284258,0.0368699,0.0205598
0.00955296,0.01497,0.0307237,0.0160818,0.00673293,0.0128515,0.0310572,0.0562984,0.0330948,0.0147211,0.0149534,0.0121619
0.00570704,0.0224998,0.0588422,0.0363682,0.0129154,0.0179421,0.0287241,0.0428352,0.0244659,0.013725,0.0267602,0.0210487
0.0089587,0.0183518,0.0407401,0.02303,0.0104923,0.0164511,0.0331288,0.0454914,0.0207582,0.0178624,0.0204319,0.0145272
0.00633973,0.0198551,0.0491577,0.0304851,0.00876067,0.01355,0.015744,0.0155688,0.0184395,0.0258077,0.0239129,0.0146076
0.0058551,0.0158351,0.0417017,0.0268282,0.00856341,0.0112236,0.0224882,0.0324627,0.0228498,0.0255616,0.0261251,0.0079535
0.0101176,0.0238209,0.0560794,0.0358387,0.008177,0.0054374,0.019717,0.0214819,0.0210197,0.0298167,0.0318232,0.0127586
0.00826739,0.0213274,0.0492057,0.0281321,0.00581078,0.0144506,0.0244919,0.0319995,0.0261714,0.0292632,0.0295097,0.0185273
0.00915296,0.0131407,0.0290494,0.0200753,0.0134859,0.0164768,0.0239813,0.0386254,0.0286605,0.0195775,0.00885088,0.0137487
0.0164826,0.0134943,0.0202106,0.0107239,0.00579981,0.00741801,0.0232534,0.039209,0.0315535,0.0360117,0.0749111,0.0468031
0.00927861,0.00844069,0.0205338,0.0145153,0.0100866,0.0242025,0.0377065,0.0302411,0.0212256,0.0368882,0.0508144,0.0235383
0.00554009,0.00950139,0.0282016,0.0192032,0.0122729,0.0127753,0.0259567,0.0322107,0.0245246,0.0251539,0.0555851,0.0389774
0.00921482,0.0103689,0.0309793,0.0177868,0.00878966,0.0132594,0.0186623,0.029573,0.0198667,0.0284482,0.0655597,0.043268
0.00582318,0.0164848,0.0270022,0.0147499,0.00793792,0.0141453,0.0190332,0.0292943,0.0205019,0.0240658,0.0518351,0.0285784
0.00935873,0.0143897,0.0276161,0.0126617,0.0101878,0.0183089,0.018761,0.0434858,0.0324195,0.020253,0.024806,0.0152402
0.012513,0.0098222,0.0173221,0.0140812,0.00898424,0.0164046,0.0228378,0.0298004,0.0246451,0.0260706,0.0479379,0.0341448
0.00732775,0.00725013,0.0140996,0.0108076,0.00516533,0.0115473,0.0183493,0.0424861,0.0330285,0.0388536,0.0701104,0.0377497
0.00782761,0.00946118,0.0175531,0.0116273,0.00841922,0.011298,0.0172728,0.0356795,0.0219981,0.0252344,0.0608683,0.0361469
0.00698166,0.015714,0.0219073,0.00963281,0.00775439,0.0141946,0.0398248,0.074709,0.0497929,0.0226408,0.0168852,0.00715068
0.00828665,0.0123037,0.0213932,0.0130391,0.0102052,0.0198102,0.0385539,0.0514585,0.0348164,0.0164406,0.0216592,0.0218462
0.00709758,0.00689179,0.0197696,0.0137956,0.0100738,0.0183499,0.0342396,0.048913,0.0310626,0.0177678,0.0328371,0.0276867
0.0073582,0.0123659,0.0235267,0.0109953,0.00423587,0.00796163,0.0336293,0.0719065,0.0499262,0.0256127,0.0220665,0.0186908
0.00784883,0.00487627,0.0175656,0.0104205,0.0059064,0.011668,0.0133796,0.0405818,0.0336716,0.00968298,0.0176718,0.0131407
0.009824,0.0225438,0.0338136,0.0137479,0.00959239,0.0158869,0.0359667,0.057193,0.0284141,0.0185049,0.0218553,0.0141013
0.0103071,0.0218659,0.0244879,0.0133531,0.00816238,0.0106169,0.0313615,0.0574284,0.0292522,0.0232869,0.0305362,0.0242855
0.00601362,0.0168717,0.0291891,0.0174504,0.0104848,0.013269,0.0296754,0.0351366,0.0220505,0.0156467,0.022959,0.0120416
0.00828499,0.0128849,0.0258298,0.0173115,0.0105292,0.0125179,0.040004,0.0767889,0.0461445,0.015163,0.020022,0.0140574
0.00629373,0.010261,0.0212312,0.0106905,0.00402683,0.0096548,0.0344734,0.0721862,0.0413727,0.0149291,0.0103375,0.0102649
0.007402,0.00896378,0.0153541,0.00950655,0.00683368,0.0104064,0.0302559,0.0546571,0.0369831,0.0126454,0.00900311,0.0100953
0.00480899,0.0112995,0.0252005,0.0125037,0.00662948,0.00867999,0.0273984,0.0629571,0.0403027,0.0139595,0.00713069,0.00746531
0.00479117,0.0118962,0.0278705,0.0165026,0.0052359,0.00470271,0.0158558,0.0409573,0.0267618,0.00561686,0.00975334,0.00984487
0.00376214,0.00498696,0.0123193,0.00814051,0.00355385,0.00701807,0.0109801,0.0220234,0.0145174,0.00689244,0.00685186,0.00516125
0.00244381,0.00411146,0.0113444,0.0063315,0.00325826,0.00326626,0.00977229,0.019787,0.0126267,0.00298339,0.00305556,0.0027189
0.00243288,0.0075479,0.0173779,0.0095578,0.00339017,0.00364396,0.00901279,0.0183475,0.00903811,0.00303446,0.00659794,0.00473766
0.00287521,0.00604223,0.0159316,0.0089058,0.00240373,0.00341992,0.00669793,0.016283,0.00924084,0.00312976,0.0023812,0.00333827
0.00319794,0.0031733,0.00708127,0.00505951,0.00261811,0.00279042,0.0058949,0.0109472,0.00893982,0.00417675,0.00318116,0.00363082
0.00140034,0.00338039,0.00705931,0.00412452,0.00197093,0.00240482,0.00838974,0.0175091,0.0109904,0.00370652,0.00204205,0.00229317
0.00141754,0.00234895,0.00457726,0.00278678,0.00178639,0.00103718,0.00621174,0.0154657,0.00950019,0.00301154,0.00216647,0.00157646
0.00194021,0.00253761,0.0051184,0.0034069,0.00125045,0.00130529,0.00401561,0.00845078,0.00700286,0.0033409,0.0030257,0.00156974
0.0024648,0.00255937,0.00339823,0.00232244,0.00124659,0.00134552,0.00238495,0.0055329,0.00498872,0.00290204,0.00347802,0.00232117
0.00250812,0.00250499,0.00402141,0.00207678,0.0011959,0.00106678,0.00316316,0.0067709,0.00476416,0.00259965,0.00231205,0.00254093
0.00249934,0.0037685,0.00641233,0.00410566,0.00425318,0.005736,0.00774128,0.00973139,0.00630809,0.00607538,0.00454974,0.00333351
0.00313618,0.00231659,0.00692971,0.00719307,0.0034678,0.00564442,0.00870517,0.0188758,0.0121061,0.00473001,0.0028623,0.00435043
0.00448421,0.00617501,0.00819913,0.00487629,0.00297647,0.00558537,0.013767,0.0225866,0.013572,0.00585166,0.0049894,0.00513775
0.00398181,0.00566118,0.0124553,0.00727596,0.00335359,0.00583961,0.0166509,0.0277953,0.0137171,0.00596866,0.0038181,0.00770592
0.00744615,0.00931069,0.0156623,0.0072734,0.00495385,0.00710979,0.0178961,0.0318813,0.0211739,0.0108106,0.00485337,0.00593637
0.00588168,0.0102147,0.0124097,0.00522441,0.00351261,0.00505115,0.0251699,0.0535869,0.0310343,0.0105257,0.00713822,0.0119539
0.00523325,0.00568307,0.0083222,0.0058078,0.00619782,0.00604761,0.0331975,0.0735362,0.046812,0.0141352,0.00641312,0.0107174
0.00382246,0.00569539,0.0123925,0.00648337,0.00851598,0.0136387,0.0384126,0.0753545,0.0383251,0.0100805,0.00875838,0.00996814
0.00519708,0.00455852,0.011015,0.00740207,0.00476754,0.00735128,0.0411404,0.0871019,0.0506883,0.0138732,0.0106374,0.0122233
0.00614995,0.00661757,0.0152632,0.00943292,0.00484807,0.00760911,0.0414453,0.0928374,0.0493435,0.00771272,0.0050746,0.0114832
0.00294958,0.012368,0.0305973,0.018028,0.00613352,0.0099416,0.0453157,0.0998304,0.0534161,0.00962189,0.0054269,0.00849391
0.00423107,0.0100331,0.0230122,0.013082,0.0045506,0.0104085,0.0483136,0.101431,0.0556595,0.0129143,0.00658443,0.0114059
0.00815006,0.00958536,0.0190811,0.00826644,0.00345797,0.00897687,0.0457881,0.100885,0.0548078,0.007193,0.0110962,0.018652
0.00564791,0.0111091,0.0294356,0.0158862,0.00645495,0.00946472,0.0431893,0.0897737,0.0480124,0.0090327,0.00628121,0.0129032
0.00596289,0.00899505,0.0238252,0.0140389,0.00474769,0.00693125,0.0350378,0.0760755,0.0413405,0.0110768,0.00878958,0.01754
0.00676064,0.0107189,0.0248123,0.0125681,0.00331721,0.00626185,0.0364078,0.0781131,0.0402963,0.00897439,0.0101024,0.0168776
0.00765717,0.00895132,0.0162272,0.00705322,0.00398557,0.0064424,0.0371906,0.0808203,0.0411929,0.00760503,0.0108189,0.0195933
0.00410685,0.00832023,0.0177929,0.0087398,0.0055057,0.00821835,0.0339003,0.0702444,0.0337325,0.00620492,0.00521404,0.0115869
0.0038784,0.00987654,0.0216525,0.0108759,0.00477379,0.0073163,0.0272234,0.0588762,0.0283917,0.00944231,0.00935799,0.0102682
0.0042659,0.0116544,0.0277356,0.0137595,0.00406759,0.00432068,0.0242542,0.0556302,0.0302348,0.00848186,0.0070862,0.0120139
0.00305541,0.0127115,0.0295716,0.015549,0.00802675,0.0102964,0.0252215,0.058766,0.0298702,0.00880835,0.00627152,0.0106937
0.00322543,0.00985231,0.0197933,0.0102232,0.0059564,0.00950354,0.030378,0.0615148,0.0316532,0.00892944,0.00642155,0.00809919
0.00204445,0.00779727,0.0179469,0.0092085,0.00511508,0.00867689,0.0308469,0.0609648,0.0287799,0.00692113,0.00682331,0.00985559
0.00345521,0.00705052,0.0168578,0.0089637,0.00697206,0.0102849,0.0308292,0.0650266,0.0291011,0.00798134,0.00770306,0.0108158
0.00465675,0.00612102,0.0130175,0.00764323,0.00309143,0.00563374,0.0283421,0.0536268,0.0243109,0.00833991,0.0102085,0.0142142
0.00615308,0.00540514,0.0137925,0.00826618,0.00396977,0.00767065,0.0282714,0.0615166,0.0309206,0.00739211,0.00977916,0.0170275
0.00634319,0.00671215,0.0145931,0.00750396,0.00215396,0.00579184,0.0328856,0.0634591,0.0324388,0.0117324,0.00652746,0.0175172
0.00538746,0.00605785,0.0148109,0.00889864,0.00435254,0.00640178,0.0338181,0.0720892,0.0364076,0.00905971,0.0100837,0.018037
0.00701392,0.00892551,0.0189311,0.0090219,0.00464928,0.00703071,0.0381608,0.0754457,0.0369442,0.00993965,0.0114295,0.0190174
0.0048033,0.00855278,0.0188131,0.00931296,0.00417804,0.00718528,0.0346582,0.0664501,0.0337094,0.008297,0.00490789,0.0104629
0.0067002,0.0101048,0.0217803,0.0109359,0.00825619,0.0131065,0.0383432,0.0710037,0.0356349,0.00628215,0.0077926,0.0157053
0.00812721,0.00759196,0.019869,0.0106274,0.00693341,0.0122909,0.0392483,0.0764901,0.0382873,0.008985,0.0114334,0.0196868
0.003429,0.00816997,0.017965,0.00904036,0.00502768,0.00906624,0.0393316,0.0830397,0.0439642,0.00878742,0.00792803,0.0104501
0.00683149,0.0074443,0.0186291,0.00947413,0.00409411,0.00729686,0.0437121,0.0934462,0.048359,0.0081712,0.009508,0.0186984
0.00941855,0.00965344,0.019874,0.00911922,0.00651635,0.0109664,0.0434697,0.0898861,0.0461719,0.00833987,0.0136055,0.023825
0.00693799,0.00633898,0.0169406,0.00885313,0.00391258,0.0080868,0.0343942,0.0712812,0.0388679,0.00933041,0.0121777,0.017691
0.00388366,0.0067844,0.0186966,0.0107107,0.00452587,0.00841705,0.0336055,0.07225,0.0372544,0.00550437,0.0122422,0.0186925
0.00920888,0.00827436,0.0214802,0.010875,0.00450343,0.00786966,0.0382525,0.0827404,0.0430337,0.00816123,0.0145708,0.0239781
0.00751187,0.00835958,0.0212945,0.0109355,0.00708871,0.0105274,0.0401779,0.0859602,0.0425462,0.00696344,0.0113307,0.0209236
0.00512766,0.00653009,0.0170291,0.00899822,0.0082501,0.0142338,0.035443,0.0733816,0.0383768,0.00558845,0.00652828,0.0128906
0.00521378,0.010903,0.0235232,0.0133752,0.00568894,0.00913117,0.0303892,0.0676739,0.0381004,0.0087403,0.00724806,0.0104255
0.00413588,0.0181534,0.0373414,0.0184125,0.00604681,0.00929917,0.023827,0.0488526,0.0271077,0.00555209,0.00448184,0.00785698
0.00274288,0.014745,0.0339602,0.0176187,0.00666936,0.0110874,0.0237999,0.0390395,0.0217157,0.00546481,0.0043739,0.00685477
0.00285043,0.00813253,0.0230709,0.0129509,0.00407675,0.00662445,0.026567,0.049263,0.0237836,0.0046933,0.00303175,0.00500322
0.00214222,0.00744744,0.018045,0.00880561,0.00266929,0.00492292,0.0212365,0.0457073,0.0242397,0.00498418,0.00434519,0.00644883
0.00258988,0.00587592,0.0139403,0.00735807,0.00215015,0.00370606,0.0179847,0.0340284,0.0163835,0.0036358,0.00370777,0.00588613
0.00197582,0.00358294,0.00710523,0.00358892,0.00232683,0.0052468,0.0171925,0.0246851,0.0113089,0.0028679,0.00398281,0.00551448
0.00291089,0.00318296,0.00777016,0.00486635,0.00160723,0.0033515,0.0159855,0.0270324,0.0130884,0.00227523,0.0041861,0.00702024
0.00171353,0.00412805,0.008165,0.0042333,0.0014614,0.0026141,0.0136632,0.0273284,0.0139728,0.00181831,0.00309348,0.00460225
0.0020795,0.00308535,0.00646433,0.00342864,0.00169817,0.00302339,0.0118363,0.0239241,0.0119606,0.0021313,0.00309231,0.00444754
0.000953652,0.0027365,0.00730673,0.00408444,0.000941248,0.00197871,0.00980947,0.0189777,0.00917892,0.00158752,0.0018876,0.00219332
0.000557149,0.00179621,0.00521835,0.0032259,0.000964372,0.00171038,0.00954293,0.0165468,0.00743692,0.00110408,0.00132839,0.00189295
0.000750114,0.00202168,0.00435802,0.00255719,0.000536903,0.00155015,0.00735027,0.0124899,0.0060939,0.00149073,0.00104035,0.00178678
0.00064691,0.000914702,0.00294263,0.00191189,0.000742011,0.00131304,0.00692785,0.0131654,0.00616921,0.00102564,0.00126857,0.00151061
0.000768294,0.0018884,0.00387833,0.00196988,0.000624389,0.000889402,0.00685688,0.0140139,0.00714264,0.00115834,0.000707633,0.00116682
0.000386701,0.00219627,0.00474226,0.00240795,0.000641208,0.00105343,0.00613662,0.011598,0.0055917,0.000978282,0.000726043,0.000738145
0.000514499,0.00224909,0.0052725,0.00274231,0.000551573,0.000780431,0.00546327,0.0100773,0.00480599,0.00100899,0.000578487,0.00100147
0.000298509,0.0017214,0.00366764,0.0017866,0.000505421,0.000991553,0.00528596,0.00995271,0.00496956,0.000821512,0.000242748,0.00036172
0.000197182,0.00143225,0.00311552,0.00153323,0.000480453,0.00101247,0.00587427,0.0104475,0.00488067,0.000781876,0.000673368,0.000646364
0.000238436,0.00121966,0.00260554,0.00133998,0.000307969,0.000817432,0.00558572,0.00994065,0.00438585,0.000575086,0.000448044,0.000637005
0.000268508,0.00099413,0.00219087,0.00115092,0.00041384,0.000719369,0.00476996,0.00935631,0.00463797,0.000717878,0.000386925,0.000598295
0.000271587,0.000838551,0.00202259,0.00111881,0.000361432,0.00074556,0.00415898,0.00813986,0.00414659,0.000735007,0.000459747,0.000577024
0.000216112,0.00078486,0.00183917,0.00101677,0.000210829,0.000523654,0.00362842,0.00703319,0.00328547,0.000551709,0.000496633,0.000591011
0.000256482,0.000608982,0.00124318,0.000725496,0.000292173,0.000498457,0.00322823,0.00586222,0.00272052,0.000392755,0.000223068,0.000438303
0.000208711,0.0005379,0.00114661,0.000595419,0.000175497,0.000466228,0.00278942,0.00473028,0.0021673,0.000361328,0.000201949,0.000281144
0.000223355,0.000577061,0.00106694,0.000527154,0.000163649,0.000358784,0.00216371,0.00372241,0.00165528,0.000290547,0.000245496,0.000279997
0.000211305,0.000527206,0.000887183,0.000499533,0.000208034,0.000298923,0.00165436,0.00316064,0.00139717,0.000304928,0.000283271,0.000324827
0.000268417,0.000370066,0.000880486,0.0005785,0.000212149,0.00020654,0.00144497,0.00298865,0.00143397,0.000208585,0.000298657,0.000391651
0.000208872,0.00045481,0.00101044,0.00055613,0.000159115,0.000210532,0.0013585,0.00277919,0.00137162,0.000310108,0.000359575,0.000372734
0.000184945,0.000517524,0.00103587,0.000602093,0.000173656,0.000198191,0.00130874,0.00236784,0.00127546,0.000257865,0.000282003,0.000383406
0.000274171,0.000508493,0.00105523,0.000629979,0.000169999,0.000150553,0.00119993,0.00216767,0.00103895,0.000267865,0.000153419,0.000390819
0.000103274,0.00043103,0.00107564,0.000590477,0.000140862,0.000254048,0.00116438,0.00229025,0.00113076,0.000239101,0.000191482,0.00026633
0.000108729,0.00040095,0.000991747,0.000553041,0.000105055,0.000172861,0.00130109,0.00235844,0.00116092,0.000191821,0.000237773,0.000262685
0.00019127,0.000426912,0.000801668,0.000411597,0.000112298,0.000165762,0.0012112,0.00218681,0.00106391,0.000232045,0.000127952,0.000239795
0.000178393,0.000313831,0.00068235,0.000384582,0.000107194,0.000146789,0.00103459,0.00183361,0.000820943,0.000149672,0.000133842,0.000199448
0.000197348,0.00032859,0.000817691,0.000477212,0.00010968,0.00014477,0.000822938,0.00149693,0.000552429,6.88424e-05,6.13773e-05,0.000143696
0.000166707,0.000394311,0.000843252,0.000464669,0.000155896,0.000201827,0.00101084,0.001647,0.000662168,9.98653e-05,0.000140443,0.000198061
0.000166601,0.000345614,0.000764313,0.00049776,0.000164336,0.000163028,0.00111052,0.00192118,0.00092813,0.000192565,0.000127342,0.000152441
0.000181805,0.000312711,0.00072844,0.000478162,0.000134195,0.000227246,0.00113966,0.00202125,0.000962708,0.000146113,0.000202332,0.000130875
0.000177294,0.000327405,0.000572002,0.00029696,0.000113536,0.000144132,0.000960028,0.00189683,0.000924643,0.000224859,0.0001652,9.36141e-05
0.000181799,0.000190159,0.000450004,0.000313931,0.000157831,0.000227288,0.000747188,0.0014482,0.00106259,0.000561222,0.000349142,0.000300162
0.000134425,0.000268356,0.000426765,0.000258354,0.000169236,0.000207434,0.000602672,0.000989714,0.000593494,0.000224834,0.000142673,0.000167867
0.000159406,0.000241804,0.000362495,0.000289931,0.000206159,0.00015273,0.00035745,0.000753427,0.000627691,0.000377941,0.00029348,0.000242858
0.000175652,0.000215262,0.000361183,0.00027439,0.000177315,0.000114835,0.0002145,0.000597965,0.000435601,0.000209263,0.000119641,9.91802e-05
0.000218013,0.000193044,0.000353205,0.000186273,0.000128495,0.000206075,0.000328991,0.00051374,0.000388063,0.000292353,0.000164072,0.000132466
0.000188295,0.000250858,0.000417435,0.000310225,0.00012199,0.000177919,0.00030613,0.000428999,0.000281159,0.000134877,0.00014279,0.000129315
0.000234473,0.000206215,0.000427945,0.000368254,0.000311631,0.000187804,0.000510995,0.000601419,0.000466226,0.000332303,0.000228653,0.000178198
0.000214589,0.000271277,0.000427275,0.000263161,0.000274993,0.0002918,0.00037579,0.000498607,0.000283854,0.000364898,0.000289836,0.000260287
0.000163645,0.00018705,0.00029567,0.000169404,0.000145261,0.000183371,0.00024596,0.000381457,0.00015859,0.000153948,0.00016696,0.000166194
0.000155786,0.000168977,0.000294438,0.000183129,0.000130405,0.000174831,0.000367263,0.000687286,0.000459471,0.000166445,0.000172836,0.000182738
0.000280163,0.000350617,0.000361742,0.000278936,0.000297926,0.000273464,0.000479417,0.000640806,0.000389077,0.000356663,0.000253903,0.000181708
0.000331988,0.000308872,0.000345752,0.000123416,0.000278892,0.000225261,0.000513882,0.000679962,0.000278936,0.000280756,0.000287301,0.000308846
0.000446365,0.000340211,0.000435897,0.00030777,0.000362587,0.000399684,0.000496132,0.00080139,0.000481432,0.000334873,0.00034453,0.000384431
0.000382496,0.000340474,0.00057734,0.000737758,0.000623065,0.000437566,0.000514732,0.000862821,0.00083572,0.000569076,0.000414907,0.00048855
0.000354981,0.000337479,0.000452609,0.000321893,0.000330337,0.000302952,0.000480235,0.000728999,0.000311248,0.000323929,0.000312849,0.000318268
0.000285133,0.00031297,0.000422714,0.000262198,0.000333767,0.000377078,0.000543141,0.000905635,0.000489352,0.000283928,0.000266811,0.000325321
0.000265298,0.000296178,0.000298039,0.000231021,0.000271342,0.000259859,0.00044476,0.000819498,0.000533145,0.000291125,0.000253515,0.000287962
0.000136736,0.000258463,0.000296843,0.000262725,0.000227016,0.000244319,0.000523846,0.000738007,0.000419218,0.000279558,0.0003329,0.000289174
0.000417745,0.000304086,0.000347469,0.000346252,0.000288544,0.000172272,0.000434704,0.000591977,0.000340199,0.000347111,0.000257548,0.000409747
0.000182763,0.000219698,0.000359476,0.00041676,0.000396919,0.000257297,0.000371226,0.000578685,0.00030482,0.000228831,0.000318492,0.000295932
0.000340914,0.000316029,0.000259294,0.0002105,0.000232433,0.000331718,0.000511229,0.000630195,0.000477927,0.000391388,0.00022412,0.000317387
0.000266122,0.000249983,0.000264768,0.000368398,0.000239335,0.000229256,0.000271834,0.000576871,0.000461109,0.000291194,0.00015021,0.000275423
0.000315491,0.000359212,0.000298158,0.000307634,0.000162054,0.000298941,0.000352454,0.000449176,0.000318652,0.000182497,0.000259821,0.000299074
0.000473443,0.00036598,0.000221446,0.000217124,0.000213063,0.000276286,0.000357941,0.000473169,0.000398856,0.000227933,0.000255591,0.000345969
0.000268432,0.000274676,0.000263378,0.00038088,0.00043727,0.000388633,0.000425516,0.000347083,0.00031147,0.000253836,0.000139057,0.000206364
0.000288846,0.000197591,0.000164998,0.000415081,0.000349796,0.000270077,0.000385462,0.000488787,0.000355523,0.000411479,0.000333397,0.000282395
0.000214956,0.000326736,0.00039193,0.000294356,0.000358324,0.000314967,0.000473822,0.000696349,0.000531303,0.000288412,0.000229835,0.000272618
0.000383748,0.000184216,0.000217387,0.000304677,0.000285665,0.000287846,0.000368536,0.000456637,0.000387181,0.000342434,0.00023655,0.000421874
0.000637594,0.000514857,0.000471682,0.000629953,0.000642045,0.000714041,0.000969077,0.00115361,0.000690576,0.00039234,0.000640804,0.00054296
0.00082157,0.000416272,0.00054706,0.000743971,0.000631645,0.00095116,0.000888621,0.00107574,0.000695131,0.00065373,0.000603757,0.000637021
0.000701529,0.00047438,0.000276984,0.000471465,0.000505583,0.000577777,0.0011605,0.0011849,0.000763792,0.000652652,0.000595683,0.00085762
0.000667526,0.000685855,0.000544107,0.000831627,0.000965937,0.000816121,0.000780316,0.000567199,0.000704859,0.000611992,0.000752776,0.00050293
0.000761141,0.000441263,0.00058488,0.000400461,0.000499456,0.00072093,0.000773015,0.000717343,0.000686045,0.000672332,0.000577873,0.000819913
0.000775726,0.000541937,0.000592059,0.000623845,0.000378032,0.000624025,0.000826231,0.000828052,0.000570742,0.000472564,0.000314847,0.000822902
0.00115292,0.00100735,0.000459333,0.000429199,0.000320242,0.000496004,0.000501479,0.000559997,0.000544284,0.000504586,0.000486412,0.000698874
0.00077077,0.000564686,0.000471246,0.000455643,0.000479111,0.000501829,0.000519387,0.000588052,0.000401284,0.000339489,0.000415177,0.000721383
0.000413446,0.000451236,0.000566165,0.000488204,0.0003361,0.000178953,0.000212707,0.00052272,0.000478437,0.00032753,0.000437571,0.000398577
0.000412113,0.000262283,0.000221803,0.000215866,0.000394894,0.000430115,0.000487672,0.000497559,0.00041991,0.00025134,0.00047173,0.000559115
0.000308639,0.000416997,0.000352529,0.000295141,0.000204279,0.000222347,0.000248447,0.000381729,0.000377939,0.00032694,0.000409448,0.000427669
0.000446587,0.000375409,0.000338148,0.000359717,0.00033256,0.000399519,0.000347213,0.000374882,0.000369531,0.000309223,0.000220117,0.00036177
0.000553921,0.000539243,0.000378986,0.000302238,0.000213156,0.000257963,0.000371116,0.000405498,0.000392922,0.00042651,0.000330382,0.000487895
0.000372903,0.000343306,0.000373713,0.000315476,0.000217241,0.000214419,0.000259376,0.000374365,0.000347099,0.000535218,0.000463704,0.000333698
0.000485423,0.000616586,0.000321952,0.000334825,0.000477919,0.00034029,0.000275279,0.000249113,0.0001918,0.000372878,0.000440437,0.000415843
0.000461973,0.000298305,0.000272194,0.000322175,0.000354117,0.00021267,0.000355254,0.000509287,0.000422843,0.000373344,0.000268571,0.000467716
0.00037633,0.000467562,0.000605932,0.00049026,0.000319279,0.000296926,0.000291267,0.000304144,0.00041334,0.000294638,0.000350466,0.000442902
0.000294173,0.000340955,0.000296367,0.00041168,0.000366012,0.00041818,0.000250555,0.000210611,0.000306812,0.000243232,0.000341526,0.000215436
0.000597876,0.000630038,0.000592566,0.000483113,0.000443904,0.000514952,0.000523906,0.000682759,0.000749165,0.000541207,0.000696671,0.000716533
0.000358557,0.000352498,0.000343661,0.000207375,0.000369662,0.000372962,0.000400498,0.000447686,0.00054559,0.000500889,0.000351988,0.000409625
0.00207559,0.00262133,0.00290345,0.00240889,0.00170828,0.0010511,0.000713222,0.00117089,0.00170936,0.00196332,0.00216199,0.00185071
0.0015967,0.00218583,0.00245319,0.00292124,0.00268828,0.00207974,0.00183646,0.00161384,0.0012302,0.00151775,0.002465,0.00212455
0.00122172,0.00200862,0.00218439,0.00182002,0.00105169,0.00153964,0.00150916,0.000803918,0.000805955,0.000859656,0.00160615,0.00171751
0.0015573,0.00184259,0.00101985,0.000757219,0.000666967,0.000886144,0.000844889,0.000910856,0.000479824,0.000698336,0.000885007,0.00102497
0.000858214,0.000874676,0.00072691,0.000773967,0.00052639,0.000754903,0.000769101,0.000674727,0.000666922,0.00059476,0.000602877,0.000636813
0.000730752,0.00118028,0.00148605,0.00127541,0.000847367,0.000895618,0.000814805,0.000641205,0.000871189,0.000704599,0.00102334,0.000951729
0.0010375,0.00106196,0.00117083,0.000781938,0.00080621,0.000843893,0.000801953,0.000803465,0.00121194,0.00103163,0.000898082,0.00106746
0.000784084,0.00101381,0.00076234,0.000788979,0.00101187,0.000962374,0.000740763,0.000721561,0.000863712,0.00122533,0.00112571,0.000733643
0.00101357,0.000897109,0.000534554,0.000910266,0.00102479,0.000598861,0.000547212,0.000680274,0.000989062,0.000955762,0.000817553,0.000529664
0.000924215,0.000601971,0.000584412,0.000571658,0.000743163,0.000544669,0.000412371,0.000538205,0.000490506,0.000627724,0.000759036,0.00090843
0.000725866,0.000862472,0.000870238,0.000693646,0.000512975,0.000657177,0.00049919,0.000542269,0.000633474,0.00039906,0.000574684,0.000530984
0.000938182,0.000841658,0.00104106,0.000540795,0.000455527,0.00043117,0.000251557,0.00041047,0.000609894,0.000903655,0.000761403,0.000636156
0.000634653,0.000653673,0.000628522,0.000749129,0.000603552,0.000746801,0.000563106,0.000427003,0.00104147,0.00124918,0.00108253,0.000798576
0.00103314,0.00101705,0.000726813,0.000422107,0.000814539,0.000489919,0.000586288,0.000745929,0.000702703,0.000668276,0.000760062,0.000739946
0.000837702,0.000666007,0.000810043,0.000644098,0.000618404,0.000627676,0.000577632,0.000625831,0.000668642,0.000815164,0.000748742,0.000686204
0.000732238,0.000493286,0.000581708,0.000530478,0.000658291,0.000955299,0.000736439,0.000642358,0.000642109,0.000903637,0.000857786,0.000944046
0.000657437,0.000538337,0.000442392,0.000499919,0.000570906,0.000674053,0.000712869,0.000572861,0.000908236,0.00063769,0.000691279,0.000900187
0.00052131,0.000679916,0.00101169,0.000873017,0.000746213,0.000970488,0.000697306,0.000618867,0.00104295,0.000837677,0.000564115,0.000573883
0.000579239,0.0005759,0.000480435,0.000468057,0.000524121,0.000466189,0.000405319,0.00063298,0.000916449,0.000628174,0.000506035,0.000584224
0.000331578,0.000409022,0.000350395,0.000232907,0.000198066,0.000172718,0.000239603,0.000364704,0.000419335,0.00034417,0.000230166,0.000218403
3.53367e-05,3.98496e-05,4.04632e-05,3.76758e-05,3.47096e-05,3.36215e-05,3.52024e-05,3.44351e-05,2.99471e-05,2.52576e-05,2.24479e-05,1.94773e-05
3.66378e-06,3.53016e-06,3.17206e-06,2.92982e-06,2.24677e-06,1.61054e-06,7.65658e-07,3.91968e-07,1.49873e-07,3.45693e-07,4.17781e-07,2.97747e-07
8.24717e-08,4.30142e-08,1.84952e-08,7.94063e-08,5.40264e-08,3.4835e-08,4.97224e-08,3.98938e-08,3.87659e-08,2.13916e-08,2.05115e-08,3.99619e-08
1.14711e-11,1.00105e-11,5.5077e-12,8.3252e-12,1.09087e-11,1.04043e-11,9.75234e-12,8.09885e-12,1.06164e-11,1.14382e-11,9.98866e-12,7.75001e-12