2.16542e-05,1.83934e-05,1.62195e-05,1.79126e-05,2.10408e-05,2.38539e-05,2.63892e-05,2.78073e-05,2.68706e-05,2.28359e-05,1.62747e-05,1.19782e-05
6.29469e-05,5.04642e-05,4.62373e-05,6.59926e-05,5.43914e-05,5.07987e-05,6.27765e-05,7.32465e-05,5.5965e-05,6.47255e-05,6.30491e-05,4.02247e-05
6.53403e-05,4.67999e-05,4.68975e-05,3.21627e-05,5.32761e-05,3.82899e-05,3.25595e-05,5.99748e-05,5.7524e-05,7.07484e-05,8.38812e-05,8.73157e-05
0.000150619,9.2538e-05,6.85039e-05,9.71336e-05,0.000121478,0.000121041,9.8338e-05,7.07065e-05,9.04757e-05,8.50315e-05,7.18746e-05,9.78654e-05
8.74882e-05,8.11241e-05,6.57731e-05,7.56073e-05,0.000100744,6.97126e-05,5.61099e-05,4.98547e-05,6.71672e-05,4.65558e-05,6.81395e-05,7.04518e-05
8.48476e-05,5.2854e-05,3.27165e-05,4.49226e-05,8.12154e-05,9.16989e-05,8.21648e-05,7.21922e-05,6.52623e-05,8.2094e-05,8.16051e-05,4.83417e-05
6.20162e-05,5.07758e-05,6.88785e-05,6.5267e-05,6.33819e-05,5.56192e-05,4.87672e-05,3.97339e-05,4.13444e-05,5.10703e-05,4.29622e-05,4.69241e-05
8.02713e-05,6.03327e-05,6.06942e-05,5.29752e-05,4.17913e-05,2.95664e-05,2.68287e-05,5.05625e-05,6.53396e-05,4.65667e-05,6.76461e-05,7.61126e-05
6.14214e-05,5.033e-05,3.4427e-05,4.22976e-05,4.92239e-05,3.65052e-05,3.43504e-05,4.12592e-05,3.6018e-05,4.34651e-05,7.10627e-05,7.45525e-05
4.77457e-05,2.70175e-05,4.71538e-05,6.5663e-05,6.31586e-05,5.92649e-05,5.22549e-05,4.75047e-05,3.31544e-05,3.27191e-05,5.76793e-05,7.64306e-05
6.22564e-05,5.95584e-05,4.108e-05,5.35947e-05,5.86017e-05,4.38771e-05,4.63623e-05,3.68828e-05,3.13236e-05,4.12412e-05,6.1377e-05,7.50655e-05
7.40507e-05,5.58396e-05,4.21755e-05,3.34026e-05,4.16215e-05,4.43361e-05,4.67363e-05,3.49452e-05,3.61302e-05,4.95938e-05,6.81257e-05,6.5545e-05
4.58109e-05,4.71968e-05,4.04481e-05,3.48382e-05,4.3824e-05,4.98282e-05,6.42409e-05,5.3163e-05,3.77743e-05,4.63157e-05,4.71646e-05,6.41973e-05
5.46428e-05,4.93081e-05,5.58721e-05,6.07152e-05,6.38315e-05,7.10528e-05,7.12756e-05,7.46457e-05,4.5256e-05,3.58278e-05,5.01174e-05,4.018e-05
6.75022e-05,5.73281e-05,3.08823e-05,3.47484e-05,8.22298e-05,8.28187e-05,4.7572e-05,5.81261e-05,7.80898e-05,7.42278e-05,8.13878e-05,7.75229e-05
6.75346e-05,4.69181e-05,4.74657e-05,4.03147e-05,6.6974e-05,6.12328e-05,7.18731e-05,7.23863e-05,6.40327e-05,6.84117e-05,6.67088e-05,6.60621e-05
0.000105452,8.14223e-05,7.40718e-05,6.0413e-05,8.72388e-05,6.68773e-05,6.39534e-05,4.75244e-05,4.25635e-05,4.9527e-05,6.29278e-05,7.48519e-05
0.000105604,0.000103347,7.41382e-05,8.28611e-05,7.59769e-05,6.48135e-05,4.75656e-05,5.54523e-05,5.18651e-05,4.19194e-05,6.39454e-05,7.46888e-05
0.000123853,0.000133947,0.000112002,0.000104047,7.57275e-05,6.67792e-05,8.3885e-05,6.96411e-05,6.25215e-05,7.43494e-05,0.00010232,0.000104635
0.000117149,9.49997e-05,6.41798e-05,5.97071e-05,3.87202e-05,3.35234e-05,8.04104e-05,6.39789e-05,5.15908e-05,7.98316e-05,0.000104171,8.91709e-05
0.000102388,4.88208e-05,6.39882e-05,5.59167e-05,3.36407e-05,3.35933e-05,6.15318e-05,4.37789e-05,6.58346e-05,7.17406e-05,6.00395e-05,7.9371e-05
7.9121e-05,8.32833e-05,9.08456e-05,7.07345e-05,5.09833e-05,5.60468e-05,6.26464e-05,6.32344e-05,4.37283e-05,4.0448e-05,7.37753e-05,7.50914e-05
6.41607e-05,5.76967e-05,8.89913e-05,7.95267e-05,5.92278e-05,5.47688e-05,5.43842e-05,7.27313e-05,8.90844e-05,6.89679e-05,7.5756e-05,8.22214e-05
7.59258e-05,4.6764e-05,6.27751e-05,5.99342e-05,6.56717e-05,7.04957e-05,7.96144e-05,5.73801e-05,5.29113e-05,6.99748e-05,6.63906e-05,6.96339e-05
5.108e-05,6.75714e-05,6.89893e-05,4.37264e-05,4.05703e-05,5.2614e-05,5.86563e-05,7.80379e-05,6.46485e-05,4.59043e-05,3.79394e-05,4.7625e-05
7.60045e-05,7.25628e-05,8.30222e-05,5.56289e-05,5.65889e-05,7.44091e-05,7.79754e-05,8.59039e-05,8.44202e-05,6.49733e-05,5.29975e-05,6.97749e-05
7.26864e-05,7.92642e-05,9.03378e-05,9.12168e-05,8.92214e-05,7.25539e-05,5.52766e-05,5.96988e-05,8.17206e-05,6.4358e-05,4.19297e-05,3.70053e-05
9.18574e-05,8.46726e-05,7.82604e-05,8.61356e-05,6.0586e-05,5.50307e-05,6.98113e-05,6.84035e-05,4.91395e-05,6.68961e-05,8.37908e-05,6.80164e-05
9.0732e-05,9.82224e-05,7.7998e-05,5.57569e-05,4.62766e-05,7.75228e-05,7.49501e-05,6.89324e-05,6.07614e-05,6.72639e-05,8.91984e-05,7.76414e-05
0.000110716,7.71561e-05,3.10844e-05,4.5309e-05,8.04163e-05,9.36273e-05,8.73884e-05,5.35377e-05,8.42296e-05,0.000105649,0.000115738,9.52489e-05
9.53618e-05,8.60347e-05,5.97207e-05,5.40034e-05,7.35155e-05,5.38098e-05,6.44084e-05,5.65414e-05,7.60765e-05,7.65596e-05,7.90485e-05,6.85675e-05
6.81792e-05,8.00505e-05,7.96997e-05,6.95047e-05,7.52975e-05,6.04028e-05,6.1559e-05,5.43826e-05,5.81352e-05,4.20262e-05,4.82292e-05,5.4714e-05
6.91389e-05,0.00010648,8.29539e-05,8.35889e-05,9.29475e-05,8.76473e-05,6.24531e-05,4.8041e-05,5.7228e-05,5.84518e-05,6.1604e-05,6.7336e-05
3.85655e-05,6.52635e-05,0.000101342,8.67696e-05,8.64958e-05,7.31257e-05,4.0177e-05,5.69485e-05,8.38884e-05,9.36936e-05,0.000100275,7.31912e-05
9.86298e-05,8.23378e-05,7.96807e-05,7.47225e-05,6.31122e-05,7.03889e-05,7.33489e-05,8.92954e-05,7.76366e-05,7.06631e-05,0.000100031,0.000121465
0.000188533,0.000110471,0.000143698,0.000102639,0.000117038,0.000115346,8.30579e-05,0.000180745,0.00022556,0.000177452,0.00035334,0.000290387
0.00017466,0.00015352,0.000178692,0.000121323,0.000168141,0.000299369,0.00017438,0.000162728,0.00023113,0.000823944,0.00160912,0.000874757
0.000304173,0.00014848,0.000208589,0.000108843,0.000117302,0.000346501,0.000251877,0.000161671,0.000166662,0.000938885,0.00249264,0.00150407
0.00017024,0.000134037,0.000223006,0.000134564,0.000104203,0.00037185,0.000352515,0.00040679,0.000293777,0.000698135,0.00220251,0.00128343
0.000153631,0.000102096,0.00019171,0.000153077,0.000139934,0.00040512,0.000544187,0.000852328,0.000475187,0.00104074,0.00235718,0.00128887
0.000220116,0.000191185,0.000288975,0.000165287,0.00021655,0.000493873,0.00035713,0.00122797,0.000645121,0.000670704,0.00159752,0.00114935
0.000134582,0.000112673,0.000310689,0.000166992,0.00026429,0.000474266,0.000692759,0.00166352,0.000888914,0.000435991,0.000938359,0.000577021
0.000237201,0.000187017,0.000211684,0.000166828,0.000194114,0.000353468,0.000507447,0.0011298,0.000624466,0.000305452,0.000762263,0.000571642
0.000178768,0.000167344,0.000175244,0.000109942,0.000108721,0.000204407,0.000512735,0.00137736,0.000761508,0.000228212,0.000597564,0.000462451
0.000141132,0.000109432,0.00011524,0.000100271,7.69518e-05,0.000127567,0.000593565,0.00134518,0.000697858,0.000204886,0.000335718,0.000215671
5.31453e-05,8.76211e-05,0.00016523,0.000143639,0.000125601,0.000149033,0.000625846,0.00160914,0.000868479,0.000197992,0.000187186,0.000161597
8.6403e-05,7.96192e-05,0.000125141,0.000103215,0.000112535,0.0001999,0.000599727,0.00160007,0.000856177,0.000187624,0.000252385,0.000156921
9.42214e-05,9.58983e-05,0.000112475,9.06973e-05,5.20586e-05,0.000108453,0.00069144,0.00173221,0.000989773,0.000251181,0.000374753,0.000270583
0.000119101,0.000121596,0.00015175,0.000101178,9.40331e-05,0.000152602,0.000711969,0.00186702,0.00111176,0.000242311,0.000476844,0.000312632
0.000210482,8.79897e-05,0.000124397,0.000127663,0.000152014,0.000247752,0.000575065,0.00138111,0.0007727,0.000503956,0.00101056,0.000608635
0.000285274,0.000299744,0.00032611,0.000151528,0.00019981,0.000237425,0.000580104,0.00156847,0.00108337,0.000435678,0.000967527,0.00086785
0.000576767,0.000265216,0.000291692,8.91239e-05,0.000374707,0.00100399,0.00107411,0.00164602,0.00140347,0.00219554,0.00476168,0.00289414
0.000285198,0.000339493,0.000613492,0.00029358,0.000331187,0.00089797,0.000770085,0.0011665,0.000543411,0.000918599,0.00296784,0.00199452
0.000240751,0.000643459,0.00126736,0.00062727,0.000345533,0.000758546,0.000440127,0.00117729,0.000675324,0.0010467,0.00212764,0.00134882
0.000307331,0.000570536,0.00112891,0.000543968,0.000259275,0.000737442,0.000896063,0.00127993,0.000597134,0.000983152,0.00157153,0.00106696
0.000215283,0.000371395,0.000934601,0.000541716,0.000261978,0.000622405,0.000761085,0.0019335,0.000962894,0.00147503,0.00308676,0.00169563
0.000217399,0.000472437,0.000954849,0.000529498,0.000325202,0.000723285,0.00098718,0.00169519,0.000943262,0.00160336,0.00304682,0.00156158
0.000179,0.000316699,0.000634393,0.000329146,0.000229357,0.000543637,0.00047475,0.00160959,0.000898326,0.000649251,0.0012137,0.000784238
0.00028858,0.00016627,0.000290018,0.000208271,0.000184783,0.00050668,0.00103609,0.00207857,0.00121301,0.000574953,0.00146281,0.00116622
0.000143278,0.000209071,0.00028419,0.000157736,0.000176334,0.000380477,0.000646513,0.0018134,0.00111982,0.00073554,0.00111505,0.000705063
0.000154141,9.16198e-05,0.00016901,9.51237e-05,0.000123773,0.000324393,0.000784469,0.00177458,0.000921507,0.000708852,0.00142272,0.000780749
0.000161935,0.00017444,0.000324754,0.000198413,0.000138127,0.000344174,0.000854795,0.00202299,0.00118592,0.000451268,0.00118569,0.000839383
0.000126847,0.00015004,0.000221391,0.000148622,0.000183228,0.00034063,0.000515587,0.0017149,0.000913463,0.000642462,0.00141994,0.000814635
0.000127079,0.000144452,0.000169285,0.000102184,0.000123475,0.000140777,0.00071266,0.00197977,0.00120135,0.000466209,0.000474484,0.000205625
0.000191776,0.000180359,0.00023412,0.000180661,0.000179391,0.000213059,0.000670127,0.00210344,0.00120301,0.000373079,0.000678327,0.00041783
0.00026577,0.000341534,0.000461327,0.000236389,0.000160049,0.000180419,0.000679512,0.00189873,0.0012448,0.000862786,0.00107688,0.000449772
0.000359374,0.000293413,0.000577852,0.000314106,0.000230331,0.000477911,0.00107681,0.00248626,0.00126637,0.000945847,0.0014908,0.000791735
0.000150603,0.000284373,0.000456168,0.000282967,0.000216514,0.000364667,0.000735794,0.00174169,0.000961282,0.000934012,0.00127414,0.000760847
0.000138484,0.000352709,0.000472232,0.000206585,0.000262272,0.000396873,0.000761759,0.00220018,0.00119128,0.000782077,0.00091782,0.000492774
0.000175228,0.000425679,0.000741559,0.000352428,0.000374205,0.000971553,0.000810491,0.00260355,0.00156491,0.00194582,0.00339725,0.00155726
0.000277258,0.000524587,0.000714734,0.000289238,0.000354601,0.000619848,0.000495809,0.00174577,0.000895168,0.00213598,0.00432794,0.00214628
0.000170647,0.00038679,0.00071497,0.000320024,0.000223115,0.000330068,0.000850286,0.00206033,0.00122502,0.00126207,0.00227661,0.00128957
0.000154618,0.000248685,0.000471769,0.000277111,0.000124248,0.000176641,0.00055472,0.00152813,0.000901339,0.00181501,0.00308292,0.00131587
0.000213824,0.000192536,0.000415654,0.000238228,0.000455699,0.000820147,0.0010995,0.00212244,0.00127825,0.00124165,0.00180701,0.000756832
0.000207227,0.000242572,0.000382207,0.000182027,0.00011436,0.000251375,0.000875131,0.00218477,0.00130101,0.00089298,0.00139181,0.000765772
0.000130733,0.000151665,0.000234694,0.000150248,0.000169802,0.00038991,0.000857987,0.00186522,0.00108387,0.000577847,0.000657331,0.000358275
0.000173006,0.000182284,0.000277411,0.000141799,0.000128707,0.000288108,0.000811797,0.00235262,0.00133098,0.00101609,0.00159665,0.000726457
9.68244e-05,8.98087e-05,0.000119998,0.000131236,0.000169943,0.000210686,0.000693296,0.00188814,0.00104152,0.00106002,0.0017603,0.00081067
0.00012809,0.000160905,0.00016821,8.02212e-05,9.86272e-05,0.000187183,0.000755291,0.00209346,0.00123561,0.000504528,0.000405625,0.000312109
0.000223399,0.000129735,0.000149528,0.000105682,8.22454e-05,0.00018385,0.000846865,0.00232562,0.0013265,0.000653611,0.00101414,0.000481127
0.000159578,0.000138895,0.000175516,8.66741e-05,9.01899e-05,0.000123195,0.000820785,0.00214082,0.00114547,0.000442852,0.000603336,0.000282524
0.000128027,0.000110144,0.0001799,7.91868e-05,0.000107977,0.000152601,0.000842298,0.00247807,0.00154427,0.000397273,0.000409609,0.000281201
0.000101081,9.16458e-05,0.000204639,0.000112964,0.000121695,0.000235023,0.000903516,0.00219285,0.00124439,0.000223355,0.000170168,0.000170856
0.000169793,0.000122769,0.000155044,9.70581e-05,0.000135527,0.000172779,0.000818097,0.00208559,0.00116739,0.000206386,0.000326029,0.000179699
0.000136183,0.000117893,0.000126666,0.000110113,8.9592e-05,0.000113066,0.000850386,0.00240799,0.00138715,0.000211226,0.000222877,0.00016589
0.000164483,0.000144739,0.000105141,0.000112174,0.000114311,0.000154524,0.000879576,0.0020547,0.00103325,0.000191277,0.000307636,0.000219502
0.000121911,0.000142522,0.00012521,8.42544e-05,6.74183e-05,7.90665e-05,0.000896026,0.00259566,0.00154454,0.00024393,0.000211385,0.000104482
0.000113434,5.89269e-05,8.43958e-05,8.64286e-05,0.000126653,0.00014681,0.000782121,0.0022687,0.00132674,0.000200778,0.000282844,0.000205649
0.000129472,6.54634e-05,9.02177e-05,0.000103182,0.000114754,0.000146794,0.000657544,0.00173723,0.000897037,0.00013386,0.000276479,0.000186027
8.71872e-05,9.33131e-05,0.000131325,0.000147842,0.000136167,0.000100669,0.000915839,0.00222366,0.00121311,0.000178362,0.000155909,0.000130633
0.000116613,0.000116063,0.000155803,0.000143158,0.000115459,0.000104869,0.000915729,0.00217335,0.00106903,0.000110382,0.000109838,0.000107926
0.00011445,0.000129182,0.000147176,8.53846e-05,4.76619e-05,8.29445e-05,0.000755311,0.00221316,0.00133151,0.000196993,0.000129803,0.000104908
8.97247e-05,0.000124013,0.000128044,8.57955e-05,6.6768e-05,8.59586e-05,0.000750893,0.00214033,0.00126101,0.000103805,0.000145861,0.000103542
9.64039e-05,6.81537e-05,9.92551e-05,8.30156e-05,6.26627e-05,7.56843e-05,0.000611649,0.00159969,0.000862496,9.35721e-05,0.000113173,9.51964e-05
8.35426e-05,6.45234e-05,4.60493e-05,5.55487e-05,4.26112e-05,6.364e-05,0.000855853,0.00209599,0.00110631,0.000172203,0.000136149,8.33394e-05
9.29544e-05,6.67303e-05,7.63061e-05,7.58875e-05,6.58783e-05,7.09581e-05,0.000694082,0.00178057,0.000963566,0.000127731,0.000142358,0.000120556
0.00017077,0.000122647,0.000106965,7.25483e-05,8.18446e-05,0.000130395,0.000558342,0.00162855,0.000975647,9.56125e-05,0.000115372,0.000168392
0.000120702,0.000136063,0.000136741,0.000101825,8.76573e-05,9.75873e-05,0.000576781,0.00163789,0.00105939,0.000137638,8.04647e-05,0.00010188
0.000116389,0.000119554,5.66981e-05,6.98337e-05,6.91173e-05,0.000113617,0.000538361,0.00102344,0.000484647,9.72181e-05,8.85057e-05,6.84108e-05
0.000116642,0.000121218,5.12375e-05,6.27082e-05,7.76205e-05,9.97086e-05,0.000538648,0.00132615,0.000765249,0.00014372,8.44652e-05,5.25828e-05
7.96872e-05,8.59841e-05,8.78889e-05,8.0396e-05,6.77547e-05,8.2751e-05,0.000357907,0.00107151,0.000664033,0.000141911,7.78019e-05,4.274e-05
0.000121624,0.000126965,7.34606e-05,7.26343e-05,9.43516e-05,8.94717e-05,0.000509358,0.00127738,0.000703711,0.000113502,7.73194e-05,8.39215e-05
0.00018484,0.000163311,0.000117802,6.93112e-05,7.69642e-05,7.62262e-05,0.000402835,0.000993965,0.000548464,0.000148196,0.000119809,6.57447e-05
0.000279014,0.000292247,0.000379232,0.000176836,0.000121537,0.000243374,0.000384689,0.000993592,0.000569415,0.000596869,0.000927857,0.000527548
0.000226834,0.000234091,0.000380747,0.000247444,0.000219849,0.000453653,0.000669338,0.00121613,0.000668461,0.000892726,0.0018495,0.00106062
0.000234445,0.000270368,0.000415067,0.000218499,0.000228751,0.000498733,0.000562999,0.00171228,0.000871691,0.00109663,0.00302257,0.00172848
0.00034504,0.000226151,0.000413815,0.000250043,0.000146319,0.000535097,0.000911142,0.00149579,0.000847354,0.000829585,0.0026024,0.00195769
0.000267909,0.000136567,0.000344628,0.000208592,0.000180535,0.000406628,0.000344556,0.00134382,0.000765027,0.00149013,0.00356538,0.00206263
0.000229564,0.000166873,0.000170136,0.000114794,0.000244849,0.000530642,0.000433293,0.000786557,0.000439277,0.000385903,0.000815859,0.000951194
0.000177369,0.000198066,0.000316678,0.000191968,0.00018362,0.000401369,0.000518458,0.00116525,0.000705047,0.000795966,0.00125913,0.000457399
0.00016233,0.00015645,0.000282422,0.000184656,0.000147208,0.000278501,0.000462088,0.000943472,0.000484138,0.000575481,0.0011111,0.000574032
0.000149743,0.000158912,0.00022974,0.000114527,0.000170614,0.000311515,0.000657593,0.00115547,0.000591501,0.000532136,0.00116912,0.00066847
0.000151488,0.000135537,0.000224884,0.000130092,6.29176e-05,0.000133347,0.000433555,0.00122718,0.000760442,0.000791327,0.00128266,0.000585022
0.000135784,9.79333e-05,0.00013644,8.59722e-05,5.67033e-05,0.000143575,0.000331862,0.000985294,0.000521262,0.000333011,0.000511553,0.000251128
0.000104922,0.000157048,0.000152978,8.69065e-05,8.4746e-05,0.000126766,0.000539318,0.00112605,0.000556616,0.000451243,0.000698636,0.000335283
7.81698e-05,0.000187453,0.000213675,0.000120763,7.85202e-05,0.000120931,0.000620436,0.00132802,0.000631586,0.000301019,0.000666798,0.000437308
0.000213755,0.000179214,0.000158644,0.000108472,0.000144901,0.000221844,0.00056808,0.00143795,0.000745325,0.000381287,0.000448554,0.00033354
0.000226953,0.000326851,0.000494687,0.000251899,0.000185994,0.000322505,0.000670832,0.00133248,0.000718428,0.00111799,0.00227002,0.00137785
0.000329735,0.00013189,0.000358356,0.000204741,0.000100292,0.000313088,0.000640672,0.00126492,0.000699946,0.000619386,0.00127415,0.000730839
0.000469012,0.000435608,0.000706006,0.000408474,0.000287761,0.000839569,0.000653371,0.00150423,0.000778094,0.00216826,0.00501331,0.00280339
0.000873748,0.000414362,0.00101754,0.000519953,0.000360186,0.00101387,0.00109701,0.00168964,0.000930823,0.00132757,0.00430839,0.00349465
0.000416878,0.000552657,0.00101359,0.000461782,0.000321909,0.000824008,0.000489807,0.00132597,0.000812044,0.00132733,0.00286625,0.00200774
0.00034828,0.00031428,0.000652975,0.00031735,0.000442449,0.00114198,0.00110221,0.00131621,0.000742598,0.00121268,0.00221126,0.00125642
0.000219763,0.000178496,0.000231114,0.000157006,0.000241362,0.000494177,0.000378736,0.00108204,0.000589708,0.00102281,0.00168416,0.00106192
0.000152194,0.000163357,0.000385682,0.000202087,0.000133292,0.000320865,0.00076949,0.0014989,0.000792459,0.000772011,0.00160603,0.00100399
0.00018732,0.000275123,0.000456844,0.000258386,0.000183129,0.000311638,0.000478293,0.00139556,0.000783623,0.000699748,0.00109518,0.000652642
0.000393155,0.000136522,0.000300066,0.000167915,0.000186223,0.00045215,0.000629243,0.00152096,0.000877578,0.000463483,0.000725112,0.000746451
0.00015388,0.000132247,0.000283206,0.000207312,0.000148805,0.000318711,0.000506626,0.00144827,0.000852922,0.000410736,0.000993234,0.000674768
0.000187746,0.000106658,0.000188829,0.000179476,9.34496e-05,0.000131584,0.000505156,0.00106576,0.00057361,0.000608832,0.00121673,0.000770853
0.000116086,5.82622e-05,0.000162897,0.000127744,7.99519e-05,0.000185234,0.000550808,0.00137573,0.000719224,0.000464194,0.000849494,0.000560728
0.000119769,0.000119845,0.000167635,0.000109008,0.000120769,0.000252847,0.00047573,0.00119454,0.000667324,0.00026865,0.000466234,0.000355509
0.000234518,0.000261808,0.000286891,0.000200946,9.27948e-05,0.000226385,0.000496514,0.00137973,0.000871461,0.000334471,0.0005494,0.000382805
0.000176886,0.000136086,0.00014743,0.000134525,0.000110996,0.000189799,0.000704817,0.00172639,0.000865596,0.000158164,0.000159882,0.000222688
0.00036786,0.000331605,0.000351389,0.000291005,0.000339607,0.00081646,0.000773636,0.00157213,0.00104905,0.000742521,0.0013695,0.00108139
0.000336483,0.000507916,0.000783474,0.000382799,0.000464763,0.00102268,0.00117723,0.00174795,0.000986655,0.000400792,0.00102389,0.00098118
0.000607245,0.000436551,0.000574628,0.000349691,0.000412539,0.000845827,0.000869037,0.0015043,0.0010095,0.000599247,0.00094372,0.000725573
0.000418387,0.000464737,0.00060369,0.000305159,0.000380376,0.00100158,0.000922096,0.00134236,0.000908302,0.000550901,0.00156887,0.00126518
0.000379176,0.000432957,0.000727169,0.000423233,0.00032469,0.000588832,0.000634409,0.00228814,0.00122203,0.000995946,0.00275994,0.00192859
0.000255713,0.00029126,0.000405984,0.000261554,0.000464018,0.000997258,0.000936049,0.00209473,0.00118394,0.00140728,0.0037252,0.00213404
0.00020824,0.00037575,0.000701955,0.000411124,0.000373009,0.000817342,0.000943044,0.00170304,0.0010703,0.00135287,0.00294249,0.0015838
0.000190639,0.000275953,0.000387178,0.000268829,0.00022865,0.000363128,0.000952846,0.00211226,0.00119781,0.00101717,0.00175488,0.000895166
0.00019366,0.000330305,0.000464729,0.000198191,0.000226619,0.000392616,0.000875054,0.00243458,0.00141628,0.000529351,0.000520472,0.000406869
0.000232822,0.00026719,0.000287574,0.000193232,0.000161006,0.000289673,0.00110554,0.00280197,0.00162521,0.000499054,0.000848963,0.000466513
0.000197126,0.000150484,0.000172893,0.000110904,0.000154076,0.000243234,0.000855965,0.00247115,0.00145344,0.000458388,0.000950895,0.00057996
0.000195034,0.000150242,0.000164891,7.5611e-05,0.000126962,0.000200498,0.00104894,0.00303076,0.00183412,0.000414544,0.000522575,0.000341761
0.000110754,0.000155407,0.000182494,0.000166241,0.000149511,0.000237001,0.000982912,0.00277615,0.00166724,0.000409069,0.00064794,0.000466047
0.000112114,0.000126855,0.000257145,0.00019032,0.000156914,0.000215855,0.00106615,0.00316102,0.00192878,0.000414441,0.000510454,0.000320562
9.66731e-05,0.000144897,0.000209341,0.000110948,0.000117527,0.000282477,0.00119587,0.00334172,0.00198276,0.000425777,0.000504972,0.000287388
0.000141731,0.000104569,0.000193458,0.000130033,0.000135289,0.000245307,0.00111668,0.00360866,0.00221989,0.000322145,0.000275813,0.000233957
8.01574e-05,9.97358e-05,0.000164118,9.43468e-05,0.000126824,0.000248757,0.000867976,0.00256317,0.00165523,0.000270521,0.000354696,0.000274016
0.000109928,0.00018384,0.000148304,0.000107198,0.000133416,0.000162337,0.000557083,0.00159284,0.00123586,0.000612723,0.000424526,0.000177055
6.4176e-05,0.0001124,0.000145354,0.000120053,7.43686e-05,0.000105743,0.000218964,0.000592769,0.000509966,0.00110407,0.0010309,0.000227388
8.73939e-05,0.000108239,0.000199802,0.00014046,6.58953e-05,9.62719e-05,0.000221858,0.00050028,0.000362914,0.00122152,0.00120554,0.000300004
0.000231696,0.000208261,0.0001657,8.11651e-05,4.91867e-05,6.77107e-05,0.000326318,0.000811535,0.00051091,0.000690231,0.0014346,0.000950452
0.000192959,6.6608e-05,0.000101573,8.46278e-05,6.04207e-05,0.000125071,0.000341456,0.000942113,0.000743151,0.00113905,0.00222257,0.00133428
0.000224513,0.000112762,9.85551e-05,9.47463e-05,6.00762e-05,7.61146e-05,0.000302353,0.000751411,0.000443912,0.000739017,0.00260548,0.00178599
0.000417606,0.000146541,0.000140817,9.20899e-05,6.25571e-05,0.000106166,0.000164831,0.000411862,0.000426613,0.000937422,0.00353289,0.00254526
0.000537216,0.0001843,0.000122319,7.52842e-05,5.71739e-05,0.000126726,0.000221908,0.000558485,0.000367167,0.00108548,0.00507256,0.00377547
0.000542496,0.000158429,7.0443e-05,7.3853e-05,0.000124315,0.000139661,0.000250179,0.00048007,0.000215068,0.00182889,0.00714236,0.00501867
0.000487268,0.000155057,9.46304e-05,4.97966e-05,8.29583e-05,0.000117689,0.000270083,0.0003621,0.00024125,0.0019427,0.00734565,0.00516716
0.000532384,0.000123811,0.000115052,0.000145964,0.000125628,9.19928e-05,0.000183992,0.000429828,0.000370348,0.00163294,0.00617438,0.00448661
0.000432426,0.000126855,0.000166535,0.000193136,0.000167636,0.00015631,9.02139e-05,0.000251554,0.000241169,0.00149123,0.00561889,0.00416804
0.000313156,0.000129664,0.000109086,0.000109966,0.000110452,0.000150388,0.000125152,0.000125045,0.000168219,0.00145248,0.00561933,0.00410088
0.000429992,0.000172527,0.000115204,0.000122098,8.99868e-05,6.59258e-05,0.000110656,0.000156035,0.000155735,0.00127958,0.00532508,0.00388677
0.000320287,0.000105572,7.8163e-05,6.50778e-05,7.40183e-05,9.1934e-05,0.000111554,0.000186027,0.00016416,0.00130507,0.0049027,0.00338623
0.000365407,0.000101531,0.000108954,7.07964e-05,0.000109927,0.000138916,0.000153157,0.000159583,8.9398e-05,0.00127047,0.00497521,0.00357238
0.000338245,8.59816e-05,0.000119135,8.10949e-05,8.11531e-05,0.000102105,0.000118515,0.000204208,0.000141159,0.00105852,0.00444666,0.00331156
0.00023994,0.000112971,0.000126426,7.49227e-05,4.71893e-05,6.76779e-05,0.000108514,0.000147433,0.000116709,0.000747605,0.00335297,0.00248886
0.000207325,0.000121108,0.000141784,9.41774e-05,0.000102308,0.000102182,7.42928e-05,0.000143768,0.000102636,0.000630935,0.00254974,0.00181853
0.000212817,0.000119081,0.000103912,0.000106919,9.49521e-05,7.95938e-05,0.000126551,0.00015621,0.000134386,0.000633964,0.00221348,0.00157307
0.000504454,0.000650449,0.000403652,0.000153358,0.000117481,0.000372155,0.000616406,0.000367563,0.000454933,0.000934644,0.00213909,0.0015306
0.0003145,0.00071714,0.000468618,0.000131916,0.000175002,0.000741737,0.00147966,0.000598834,0.000337799,0.00120832,0.0020319,0.00119583
0.000571932,0.00119211,0.000633423,0.000180469,0.000290073,0.00122777,0.00216891,0.000831456,0.000317196,0.00111941,0.00122882,0.000506259
0.000747022,0.00130349,0.000582651,0.000191136,0.000289304,0.00154096,0.00238712,0.000912894,0.000409555,0.00111398,0.00140318,0.000834662
0.000553872,0.000936998,0.000408233,0.000162808,0.000339647,0.0013811,0.00249617,0.00100516,0.00100367,0.00144309,0.000824051,0.00066833
0.00114073,0.00111464,0.000382784,0.000176256,0.000572097,0.00170976,0.00234577,0.00105715,0.000516582,0.000665906,0.00092297,0.00103542
0.0023198,0.00220074,0.000607111,0.000228267,0.000492514,0.000665562,0.00157229,0.000727799,0.000478905,0.00102239,0.000913793,0.00104802
0.00288936,0.00245503,0.000539237,8.90831e-05,0.000264357,0.000716991,0.00140317,0.000803017,0.000349733,0.000566823,0.000544213,0.000904722
0.00366793,0.00268622,0.000479996,0.000150888,0.000179681,0.000642725,0.00115471,0.000616017,0.000246236,0.000414224,0.000592169,0.00115249
0.00400538,0.00304252,0.000518001,0.000122543,0.00012111,0.000568654,0.000948642,0.000525286,0.000321392,0.000276259,0.00057783,0.00108583
0.00520774,0.00373907,0.000547929,0.000147788,0.000151921,0.000339557,0.00062211,0.000459361,0.000385381,0.000545078,0.000610979,0.00166835
0.00580584,0.00401245,0.000524167,7.51108e-05,0.000168351,0.000309766,0.000530222,0.000445606,0.000229788,0.000250121,0.000544024,0.00208841
0.00645903,0.00451957,0.000586965,0.000107814,0.000117973,0.000250507,0.000431699,0.000351146,0.000277329,0.000272067,0.000331715,0.00215245
0.00789984,0.00524832,0.000526103,0.000209312,0.00025621,0.000352322,0.000623721,0.000418984,0.000438103,0.000518946,0.000390594,0.00263947
0.00869702,0.00619733,0.000819307,0.000194785,0.000315136,0.000234539,0.000445893,0.000399017,0.00068157,0.00083524,0.000646423,0.00280445
0.0089945,0.00631172,0.000757563,0.000117252,0.000305685,0.000567205,0.00132685,0.000702229,0.00152673,0.00199371,0.000880283,0.00268812
0.010011,0.00719198,0.0010201,0.00026109,0.000440541,0.000796033,0.00167109,0.000963847,0.0013834,0.0021844,0.00144147,0.0027592
0.00960959,0.00641795,0.00094451,0.000126632,0.000167649,0.00104512,0.0022891,0.00115395,0.00083065,0.00151769,0.00100974,0.00295183
0.00944338,0.00684615,0.00127887,0.000263246,0.000331208,0.000743534,0.00181128,0.00104637,0.000695248,0.00150411,0.00102265,0.00294098
0.00868129,0.00622169,0.000940603,0.000221492,0.000507766,0.00110443,0.00203595,0.00114903,0.000799084,0.00168052,0.00128741,0.00274526
0.0085057,0.00597431,0.000839207,0.000172737,0.000252661,0.000771169,0.0015712,0.00094582,0.000786198,0.00135677,0.00092457,0.00267788
0.00790338,0.00543001,0.000707139,0.000214278,0.000554596,0.000496694,0.00104024,0.00071613,0.000639974,0.00107939,0.000650258,0.00252946
0.00662151,0.00470473,0.000704331,0.00015638,0.000304084,0.000445903,0.00103491,0.00061469,0.000190639,0.000421818,0.000382267,0.00187685
0.00645782,0.00447967,0.000653257,0.000144912,0.000335867,0.000461547,0.000759706,0.000504211,0.000321108,0.000444368,0.000405938,0.00185047
0.00526484,0.00348671,0.00047107,0.000140217,0.000395396,0.000414967,0.000451045,0.000325943,0.000303707,0.000637887,0.000474667,0.0014989
0.00477917,0.00303758,0.00041466,0.00014087,0.000354764,0.000269561,0.000657996,0.000475585,0.000346549,0.00046458,0.000292567,0.00154432
0.00423203,0.00283336,0.000363344,8.15409e-05,0.000191411,0.000254394,0.00072161,0.000465332,0.000271315,0.000452067,0.000360381,0.00136752
0.00366903,0.00233905,0.000244683,7.94454e-05,0.000133444,0.000291581,0.000541017,0.000331665,0.000174639,0.0002464,0.000189966,0.00117003
0.00379879,0.00249393,0.000327796,9.23459e-05,6.62953e-05,0.000187645,0.000326545,0.000254478,0.000216741,0.00020428,0.000141422,0.00127923
0.00302098,0.00209908,0.000278389,0.000202069,0.000309747,0.000267068,0.00048697,0.00037788,0.00057023,0.000749155,0.000369376,0.000912595
0.00305053,0.00215062,0.000417694,0.000288039,0.000487473,0.000334615,0.00049798,0.000513797,0.000834234,0.000917272,0.000380573,0.000977934
0.00321495,0.00247472,0.000615253,0.000243598,0.000247277,0.000299334,0.000783277,0.000542556,0.000208481,0.000893273,0.000625501,0.00102579
0.00247624,0.00165911,0.000253959,0.000280327,0.0003725,0.000534316,0.000976212,0.000551495,0.000611895,0.00135857,0.000784283,0.000835214
0.00329505,0.00304681,0.000742946,0.000167386,0.00042626,0.000568886,0.00124873,0.000529627,0.000204106,0.000374154,0.000471955,0.000907866
0.00271384,0.00232099,0.00057869,0.000248741,0.00055429,0.00125914,0.00208021,0.00104378,0.000435265,0.000731756,0.000416779,0.000804196
0.00254666,0.00227654,0.000573019,0.000163006,0.000393254,0.000822234,0.00156476,0.000872591,0.000502217,0.0007733,0.000553004,0.000882024
0.00251118,0.00218396,0.000537502,6.99978e-05,0.000167937,0.000710052,0.00147755,0.000848973,0.000415233,0.000832842,0.000591587,0.000788957
0.00199423,0.00168168,0.00036864,0.000112104,0.000290444,0.00083015,0.00153137,0.000878467,0.000408933,0.000735574,0.000464989,0.000527327
0.00237403,0.00200185,0.000467851,0.000136464,0.000312629,0.0006098,0.00103546,0.000572075,0.000392415,0.000639895,0.000374889,0.000700719
0.0020006,0.00166408,0.000362291,9.68725e-05,0.000142853,0.000367696,0.000933387,0.000572243,0.000303616,0.000537637,0.000300324,0.00055365
0.00180519,0.0013751,0.000288195,0.00013633,0.000100242,0.000314108,0.000530886,0.000274513,0.000343445,0.000767527,0.000461909,0.000588342
0.00164736,0.00120922,0.000233464,7.52985e-05,0.000110163,0.000279248,0.000512019,0.000265344,0.000425738,0.00073517,0.000389674,0.000510867
0.00161006,0.00120142,0.000278795,0.000137337,0.000188382,0.000297022,0.000405087,0.000276416,0.000279267,0.000470796,0.000276809,0.000471449
0.00183056,0.0011685,0.000161016,0.000131205,0.000195852,0.000352143,0.000609468,0.000333913,0.000349053,0.000577975,0.000284766,0.000620494
0.00143292,0.00103975,0.000193698,0.000104946,0.000133752,0.000281896,0.00064617,0.000375264,0.000199687,0.000439084,0.000256791,0.000440208
0.00155121,0.00106953,0.000213574,8.72473e-05,0.000149233,0.000105004,0.000328298,0.000222125,0.000154216,0.000249836,0.00014536,0.000514088
0.00163343,0.0011454,0.000216728,8.43344e-05,0.000148308,0.000186002,0.000318198,0.000214104,0.000145485,0.000212348,0.000126742,0.000503336
0.00159438,0.00106205,0.000151401,7.68306e-05,6.21915e-05,9.60475e-05,0.000167471,0.000129189,0.000114573,0.000135071,0.00011743,0.000493332
0.0019234,0.00124209,0.000183883,6.94866e-05,8.10255e-05,0.000157291,0.000218276,0.000207127,0.000178874,0.00017574,0.000143431,0.000656712
0.00173971,0.0011783,0.000171378,6.44921e-05,8.83785e-05,0.000171912,0.000244415,0.000214833,0.000162446,0.000185603,0.000193568,0.000493065
0.00152724,0.00108224,0.000202624,9.32637e-05,7.44168e-05,0.000138434,0.000218291,0.00020257,0.000246466,0.00024725,0.000142324,0.000480803
0.00181412,0.00125425,0.000230586,0.000126718,0.000150891,0.000234546,0.000303182,0.000189348,0.000197863,0.000287271,0.000152989,0.000575204
0.00169547,0.00113338,0.000154565,9.71625e-05,0.000131076,0.0001442,0.000220263,0.00024405,0.000230258,0.000208152,0.000115694,0.000514195
0.00201958,0.00144874,0.000239282,7.55109e-05,5.34544e-05,9.86005e-05,0.000210193,0.00023415,0.000166849,0.000117595,0.00012842,0.000600108
0.00232685,0.00161699,0.000246909,7.79142e-05,5.52467e-05,8.28761e-05,0.00014564,0.000181795,0.000126915,8.10723e-05,5.49988e-05,0.000708412
0.00207594,0.00147541,0.000200775,7.18873e-05,8.66017e-05,9.62197e-05,0.000114327,0.000183619,0.000154322,0.000110524,9.49608e-05,0.000587264
0.0023464,0.00163765,0.000274165,0.000100369,0.00011421,0.000156655,0.000211284,0.000233881,0.000173147,9.35999e-05,7.35172e-05,0.000736493
0.00187334,0.00134714,0.000186965,0.000107867,0.000142892,0.000142283,0.000169525,0.000212548,0.000167319,0.000133121,0.000112387,0.000513292
0.00237391,0.00173024,0.000325193,9.90499e-05,5.95646e-05,0.000115277,0.000103022,0.000186859,0.000210429,0.00016968,0.000107348,0.000689972
0.00239823,0.00166404,0.000292621,0.000126303,8.51652e-05,7.52406e-05,0.000138532,0.00023258,0.00019199,0.000133056,0.000118298,0.000732364
0.00229036,0.00169946,0.000322791,0.000135598,9.61909e-05,0.000111771,0.000169021,0.000265775,0.000172709,0.000155048,0.000137398,0.000656768
0.00236635,0.00176042,0.000335713,9.96277e-05,0.000107272,0.000169027,0.000241909,0.000313042,0.000214012,7.01011e-05,8.63863e-05,0.000667873
0.00172404,0.00134964,0.000246546,5.20889e-05,0.000102407,0.000120345,0.000211161,0.000363297,0.000292051,0.000138924,6.35647e-05,0.000387612
0.000664452,0.000538252,0.000143436,0.000116017,0.000129916,0.000139366,0.000167478,0.000244121,0.000229011,0.000124254,0.000136652,0.000219028
0.000451964,0.000434106,0.000206003,0.000102526,0.000127857,9.95302e-05,0.000224645,0.000241887,0.000269055,0.00058863,0.000426631,0.000221603
0.000798945,0.00120262,0.000714532,0.000198561,9.5978e-05,0.000444185,0.000903941,0.000448502,0.000321148,0.000737493,0.000555428,0.000374283
0.00112681,0.00166855,0.00105492,0.000349811,7.96606e-05,0.000643009,0.00152008,0.000824633,0.000239718,0.000750962,0.000540893,0.000220041
0.000637436,0.00120733,0.000577267,0.000398966,0.00010292,0.000781007,0.00185329,0.000931557,0.000419625,0.00105228,0.000831957,0.00026878
0.000416943,0.00114693,0.00156862,0.000574775,0.000131021,0.000540409,0.00145745,0.000909861,0.000258233,0.000632646,0.000550956,0.000180043
0.000365036,0.000894651,0.00134953,0.000530246,0.000152129,0.000421773,0.000965477,0.000591843,0.000386819,0.00107911,0.000764721,0.000206298
0.000230759,0.000218716,0.000421372,0.000353531,0.000205282,0.000363176,0.00082931,0.000531234,0.000421434,0.00107292,0.000742153,0.000243779
0.000408806,0.00077139,0.00067922,0.000294576,0.000137292,0.0002789,0.000603553,0.000324952,0.000252895,0.000805208,0.000644972,0.000213863
0.000432792,0.000717133,0.000625215,0.000319514,0.000105538,0.000306724,0.000613996,0.000353349,0.000355946,0.000943787,0.000633557,0.000146514
0.000213833,0.000482559,0.000553927,0.000244424,6.18423e-05,0.000244427,0.000451107,0.000214433,0.000313681,0.000942215,0.000606464,0.000137028
0.000203031,0.000268479,0.000415959,0.000243627,6.96192e-05,0.000239139,0.000392664,0.000166209,0.000347143,0.000945892,0.000616614,0.000130127
0.000197846,0.000298502,0.000329635,0.000187853,9.99587e-05,0.000215514,0.000351919,0.000180725,0.000315052,0.000808505,0.000489369,8.00175e-05
0.000254344,0.000278005,0.000322752,0.000183265,9.21598e-05,0.000125364,0.000318809,0.000221449,0.000356662,0.00124897,0.000898923,0.0001495
0.000374811,0.000467667,0.000339376,0.000244009,0.000147734,0.000130064,0.00019335,9.68104e-05,0.000566234,0.00165473,0.00107504,0.000335127
0.000214837,0.000747949,0.000937761,0.000374671,0.00014168,0.000258594,0.000378566,0.000168163,0.000711872,0.00211572,0.00129686,0.000232626
0.000419133,0.000503829,0.000671701,0.000283587,0.000114888,0.000664232,0.00128614,0.000577462,0.000764473,0.00247301,0.00154648,0.000375445
0.000672563,0.000842208,0.000699119,0.000530558,0.000219384,0.000619197,0.00100308,0.000359328,0.000707084,0.00254189,0.00166572,0.000464399
0.000497099,0.000737012,0.00115064,0.00071874,0.000139414,0.00093719,0.00206574,0.00113669,0.000878132,0.00252142,0.00148514,0.000316146
0.000360513,0.0013902,0.0020462,0.000856725,9.07111e-05,0.00119317,0.00312058,0.00173274,0.000942398,0.00260631,0.00145902,0.00020884
0.000716301,0.002094,0.0020209,0.000536512,0.000120454,0.000883298,0.00224143,0.00120374,0.000929419,0.00274173,0.00165608,0.000272547
0.000344582,0.00113625,0.00142515,0.000626076,0.000127503,0.000515355,0.00105927,0.000536231,0.000745259,0.00244338,0.00162751,0.000294018
0.000232993,0.000968176,0.00128649,0.000564749,0.000173886,0.000574537,0.00092276,0.000415768,0.00130314,0.004118,0.00263859,0.000342795
0.000282766,0.000757748,0.00101745,0.000426079,0.000128551,0.000454732,0.000893885,0.000502584,0.00113197,0.00321875,0.00183712,0.000248501
0.000219193,0.00046021,0.000620778,0.000292364,0.000119945,0.000266656,0.000593741,0.000327163,0.000938922,0.00284672,0.00172691,0.000265693
0.000179359,0.000415282,0.000607726,0.000289182,0.000100137,0.000332756,0.000669221,0.000364077,0.00122962,0.00407689,0.00267299,0.000335071
0.00019046,0.000437405,0.000519472,0.000272083,0.000106642,0.000375486,0.000808451,0.000423539,0.00147493,0.00467123,0.00287422,0.000298542
0.000211348,0.000380571,0.000593816,0.000280535,9.95599e-05,0.000357051,0.000754682,0.000406243,0.00141649,0.00424797,0.00251789,0.000264587
0.000138506,0.000264517,0.000278079,8.16009e-05,8.3176e-05,0.000185164,0.00044438,0.000254158,0.0012826,0.00411361,0.00257294,0.000292437
0.00017042,0.000304659,0.00028235,0.000129831,7.40492e-05,0.000125859,0.000258045,0.000164665,0.00148112,0.00481951,0.00300246,0.000353777
0.000417979,0.00090887,0.00126544,0.000558295,8.54785e-05,0.000283901,0.000562889,0.000354077,0.00141733,0.00507878,0.00330602,0.000452478
0.000289246,0.000730655,0.00113356,0.000698977,0.000184631,0.000348665,0.000643631,0.000249684,0.00168967,0.0051355,0.00317949,0.000409237
0.000473717,0.00098734,0.000839209,0.000393462,0.000219928,0.000646854,0.00112679,0.00050976,0.00141674,0.00411394,0.00241913,0.000368285
0.00044535,0.000625201,0.000803471,0.000504774,0.000211846,0.00043393,0.000637483,0.000359418,0.00140257,0.00468306,0.00309642,0.000452529
0.00084091,0.00140983,0.00077327,0.00018917,0.00018108,0.00064835,0.00129895,0.000657526,0.00169208,0.00571166,0.00381203,0.000582362
0.000754719,0.0011643,0.000749121,0.000335442,0.000104726,0.000778068,0.00149553,0.000618634,0.00217489,0.00618663,0.00369892,0.000468798
0.000567868,0.00108727,0.000971485,0.000377791,0.000152193,0.000786455,0.0015844,0.000805649,0.000842201,0.00202997,0.00120283,0.000276616
0.000243175,0.000678661,0.00057625,0.000286741,0.000167037,0.000689796,0.00146022,0.000647269,0.00114866,0.00353498,0.00221288,0.00029182
0.000289417,0.00080384,0.000585644,0.000218738,0.000124201,0.000625982,0.00142916,0.000692163,0.00183324,0.00492503,0.00284639,0.000351902
0.000220945,0.000495168,0.000416705,0.00010015,9.10975e-05,0.000290318,0.00065859,0.000344689,0.00104564,0.00244728,0.00130324,0.000155632
0.000226781,0.000528956,0.000733784,0.000445657,0.000131375,0.000321311,0.00039725,0.000127707,0.000272424,0.00082226,0.000697411,0.000210391
0.000220065,0.000451507,0.000690779,0.000382416,0.000126972,0.000171538,0.000423202,0.000317748,0.00117101,0.00315432,0.00190223,0.000269979
0.000212219,0.000277123,0.000292599,0.000176829,0.000122261,0.00035101,0.000700251,0.000381918,0.000684995,0.00169118,0.00114561,0.000251786
0.000178494,0.000313717,0.00043382,0.00027161,0.000139107,0.000510693,0.000937568,0.000488866,0.000699202,0.00161614,0.000901414,0.000155941
0.000218289,0.000500418,0.000473513,0.000214061,9.4394e-05,0.000373259,0.00073991,0.00039567,0.000615547,0.00138914,0.000872313,0.000179176
0.000119644,0.000234704,0.000253514,0.000130349,0.000113701,0.000239169,0.000545226,0.000369545,0.000237898,0.000630423,0.000556559,0.000235039
0.000176764,0.000156131,0.000200774,0.000162356,9.75155e-05,0.000218242,0.000406323,0.000250867,0.000624655,0.00180874,0.00112472,0.000228006
0.000117006,0.000300267,0.000437743,0.000218908,0.000106515,0.000246597,0.000424056,0.000180925,0.000238045,0.000573926,0.000343334,0.000156453
0.000112375,0.000314031,0.000339299,0.000143586,0.000125487,0.000200348,0.000302395,0.000144519,0.000319787,0.000528582,0.000230783,0.000107821
0.000196631,0.000265017,0.000381059,0.000217058,0.00012886,0.000210126,0.000259614,0.000120794,0.000397358,0.000925503,0.000560477,0.00019033
0.000156372,0.000481685,0.00139628,0.000883657,0.000117929,0.000211008,0.000312236,0.000141547,0.000347972,0.000700457,0.000397752,0.000145326
0.000174447,0.000435233,0.00144634,0.00100372,0.000180664,0.000113301,0.000193612,0.000119717,0.000312501,0.000906662,0.000654831,0.000210687
0.00025148,0.00063312,0.00161264,0.00101283,0.000191585,0.000236968,0.000253867,0.000182349,0.000484415,0.00121035,0.000797331,0.000254986
0.000218575,0.000800222,0.00216431,0.00130827,0.000157632,0.000196247,0.000251672,0.000149355,0.00021584,0.000465194,0.000326033,0.000194169
0.000193141,0.00114008,0.00271043,0.00145187,0.000147848,0.000143832,0.000203175,0.000133802,0.000410729,0.000978675,0.00059104,0.000100397
0.000221562,0.00134888,0.00341587,0.00184238,0.000199207,0.000123309,0.000116852,0.000171547,0.000557374,0.00124633,0.000753172,0.000240283
0.000213439,0.000555212,0.00157507,0.000982069,0.000151517,0.000148656,0.000186269,0.000109353,0.000445431,0.00128757,0.000862658,0.000221285
0.000132775,0.000971912,0.00257627,0.00148853,0.000184449,0.000135897,0.000189097,0.000176236,0.000350718,0.00103105,0.000624791,0.000106027
0.000127299,0.000557201,0.00162925,0.00101059,0.000210306,0.000180448,0.000212878,0.000177103,0.000364692,0.000854351,0.000492818,0.000141969
0.000190687,0.000774888,0.00226143,0.00147706,0.000214185,8.05967e-05,0.000138097,0.000184946,0.000387401,0.00101239,0.000676434,0.000171674
0.000171358,0.00102666,0.00282047,0.0016968,0.000208009,6.23563e-05,0.000142066,0.000199062,0.000254188,0.000653523,0.000432747,0.000107884
0.000122404,0.000798204,0.00243154,0.00147603,0.000164868,0.00010092,0.000171539,0.000219482,0.000300101,0.000708416,0.000485474,0.00011047
9.02576e-05,0.000806048,0.00275532,0.0017457,0.000234911,0.000107603,0.000138888,0.00016557,0.000305054,0.000855867,0.000543958,0.000128573
9.81544e-05,0.00112734,0.00339995,0.00209253,0.000242266,5.9809e-05,0.000106389,0.000115322,0.000210558,0.000733532,0.000521758,0.000128844
0.000159509,0.000755093,0.0029267,0.00209645,0.00036932,0.000124112,0.000114376,0.000128377,0.00051147,0.00137652,0.000979281,0.000276513
0.000231519,0.00121041,0.00345181,0.00205161,0.000237837,0.000124397,0.000221634,0.000226011,0.000663168,0.00170632,0.00161043,0.000775483
0.00021458,0.00113025,0.00328098,0.00197465,0.000275677,0.00020509,0.000327906,0.000281797,0.000366087,0.000870739,0.00205788,0.00113356
0.000176199,0.000793605,0.00250718,0.00166655,0.000167285,0.000284655,0.000298674,0.000280717,0.000376458,0.00155818,0.00297949,0.00133113
0.000333281,0.000711489,0.00183532,0.00110833,0.000363231,0.000636901,0.000453227,0.000515057,0.000348716,0.00197212,0.00533537,0.00298118
0.00039833,0.000633928,0.00142252,0.000862879,0.000364202,0.000938111,0.000644435,0.000404382,0.000379099,0.00209501,0.00561877,0.00320907
0.000295528,0.000189357,0.000392098,0.000172662,0.000243781,0.000721441,0.000379287,0.000378464,0.000250794,0.00194295,0.00554536,0.00320256
0.000282739,0.000378247,0.00076097,0.0004035,0.000270779,0.000618162,0.000561957,0.00038418,0.000232014,0.00173168,0.00531963,0.00312684
0.000231132,0.000361273,0.0011697,0.000772869,0.000135049,0.000426292,0.000348005,0.000153655,0.000171989,0.00123629,0.00381973,0.00223575
0.000192468,0.000329571,0.000863981,0.000516415,0.000203352,0.000437943,0.000315393,0.000130448,0.000221109,0.00150823,0.00397015,0.0021448
0.000221935,0.000285077,0.000662859,0.000429955,0.000175833,0.000291373,0.00019551,0.000168406,0.000213066,0.00123979,0.00382718,0.00218264
0.000266961,0.000185438,0.000462687,0.000245598,8.76648e-05,0.000225603,0.000177641,0.000104911,9.099e-05,0.00163553,0.00461502,0.00261663
0.000225513,0.00016634,0.000495793,0.000351136,0.000127258,0.000221845,0.000220744,0.000201912,0.000161974,0.00237937,0.00650724,0.00352301
0.00040206,0.000136448,0.000472006,0.000306507,0.000115647,0.000173055,0.000135095,8.07228e-05,0.000156241,0.00307474,0.00837894,0.00458681
0.000290092,0.000189665,0.000422533,0.0002897,0.000118689,0.000164448,0.000134009,0.000140951,0.00013358,0.00339143,0.00936185,0.00500877
0.000413421,0.000168071,0.000315494,0.000238007,0.000154538,0.000132923,0.000260447,0.000364623,0.000304223,0.00360696,0.00928472,0.00486072
0.000397905,0.000457044,0.000587342,0.000325058,0.000245757,0.00042244,0.000493094,0.000971359,0.00063537,0.00351904,0.00961465,0.00528334
0.00054963,0.000482832,0.000785983,0.000394984,0.000203765,0.000554175,0.000871867,0.00104821,0.000673623,0.00404485,0.00982421,0.00571824
0.000368679,0.000203132,0.000391899,0.000263628,0.000239738,0.000519331,0.000381341,0.000411746,0.000236564,0.00386119,0.0101259,0.00543119
0.000302425,0.000358144,0.000779282,0.000498727,0.000562401,0.00149194,0.00116772,0.000659571,0.00036756,0.00413526,0.0107834,0.00549636
0.000606807,0.000446871,0.000768145,0.000393466,0.000522762,0.00117648,0.00094292,0.000684188,0.000272635,0.00420476,0.011521,0.00647147
0.000367675,0.000329646,0.000574208,0.00024972,0.000519824,0.00145759,0.00111386,0.000590339,0.000421732,0.00297536,0.00865291,0.00496242
0.000263736,0.000220572,0.000305469,0.000180891,0.000329674,0.000938886,0.000730934,0.000544814,0.000363825,0.00223941,0.00624924,0.00341527
0.000260187,0.000194483,0.000230171,0.000117974,0.000225732,0.000736227,0.00059124,0.000531341,0.000393973,0.00213185,0.0056955,0.00304276
0.00024962,0.000117048,0.000241196,0.000133057,8.19913e-05,0.000205069,0.000221715,0.000350976,0.00019915,0.00249404,0.00656005,0.00353235
0.000283838,0.000198907,0.000229208,0.000127373,0.000119578,0.000303545,0.000303753,0.000233944,0.000164473,0.00215658,0.00617845,0.00344033
0.000302733,0.000155925,0.000202577,0.000141478,0.000131234,0.0001971,0.000267939,0.000277466,0.000140134,0.00187582,0.00482251,0.00263372
0.000181017,8.74178e-05,0.000166176,0.000138444,0.000122186,0.000240418,0.000268963,0.000228195,0.000237029,0.00120044,0.00329246,0.00183198
0.000164084,0.000154016,0.000302027,0.000200597,7.9041e-05,0.000210427,0.000284915,0.000263611,0.000256698,0.0010295,0.00296956,0.00163894
0.000160332,0.000133781,0.000236831,0.000143734,9.71202e-05,0.000173341,0.000183346,0.00014416,0.000351902,0.00132114,0.00346853,0.00197954
0.000179605,0.000133107,0.00024757,0.000139298,0.000153916,0.00020788,0.000179627,0.000305728,0.000474311,0.00139105,0.0022303,0.0014843
0.000127301,0.000144871,0.000348461,0.000313039,0.00026353,0.000390888,0.00057945,0.000699462,0.000714116,0.00182374,0.00217784,0.00113103
0.000332402,0.00026489,0.000374854,0.000324772,0.000237825,0.000264751,0.000530952,0.000868879,0.000602758,0.00233679,0.00280192,0.00106107
0.000554795,0.000233097,0.00018356,0.00023591,0.000277691,0.000629027,0.000670002,0.000525183,0.000664001,0.0025686,0.00405046,0.0018335
0.000599131,0.000427399,0.000505735,0.000269466,0.000224928,0.000347414,0.000358402,0.000358924,0.000777477,0.00249309,0.00316866,0.00162965
0.000582326,0.000392119,0.000421705,0.000293373,0.000211845,0.000511307,0.000477445,0.000599825,0.000631318,0.00242243,0.00328627,0.00188502
0.000336918,0.000254313,0.000502315,0.000374227,0.000165029,0.000377602,0.000344582,0.000676884,0.000729091,0.00251514,0.00319129,0.00151531
0.000271535,0.000375391,0.000664567,0.000371501,0.000250861,0.000519143,0.000385598,0.0006052,0.00084521,0.00249951,0.00273273,0.0011451
0.00028098,0.000278469,0.000535331,0.000257714,0.000146383,0.000459205,0.000376766,0.000382222,0.000365482,0.001052,0.00197329,0.000919482
0.000288173,0.000187189,0.000301942,0.000179047,0.000177388,0.000407676,0.000316892,0.000333974,0.000504193,0.0012575,0.00173565,0.000931439
0.000319549,0.000140696,0.000223324,0.000182833,0.000135941,0.000172605,0.000241743,0.000614667,0.000533562,0.0010279,0.00183142,0.00123369
0.000203177,0.000241417,0.000344035,0.000186139,0.000164436,0.00037341,0.000525425,0.000920937,0.00058229,0.000885434,0.00168562,0.000912886
0.000140069,0.00023232,0.000336725,0.000177451,0.000154387,0.000328828,0.000325019,0.000975654,0.000557644,0.000800868,0.00127647,0.000701685
0.000243713,0.000234354,0.000328998,0.000183893,0.000224229,0.000308632,0.000448184,0.00123894,0.00072312,0.000363853,0.000757465,0.000588353
0.000226039,0.000162505,0.00022926,0.000171133,0.000100978,0.000200088,0.000534766,0.00127557,0.000750731,0.00033878,0.000399212,0.000281846
0.000179459,0.000204227,0.000263983,0.000180534,0.000159059,0.000146778,0.0004605,0.00118233,0.000674953,0.000311126,0.000494632,0.000291731
0.00017496,0.000123348,0.000202997,0.000143822,7.46345e-05,0.000129169,0.000464622,0.00114077,0.000713988,0.000309014,0.000411261,0.000284519
0.000165644,0.000152815,0.000159294,0.000102421,6.74947e-05,0.000126323,0.000353418,0.000771961,0.000475115,0.000324751,0.000411464,0.000243611
0.00016627,0.000185996,0.000262002,0.00015958,0.000114169,0.00017921,0.000398884,0.000868768,0.000553695,0.000305727,0.000318699,0.000212145
0.000282526,0.000239842,0.00019769,0.000158609,0.000124344,0.000134282,0.000523564,0.00124939,0.000769994,0.000425755,0.000390202,0.000205034
0.000261436,0.000165188,0.000127691,0.000129552,0.000111096,0.000157209,0.000389446,0.000977976,0.00049751,0.000277053,0.000317088,0.000222379
0.000173811,0.000165456,0.000120732,9.00504e-05,0.000124093,0.000188164,0.000340309,0.000996594,0.000566567,0.000274179,0.000343659,0.000194026
0.00015604,0.000118032,0.00011648,0.000132438,0.000142592,0.000154658,0.000435948,0.000997948,0.000531532,0.000154654,0.000210201,0.000175546
0.000104518,0.000105794,0.000101271,8.56065e-05,0.00014922,0.000170693,0.000293189,0.000847965,0.000583368,0.000154788,0.000279214,0.000189981
0.000132797,0.000108132,0.000117024,9.81824e-05,0.000103282,0.000159589,0.000243938,0.000950927,0.000694359,0.000217798,0.000331437,0.000284816
0.000150978,0.000151229,0.000147417,0.000138125,0.000176323,0.000171266,0.000308288,0.000739741,0.00069027,0.000393269,0.000258987,0.000167677
0.000134628,0.000108702,0.000151839,0.000137328,0.000128694,0.000118401,0.000284627,0.000650958,0.000474667,0.000265822,0.000277969,0.00020517
0.000122269,0.000105065,0.000102867,9.75584e-05,0.000107466,9.22348e-05,0.000207907,0.000432628,0.000369322,0.000204352,0.000147632,9.71702e-05
6.65685e-05,9.63928e-05,6.95264e-05,6.05593e-05,8.07501e-05,0.000127034,0.000150304,0.000451149,0.000438189,0.00022684,0.000163708,0.00011515
0.000249105,0.000333455,0.000265591,0.000154835,9.82073e-05,0.000136285,0.000258095,0.000540293,0.000327378,0.000174634,0.000211016,0.000252911
0.000228876,0.000400548,0.000408673,0.0002336,0.000152253,0.000152096,0.000296941,0.000457492,0.000309256,0.000202949,0.000203494,0.000171961
0.000266995,0.000247168,0.000136775,0.000244176,0.000239748,0.000266282,0.000287035,0.000448353,0.000366444,0.000221737,0.000204924,0.000318735
0.000225654,0.000130865,0.000331126,0.000376664,0.000330962,0.000378806,0.000806585,0.00107071,0.000616624,0.000263999,0.000376981,0.000535063
0.00212289,0.00239854,0.00243831,0.000810692,0.00158039,0.00290819,0.00787247,0.0140977,0.00693559,0.00270452,0.00308397,0.00438644
0.00433367,0.00807378,0.0145602,0.00897679,0.00415804,0.0054651,0.0145163,0.0276478,0.0180442,0.00970884,0.00263878,0.00702021
0.00297553,0.00612574,0.0151451,0.00890848,0.00180699,0.00663539,0.0170978,0.0270596,0.0200741,0.00669791,0.00500749,0.00630723
0.00342474,0.0067877,0.017643,0.0109373,0.0034001,0.00646344,0.014647,0.0235243,0.0137011,0.00528711,0.00450129,0.00715656
0.00155136,0.00453031,0.00730074,0.00242605,0.00421065,0.00691741,0.0142007,0.0279356,0.018564,0.00551566,0.00201243,0.00326131
0.00285724,0.00343698,0.00702346,0.00503094,0.0028613,0.00457463,0.0113005,0.0178281,0.0128216,0.00339648,0.00284891,0.00516136
0.00785159,0.00563615,0.00890065,0.00713251,0.0044386,0.00512065,0.01368,0.0221849,0.0115442,0.00987221,0.00703378,0.0122214
0.00444071,0.00708025,0.0126232,0.00937046,0.00767341,0.00948608,0.0181696,0.0331071,0.0258278,0.0133939,0.0129224,0.0122639
0.00739648,0.00504181,0.0124323,0.00887318,0.00456245,0.00785471,0.0227152,0.0487937,0.0331712,0.0134436,0.0117825,0.0202308
0.00674247,0.0130231,0.0236993,0.0142421,0.0074435,0.0097904,0.0196675,0.0455354,0.0385057,0.0162387,0.00801643,0.00819647
0.00768715,0.00750726,0.0121638,0.00799495,0.00814593,0.0131876,0.0224882,0.0186697,0.0309439,0.0168816,0.0127942,0.0167125
0.00597089,0.0102115,0.0188577,0.0105365,0.00619024,0.0101046,0.0256695,0.0415453,0.029256,0.0139599,0.00686488,0.00846643
0.00381115,0.00766692,0.0197633,0.0139027,0.00989175,0.0153125,0.0238678,0.0468365,0.0296514,0.0119038,0.00619252,0.00783944
0.00632843,0.0110185,0.0213721,0.00968783,0.00478491,0.0104242,0.0238942,0.0407855,0.0239238,0.0145689,0.00884824,0.0122345
0.00705185,0.0106718,0.0260547,0.0171111,0.01167,0.0150297,0.0161551,0.0349749,0.0280335,0.0120045,0.0108286,0.015125
0.00659988,0.0102017,0.0229608,0.016824,0.0103779,0.0114579,0.0208193,0.0480182,0.0369502,0.0103465,0.0113925,0.0150141
0.00935253,0.00720883,0.0138652,0.0106153,0.00801106,0.013282,0.019617,0.0425651,0.0312277,0.00931288,0.00643508,0.010122
0.00901332,0.0114647,0.0245277,0.0107469,0.00873208,0.0128767,0.0292073,0.0544259,0.0324239,0.0104088,0.00964687,0.0126511
0.00552438,0.013595,0.0288848,0.0137234,0.00843933,0.0169989,0.034047,0.0385221,0.0259331,0.0197608,0.0127458,0.0124277
0.0129153,0.018087,0.0326596,0.0190843,0.0104064,0.0207691,0.0225373,0.0346121,0.0225824,0.017895,0.0123772,0.0149881
0.00316168,0.0104365,0.021237,0.0140801,0.010368,0.019534,0.0231442,0.0338282,0.0217601,0.0155107,0.0149655,0.00888652
0.00805967,0.0136707,0.0274669,0.0182363,0.0101895,0.0168044,0.0310559,0.0596132,0.0354445,0.0095262,0.00933757,0.0104945
0.00613323,0.0136157,0.0327427,0.0195996,0.010439,0.0190153,0.0371805,0.0581439,0.0379423,0.0188165,0.00733443,0.00776807
0.00501892,0.00803014,0.0162195,0.0160472,0.0133974,0.02388,0.0389702,0.050391,0.0312706,0.0114944,0.0127269,0.00968461
0.00411842,0.013794,0.0286213,0.0169488,0.0132725,0.0200657,0.0275004,0.0643682,0.0431793,0.0100043,0.0111566,0.0145275
0.00650219,0.0104808,0.0185097,0.0174856,0.0146814,0.0208555,0.0285314,0.0467111,0.0332754,0.015596,0.00864058,0.00749909
0.00529672,0.0107883,0.0211486,0.0149266,0.0135316,0.0176051,0.0222022,0.0439998,0.0343893,0.0150812,0.0130951,0.0126844
0.00800911,0.00987868,0.0195725,0.0129278,0.0101289,0.0107062,0.0237713,0.0498022,0.0438591,0.0187089,0.00985481,0.0142539
0.00915474,0.0128361,0.0160094,0.0158412,0.00892259,0.0146792,0.0306346,0.0466781,0.0296523,0.0196229,0.00739643,0.0144242
0.00901437,0.0127197,0.0212042,0.016034,0.0105649,0.0187899,0.026709,0.0304538,0.0311788,0.0168258,0.0142126,0.0158358
0.0110964,0.0151741,0.0301295,0.0160216,0.00995395,0.0111048,0.0348764,0.0605664,0.0428603,0.0203017,0.0130344,0.0226927
0.00790418,0.00589173,0.0186898,0.0161429,0.0120657,0.0168418,0.0292719,0.043913,0.0363204,0.0167419,0.00846911,0.0115531
0.0127831,0.00997155,0.0244319,0.0199759,0.00798059,0.0107448,0.0182622,0.0245729,0.0272526,0.0178798,0.0125993,0.0216273
0.00353605,0.00694259,0.0129413,0.00779684,0.00754438,0.00960808,0.0220102,0.0390871,0.0234198,0.0130083,0.00588441,0.00432634
0.00569888,0.00646146,0.011436,0.00699868,0.00845579,0.014009,0.0257245,0.0374488,0.0255632,0.0159669,0.00908335,0.0114275
0.00479034,0.00446813,0.00534843,0.00637563,0.0118112,0.0195173,0.0359622,0.0495611,0.0328768,0.0149733,0.0103139,0.00600381
0.00621669,0.00619164,0.0171888,0.0117857,0.0087991,0.0134759,0.0339187,0.0356582,0.0292145,0.0114998,0.00921502,0.00941023
0.00676803,0.00462612,0.0148426,0.00844696,0.00677362,0.0153462,0.0477931,0.0732712,0.0505774,0.019509,0.0103526,0.0168031
0.00926801,0.0108181,0.0216144,0.0173382,0.0128368,0.0138577,0.0453674,0.0653493,0.0222056,0.0133031,0.00990392,0.0143386
0.00569844,0.0100864,0.0262959,0.0167589,0.00997939,0.0166172,0.0335311,0.0633033,0.0325483,0.00972271,0.00966539,0.0118179
0.00398279,0.0083942,0.021396,0.0166403,0.00640972,0.0117156,0.031899,0.0860467,0.0557123,0.0116098,0.00530421,0.00821632
0.00522444,0.0104353,0.0229838,0.0125034,0.0056791,0.00720958,0.0280343,0.0662457,0.0399843,0.0103612,0.00585839,0.0105083
0.00245914,0.00481629,0.0190043,0.0153662,0.00640969,0.00841983,0.0324554,0.0668445,0.037005,0.00856376,0.00672038,0.00590774
0.00466034,0.00625555,0.0128067,0.00811374,0.00288,0.00687791,0.0322871,0.0573838,0.0315778,0.00986327,0.0072461,0.00906685
0.00241587,0.00406507,0.00810958,0.0078178,0.00413404,0.00730349,0.0329329,0.0583934,0.0323607,0.00754663,0.00348259,0.00609476
0.00226329,0.00449807,0.0123593,0.00815422,0.00369945,0.00668613,0.0264981,0.0410088,0.0191337,0.00605098,0.00324879,0.00411871
0.00251414,0.00554547,0.0133913,0.00815525,0.00218554,0.00472392,0.0210764,0.0311266,0.0137534,0.00433566,0.0027405,0.00449418
0.00110942,0.0043774,0.00983297,0.00477729,0.00167789,0.00367841,0.0172112,0.0322397,0.0196366,0.00460443,0.00188271,0.00198615
0.00127263,0.00382261,0.0100603,0.0056316,0.00129812,0.00210716,0.0156611,0.030747,0.0179691,0.00324877,0.00191131,0.00287741
0.00177244,0.00362866,0.0105067,0.00677334,0.00162777,0.00310505,0.0141996,0.0235376,0.0119189,0.00286866,0.00265777,0.00332818
0.000688304,0.00278823,0.00725527,0.00420361,0.00149397,0.00339492,0.0120259,0.0145107,0.00552389,0.00186647,0.00151268,0.00116374
0.001195,0.00296043,0.00679894,0.00349385,0.000761175,0.00241534,0.0115548,0.0178625,0.00837746,0.00204971,0.00148965,0.00180059
0.00150843,0.00239493,0.00627082,0.00417832,0.00110818,0.00159989,0.0100772,0.0178498,0.00849372,0.0012122,0.00165966,0.0026092
0.000632473,0.00168898,0.00546111,0.00349413,0.000649038,0.00170258,0.00839819,0.0163292,0.00881019,0.0016457,0.00182721,0.00164322
0.000818765,0.00256631,0.00685903,0.00425767,0.000995034,0.00118172,0.00799282,0.0156286,0.00828595,0.00113054,0.000902798,0.00165619
0.000713365,0.0019124,0.00537045,0.00360471,0.00099463,0.00139044,0.00639858,0.0127059,0.00680487,0.000984928,0.000676014,0.00137042
0.000844157,0.00151343,0.00358249,0.00246844,0.000762864,0.000773127,0.00491579,0.0101084,0.00590144,0.00104648,0.000755405,0.0011588
0.00054638,0.00142425,0.00327627,0.00211007,0.000717915,0.000819389,0.00387591,0.00803378,0.00478102,0.000952345,0.000405,0.000750426
0.000651379,0.00102149,0.0023569,0.00142744,0.000551743,0.000875213,0.00304894,0.00666958,0.00367115,0.000620668,0.000537945,0.000980768
0.000377098,0.000670397,0.00150455,0.00117619,0.000486903,0.000615645,0.00232585,0.0050126,0.00275976,0.000493907,0.000411078,0.000486784
0.000427843,0.000917531,0.00194306,0.00112699,0.000221128,0.000428568,0.00152848,0.00367116,0.00179016,0.00052158,0.000462411,0.000625523
0.000416484,0.000715824,0.00207164,0.00124282,0.000330324,0.000415213,0.00176177,0.00387515,0.00245978,0.000436629,0.00040188,0.000697118
0.000321246,0.000709147,0.00217693,0.00137855,0.000327123,0.000514803,0.00196284,0.00416601,0.00240714,0.000419359,0.000396368,0.000514475
0.000203598,0.000620736,0.00129642,0.000796059,0.000539081,0.000408387,0.00149105,0.00348817,0.00204862,0.000433596,0.000412633,0.00029676
0.000168239,0.000370512,0.0010575,0.000609537,0.000259432,0.000390359,0.00167292,0.00308516,0.00160749,0.000239705,0.000214894,0.000281099
0.000158041,0.000393047,0.00108019,0.000720596,0.000210502,0.000240736,0.00115926,0.00182121,0.000840485,0.000332771,0.000183406,0.000361289
0.000260066,0.000554176,0.00116699,0.000582343,0.000175739,0.000291968,0.00103112,0.00173979,0.000777638,0.000203618,0.000295675,0.000429788
0.000270983,0.000325746,0.00106536,0.000758653,0.000133683,0.000225193,0.00103307,0.00178559,0.00074915,0.000196568,0.000169708,0.000245004
0.00027235,0.000449793,0.00108267,0.000643928,0.000202246,0.000205337,0.000857393,0.0017317,0.000955375,0.00020327,0.00018697,0.000296051
0.000184128,0.000447494,0.000980557,0.000475682,0.000177444,0.000160226,0.000761464,0.00132907,0.000676911,0.000215618,0.000141355,0.000285758
0.000160895,0.000339818,0.000927561,0.000566497,0.00014224,9.09647e-05,0.000649499,0.00130501,0.000663049,0.000132816,0.000105701,0.000195541
0.000120049,0.000320902,0.000769382,0.000469724,9.9863e-05,0.000113817,0.000563132,0.00119199,0.000648569,0.000162672,0.000105673,0.000136285
0.000154929,0.00029729,0.00078256,0.000498265,0.000125152,8.99984e-05,0.000535592,0.00106457,0.000468464,0.000140935,0.000120466,0.000163976
0.000100857,0.000273913,0.000654924,0.000419909,0.000137715,0.000112525,0.000461017,0.000877307,0.000491221,0.000250344,0.00017228,0.000165972
0.000158202,0.000336611,0.000619791,0.000353605,0.000204015,0.000209852,0.000449308,0.000727807,0.000462486,0.00047728,0.000368196,0.000172928
0.00012478,0.000296302,0.000501411,0.00026875,0.000157726,0.000142522,0.000360578,0.000779226,0.000566579,0.000456262,0.000300055,0.000163821
0.000224927,0.00021229,0.00037614,0.000293561,0.000208289,0.000112446,0.000348343,0.000710893,0.000370806,0.000291478,0.000265862,0.000158412
0.000228003,0.000180431,0.000304253,0.00029768,0.000213473,9.47179e-05,0.000284206,0.00058195,0.00027035,0.000250818,0.000199329,7.23872e-05
0.000197262,0.000220859,0.000298277,0.000214777,0.000176303,0.000126444,0.000237748,0.000526786,0.000305386,0.00024682,0.000213319,0.000138493
0.000164549,0.000182736,0.000154453,8.16536e-05,0.000145889,0.000128746,0.000232625,0.000452562,0.000320972,0.000304115,0.000268899,0.000153476
0.000137033,0.000166666,0.000164873,0.000131537,0.000111448,0.00010715,0.000141759,0.000312352,0.000178455,0.000290454,0.000225911,0.000130184
9.50241e-05,0.000111444,0.000165591,0.000151908,0.000159317,0.000130975,0.000241082,0.000308915,0.000147158,0.000239072,0.000200012,8.44596e-05
0.000109747,0.000119058,0.000148863,0.000112827,0.000100426,8.3475e-05,0.000146217,0.000246903,0.000134274,0.000123014,0.000172355,0.000103845
8.4313e-05,0.000120022,0.000136753,0.000119653,8.69309e-05,8.94209e-05,0.000118381,0.000184205,0.000148385,0.000251707,0.000155257,8.88552e-05
0.000121156,0.000165415,0.000171704,0.000143848,0.000127248,0.000109344,0.000122265,0.00020613,0.000234379,0.000222069,0.000170141,8.39243e-05
7.8472e-05,7.4394e-05,0.000168123,0.000126457,6.32908e-05,6.31696e-05,0.000135368,0.000213149,0.000214758,0.000204421,0.000110232,6.79796e-05
8.1622e-05,8.57083e-05,0.00015187,0.000124944,6.85136e-05,6.05e-05,8.40464e-05,0.000189734,0.00016953,0.000112221,0.000109044,6.60796e-05
8.90976e-05,0.000138509,0.000190163,0.000125682,0.000129171,0.00010282,0.000108658,0.000146534,9.63623e-05,0.00012075,0.000112664,7.38949e-05
0.000109545,0.000100351,9.47324e-05,8.21922e-05,8.27625e-05,0.000100193,0.00014425,0.000150426,0.000102223,9.90472e-05,0.000101982,7.39035e-05
0.000135794,0.000151262,0.000125677,7.6689e-05,6.47592e-05,6.60305e-05,5.93809e-05,0.000106548,0.000102,0.000103006,8.47618e-05,9.98832e-05
0.000142703,0.000143221,0.000155967,9.54525e-05,7.32295e-05,8.21807e-05,9.79645e-05,7.1094e-05,5.19244e-05,8.5088e-05,0.000105367,0.000106888
0.000162967,0.000110731,6.43425e-05,6.00588e-05,6.80133e-05,8.36385e-05,8.80747e-05,9.01227e-05,9.99474e-05,9.66637e-05,0.000114977,9.01431e-05
8.31797e-05,0.000138185,8.52287e-05,7.41238e-05,5.88672e-05,4.35604e-05,5.1059e-05,5.64104e-05,7.88211e-05,6.52613e-05,4.87846e-05,5.6439e-05
0.000155278,0.000141429,9.03397e-05,8.46837e-05,8.94332e-05,7.15534e-05,5.34065e-05,0.000106526,9.9483e-05,8.64228e-05,7.11381e-05,0.000116902
0.000187378,0.000130057,6.17174e-05,5.17689e-05,7.546e-05,0.000112999,0.000104013,7.92875e-05,9.94345e-05,0.000104133,6.9946e-05,0.000119433
0.000105512,0.000139872,0.000112662,0.000116217,0.000122514,6.92941e-05,6.97926e-05,0.000102128,8.15227e-05,8.62176e-05,8.1538e-05,9.44177e-05
9.19198e-05,8.93493e-05,9.29305e-05,9.27778e-05,9.18013e-05,8.05057e-05,8.34809e-05,9.14239e-05,6.8342e-05,8.07792e-05,0.000114797,0.000102072
0.000105448,0.000202532,0.000247345,0.000147673,0.000103331,0.00011735,7.71705e-05,9.85114e-05,9.39019e-05,0.000104215,0.000127276,0.000122296
0.000215474,0.00035506,0.000263771,0.00012067,9.66724e-05,8.64597e-05,0.000214386,0.000543058,0.000317828,7.94408e-05,8.35132e-05,0.000175309
0.000204899,0.000346805,0.000467732,0.000248237,9.10538e-05,8.57178e-05,0.000279608,0.000865583,0.000552117,0.00017841,0.000144098,0.000191234
5.90192e-05,0.000565775,0.0016157,0.00117097,0.000233617,5.6779e-05,0.000450058,0.0012595,0.000688544,0.000335379,0.000274776,0.000104188
0.000185181,0.000360294,0.00187299,0.00179496,0.000397623,9.31425e-05,0.000406118,0.00106794,0.000682399,0.000497813,0.000455098,0.000182327
0.000214794,0.000349037,0.00162418,0.00149804,0.000267069,0.000190903,0.000380172,0.00109232,0.000757029,0.000899023,0.000917135,0.00032471
0.000172021,0.000671122,0.00182065,0.0012664,0.000198963,0.000132205,0.00042499,0.00131297,0.000818569,0.000632376,0.000801793,0.000337031
0.000159016,0.000304939,0.000897012,0.000836607,0.00018939,9.35359e-05,0.000497103,0.00154139,0.00102689,0.000945698,0.000914965,0.000216165
0.000123879,0.000323194,0.000881145,0.000700121,0.000151083,0.000119606,0.000617557,0.0017674,0.00119441,0.0006888,0.000635433,0.00019319
0.000154875,0.00049836,0.000974985,0.000477347,8.81852e-05,9.35184e-05,0.000575265,0.0015733,0.000973785,0.000518704,0.000460018,0.000191505
0.000147893,0.000300657,0.000705058,0.000532121,0.000126109,8.39873e-05,0.000648456,0.001869,0.0010744,0.00038362,0.000442135,0.000195172
0.000137509,0.00017731,0.000555804,0.000481336,0.000104524,0.000115722,0.000571932,0.00165122,0.00105065,0.000208408,0.000269321,0.000125149
6.74109e-05,0.000178173,0.000567154,0.000479085,0.000123146,8.00234e-05,0.000602939,0.0016739,0.000954725,0.000194185,0.000299141,0.000159992
6.30736e-05,0.000156047,0.000639682,0.000637405,0.000127947,9.41403e-05,0.000541439,0.0017149,0.00104857,0.000175976,0.000238293,0.000116611
0.000154562,0.000320105,0.00090001,0.000788179,0.000177792,0.00010199,0.000654089,0.0018554,0.0010744,0.000198577,0.000217123,0.000184368
0.000327628,0.000930676,0.00146742,0.000809669,0.000197081,0.000144564,0.000771721,0.00228492,0.00136074,0.000361231,0.00017659,0.000271966
0.000360875,0.000968036,0.000955378,0.000576069,0.000183499,0.00022967,0.00072254,0.00209019,0.00129687,0.000321809,0.000545042,0.000285316
0.000993548,0.0012632,0.00050669,0.00112187,0.000294795,0.000250239,0.000810856,0.0022248,0.00132743,0.000922146,0.00113124,0.000840101
0.000477063,0.00184741,0.00378382,0.00206487,0.00028382,0.000229807,0.000674327,0.00229808,0.00151919,0.000527383,0.000625473,0.000455407
0.000384324,0.00127642,0.00398637,0.00246755,0.000277512,0.000268483,0.000792927,0.00226433,0.00143792,0.000750911,0.000877897,0.000455308
0.00023057,0.00160369,0.00416898,0.00237951,0.000332345,0.000129949,0.000847488,0.00270097,0.00175927,0.000740473,0.00117575,0.000638877
0.000218752,0.0011468,0.00326969,0.0017812,0.000207767,0.000344522,0.0010607,0.00284161,0.00176875,0.000441982,0.00103919,0.000653729
0.000335465,0.00155403,0.00322478,0.00158787,0.000218499,0.00038919,0.00107438,0.00298795,0.00175875,0.000399756,0.000412773,0.000375121
0.000173045,0.00082658,0.00191902,0.00102246,0.000200422,0.000281383,0.00108354,0.00304927,0.00183729,0.000550537,0.000420641,0.000312319
0.000107227,0.000433757,0.000889425,0.000606256,0.000135687,0.000106887,0.000868534,0.0027957,0.00177366,0.000667289,0.000652748,0.000315607
0.000125852,0.000641744,0.00137925,0.000680645,9.53853e-05,0.000161138,0.00107075,0.00307455,0.00186869,0.000493656,0.000573476,0.000320755
8.67978e-05,0.000258098,0.000748939,0.000483118,0.000119237,0.000153099,0.000770529,0.0029796,0.00199414,0.000279014,0.000357992,0.000300397
8.94571e-05,0.000211059,0.000457161,0.000271774,7.39489e-05,0.000132595,0.0010415,0.0036235,0.00240188,0.000321868,0.000251265,0.000163894
0.000185521,0.000309202,0.000507886,0.000256141,0.000106132,0.000205063,0.00116594,0.00429019,0.00283277,0.000345977,0.000249808,0.000128295
0.000118047,0.000288588,0.000464479,0.000255451,7.14592e-05,5.71576e-05,0.00140521,0.00396003,0.00220061,0.000255589,0.000264459,0.00012754
0.000169542,0.000451695,0.000765556,0.00036671,0.000130362,0.000108422,0.00126024,0.00370188,0.00219386,0.000200656,0.000314436,0.000248189
0.000149397,0.000935651,0.00186114,0.000850309,0.000121664,0.000200213,0.000920999,0.0037963,0.00278731,0.000559948,0.000385683,0.000315777
0.000340427,0.00182919,0.00301172,0.00132121,0.000170138,0.000189045,0.00126763,0.00474479,0.00307776,0.000371415,0.00062669,0.000370632
0.000440458,0.00184033,0.00265559,0.00112908,0.000168368,0.0002354,0.00171234,0.00506001,0.00296527,0.000543611,0.000714372,0.000418905
0.000370419,0.00114497,0.00164304,0.0009443,0.000217112,0.000327274,0.0014383,0.00414693,0.00227972,0.000395508,0.000777516,0.000793576
0.000224236,0.0016679,0.0030519,0.00130336,0.000313067,0.000602396,0.00109996,0.00336159,0.00253909,0.000669878,0.00062737,0.000570039
0.000308021,0.00148014,0.00387511,0.0022409,0.000356059,0.000508712,0.00118528,0.00421081,0.00305314,0.000916408,0.00121462,0.000757919
0.000274714,0.00150593,0.00372309,0.00219189,0.000356616,0.000605738,0.00215891,0.00596335,0.00368289,0.000844305,0.00111801,0.000768933
0.000328186,0.000722608,0.00265784,0.00170719,0.000321639,0.000264416,0.00159121,0.00412086,0.00227478,0.000730744,0.00122651,0.000761411
0.000148506,0.000960591,0.00230193,0.00137602,0.000231124,0.000243872,0.000784997,0.00324105,0.00232639,0.000749491,0.00110077,0.00058654
0.000325652,0.00131647,0.00287318,0.00146865,0.000222618,0.000314,0.00143978,0.0053736,0.00395053,0.000548083,0.000329455,0.000387457
0.00045784,0.000749411,0.00181081,0.0010881,0.000197964,0.00027423,0.00178444,0.00495719,0.00291843,0.000319498,0.000503438,0.000590536
0.000420208,0.00069247,0.00138346,0.000861058,0.000198267,0.000358617,0.00145726,0.00394314,0.00233414,0.000424543,0.000662313,0.000359123
0.000489442,0.000816918,0.00193841,0.00126632,0.000314817,0.000296516,0.00097734,0.00363615,0.0029183,0.000753202,0.000401484,0.000318933
0.000420677,0.000916233,0.00203137,0.00121209,0.000345588,0.000280333,0.00150138,0.00524241,0.00361814,0.000536817,0.000303724,0.000185461
0.000405964,0.000182547,0.000812409,0.000639038,0.000246328,0.000241307,0.00155741,0.00428623,0.00235977,0.000231361,0.000268538,0.000162058
0.000442011,0.000298981,0.000606526,0.000484533,0.000277281,0.000299638,0.00151834,0.00488157,0.00325861,0.000473033,0.000327609,0.000352575
0.000353366,0.000341719,0.000321456,0.000276392,0.000165663,0.000203417,0.0013895,0.00533648,0.00384963,0.000601844,0.000258398,0.000136916
0.000307534,0.000175123,0.000323391,0.000217047,0.000115045,0.000108167,0.00161778,0.00516148,0.00323408,0.00044594,0.000305304,0.000265604
0.000174014,0.000301388,0.000466912,0.00023272,0.000111362,0.000118885,0.00180003,0.00565674,0.00357437,0.000459283,0.000221411,0.000176243
0.000112869,0.00025899,0.000398619,0.000237649,0.000135526,0.000144742,0.00126503,0.00467609,0.00327697,0.000571628,0.000187303,0.000120737
0.000131122,0.000187209,0.000475738,0.000349297,0.000190743,0.000252116,0.000480688,0.00102191,0.000779448,0.000421907,0.000431261,0.00024423
0.00018884,0.000286185,0.00051491,0.000326174,0.000152794,0.000142904,0.000812225,0.00242076,0.00142469,0.000820907,0.00214514,0.00136957
0.000169756,0.000243325,0.000358414,0.000222116,0.000146604,0.000156059,0.00100548,0.00344783,0.00236244,0.000794973,0.00116983,0.00063585
0.00020082,0.000165198,0.000375042,0.000205514,0.000122247,0.00010142,0.000766385,0.00286776,0.00207795,0.000945363,0.00249957,0.00148801
0.000290849,0.000230301,0.000378265,0.000250024,0.000150529,0.000118838,0.000554504,0.00197,0.00151135,0.000775864,0.00289342,0.00187115
0.000188457,0.000151245,0.000302314,0.000209353,0.00010998,0.000172052,0.000616101,0.002083,0.00139301,0.00117861,0.00304096,0.00179683
0.000342772,0.000241534,0.000321631,0.000172309,0.000104471,0.000111647,0.000580378,0.00173433,0.0010951,0.0013738,0.00449828,0.00290869
0.000287082,0.000132626,0.000139269,0.000112694,8.19872e-05,0.000104643,0.000402355,0.00144564,0.00103873,0.00135413,0.00500921,0.00320565
0.000241518,0.000112486,0.000168179,0.000117333,6.01774e-05,6.9628e-05,0.000300716,0.000852904,0.000562662,0.00165878,0.00529085,0.00323472
0.00031085,0.000103665,0.000123847,7.90391e-05,8.27355e-05,5.88089e-05,0.000271975,0.000680584,0.00042888,0.00197443,0.00664697,0.00415643
0.000336773,0.000164724,0.000179015,7.68227e-05,7.77218e-05,6.69977e-05,0.000180622,0.000483329,0.000276712,0.0018923,0.00627709,0.00403587
0.000285964,0.000135895,0.000175332,0.000154695,0.000133763,0.000100154,0.0001273,0.000343283,0.000286608,0.00219656,0.00701682,0.0042921
0.000447628,0.000109912,0.000104104,0.000156331,0.000118605,0.000103463,0.000252331,0.000558184,0.000354983,0.00231829,0.00792473,0.00509284
0.000303396,0.000106668,0.00015241,0.00012024,9.99714e-05,0.000105648,0.000224684,0.000565777,0.000347375,0.00225598,0.00724975,0.00441158
0.000416739,0.000139338,0.000103664,7.44417e-05,8.67514e-05,8.97928e-05,0.000134023,0.000336433,0.000243141,0.00214994,0.00705981,0.00434058
0.000449601,0.00013272,0.000145545,9.30063e-05,8.6172e-05,7.57516e-05,0.000110059,0.00036638,0.000302559,0.00210228,0.0070794,0.00453267
0.000292206,0.000156859,0.000174239,5.35548e-05,8.98126e-05,0.000102928,0.000142472,0.000326557,0.000239602,0.00201005,0.00651261,0.00401823
0.000906513,0.000421063,0.00015913,6.28913e-05,8.96341e-05,0.000106227,0.000253733,0.000489344,0.000272298,0.00204157,0.0070956,0.00488368
0.00172943,0.000854464,0.000697609,0.000787681,0.00036254,0.000141062,0.000217175,0.00033412,0.000261391,0.00172884,0.00607953,0.00466814
0.00142532,0.000905116,0.000580436,0.00121239,0.000696921,0.000276375,0.000359545,0.000612088,0.000474376,0.00176569,0.0057199,0.00420048
0.00167715,0.0010111,0.000452657,0.00151218,0.00103785,0.000200886,0.000177464,0.000338404,0.000264778,0.00201691,0.00729038,0.00527471
0.000880892,0.000659371,0.00027979,0.000913875,0.000592876,0.000181995,0.000175988,0.000205258,0.000123963,0.0015998,0.00497261,0.00322326
0.000870107,0.000564936,0.000200636,0.000460221,0.000329123,9.18909e-05,0.000137825,0.000210224,0.00068158,0.00176068,0.0054806,0.00403502
0.000700538,0.000293583,0.000326941,0.000688501,0.000377578,6.17484e-05,7.82113e-05,0.000175694,0.000828195,0.00290724,0.00468535,0.00267466
0.000584904,0.000453159,0.000206498,0.000292942,0.000252349,0.000100687,9.49099e-05,0.000190162,0.000467786,0.00178752,0.00255505,0.00137727
0.000438579,0.0001641,0.000353807,0.000568332,0.000283731,0.000102303,0.00012036,0.000161368,0.000710094,0.00180153,0.00153487,0.00115341
0.000349936,0.000250438,0.000189279,0.000277449,0.000145675,7.13389e-05,7.808e-05,0.000199008,0.000615616,0.00163721,0.00106353,0.000937587
0.000328505,0.000195061,0.000180785,0.000318594,0.000209087,0.000139231,0.000164642,0.000184153,0.000943142,0.00322885,0.00336815,0.00186735
0.000430154,0.000195584,0.000108756,0.000156915,9.20512e-05,8.06271e-05,0.000118753,0.00019155,0.00131736,0.00408115,0.00262847,0.00123708
0.000274622,0.000131619,0.000148517,0.000269631,0.000204027,0.000145559,0.000124211,0.000139071,0.00127575,0.00427095,0.00361565,0.00108366
0.00022125,0.000133177,0.000218316,0.000322818,0.000196499,0.000114007,0.000118711,0.000130988,0.0012037,0.00372441,0.00235806,0.000669178
0.000676661,0.000561067,0.000372503,0.000358052,0.000160677,9.02742e-05,0.000212966,0.000442187,0.00130423,0.00346783,0.00149761,0.00108112
0.00139688,0.000773744,0.000435916,0.000386425,0.000210867,0.000105151,0.000225185,0.000362146,0.00108072,0.00374142,0.00288946,0.00145353
0.000719015,0.000587621,0.000347341,0.000330932,0.000288494,0.000101021,0.000118109,0.000250904,0.000955537,0.00313183,0.00219933,0.00057
0.00108293,0.000589499,0.000381792,0.000251606,0.000247863,0.000171041,0.000228228,0.000380582,0.000537781,0.00217276,0.00146589,0.000644133
0.00233248,0.00111859,0.000628853,0.000498522,0.000181012,6.80794e-05,0.000181533,0.000359835,0.000509346,0.0016678,0.00134794,0.0013
0.00181952,0.00115002,0.000473686,0.00115673,0.000785639,0.000162555,0.000133662,0.000340867,0.000871612,0.00226647,0.00161874,0.000947557
0.00203273,0.00130811,0.000798977,0.0024211,0.001525,0.000236711,0.000334174,0.000598767,0.000709399,0.00233705,0.0017652,0.00114255
0.00136218,0.00100462,0.000483739,0.00161733,0.0011074,0.000223705,0.000201477,0.000341648,0.000926552,0.00226969,0.00131723,0.000593769
0.000882786,0.00050883,0.000401331,0.000833099,0.000597098,0.00014843,0.000253875,0.000457752,0.00103381,0.00391375,0.00254893,0.00064425
0.000931605,0.000668965,0.000224812,0.000415983,0.000245134,0.000161149,0.000238464,0.000349033,0.00135169,0.00412777,0.0026536,0.000655424
0.00090631,0.000621618,0.000234246,0.000354236,0.000241426,9.57144e-05,0.000155021,0.000122016,0.00133052,0.0047958,0.00329602,0.000743703
0.000382532,0.00032219,0.000217587,0.000289087,0.000292302,8.47525e-05,0.000130744,0.000127525,0.00114607,0.003648,0.00251222,0.000508774
0.000315068,0.000325083,0.000259201,0.000628298,0.000448222,0.000124022,0.000119928,0.00018119,0.00134537,0.0047043,0.00306331,0.000335149
0.000476465,0.000263228,0.000197307,0.000349794,0.000237168,0.000115701,0.000111099,0.000180863,0.00182265,0.00513125,0.00283874,0.000319077
0.00057583,0.000236348,0.000204418,0.000408305,0.000243402,8.20991e-05,6.26215e-05,0.000123705,0.000789844,0.00327059,0.00239596,0.000687508
0.00177139,0.000793754,0.000178111,0.000234049,0.000203356,7.15342e-05,0.00012471,0.000303046,0.000971782,0.00217614,0.00156975,0.00119377
0.00226714,0.00138853,0.000395326,0.000300536,0.000301475,0.000143268,0.00021123,0.000448597,0.00163132,0.00522853,0.003456,0.0013941
0.00285382,0.00147255,0.00031926,0.000494666,0.000523014,0.000386931,0.000320956,0.000412637,0.00195095,0.00449864,0.00247101,0.00144981
0.00197485,0.00109052,0.000354932,0.000329492,0.000285572,0.000227594,0.000243209,0.000360631,0.00103506,0.00348394,0.00250212,0.00105745
0.00134013,0.000892854,0.000428468,0.00111057,0.000857461,0.000318461,0.00040251,0.000662104,0.00176718,0.00440841,0.00262784,0.000813168
0.00081913,0.000418374,0.000854088,0.00134139,0.000807602,0.000250566,0.00033322,0.000784034,0.0016439,0.00520705,0.00368323,0.00111342
0.00145091,0.000869492,0.000726866,0.00115811,0.000619906,0.000169413,0.00029552,0.000536698,0.00137571,0.00353813,0.00223686,0.000903044
0.0011319,0.00056323,0.000531486,0.00110551,0.000759733,0.000215875,0.00018659,0.000327837,0.00146695,0.00454907,0.00329637,0.0010407
0.000641728,0.00047636,0.000268489,0.000763944,0.000655052,0.00019385,0.00030512,0.000591947,0.00164022,0.00487077,0.00347864,0.000899858
0.00103895,0.000505198,0.000247902,0.000651826,0.000362491,0.000134533,0.000160311,0.0002631,0.00131066,0.0046367,0.00308459,0.00089051
0.000712048,0.000630355,0.000571534,0.000966859,0.000548933,0.000121783,0.00022281,0.000346992,0.00104449,0.0029737,0.00197757,0.000505793
0.000622259,0.000350188,0.00036553,0.000631967,0.000399075,0.000146797,0.000184367,0.000300462,0.00125443,0.00439688,0.00313379,0.00071639
0.00067484,0.000668946,0.000509021,0.000731057,0.000380337,0.000116573,0.00015426,0.000192264,0.0015447,0.00572533,0.00412128,0.00068994
0.000727838,0.000508559,0.000408958,0.000841029,0.000533286,8.78271e-05,0.000136941,0.000135841,0.00139151,0.00402261,0.00237006,0.000627095
0.000299797,0.000198581,0.000289865,0.000506738,0.000356125,0.000112402,5.42212e-05,8.20432e-05,0.00120184,0.00512399,0.00389114,0.000735205
0.000463602,0.000354769,0.000138234,0.000294314,0.000291824,0.000117045,0.00012898,0.000147091,0.00139925,0.00616548,0.00486979,0.000865454
0.000231117,0.000188684,0.000282892,0.000316159,0.000232239,0.000121224,0.000140143,9.64116e-05,0.00225739,0.00864185,0.00610458,0.000853527
0.000276923,0.000244435,0.000149063,0.000365107,0.000288802,0.00011322,0.000116552,0.000184033,0.00258388,0.00943679,0.00646875,0.000908244
0.000931029,0.000381795,0.000386227,0.000303237,0.000288988,0.000249202,0.000252899,0.000395993,0.00192893,0.00587013,0.0045188,0.00191731
0.00276116,0.00186557,0.000277549,0.000186471,0.000169854,0.000156405,0.000143852,0.000217499,0.00141946,0.00558309,0.00412216,0.00150019
0.00255598,0.00179625,0.000280833,0.000293181,0.000265611,0.000147461,9.18992e-05,0.000116376,0.00154737,0.00546102,0.00377355,0.00165589
0.00306997,0.0020624,0.000239243,0.000240538,0.000234417,0.000163304,0.000105056,8.45912e-05,0.000604816,0.00235635,0.00176145,0.00176303
0.00335272,0.00186104,0.000201724,0.000218592,0.000230322,0.000158867,0.000137956,0.000129512,0.000465893,0.000943359,0.000594938,0.00213875
0.00686579,0.00390078,0.000436904,0.000148856,0.00014399,5.29938e-05,0.000103893,9.57406e-05,0.000341505,0.000885031,0.000780761,0.00381852
0.0058276,0.00391164,0.000656007,0.000266728,0.000105283,7.76985e-05,9.43194e-05,0.000146607,0.000535491,0.00191201,0.00121533,0.00310668
0.00544471,0.00373502,0.000572358,0.000206951,0.000121694,0.000126143,9.9809e-05,8.69144e-05,0.000543836,0.00182431,0.00131371,0.00330809
0.00675283,0.00378293,0.00046073,0.000119379,5.88752e-05,8.72367e-05,0.000110044,9.60338e-05,0.000272813,0.000829372,0.000617988,0.00408683
0.00852203,0.00499606,0.000504411,0.000141849,9.42998e-05,9.96822e-05,9.11424e-05,0.000154109,0.000224885,0.000842149,0.00070153,0.00501393
0.00286996,0.00244587,0.000494296,0.000200157,0.000146002,0.000136332,0.000199738,0.000194382,0.000222871,0.000586946,0.000514101,0.00223215
0.00764124,0.00510959,0.000653694,0.000174941,0.00013296,7.99802e-05,8.49163e-05,0.000100463,0.000273205,0.000634858,0.000448902,0.00443939
0.00513413,0.00314075,0.00049706,0.000231486,7.72334e-05,7.35302e-05,0.000124351,0.000108612,0.000269575,0.000576777,0.000566748,0.00364283
0.00236079,0.00187339,0.00032221,0.000110775,8.90297e-05,0.000100322,0.000100003,0.000104258,0.000138935,0.000414124,0.00030029,0.00228812
0.00505995,0.0033393,0.00041043,8.20108e-05,7.33887e-05,6.40713e-05,9.29858e-05,0.000127597,0.000227502,0.000514835,0.000389306,0.00281879
0.00558983,0.0039384,0.000511382,6.91421e-05,7.224e-05,9.98533e-05,8.5935e-05,0.000138785,0.000328743,0.000459741,0.000313521,0.00332824
0.00494655,0.0032709,0.000369109,5.01733e-05,7.37144e-05,0.000113746,0.000121533,0.00011306,0.000239091,0.000365538,0.000298721,0.00304857
0.00430692,0.00279942,0.000275714,9.08234e-05,4.98546e-05,6.76318e-05,0.000162867,0.000136877,9.45126e-05,0.000175803,0.0001334,0.00276866
0.00301623,0.00222397,0.000360637,0.000196934,9.46723e-05,6.74676e-05,9.32937e-05,0.000156265,0.000138033,0.000167199,0.000112139,0.00190884
0.00396678,0.00263483,0.000362451,0.000185211,0.000247378,0.000234015,0.000116566,0.000147841,0.000199809,0.000524063,0.000409311,0.00244389
0.00211754,0.00126435,0.000207212,0.000211698,0.000396455,0.000458906,0.000294235,0.000163177,0.000598947,0.0011541,0.000599938,0.00157581
0.00652931,0.00387568,0.00058649,0.00041089,0.000511231,0.00154537,0.000935127,0.000421369,0.000990648,0.00157198,0.000972879,0.0026445
0.00457653,0.00298597,0.00115334,0.0021062,0.00152931,0.00227578,0.00126005,0.00033929,0.000642233,0.00157881,0.00212914,0.00251677
0.00209307,0.00140084,0.000778443,0.00250785,0.00200316,0.00204699,0.00123523,0.000233362,0.000473548,0.00125814,0.00190892,0.00167496
0.00174853,0.00105512,0.000918992,0.00299994,0.00239843,0.00195412,0.00108789,0.000208371,0.000473539,0.0014823,0.00184314,0.00176363
0.000973829,0.000691052,0.00130013,0.00447714,0.00310611,0.00187036,0.00112833,0.000252299,0.000224739,0.000867519,0.00162202,0.00157365
0.00121876,0.000860647,0.00164537,0.00554939,0.00384504,0.00190192,0.00115256,0.000277749,0.000370852,0.00125904,0.00234843,0.00188731
0.00100326,0.000717372,0.00148586,0.00494957,0.00329317,0.00110774,0.000786585,0.000222035,0.000256374,0.000760945,0.00232094,0.00150637
0.000528218,0.000451763,0.00156396,0.00474856,0.00294193,0.000800357,0.000447993,0.000175266,0.000356117,0.000972472,0.00193918,0.00105458
0.000797788,0.000528364,0.00133806,0.0035474,0.0022687,0.000874059,0.000443623,0.000172286,0.000230509,0.000750194,0.0015427,0.00102622
0.0011253,0.000684923,0.00102342,0.00208336,0.00119307,0.000614641,0.000317521,7.91501e-05,0.000246403,0.00129815,0.00257992,0.00169215
0.000894062,0.00071622,0.00133666,0.00418486,0.00261144,0.000414252,0.000346358,7.45174e-05,9.76819e-05,0.00075877,0.00213872,0.00129153
0.000951282,0.000647079,0.00138784,0.00538756,0.00388539,0.000654651,0.000264593,0.00011151,0.000186189,0.000805948,0.00209311,0.00162198
0.000716217,0.000438488,0.00249898,0.00754947,0.00472412,0.000663568,0.000262097,0.000151209,0.000283986,0.0010001,0.00307124,0.00193722
0.000603358,0.000412684,0.000961146,0.00261954,0.00226165,0.000549096,0.000315233,0.000133891,0.000520454,0.00308161,0.00536526,0.00265599
0.000801963,0.000576922,0.00182591,0.00492696,0.00302511,0.000862093,0.000505331,0.000125727,0.000500998,0.000878666,0.00195532,0.0014799
0.00081307,0.000552303,0.00123325,0.00523226,0.00400591,0.00138942,0.000744839,0.000295065,0.000197254,0.000716351,0.000727672,0.000542879
0.000178157,0.000272144,0.00234451,0.0071204,0.00470331,0.00176849,0.00134867,0.000329712,0.000569279,0.00218002,0.00397978,0.00198762
0.000778445,0.000515251,0.000817568,0.00318437,0.00240869,0.00228943,0.00147282,0.000292185,0.000505796,0.00152658,0.00293197,0.00176589
0.000516798,0.000451762,0.00141726,0.00499789,0.00371803,0.00182998,0.00101128,0.000395488,0.000919714,0.00226078,0.00177561,0.000714088
0.000450058,0.000359534,0.00186008,0.00612531,0.00466855,0.0021521,0.001312,0.000291145,0.000402936,0.0014291,0.00261897,0.00149219
0.00050853,0.000368304,0.000845349,0.00290646,0.00244873,0.0019969,0.00127415,0.000217319,0.00051571,0.00153595,0.00221801,0.00133819
0.000378777,0.000300723,0.000853738,0.00247901,0.00215662,0.00162492,0.00100288,0.000200791,0.000213424,0.000657529,0.00116484,0.000681093
0.000233599,0.000185512,0.000454125,0.0024279,0.00209633,0.000947253,0.000616782,0.000259239,0.000189319,0.000370788,0.000496127,0.000414009
0.000407764,0.000281139,0.0013526,0.00389414,0.00230581,0.000529493,0.000459666,0.000143963,0.000313336,0.0013125,0.00245149,0.00132849
0.000321277,0.000230921,0.000365432,0.00109101,0.00104291,0.000983288,0.000708881,0.000244903,0.000237995,0.00103971,0.00228261,0.00126655
0.00039172,0.000290967,0.000676195,0.0017536,0.00128086,0.000800666,0.000455565,0.000162068,0.000255165,0.000769929,0.00117622,0.000672085
0.000313279,0.00025251,0.000712141,0.00234732,0.00159847,0.000667756,0.000480803,0.000108085,0.00032473,0.000551883,0.00077169,0.000425945
0.000292056,0.000180107,0.000860905,0.00261094,0.00166161,0.000490721,0.000331558,0.000103194,0.000130925,0.000422635,0.000880634,0.000674231
0.000275278,0.000194039,0.000529311,0.00146469,0.00109617,0.000533427,0.000408724,0.000194094,0.00040185,0.000802541,0.00135355,0.000900243
0.000276691,0.000170041,0.000276427,0.000907921,0.000881849,0.000553264,0.000220689,0.000173878,0.000766754,0.00163887,0.001222,0.000540611
0.000316744,0.00056945,0.000515623,0.00119783,0.000725834,0.00103645,0.000606452,0.00025511,0.000398547,0.00126701,0.00105134,0.00042891
0.000611585,0.000456287,0.000508251,0.00174139,0.00117316,0.0011489,0.00048698,0.00042227,0.000759288,0.00084919,0.000938665,0.000681742
0.00029936,0.000349889,0.00054862,0.00160615,0.00136415,0.00122098,0.000725676,0.000167627,0.000618774,0.00156964,0.00129293,0.000482427
0.000369296,0.000351754,0.000579457,0.00140401,0.00122147,0.000951701,0.000679108,0.000304239,0.00036976,0.000895107,0.000956906,0.000474721
0.00031557,0.00039271,0.000569911,0.00165173,0.00172656,0.00170479,0.000942853,0.000337669,0.000600117,0.000976291,0.000572662,0.000315491
0.000541378,0.000401108,0.000546596,0.00120932,0.000754089,0.000976705,0.000626623,0.000183,0.00033163,0.000512448,0.000449834,0.000413571
0.000500817,0.000386661,0.000337715,0.00110443,0.0010972,0.000878016,0.000403373,0.000170694,0.000337207,0.000731701,0.000697108,0.000375887
0.000244696,0.000214746,0.000353301,0.000952971,0.000665518,0.0010509,0.00070296,0.000193135,0.000179999,0.000567176,0.00056427,0.00036597
0.000127523,0.000157472,0.000386146,0.00103545,0.000972042,0.00122023,0.00065057,0.000268724,0.000525146,0.000830044,0.000548692,0.000234942
0.000186483,0.000147738,0.00029643,0.000804066,0.000813462,0.0011378,0.000701855,0.000139739,0.000403469,0.000696052,0.000488129,0.000270031
0.000263268,0.000271414,0.000329104,0.000679744,0.000635943,0.000641155,0.000401604,0.000173624,0.000192483,0.000469178,0.000349706,0.000202592
0.00025437,0.000263282,0.000247834,0.000532138,0.000472203,0.000623035,0.000380521,0.000145669,0.000378463,0.000553397,0.000340622,0.000143777
0.000393402,0.000249961,0.00017495,0.000345297,0.00036937,0.000397242,0.000264108,0.000114138,0.000157722,0.000162396,0.000238894,0.000271183
0.000182639,0.000106032,0.000179904,0.000453723,0.000366955,0.000325781,0.000164047,0.000113335,0.000237347,0.000391719,0.000315779,0.000187775
0.000254008,0.000189164,0.000139664,0.000402589,0.000340386,0.000297901,0.000168079,7.87201e-05,0.00027184,0.000449828,0.00039379,0.000267211
0.000153503,0.000107151,0.000201275,0.000408789,0.000283403,0.000249931,0.000177075,6.30679e-05,0.00023622,0.000466601,0.000407781,0.000204219
0.000133548,0.000135596,0.000242367,0.000660376,0.000472739,0.000259307,0.000148244,8.58882e-05,0.000155003,0.0002275,0.000319929,0.00025877
0.000164663,8.40707e-05,0.00028159,0.000748793,0.000543661,0.000226774,9.85351e-05,5.47509e-05,0.000130754,0.000300369,0.000445624,0.000292791
0.000181429,0.000164909,0.000336928,0.000737288,0.000495284,0.000252765,0.000161325,7.70096e-05,0.000168956,0.000318496,0.000270945,0.00013639
0.00345023,0.00195981,0.000315105,0.00041748,0.000298092,0.000176725,0.000284904,0.000510729,0.00042856,0.000299627,0.000373772,0.00152973
0.000747343,0.000569993,0.00119345,0.000590586,0.000228174,0.000162052,0.000165153,0.000366516,0.000249196,0.00022441,0.000367888,0.000393728
0.000977813,0.000580585,0.00158611,0.000755774,0.000168744,7.83994e-05,5.06787e-05,0.000140279,0.000277866,0.000704307,0.000378724,0.000324305
0.000772546,0.00168392,0.0024136,0.00133957,0.000457449,0.000253814,0.000180566,0.000168735,0.000507147,0.000848246,0.000472215,0.000297957
0.000874404,0.00139858,0.00238578,0.00234336,0.00098968,0.000174833,9.39958e-05,0.00010639,0.000114306,0.000395339,0.00079539,0.000580484
0.000232475,0.000360836,0.000722092,0.00165524,0.00101159,0.000136831,6.91303e-05,8.94768e-05,0.000194188,0.000475137,0.000931343,0.00058367
0.00199693,0.00142411,0.0012195,0.00148429,0.000904839,0.000137521,8.57789e-05,0.00013845,0.000114579,0.000242699,0.00039938,0.00104768
0.00211066,0.00126318,0.000559036,0.00128501,0.00086273,0.000124736,8.38844e-05,0.000104201,0.000148126,0.000263291,0.000460251,0.00121593
0.00369382,0.00202108,0.000873831,0.000919764,0.000435748,9.93003e-05,8.31524e-05,0.000109171,0.000157627,0.000349523,0.000414971,0.00211651
0.00429054,0.00210759,0.000656668,0.000488032,0.000179536,7.9608e-05,9.33036e-05,8.52129e-05,6.30465e-05,8.62997e-05,0.000114691,0.00240612
0.00516256,0.00270943,0.000427536,0.000600977,0.000323943,0.000124097,8.44732e-05,0.000107717,0.000117754,0.00012431,0.000206903,0.00262488
0.00537648,0.00280827,0.000652802,0.000691962,0.000325388,7.00991e-05,7.89666e-05,9.34347e-05,6.04203e-05,0.000138177,0.000205788,0.0027971
0.00564134,0.00298157,0.000454582,0.00050552,0.000254548,7.13295e-05,7.75152e-05,9.38685e-05,9.85913e-05,0.00011482,0.00016052,0.00303506
0.00574041,0.00313054,0.00049046,0.000281945,0.00018778,5.95534e-05,5.01071e-05,8.25296e-05,7.33559e-05,8.89286e-05,0.000124356,0.00319665
0.00528649,0.00282009,0.000395494,0.00042626,0.000191126,5.42016e-05,5.77405e-05,0.000111037,0.000118726,0.000119082,0.000173578,0.00283854
0.00408134,0.00216907,0.000168794,8.37618e-05,9.01393e-05,3.72179e-05,7.60083e-05,7.3757e-05,7.25302e-05,6.78682e-05,8.75788e-05,0.00196462
0.00293969,0.00171006,0.000380538,0.000284281,0.000174818,8.37521e-05,8.24712e-05,9.95183e-05,8.34805e-05,9.50582e-05,0.000174322,0.00131181
0.00187592,0.00103411,0.000233923,0.000133275,0.000172558,8.74044e-05,9.98342e-05,7.16268e-05,0.00010073,8.38216e-05,0.000106116,0.000940975
0.00106945,0.000574576,0.000200562,0.000288097,0.000196035,6.48003e-05,7.11944e-05,8.01614e-05,8.3123e-05,0.000104692,0.000105275,0.000555869
0.000723244,0.000473126,0.000280012,0.000298815,0.00032199,0.000348226,0.000243622,9.10902e-05,3.98614e-05,0.000196644,0.000278002,0.00046521
0.000955203,0.00054805,0.000170168,0.000383233,0.000348952,0.000659633,0.000442331,9.58348e-05,0.000238746,0.00057632,0.00070493,0.000728448
0.00113999,0.0006187,0.000287875,0.00113873,0.000949293,0.000848315,0.000489339,0.000113131,0.000279185,0.000579376,0.00151979,0.00135731
0.0015663,0.000938696,0.000746852,0.00222608,0.00143999,0.000626329,0.000343946,0.000216817,0.000194263,0.00109195,0.0025198,0.00165224
0.000960497,0.000544828,0.000686611,0.00207444,0.00138322,0.000370659,0.000371902,0.000202071,0.000214688,0.000749723,0.00166213,0.00115593
0.000712149,0.000444541,0.000390715,0.00126693,0.00105847,0.000551229,0.000482106,0.000242478,0.000307781,0.00044321,0.000928149,0.000572488
0.000392663,0.000415475,0.00110164,0.00148844,0.000823041,0.000877654,0.000575426,0.000137145,0.00016793,0.000336019,0.00053503,0.000356082
0.000560412,0.00076594,0.00133137,0.000717242,0.00027714,0.000786922,0.00054837,0.000201086,0.000342498,0.000522091,0.000516096,0.000468138
0.000706196,0.000568405,0.000888732,0.000689745,0.000434387,0.000675731,0.000456768,0.000110636,0.000216571,0.000669983,0.00067826,0.000470748
0.00079028,0.000779941,0.00199164,0.00163131,0.000601511,0.000903283,0.000576542,0.000116357,0.000209245,0.0007331,0.000842128,0.000506636
0.000588254,0.000672282,0.00200642,0.00141368,0.000374213,0.000702157,0.000439416,8.07786e-05,0.0002368,0.000587739,0.000573703,0.000432214
0.000540928,0.000593684,0.00185522,0.00105783,0.000337577,0.000669426,0.000459115,0.000109206,0.000137083,0.00037296,0.000467634,0.000346243
0.000360955,0.000489929,0.00168575,0.000969949,0.000255998,0.000641754,0.000368781,7.64899e-05,0.000201255,0.000648879,0.000689058,0.000340631
0.000455699,0.000530413,0.00197451,0.00137681,0.000266706,0.000426091,0.000329663,0.000159843,0.000250628,0.00056287,0.000515143,0.000284207
0.000442284,0.000729496,0.00194012,0.00126357,0.000170862,0.000502751,0.000362726,0.000120679,0.000319831,0.000815178,0.00078712,0.000448616
0.000577736,0.000839186,0.00179853,0.00129832,0.000333734,0.000532637,0.000371936,0.000171009,0.000352982,0.00109146,0.00113344,0.000380105
0.000507222,0.000556875,0.00133255,0.000762724,0.000262095,0.000648032,0.000524825,0.00018068,0.000358439,0.0010891,0.00103316,0.000345116
0.000432051,0.00043407,0.00111201,0.000804396,0.000362881,0.000588007,0.000410976,0.000219173,0.000410284,0.00139477,0.00164365,0.000716417
0.000719214,0.000426735,0.00082441,0.000613014,0.000258442,0.000637128,0.000421265,0.000130804,0.000389749,0.00122058,0.00188711,0.000831231
0.000790473,0.000676995,0.000589542,0.000396737,0.000320426,0.000854798,0.000590099,0.000202494,0.000617803,0.00140651,0.00139079,0.000648409
0.000465909,0.000563892,0.000820105,0.000499966,0.000277615,0.000555998,0.000397823,0.000153593,0.000383311,0.00113494,0.00135555,0.000543174
0.00038983,0.00041081,0.000888776,0.000575065,0.000251775,0.000505212,0.000294112,9.38145e-05,0.000282787,0.000860141,0.000963593,0.00041712
0.000277331,0.000570798,0.00144038,0.000855727,0.000228656,0.000621958,0.000352293,9.84249e-05,0.000267313,0.000676581,0.000629822,0.000291524
0.000173809,0.00052316,0.00170456,0.00103979,0.000312035,0.000762474,0.00055084,0.000109065,0.0001239,0.000479521,0.000657486,0.000260754
0.000374818,0.000619083,0.00160969,0.000957052,0.000135001,0.000558579,0.000439576,0.000108965,0.000164971,0.000492102,0.000587122,0.00030249
0.000216213,0.000605183,0.00154421,0.000947395,0.000129647,0.000254096,0.000269801,8.99774e-05,0.000167345,0.000490045,0.000677235,0.000311393
9.93051e-05,0.000559159,0.00155766,0.000920396,0.000198505,0.000480922,0.00030217,8.4383e-05,0.000116079,0.000396549,0.000541898,0.000299782
0.000157996,0.000609918,0.00148123,0.000812999,0.000204733,0.000467785,0.000330048,7.83344e-05,0.000100969,0.00024679,0.000357646,0.000240945
0.000118059,0.000579719,0.00171441,0.00100917,0.0002201,0.000345545,0.000203717,4.51243e-05,0.000109061,0.000305529,0.000379296,0.000190892
0.000180806,0.000556118,0.00159261,0.000954452,0.000193189,0.00034597,0.000252822,0.000162218,0.000213637,0.00059474,0.000733949,0.000352388
0.000178028,0.000596156,0.00154121,0.000933124,0.000147754,0.000274431,0.000186444,0.000120529,0.000191448,0.000366669,0.00067864,0.000412995
0.00018888,0.000468407,0.00144487,0.000874578,0.000253477,0.000445049,0.00023451,9.67469e-05,0.000136403,0.000339287,0.000534129,0.000335575
0.000475263,0.000712952,0.00136443,0.000835195,0.000360877,0.00104727,0.000750509,0.000219414,0.000261267,0.000644283,0.000780613,0.000545909
0.000334233,0.000527161,0.00124004,0.000725938,0.000394107,0.00106695,0.000634906,0.000184186,0.000219591,0.000306278,0.000544718,0.000522711
0.00039023,0.000569281,0.00121582,0.000755012,0.000268986,0.000498809,0.00039005,0.000153835,0.000223031,0.000785326,0.0011085,0.000570765
0.000278028,0.000532523,0.00109112,0.000610042,0.000322982,0.000754528,0.000508856,0.00023829,0.000276478,0.000585309,0.000635877,0.000371745
0.00072211,0.000702175,0.000723364,0.000483866,0.000259405,0.000893098,0.000577198,0.000157323,0.000260003,0.000418376,0.000562226,0.000401165
0.000571068,0.000479746,0.000522178,0.000294728,0.000354792,0.00102879,0.000644206,0.00010626,0.000145452,0.000284902,0.000506978,0.000322926
0.000452328,0.000361314,0.000439932,0.000258087,0.000344835,0.000951667,0.000496226,0.000131859,0.000236804,0.000563986,0.000554561,0.000242667
0.000296708,0.000196419,0.000200838,0.000138466,0.000233154,0.00084935,0.000643235,0.000186006,0.000159993,0.000164609,0.000137426,0.000164428
0.000199994,0.000187643,0.000371855,0.000220692,0.000296725,0.000832386,0.000522828,0.000153824,0.000125164,0.000258377,0.000407172,0.00026074
0.000161185,0.000223483,0.000390153,0.000257608,0.000185505,0.000655201,0.000410475,7.01732e-05,0.000108253,0.000292809,0.000445989,0.000249553
0.000203615,0.000258835,0.000340475,0.000165174,0.000154794,0.00049152,0.000344512,0.000101503,7.72528e-05,0.000175373,0.000424986,0.000300657
0.000176673,0.000238034,0.000445457,0.000257813,0.000219623,0.00063775,0.000426607,8.38731e-05,7.22908e-05,0.000197097,0.00032931,0.000191938
0.000303524,0.000263921,0.000355815,0.00027458,0.000156772,0.000486191,0.000322093,5.6043e-05,6.46349e-05,0.000176003,0.000309447,0.00015851
0.000148646,0.000179147,0.000467854,0.000314564,0.000194348,0.000525052,0.000340602,6.63856e-05,5.94294e-05,0.000168893,0.000285674,0.000157492
0.000162247,0.000196915,0.000412296,0.000298852,0.000132727,0.000326794,0.000241928,0.0001075,0.000152682,0.000202431,0.000255575,0.000159468
0.000122511,0.000162664,0.000324568,0.000238919,0.000241397,0.00052529,0.000307966,6.67783e-05,0.000102742,0.000104214,0.000157315,0.000164506
0.000134208,0.000204421,0.000324931,0.000151077,0.000182252,0.000431717,0.000288456,7.63135e-05,7.39434e-05,0.000110757,0.00011928,7.96806e-05
0.000149218,0.000196573,0.000354878,0.000235359,0.000176631,0.000377606,0.00026961,0.00010398,7.96683e-05,0.000114904,0.000118995,0.000126642
0.000115716,0.000205088,0.000380008,0.000231909,0.000145126,0.000251603,0.000152274,6.15227e-05,6.38572e-05,8.43429e-05,0.000146356,0.000121836
0.000115154,0.000267603,0.000503619,0.000281644,0.00014055,0.00025886,0.000189522,0.000112309,0.00011462,0.000144369,0.000156533,0.000137263
0.000129072,0.000205609,0.000395709,0.00020642,0.000134838,0.000236937,0.000175254,7.15543e-05,6.59791e-05,0.000131709,0.000182526,0.000123153
0.000187194,0.000124823,0.000274104,0.000199196,0.000120933,0.000190472,0.000106896,4.76189e-05,8.71187e-05,0.000124411,0.000135189,0.000152746
0.000102566,0.000164667,0.000214172,0.00014943,0.000109851,0.000165569,0.000109719,7.27611e-05,9.66826e-05,7.87799e-05,0.000121432,9.07579e-05
0.000149204,0.000208123,0.000194556,0.000159492,0.000158147,0.000195206,0.000151188,0.000140697,0.00018899,0.000209815,0.000149148,0.000117978
0.00013709,0.000125479,0.000184586,0.000141022,0.000118866,0.000165093,0.000124715,0.000111657,0.000177661,0.000161091,0.000126488,0.000146564
0.000269324,0.000215923,0.000105955,5.79159e-05,0.000106926,0.000157765,0.0001402,0.000129011,0.000173901,0.000186093,0.000108625,0.000143363
0.000148046,0.000163407,0.000123536,5.38909e-05,0.000121477,0.000202113,0.000177773,0.000157086,0.000204089,0.00023357,0.000163693,0.000121328
0.000128397,0.000157458,0.000230346,0.000139215,0.000136252,0.000207118,0.000139688,0.000138089,0.000284154,0.000385322,0.000349814,0.000120542
0.000162457,0.000222832,0.000364578,0.000189163,9.8449e-05,0.000181533,0.000111442,7.36265e-05,0.000240496,0.000443973,0.000601606,0.000356191
9.27554e-05,0.000100919,0.000253304,0.000162031,0.000203687,0.00045665,0.000298303,8.35415e-05,9.36e-05,0.000374631,0.000901114,0.000542452
0.000193692,0.000171552,0.000259807,0.00017357,0.000195858,0.000469547,0.000301809,8.08399e-05,0.000110668,0.000492928,0.00150787,0.000971027
0.000130971,0.000101504,0.000177625,0.000143565,0.000245956,0.000592523,0.000404714,7.93004e-05,4.80293e-05,0.000690534,0.00218171,0.00130631
0.000216068,0.000103783,0.000135202,8.64621e-05,0.000296002,0.000808707,0.000513935,0.000103909,9.87037e-05,0.00112888,0.00330077,0.0019978
0.000247186,0.000150251,0.000179386,0.00011517,0.000400778,0.00104944,0.000624969,8.99383e-05,0.000119448,0.00128409,0.00366431,0.00217363
0.00212563,0.00129319,0.000710101,0.000382327,0.000800705,0.00126744,0.00080112,0.000341404,0.000943851,0.00296418,0.00582993,0.00321012
0.016914,0.0104026,0.00180146,0.000505484,0.000145807,0.000324853,0.000167328,0.00067819,0.000678524,0.00154303,0.00267901,0.00637612
0.0103678,0.00725697,0.00125024,0.000563673,0.000205898,0.000368999,0.00023619,0.0006293,0.0006047,0.0011788,0.00253887,0.00419565
0.00477974,0.00306591,0.00779861,0.00387272,0.000264433,0.000169353,0.000206677,0.000474373,0.00155443,0.00276937,0.00160078,0.00255928
0.00627391,0.00681824,0.0102631,0.00623014,0.000669462,0.000354493,0.000264418,0.000126885,0.000272274,0.00190083,0.00337236,0.00262252
0.00299143,0.00294918,0.008521,0.00563508,0.000613857,0.000411567,0.000255378,0.000471174,0.00094958,0.00260661,0.00426961,0.00350276
0.00229793,0.00255309,0.00647637,0.00661678,0.00318285,0.000559768,0.000359801,0.000402043,0.000435614,0.00226655,0.0033342,0.00197185
0.00172496,0.00209486,0.00682939,0.0094677,0.00396897,0.000330375,0.00015052,0.000217951,0.000362231,0.00180911,0.00372227,0.00243767
0.00143207,0.00204291,0.00550355,0.00745896,0.00335431,0.00020461,0.000183139,0.000362103,0.000457897,0.00172024,0.00419311,0.00279528
0.000570815,0.00148928,0.00404409,0.00864748,0.0049052,0.00052662,0.000132253,0.00023035,0.000239404,0.00203636,0.00469076,0.00275409
0.00112318,0.00147288,0.00380879,0.00388786,0.00181137,0.000749439,0.00037042,0.000357226,0.000525585,0.00113922,0.0022853,0.00164003
0.000664266,0.000857208,0.00276221,0.0047557,0.00180209,0.00412937,0.00260263,0.000617531,0.000394106,0.000540964,0.00169861,0.00157714
0.000973054,0.00100356,0.00146769,0.0025233,0.00269347,0.00454304,0.00227328,0.000265915,0.000240872,0.000652273,0.00116223,0.000832394
0.000656746,0.000941807,0.00161528,0.00156836,0.000855072,0.00361095,0.00217581,0.000281833,0.000216714,0.000350358,0.00127727,0.000759319
0.000475692,0.000745152,0.00209458,0.00239431,0.0016465,0.00429387,0.00268585,0.000328669,0.000196228,0.000339077,0.000777648,0.000842414
0.000616565,0.000809383,0.00222574,0.0029436,0.00189733,0.00354888,0.00264855,0.000484854,0.000204128,0.000423199,0.000941729,0.000795247
0.000481441,0.000425111,0.00139662,0.0024611,0.0016346,0.00460715,0.0031992,0.000307341,0.000162875,0.000426877,0.0011109,0.000467696
0.000362882,0.000618584,0.00130913,0.00172678,0.00180621,0.00516638,0.00322926,0.000471898,0.000246704,0.000427186,0.000853567,0.000687079
0.000300429,0.000244102,0.000858941,0.00135885,0.00167641,0.00488727,0.00244103,0.000262917,0.000353629,0.000748756,0.00127997,0.00115044
0.000696173,0.000955081,0.00196618,0.00126132,0.00251782,0.00665637,0.004117,0.000402481,0.000324776,0.000282959,0.00058837,0.000913056
0.00063927,0.00120175,0.000962327,0.00130027,0.000751788,0.00373912,0.00286294,0.000454415,0.000282813,0.000776024,0.00176729,0.0015913
0.000421649,0.00197204,0.00452755,0.00301257,0.00143091,0.00511445,0.00324326,0.000501255,0.000337437,0.00102935,0.00227472,0.0018915
0.00044538,0.00247817,0.00503427,0.00300652,0.00172334,0.0042084,0.00193583,0.000284999,0.000610425,0.00157384,0.00181777,0.00116131
0.000310337,0.000930345,0.00261772,0.00210785,0.00138728,0.00516668,0.00374928,0.000549168,0.00033703,0.000983109,0.00136612,0.00134313
0.000271086,0.000920506,0.00227416,0.00169774,0.00194403,0.00659893,0.00441382,0.000585102,0.000357443,0.000807291,0.00101651,0.00133341
0.000411022,0.00100554,0.00236983,0.00173706,0.00278871,0.00684187,0.00338161,0.000496588,0.000309194,0.00056891,0.00101523,0.00166931
0.000268851,0.000509007,0.00110284,0.000699133,0.00196167,0.00565396,0.00321403,0.000343015,0.000202554,0.000586262,0.0011134,0.00104375
0.000251167,0.00045787,0.00128575,0.00096268,0.00148896,0.00494126,0.00351882,0.00051646,0.000255164,0.000346973,0.000731823,0.00148363
0.000198585,0.00039295,0.000763483,0.000607331,0.00186871,0.00520834,0.00303749,0.000349659,0.000169746,0.000475319,0.00088628,0.0011377
0.000185706,0.000346707,0.000792264,0.0005645,0.00173981,0.0038183,0.00207973,0.000218277,0.000150434,0.000367789,0.000844768,0.00128592
0.00019044,0.000435262,0.00107911,0.000583672,0.00101917,0.00386872,0.00286565,0.00038449,0.000181185,0.000422244,0.00090298,0.0012413
0.000132119,0.000328826,0.000462404,0.000379972,0.000931385,0.00380648,0.0029063,0.000474548,0.00020421,0.000438168,0.000736005,0.0010593
0.000135094,0.000217468,0.000552193,0.000535682,0.0015527,0.00436005,0.00246535,0.000275484,0.000204846,0.000287027,0.000491139,0.000721741
0.000189063,0.000321528,0.000599328,0.000472266,0.00121149,0.00261541,0.00127486,0.000282756,0.000321991,0.000612715,0.000703084,0.000928062
0.000280756,0.000602165,0.00115561,0.000725957,0.00102037,0.00391049,0.00288101,0.000502569,0.00023554,0.000320871,0.000615179,0.00093782
0.000208717,0.00113793,0.00259078,0.00145472,0.00077282,0.00239612,0.00184907,0.000339594,0.000131078,0.000467378,0.000957792,0.00120036
0.000457722,0.0013913,0.00324787,0.00186184,0.000912521,0.00175094,0.000781361,0.000203876,0.00032522,0.000771743,0.000865481,0.00106579
0.000227687,0.00185265,0.00394565,0.00218421,0.00111817,0.0030854,0.00216949,0.000458442,0.000532539,0.000538064,0.000477828,0.000812537
0.000636239,0.00213274,0.00337895,0.0014693,0.00107137,0.00374523,0.00259639,0.000502534,0.000422813,0.00108198,0.00189072,0.00106345
0.000312554,0.00163026,0.00261609,0.00106538,0.000817574,0.00264538,0.00171378,0.000289932,0.000300568,0.00102377,0.00134525,0.00104756
0.000277631,0.00154934,0.00349078,0.00173632,0.00132244,0.00341172,0.0019247,0.000303895,0.000319731,0.000766342,0.000988776,0.000738148
0.000242019,0.00178542,0.0038806,0.00185377,0.00123969,0.00414134,0.00281425,0.000419218,0.000278211,0.000589947,0.00111317,0.000942316
0.00029595,0.00141466,0.00315133,0.00164804,0.000951828,0.00386286,0.00276287,0.000351539,0.000320712,0.000752767,0.00111859,0.000931194
0.000249361,0.00164048,0.00362099,0.0017456,0.00144557,0.00375875,0.0022343,0.000258337,0.000123679,0.000464916,0.0010264,0.000934886
0.000253779,0.00119371,0.0029683,0.00159537,0.00105307,0.00322384,0.00195892,0.000250277,0.000219241,0.000898046,0.00129408,0.000680112
0.000126964,0.000566759,0.00107608,0.000558393,0.00129079,0.00459643,0.00322847,0.000495455,0.000233959,0.000565485,0.000827442,0.000551987
0.000184672,0.000534984,0.000945783,0.000489872,0.00126744,0.00457124,0.00300743,0.000403193,0.000235396,0.000456336,0.00054612,0.000862681
0.000116334,0.000428262,0.000739999,0.000289588,0.00128521,0.00434593,0.00284523,0.000293442,0.000173653,0.000333821,0.00051074,0.000608958
0.000167232,0.00060119,0.00122507,0.000671788,0.00127916,0.00467959,0.00330633,0.000402886,0.00025975,0.000390471,0.000380746,0.000791388
0.000128082,0.00043608,0.000853662,0.000426445,0.00127161,0.00513952,0.00385209,0.000545281,0.000205694,0.000395606,0.000391289,0.000770382
0.000303987,0.000402943,0.000530716,0.00037815,0.00102749,0.00519101,0.0044535,0.00100617,0.000304954,0.00039735,0.00042642,0.00055196
0.000347907,0.000132965,0.000428065,0.000323395,0.00107781,0.00439518,0.00315445,0.000499165,0.00024474,0.00151803,0.00392245,0.00248056
0.000220699,0.000327148,0.000429533,0.000222049,0.00111727,0.00373678,0.00237966,0.000279698,0.000121486,0.000847002,0.00232113,0.00147422
0.000311474,0.000251682,0.000416651,0.000268834,0.00075464,0.00311344,0.00236161,0.000379883,8.68533e-05,0.00113083,0.00392906,0.00261538
0.000532884,0.000220198,0.000311793,0.000188777,0.000361166,0.00148496,0.00129235,0.000367641,0.00021035,0.00199833,0.00642947,0.00440856
0.000565304,0.00034915,0.000289233,0.000152698,0.000234949,0.000807902,0.000713744,0.000244171,0.000179853,0.00196191,0.00653919,0.004274
0.000373081,0.000303687,0.000601932,0.000360768,0.00034299,0.00128355,0.00108555,0.000263916,0.000188546,0.0035671,0.00901032,0.00487012
0.000259109,0.000256666,0.000521473,0.000287673,0.000338539,0.0013567,0.00108164,0.000255977,0.000236604,0.00282901,0.00805721,0.00446529
0.000843686,0.000390275,0.000605,0.000278159,0.000234479,0.000735103,0.000600583,0.000223761,0.000164425,0.00253801,0.00959788,0.00685609
0.000484414,0.000248648,0.000312404,0.000117153,0.000247756,0.000813957,0.000613361,0.000186095,0.000157166,0.00195378,0.00670376,0.00434514
0.000685305,0.000524002,0.000954348,0.00109171,0.00084796,0.000740016,0.000685321,0.00060132,0.000613253,0.0041846,0.0103558,0.0057545
0.000749226,0.000267835,0.000427822,0.000588485,0.000414956,0.00047917,0.000426608,0.000294982,0.000207385,0.0022623,0.00846499,0.00584439
0.000700411,0.000272888,0.00030909,0.000327778,0.00038632,0.000392599,0.000393306,0.000218042,0.000204849,0.00202223,0.0074163,0.00516269
0.000500892,0.000280177,0.000289632,0.000183958,0.000204332,0.000399957,0.000338391,0.000206759,0.000248574,0.00342808,0.00931772,0.00535819
0.00062913,0.000212766,0.000270268,0.000238819,0.000245882,0.000281333,0.000246691,0.000167223,0.000123994,0.00299542,0.0108786,0.00710239
0.000561407,0.000214545,0.000238396,0.000219347,0.000163432,0.000269207,0.000310678,0.000154223,0.000167482,0.00243755,0.00795029,0.00506775
0.000234922,0.000267431,0.000249248,0.00013118,0.000181574,0.000473752,0.000322853,0.00011853,0.000246581,0.00165095,0.00481432,0.00275251
0.000593235,0.00018753,0.000252567,0.000181474,0.000204197,0.000306431,0.000184984,0.000148292,0.000189176,0.00184548,0.0069644,0.00493684
0.000635131,0.000360859,0.000352686,0.000268012,0.000196001,0.000212704,0.000179121,0.000176645,0.000206866,0.0029789,0.0102098,0.00659816
0.000484192,0.000323171,0.000526009,0.000479707,0.000209324,0.000193277,0.000188273,0.00018732,0.00019794,0.0017417,0.00562104,0.00353843
0.000403507,0.00057703,0.00127341,0.00210389,0.00144312,0.000609831,0.000369078,0.000643731,0.000725509,0.00133833,0.00327889,0.00206487
0.000507101,0.000260586,0.00100119,0.00267501,0.00165541,0.00049288,0.00194119,0.00563453,0.00378529,0.00167749,0.00494018,0.00297624
0.000502036,0.000252694,0.000627265,0.00187467,0.00135797,0.000453925,0.00113446,0.00424778,0.00267075,0.0017443,0.00510558,0.00332549
0.000160467,0.000241909,0.000752892,0.00174865,0.00107099,0.000395633,0.00160312,0.00497593,0.00322235,0.00122647,0.00299623,0.00171324
0.000325398,0.000189122,0.00102408,0.00268102,0.00160744,0.000308946,0.00154873,0.00525239,0.0036409,0.000859728,0.00284899,0.00194621
0.000322011,0.000181727,0.000447636,0.00130199,0.000798379,0.000431249,0.00137897,0.00537914,0.00354267,0.00101239,0.00208116,0.00146355
0.000160643,0.000120887,0.000366996,0.00122523,0.000962693,0.000179341,0.00174201,0.00664034,0.00461787,0.000639685,0.00116822,0.000735671
0.000204587,0.000171584,0.000259051,0.000435479,0.000286363,0.000233688,0.00219026,0.00620448,0.00346509,0.000480269,0.00175044,0.00109544
0.000220417,0.00019665,0.000350797,0.00065554,0.000430364,0.000207819,0.00346342,0.00885641,0.00450606,0.000858683,0.00180024,0.00113765
0.000245463,0.000150307,0.000243123,0.000687878,0.00043314,0.000179536,0.00229942,0.00735335,0.00456893,0.000276826,0.00154321,0.000982339
0.000187262,7.97282e-05,0.000330223,0.000730919,0.000414638,0.000242584,0.0019463,0.00673959,0.00458578,0.000504529,0.00101548,0.000707635
0.000233034,0.000122477,0.000286895,0.000545378,0.00038185,0.000181475,0.00167512,0.00395776,0.00200245,0.000630331,0.00143461,0.00103926
0.000192387,0.000153257,0.000235224,0.000555942,0.000306315,0.000152733,0.00291984,0.0075284,0.00404072,0.00077676,0.00172477,0.00112443
0.000233652,0.000224289,0.000552107,0.00117778,0.000666379,0.000145569,0.00192943,0.00731269,0.00500358,0.00044182,0.00121465,0.000827812
0.000267821,0.000341049,0.00109585,0.00156802,0.000956118,0.000533858,0.00182491,0.00821109,0.00618223,0.000851935,0.000470505,0.000217679
0.000172284,0.000369848,0.000564445,0.000980292,0.000695505,0.000307292,0.00304419,0.00808155,0.00461621,0.000992643,0.00173399,0.0010342
0.000341239,0.000220612,0.00110701,0.0018246,0.000925889,0.000442216,0.00346028,0.00892369,0.00488231,0.000914875,0.0011079,0.000623291
0.000381255,0.000233832,0.00139784,0.00279176,0.00137978,0.000630321,0.00140538,0.00587545,0.00413562,0.000916027,0.00200518,0.00118122
0.000376391,0.00039848,0.00170921,0.00443875,0.00253531,0.000933704,0.00207722,0.00655041,0.00455658,0.00124664,0.00187215,0.000801921
0.000272719,0.000399936,0.00113159,0.00244175,0.00123086,0.000302073,0.00174974,0.00507414,0.00311941,0.000930475,0.00206768,0.00112332
0.000232807,0.000211329,0.000694464,0.0017697,0.00105806,0.00033358,0.00166788,0.0050786,0.00315257,0.000630791,0.00133479,0.000812512
0.000192115,0.000214708,0.000640024,0.00143556,0.000781214,0.0003379,0.00187623,0.00677038,0.00472335,0.000825042,0.00114989,0.00076524
0.000136525,0.000160248,0.000548129,0.00129925,0.000686261,0.000231881,0.00169624,0.00639878,0.00470721,0.000871178,0.000757848,0.000356768
0.000186265,0.000170844,0.000649737,0.0016279,0.00094549,0.000162639,0.00186168,0.00470608,0.00249592,0.000346593,0.000596039,0.000357927
0.000147835,0.000183361,0.000381948,0.00065069,0.000394023,0.000325879,0.00141594,0.00421586,0.00256692,0.000426539,0.000477789,0.000286412
0.000138617,0.000136526,0.000282917,0.000609691,0.000368049,0.000175053,0.000808718,0.00311305,0.0021609,0.000368458,0.000461931,0.000352416
8.9359e-05,0.000154495,0.000326979,0.00063566,0.000459497,0.000203008,0.00087235,0.00272208,0.00183317,0.000351419,0.000656192,0.000419824
0.000126374,0.000116215,0.000304605,0.000765971,0.000503101,0.00021943,0.000381797,0.000991586,0.000598605,0.000339585,0.0007788,0.000495033
0.000185602,0.00024914,0.000349032,0.000748182,0.000420105,0.00018838,0.000667876,0.00205182,0.00137432,0.000202161,0.000350583,0.000186626
0.000178021,0.000205828,0.00097238,0.00164839,0.000787224,0.000342136,0.000976515,0.00290198,0.00189588,0.000581369,0.000997276,0.000618433
0.000311681,0.000249801,0.00165427,0.00292797,0.0013833,0.000350819,0.00044428,0.00128653,0.000746554,0.000324618,0.000897978,0.00051399
0.000146729,0.000375974,0.00131217,0.00231199,0.000975141,0.000388214,0.000621409,0.00129699,0.000757655,0.00033637,0.000972178,0.000775639
0.000240829,0.000292436,0.00121455,0.0024218,0.00127474,0.000502684,0.000542403,0.00181895,0.00109295,0.000404991,0.000683286,0.000559648
0.000286833,0.000251292,0.00063554,0.00187263,0.00096641,0.000361161,0.000973517,0.00258072,0.00155101,0.000712648,0.00127556,0.000722288
0.000101583,0.000220027,0.000948001,0.00198386,0.00100161,0.000348423,0.000556279,0.00199417,0.00120031,0.000393595,0.000862396,0.000594118
0.00018452,0.000177966,0.000523048,0.00110369,0.000675582,0.000389189,0.00117887,0.00285754,0.00162972,0.000632641,0.00132301,0.000758872
0.000396064,0.000206175,0.00118276,0.00184718,0.000800244,0.000297752,0.000628988,0.0023342,0.00148642,0.000454157,0.000981335,0.00064041
0.000285415,0.000233407,0.000349715,0.00108646,0.000778873,0.000262493,0.000384421,0.00130871,0.000900992,0.000336803,0.000539126,0.000250062
0.000229007,0.000298431,0.000586589,0.000968424,0.000447894,0.00025199,0.000295727,0.000654552,0.000468601,0.000523301,0.00111114,0.000559713
0.000183651,0.000197543,0.000346193,0.000824569,0.000546258,0.000204071,0.00025817,0.000848121,0.000622893,0.000703375,0.00164469,0.000936352
0.000158642,0.000180399,0.000364498,0.000864974,0.000474765,0.000223595,0.000354167,0.000779901,0.000499188,0.000605911,0.00148918,0.000851052
0.000215913,0.000156795,0.000498107,0.000941631,0.000519592,0.000247187,0.000277371,0.000809912,0.000469755,0.000477577,0.00145443,0.000943715
0.000222118,0.000162203,0.000574505,0.000929319,0.000348117,0.000138615,0.000350319,0.000935183,0.000657645,0.000870785,0.00225609,0.00130147
0.000215662,0.000151143,0.000285614,0.000513718,0.0002884,0.000176818,0.000342928,0.000876473,0.000635017,0.000959377,0.00282168,0.00178741
0.000258306,0.000121928,0.000171944,0.000169561,0.000121366,0.000158347,0.000199127,0.000498143,0.000374102,0.000915492,0.00314101,0.00203818
0.000266978,9.33075e-05,0.00013721,0.000175271,0.000102076,0.000107234,0.000220101,0.000525309,0.000353956,0.00105473,0.00332532,0.00212014
0.000207096,0.000123153,0.00015693,0.000219615,0.000172283,0.000153935,0.000236606,0.000671385,0.000467683,0.00112242,0.00352185,0.00216961
0.000228576,9.54686e-05,0.000102231,0.000147826,0.000119242,0.000109432,0.000185562,0.000465455,0.000343112,0.00104092,0.0034783,0.00219318
0.000136511,0.000129619,0.000196204,0.000282097,0.000212111,0.000109424,0.000158616,0.000347046,0.000242238,0.000839658,0.00241167,0.00141997
0.000164269,9.5074e-05,0.000163773,0.000158647,0.000130257,0.000110044,0.000176861,0.000245678,0.000167798,0.000860013,0.00254902,0.00159526
0.000213613,0.000118132,0.000165671,0.000244274,0.000195423,0.000186179,0.000186308,0.000152202,0.000222111,0.000729424,0.0018908,0.00118523
0.000212523,0.000101638,8.54168e-05,0.000168229,0.000140453,0.00010452,6.72163e-05,0.000161701,0.000569905,0.00188609,0.0027278,0.00135972
0.000146434,0.000153257,0.000148561,0.000156478,9.61651e-05,0.000113083,0.000116647,0.000105222,0.000541537,0.00238688,0.00251946,0.000867702
0.000174533,0.000176096,0.000121155,0.000103365,0.000128471,0.00013577,0.000136361,0.000121181,0.000797244,0.00374144,0.00420051,0.00146823
0.000210619,0.000153065,0.000116346,8.54798e-05,0.000126795,0.000169484,8.31624e-05,8.04745e-05,0.00106014,0.00433895,0.00391296,0.00107672
0.000147037,9.15495e-05,0.000111305,0.000131628,0.000104235,0.000101008,0.000102569,0.000129983,0.0010391,0.00370709,0.00298356,0.00071328
0.000121626,8.22179e-05,6.75653e-05,5.45984e-05,8.83773e-05,0.000111848,0.000111239,0.000148112,0.000804616,0.00293461,0.00218292,0.000578696
0.000128054,0.000127026,9.05398e-05,7.92495e-05,6.71676e-05,7.43582e-05,9.24944e-05,0.000111248,0.00076765,0.0023772,0.00205483,0.00134936
0.000219296,0.000131167,0.000127616,0.00010892,7.67778e-05,6.87439e-05,5.93736e-05,0.000135178,0.000511474,0.00110033,0.00378827,0.00260792
0.000223744,5.36621e-05,0.000109156,0.000122561,5.2884e-05,7.08735e-05,0.000107085,0.000158105,0.000384398,0.00226349,0.00576538,0.00295247
0.000130109,9.43769e-05,9.77751e-05,0.000118256,8.09796e-05,0.000107193,9.01688e-05,0.000104017,0.000598976,0.00253468,0.00452102,0.00219443
0.000308145,0.000162914,0.000113047,6.57584e-05,7.6433e-05,8.67164e-05,8.96523e-05,6.7615e-05,0.000362068,0.00277584,0.00615274,0.0032789
0.000206171,0.000139923,9.78369e-05,7.927e-05,6.91703e-05,8.59045e-05,9.60907e-05,0.000145686,0.00034301,0.00107433,0.00495627,0.00291374
0.000354767,0.000423076,0.000307388,0.000136567,9.9097e-05,6.55514e-05,0.000127026,0.00011032,0.000388394,0.00119786,0.00278357,0.00163188
0.000214528,0.00134736,0.00330342,0.00183403,0.000273931,0.000120926,0.000126937,0.000158508,0.000433898,0.000920949,0.00191984,0.00110157
0.00070898,0.000737188,0.00117686,0.000788601,0.000295144,0.000710811,0.000421644,0.000125793,0.000391057,0.00179277,0.00403021,0.00241069
0.00121175,0.00151439,0.0023894,0.00143213,0.000380972,0.000853733,0.000563662,0.000138045,0.000398671,0.00124618,0.00307419,0.00139061
0.00114399,0.00138572,0.00320393,0.00237503,0.00059949,0.00106449,0.000694127,8.61138e-05,0.000413735,0.00141576,0.00302309,0.00143739
0.000572915,0.00149994,0.00394483,0.00229122,0.00026019,0.000796479,0.000502374,0.000135359,0.0003903,0.000926308,0.00203402,0.00142635
0.000546772,0.0026078,0.00517867,0.00230556,0.000357619,0.000775958,0.000488656,0.000204592,0.000938203,0.00234985,0.00281076,0.00108522
0.000265669,0.00434466,0.0102697,0.00496309,0.000509581,0.000801399,0.00053219,0.000112445,0.00112722,0.00241761,0.00181012,0.000627375
0.000181239,0.00285354,0.00801227,0.004973,0.000532978,0.000710673,0.000453183,0.00011003,0.000470072,0.0018714,0.00196495,0.00064789
0.000278697,0.00263974,0.00636673,0.00333774,0.000337703,0.000475225,0.000362263,0.000121892,0.000679612,0.00208539,0.00187128,0.000682604
0.000305405,0.00540565,0.0113877,0.00492194,0.000234704,0.0006385,0.000405785,7.918e-05,0.00149407,0.00286848,0.00165037,0.000496282
0.000202218,0.00547637,0.0134157,0.00678954,0.000401242,0.000339265,0.000238933,9.09409e-05,0.000811477,0.00176494,0.00117796,0.000320888
0.000231948,0.00113243,0.00331607,0.00281538,0.000553209,0.000430228,0.000284651,6.46351e-05,0.000501092,0.00183673,0.00161436,0.000345186
0.000324845,0.0030237,0.00736107,0.00374182,0.000388603,0.00048566,0.000275595,0.000117779,0.000399709,0.00129739,0.00122954,0.000406625
0.000382212,0.00632613,0.0127502,0.00554772,0.000442843,0.000613018,0.000314232,0.000112019,0.00153974,0.00329147,0.0019077,0.000436504
0.000442202,0.00416213,0.0118721,0.00688076,0.000661518,0.000773175,0.000461897,0.00020304,0.000721232,0.00186594,0.00185462,0.000802379
0.00110745,0.00193038,0.00416949,0.00239074,0.000465754,0.000764831,0.000555858,0.000302851,0.000506737,0.00164694,0.00142433,0.000660228
0.000488034,0.00277598,0.00561924,0.0026453,0.00032881,0.000727383,0.0004853,0.000254735,0.000866471,0.00230479,0.00179085,0.000672302
0.000720537,0.00266029,0.00536586,0.00267278,0.00104303,0.00230787,0.00130488,0.000175836,0.00089903,0.00205579,0.00131853,0.000531089
0.000554501,0.000800822,0.00155864,0.00106391,0.000519571,0.00158455,0.000985622,0.000170069,0.000391121,0.00119187,0.00149951,0.000736143
0.000459427,0.00159626,0.00410229,0.00241374,0.00061119,0.00182515,0.00130023,0.000221743,0.000340122,0.00155057,0.0017573,0.00076918
0.000617958,0.00181645,0.00382202,0.00202389,0.000438078,0.00107519,0.000674052,0.000147685,0.000481844,0.00109088,0.00128505,0.000733758
0.000256508,0.00146569,0.00373521,0.00195953,0.00037705,0.000596426,0.000318107,0.000163795,0.000398406,0.000804659,0.00119927,0.000693033
0.000364008,0.00142133,0.00360272,0.00184518,0.000441107,0.000801231,0.000459481,0.000153239,0.000170842,0.000436766,0.000798001,0.000502411
0.000350457,0.000799228,0.00219094,0.00132898,0.000291349,0.00082495,0.000454569,8.56024e-05,0.000278242,0.000469005,0.00045223,0.000256711
0.000211946,0.00120292,0.00296046,0.00155061,0.000455977,0.000959908,0.000532582,0.000118001,0.000224095,0.000430581,0.000637796,0.000304657
0.000297011,0.000970617,0.00220598,0.00125318,0.000363744,0.000875532,0.000531729,0.000131094,0.000419083,0.00072392,0.000737051,0.000517506
0.000249105,0.000789714,0.00174292,0.000851707,0.000425791,0.00139053,0.000921049,0.000145881,0.000298521,0.000911168,0.00248015,0.0016919
0.000193841,0.00102175,0.00246351,0.00140953,0.000492517,0.0013679,0.000900137,0.000118814,0.000153419,0.00112856,0.00388206,0.00257044
0.000394107,0.000862467,0.00244266,0.00148504,0.000511678,0.00133438,0.000863843,0.000146212,0.000189004,0.00141716,0.00529067,0.00326846
0.00714301,0.00547547,0.00209072,0.00104249,0.000252422,0.000509913,0.000544149,0.000969189,0.000810333,0.000669262,0.00133615,0.00252609
0.00206834,0.0014023,0.00403517,0.0021524,0.000491246,0.000885795,0.000516724,0.000221834,0.000448392,0.000973323,0.00187831,0.0023844
0.00219572,0.00344511,0.00568995,0.00263568,0.000459532,0.000533556,0.000332001,0.000215179,0.000614343,0.00172686,0.00277333,0.00144753
0.014778,0.00906692,0.00384801,0.00176531,0.000383559,0.000840963,0.000611642,0.00102069,0.00113343,0.00113404,0.00211604,0.00420147
0.0153432,0.012137,0.00239938,0.0013894,0.000675169,0.000816374,0.000776185,0.00156297,0.00126529,0.000636703,0.000879365,0.00618948
0.00322071,0.00406456,0.00935739,0.00491529,0.000784724,0.00126456,0.000788253,0.000457387,0.000988294,0.00169619,0.00107196,0.00202343
0.012601,0.00993918,0.0085615,0.00353311,0.000447652,0.000773133,0.00142647,0.00239731,0.00224302,0.00331342,0.00272565,0.00760402
0.0162376,0.010436,0.00485597,0.00264921,0.000454452,0.000960783,0.000736562,0.00159914,0.001669,0.00154604,0.00079893,0.00581553
0.00313669,0.00437427,0.00636564,0.0032368,0.000559969,0.000826287,0.000477535,0.000202874,0.00194547,0.00416932,0.00263626,0.00207645
0.00280308,0.00537734,0.00782521,0.00343221,0.000693521,0.000898456,0.000528529,0.000544345,0.00144562,0.00271358,0.00172509,0.00134682
0.00516899,0.00260228,0.00430263,0.00215824,0.000468863,0.000653922,0.000483756,0.000803472,0.000768582,0.00106102,0.00129567,0.00267814
0.00424407,0.00259509,0.00192845,0.00168766,0.000350288,0.000419402,0.000435253,0.00106961,0.000999582,0.000655794,0.000461857,0.00166505
0.00308363,0.000934266,0.0028293,0.00163311,0.000407433,0.000434757,0.000275278,0.000324059,0.000687236,0.00117297,0.000979023,0.00143313
0.00463262,0.00214963,0.0018389,0.000959672,0.000161514,0.000435211,0.000552582,0.000588518,0.00054595,0.000961133,0.000512734,0.00261088
0.00425152,0.00242432,0.00104131,0.000584168,0.000490125,0.000594005,0.000267624,0.000448696,0.000543894,0.000617252,0.000337043,0.00114546
0.00131838,0.0018408,0.00102037,0.000604608,0.000153385,0.000377442,0.00031279,0.000315618,0.00073927,0.00161978,0.000901872,0.00153715
0.00237858,0.00174045,0.00110588,0.000562789,0.000169904,0.000217196,0.000226303,0.000212046,0.000526184,0.0010926,0.000650979,0.000866002
0.00281627,0.00194683,0.00127515,0.000755058,0.000174311,0.000172272,0.000178727,0.000453405,0.00040397,0.0006504,0.000405245,0.00108007
0.00126124,0.00135275,0.00111936,0.00061098,0.000138906,0.000160872,0.000242255,0.000595525,0.00059064,0.00049719,0.000342107,0.000476362
0.000946366,0.00116604,0.00199928,0.00124761,0.000210375,0.0001948,0.000224244,0.00048267,0.000477477,0.000574744,0.000321497,0.000571433
0.00130681,0.000648191,0.00109205,0.000572445,0.000229017,0.000253506,0.00023239,0.000299567,0.000198215,0.000535642,0.000609637,0.000710632
0.00147913,0.00133865,0.00107151,0.000552421,0.000258809,0.000247401,0.000162722,0.000225729,0.000293003,0.000226297,0.000216482,0.00050117
0.00204258,0.0011351,0.000522371,0.000362784,0.000132633,0.000154482,0.000105205,0.000176564,0.000323218,0.000305031,0.000177207,0.00109464
0.000556551,0.000571938,0.000700792,0.000434393,0.000169209,0.000124131,0.000135442,0.000267448,0.000206861,0.000357263,0.000310382,0.000123967
0.000918676,0.000990214,0.000807512,0.000325635,0.00013222,0.000136642,0.000191306,0.000260645,0.000361087,0.000686315,0.000357956,0.00033063
0.00154755,0.00136972,0.00085778,0.00049674,0.00011501,9.03843e-05,0.000134202,0.000236141,0.000134084,0.000218078,0.000146801,0.000473195
0.0012847,0.000948331,0.000375762,0.000180216,0.000149151,0.000171842,0.000151436,0.000221991,0.000201579,0.000283746,0.000206995,0.000713553
0.00074648,0.000570827,0.000615955,0.000376803,0.000145306,0.000133921,0.000167947,0.000233109,0.000292921,0.000396123,0.000351619,0.000345689
0.00113476,0.000729812,0.000650333,0.000320417,0.000126074,0.000174296,0.000230629,0.00030257,0.000419464,0.000535079,0.000449833,0.000654815
0.00247284,0.00171274,0.000553468,0.000227842,0.000117338,0.000195062,0.000144857,0.000190308,0.00025078,0.000378222,0.000310321,0.000899411
0.00054534,0.00073176,0.000740245,0.000657589,0.000480764,0.000529866,0.000482077,0.000404024,0.000299139,0.000512697,0.000435809,0.00038191
0.000933835,0.000878014,0.000970085,0.000397596,0.000237218,0.000150664,0.00013865,0.000230145,0.000421796,0.000660082,0.000355418,0.000293851
0.00218325,0.00179869,0.00106129,0.000575145,0.000372155,0.000478206,0.000431933,0.000513298,0.000514219,0.000517609,0.000532989,0.000865426
0.00388866,0.00262918,0.000770959,0.00046044,0.000803985,0.00132818,0.00131526,0.00106538,0.00171342,0.00267891,0.00517175,0.00426415
0.00531017,0.00262173,0.00301356,0.00274266,0.00354353,0.00542936,0.00489032,0.0044869,0.00594264,0.00988952,0.0235622,0.0177696
0.00659041,0.00357027,0.00418191,0.00430623,0.00346471,0.00833736,0.00875414,0.00667744,0.00728626,0.0227492,0.0480005,0.0282103
0.0050287,0.00388009,0.00468905,0.00378863,0.00527322,0.0130673,0.00874766,0.00413672,0.00680904,0.0148218,0.0405158,0.0261445
0.0028649,0.00165851,0.00305003,0.00243863,0.00322783,0.00650856,0.00554899,0.00312885,0.00359,0.00701573,0.0184341,0.0146448
0.00248019,0.00162676,0.00241862,0.00175264,0.00210017,0.00403405,0.00456258,0.00312838,0.00360397,0.00847532,0.0157942,0.0109666
0.00561775,0.00312566,0.00260003,0.00338027,0.00257871,0.0113288,0.00988419,0.00359743,0.00597068,0.00744942,0.0233955,0.0202342
0.00965584,0.00625376,0.00632565,0.00442571,0.00854804,0.0154053,0.00946287,0.00830905,0.0135739,0.0187014,0.0400755,0.0243531
0.00653644,0.00263782,0.00551884,0.00631292,0.0144357,0.0256276,0.0139023,0.0047869,0.009769,0.0199207,0.034094,0.0258251
0.00690262,0.00165767,0.00589207,0.00324701,0.0102342,0.0216645,0.014451,0.00833624,0.0102626,0.0159757,0.0268759,0.0252905
0.00882985,0.00733475,0.00781158,0.00635883,0.0094061,0.0186039,0.0133047,0.0142963,0.0216655,0.0302143,0.04933,0.0320271
0.00912196,0.00388259,0.00603021,0.00516914,0.00761877,0.0170763,0.019103,0.0134647,0.0189328,0.0347181,0.0490952,0.0324183
0.0131592,0.00481248,0.00555275,0.0055695,0.0157235,0.0268624,0.0168789,0.010689,0.0231525,0.045279,0.0564876,0.0354845
0.0109306,0.00628083,0.00928297,0.0079635,0.012463,0.0178107,0.00995356,0.00874674,0.0131207,0.0135155,0.044776,0.0362927
0.0134194,0.00639947,0.00864427,0.00637531,0.00776894,0.0237297,0.0215278,0.0163936,0.0202228,0.0260675,0.0459605,0.033805
0.0126146,0.00587558,0.00908324,0.00540714,0.00823739,0.0167372,0.013692,0.00883074,0.0133762,0.0299428,0.0331044,0.0297867
0.00832092,0.0058639,0.0052306,0.00554964,0.00996781,0.0201274,0.0162113,0.0104076,0.0164996,0.0359887,0.050355,0.0309345
0.0100064,0.00907371,0.00792666,0.00915797,0.00947889,0.020809,0.0161066,0.0109638,0.0145089,0.0174679,0.0258423,0.0202571
0.0113695,0.00632852,0.00762487,0.00421778,0.00425296,0.0114366,0.0101312,0.00664327,0.0152216,0.0279758,0.0398229,0.0246279
0.00882732,0.00555674,0.00348523,0.00569969,0.00893158,0.0225072,0.017968,0.010339,0.0164873,0.038753,0.0589062,0.0279233
0.0105084,0.00502004,0.00444656,0.00426266,0.0108244,0.0218989,0.0160315,0.014407,0.0166827,0.0199463,0.0484434,0.0379806
0.01174,0.00828731,0.00931936,0.00651091,0.00788687,0.0166536,0.0136772,0.0102309,0.0136152,0.0253937,0.0444641,0.0314929
0.011818,0.00650802,0.00803285,0.00571962,0.0117465,0.0196,0.0112497,0.0105313,0.0137071,0.0175773,0.0171153,0.0195449
0.00908374,0.00593932,0.00437497,0.00703433,0.0113186,0.0170006,0.0117893,0.014348,0.0207561,0.032529,0.0574887,0.0373395
0.0101717,0.00520292,0.00537617,0.0065505,0.0143486,0.0287625,0.0197697,0.00866694,0.0212552,0.0401444,0.0567171,0.0291596
0.020911,0.00821583,0.00629613,0.00301371,0.0143366,0.0314549,0.016861,0.011168,0.0186044,0.0321812,0.0463303,0.0378222
0.00504102,0.00732666,0.00879583,0.00670126,0.0147765,0.022013,0.00718051,0.00825462,0.0135916,0.0215493,0.024899,0.0134149
0.00712136,0.00453826,0.00550971,0.0032694,0.0186124,0.0297366,0.0176881,0.010462,0.0121177,0.0263321,0.0548717,0.0301821
0.00638448,0.00539711,0.0084087,0.00740913,0.0130439,0.0265504,0.0173705,0.0103867,0.0189859,0.0224396,0.0373375,0.0248718
0.0129972,0.00685814,0.010106,0.00923557,0.00860143,0.0172436,0.0156595,0.0117818,0.0201079,0.0237801,0.033871,0.0246178
0.00664708,0.00596769,0.00785261,0.0055909,0.0128671,0.0147173,0.0113877,0.0119774,0.0111125,0.0332084,0.0461907,0.0282821
0.00991667,0.00467934,0.00850433,0.00726669,0.0125379,0.0255018,0.0164499,0.00781268,0.0135662,0.0362721,0.0714134,0.0375747
0.00705049,0.00771177,0.00626454,0.00656848,0.0119076,0.0214413,0.0137452,0.0059158,0.00867356,0.0279602,0.0585211,0.0318505
0.00882909,0.00558142,0.00575549,0.00671388,0.0124493,0.0313009,0.0250528,0.00932428,0.014977,0.0278109,0.0418598,0.0308921
0.0166729,0.0101989,0.0110821,0.00632184,0.0145813,0.0236535,0.0133659,0.0104347,0.0128431,0.0260664,0.0521826,0.0403521
0.0125993,0.00386354,0.00688058,0.00755381,0.0110057,0.0150867,0.0133178,0.00622875,0.0136814,0.0282245,0.0355307,0.0359419
0.00739977,0.00582612,0.00726691,0.00508633,0.00696277,0.0175856,0.011207,0.00955198,0.0119719,0.0314987,0.0558133,0.0225708
0.0119797,0.00459611,0.00539671,0.00315082,0.00677988,0.0075373,0.0081531,0.00972966,0.0128684,0.0176328,0.0459565,0.0327878
0.0116458,0.005839,0.00637954,0.00346695,0.0145985,0.0330605,0.0175829,0.00485178,0.00893458,0.0341803,0.0792383,0.0478199
0.00752032,0.00570571,0.0055574,0.00345909,0.0106011,0.0272833,0.0172773,0.00673389,0.0112797,0.0176942,0.0339198,0.0288297
0.00676228,0.00535005,0.0098566,0.00552327,0.0109525,0.0262605,0.0160445,0.00509642,0.00650221,0.0252245,0.0584167,0.034863
0.00250133,0.00308028,0.00517724,0.00373976,0.00597678,0.0126506,0.010202,0.00413403,0.00480986,0.0350122,0.0633025,0.0272757
0.00430309,0.00219267,0.00438275,0.0031494,0.00193906,0.00631832,0.00490261,0.00387764,0.00586939,0.0279338,0.0540999,0.0258022
0.00290867,0.00219207,0.00247346,0.00120453,0.00304387,0.00960146,0.00726357,0.00307471,0.0044662,0.0183966,0.0325023,0.0173936
0.00290599,0.00118575,0.00217525,0.00152707,0.00459893,0.0108518,0.00754323,0.00232733,0.00292053,0.0198092,0.0399301,0.020379
0.00241351,0.00264007,0.00408054,0.00250733,0.00294722,0.00750328,0.00401409,0.00178953,0.00431039,0.0201442,0.0383858,0.0193474
0.00293406,0.0012627,0.00306608,0.00197753,0.00322036,0.00906789,0.00554394,0.00196845,0.00348587,0.0182593,0.0372084,0.0199213
0.0017204,0.00112601,0.00192013,0.00144588,0.00211464,0.00602542,0.0037031,0.000911142,0.00134871,0.0134114,0.0317181,0.0168023
0.00154229,0.00122167,0.00184869,0.00155637,0.0018529,0.00471391,0.00344458,0.00118783,0.00143125,0.00645726,0.014899,0.00828592
0.0016736,0.000976702,0.00167453,0.00101412,0.000936779,0.00247885,0.0019517,0.00110115,0.00142643,0.00495786,0.0119389,0.00686814
0.00109856,0.00118649,0.00214035,0.00109346,0.00117363,0.00306229,0.00220492,0.00133343,0.001396,0.00488146,0.0110875,0.00626895
0.000814539,0.000844516,0.00129124,0.00091818,0.00159054,0.00395662,0.00203267,0.000706534,0.00145459,0.00470061,0.00890165,0.00456269
0.000667038,0.000533798,0.000435248,0.00020519,0.00166337,0.00461235,0.00292421,0.000637033,0.00116835,0.00217613,0.00735565,0.00485842
0.00066401,0.000381848,0.000649552,0.000448622,0.00109716,0.00298491,0.00191627,0.000608171,0.00122921,0.00321823,0.00589416,0.00308436
0.00076932,0.000238125,0.000693894,0.000468925,0.000824901,0.00207744,0.00151311,0.000689994,0.000660383,0.00155776,0.00459498,0.00309036
0.000741256,0.000535023,0.000360908,0.000310736,0.00100514,0.00179851,0.00113212,0.000564793,0.000679377,0.00251356,0.00460793,0.00254584
0.000651502,0.000365456,0.000368437,0.000199342,0.000579328,0.00154532,0.0010393,0.000529694,0.00076067,0.00148502,0.00285739,0.00144109
0.000591385,0.000298346,0.000704043,0.000393777,0.000729265,0.0015231,0.00096785,0.000362326,0.000394532,0.00183993,0.00358968,0.00207398
0.000439381,0.000448245,0.000743989,0.000367129,0.000518519,0.00114819,0.000645938,0.000180956,0.00035908,0.000947905,0.00233509,0.00125062
0.000544248,0.000495378,0.000500991,0.000290158,0.000404179,0.00110213,0.000707955,0.000356875,0.000488818,0.00115888,0.0017884,0.0010044
0.000559233,0.000316176,0.000499704,0.000328122,0.000356678,0.000785593,0.000437432,0.000194652,0.000422125,0.000879721,0.00157582,0.000985018
0.000348668,0.000337322,0.000451372,0.00023611,0.000431151,0.000955597,0.000686784,0.000299323,0.000415776,0.00111647,0.00198948,0.000966087
0.000262836,0.000261803,0.000318153,0.000236582,0.000283757,0.000630673,0.00038622,0.000247349,0.000445107,0.0010302,0.00183807,0.000903972
0.000285884,0.000210009,0.000207321,0.000182148,0.000227828,0.000545336,0.000318291,0.000171482,0.000291027,0.000866114,0.00147717,0.000726756
0.000235442,0.000141057,0.000155351,0.000104747,0.000260177,0.00065369,0.000406807,0.000183595,0.000319827,0.000708273,0.00135624,0.000699367
0.000305569,0.000193132,0.000152926,7.83283e-05,0.0002922,0.000684929,0.0004621,0.000136725,0.000164878,0.000873994,0.00160327,0.000964375
0.000183978,0.000136089,0.000194974,9.42283e-05,0.000402879,0.00087846,0.000461251,0.000120574,0.000142904,0.000596714,0.00093307,0.000531694
0.000202948,0.000177469,0.000252042,0.000147559,0.000260009,0.000582639,0.000346262,0.000146116,0.000201886,0.000524371,0.000951465,0.000523896
0.000182359,0.00017406,0.000175275,0.000124099,0.000125733,0.000302177,0.000251725,0.000149676,0.000214887,0.000606748,0.000756484,0.000380969
0.000132321,0.000133692,0.000133342,9.56076e-05,0.000136248,0.000252804,0.00015404,0.000124365,0.000181588,0.000490302,0.000762531,0.000370665
0.00014464,9.56448e-05,0.00010658,8.36022e-05,0.000100082,0.000109589,7.91599e-05,0.000122256,0.000159567,0.000416549,0.000668532,0.00035313
9.96694e-05,8.73817e-05,9.6839e-05,5.81101e-05,9.33657e-05,0.000166555,0.000163268,7.31693e-05,8.79879e-05,0.000338684,0.000676339,0.000389874
8.35443e-05,8.84303e-05,0.000134375,0.000113427,0.000120036,0.000227193,0.000197124,0.000153766,0.00016796,0.000429976,0.000729407,0.000347234
0.000111001,7.95622e-05,9.31844e-05,6.93568e-05,0.000107896,0.000243574,0.000166237,7.20437e-05,0.000108068,0.000244984,0.000513507,0.000273042
0.000128034,0.000115243,0.000140369,9.20972e-05,9.02622e-05,0.00019179,0.000128133,7.07582e-05,0.000104014,0.000317608,0.000616769,0.000336561
0.000111996,0.00011708,0.00010103,3.99524e-05,0.000106022,0.000193523,0.000107473,8.76483e-05,9.9185e-05,0.000205098,0.000430736,0.000238811
0.000111849,0.000114538,9.16078e-05,5.58299e-05,6.25819e-05,0.000102481,6.67944e-05,7.52377e-05,6.77872e-05,0.000261552,0.000380804,0.000242342
0.000111464,8.70102e-05,8.20691e-05,4.65951e-05,6.99601e-05,0.000107427,9.45486e-05,5.79688e-05,0.000125619,0.000233003,0.000303523,0.000176102
9.44522e-05,8.82996e-05,0.000109346,8.06418e-05,6.43953e-05,0.000131747,8.85611e-05,5.51673e-05,7.18254e-05,0.000174046,0.00026271,0.0001875
6.7728e-05,5.04178e-05,9.86619e-05,7.54188e-05,9.94357e-05,0.000131814,9.77556e-05,7.39256e-05,8.99752e-05,9.83881e-05,0.00019331,0.000174966
0.000103962,6.37392e-05,7.93136e-05,0.000108824,8.65061e-05,0.000101665,8.35423e-05,7.06621e-05,0.000117881,0.000136452,0.000201505,0.000126628
0.000106195,7.69333e-05,0.000107206,0.000105948,9.51716e-05,8.19671e-05,7.59436e-05,7.94122e-05,0.000124786,0.000158218,0.000141858,0.000104004
6.56046e-05,7.87392e-05,8.46505e-05,7.75261e-05,8.77255e-05,7.61866e-05,7.81876e-05,8.06673e-05,8.91755e-05,7.8414e-05,0.000167419,0.000132106
0.000121076,0.000100872,0.000103738,7.01956e-05,6.21376e-05,6.21987e-05,7.31702e-05,7.10509e-05,8.54825e-05,0.000135779,0.000182807,0.00012394
0.00014109,9.78199e-05,0.000116156,8.51959e-05,6.64145e-05,7.64717e-05,8.75029e-05,9.21533e-05,9.59845e-05,0.000116043,0.000133329,0.000132602
7.58381e-05,9.02036e-05,9.16387e-05,6.6234e-05,7.67395e-05,0.000101256,9.9122e-05,0.000100818,0.000103601,0.000136081,0.000126883,8.25729e-05
5.66783e-05,7.43521e-05,9.07953e-05,9.68825e-05,7.5968e-05,0.000103741,0.000103475,7.35622e-05,8.28476e-05,7.915e-05,9.02298e-05,7.29493e-05
7.85539e-05,9.52783e-05,9.18937e-05,5.38662e-05,9.72637e-05,8.68961e-05,8.55352e-05,9.68115e-05,9.11641e-05,0.000101196,5.90004e-05,6.43853e-05
0.000109284,9.00155e-05,8.7817e-05,8.01346e-05,9.41845e-05,7.35508e-05,5.90167e-05,7.48296e-05,7.62367e-05,0.000116519,0.00011011,0.000114737
0.000114973,9.80159e-05,6.0439e-05,8.85359e-05,0.000139411,9.83991e-05,9.84525e-05,0.000114376,0.000100419,8.8967e-05,8.82897e-05,7.01474e-05
0.000127603,0.000144997,0.000100098,7.69065e-05,0.000108017,6.51163e-05,7.86292e-05,0.000114498,0.000105359,0.000101653,0.000130053,0.000110087
8.64912e-05,7.31205e-05,5.69799e-05,9.02847e-05,8.73694e-05,9.84627e-05,9.02041e-05,4.43941e-05,8.50363e-05,0.000122309,0.000165856,0.000131492
0.000100906,8.263e-05,8.17756e-05,5.1396e-05,0.000101217,6.0307e-05,8.05617e-05,7.56309e-05,6.41526e-05,0.000104621,0.000139673,0.000131424
0.000100471,9.0092e-05,9.50938e-05,7.41478e-05,6.6165e-05,8.26727e-05,8.31342e-05,9.99535e-05,0.000100098,0.000109104,0.000134803,0.000134718
0.000134562,0.000113093,8.52821e-05,2.77925e-05,9.21066e-05,0.000100797,8.40706e-05,9.07776e-05,7.74815e-05,8.58633e-05,0.000108012,0.000119796
9.38826e-05,6.78084e-05,7.14769e-05,5.7168e-05,6.6813e-05,8.72648e-05,7.05531e-05,7.04186e-05,6.15867e-05,0.000107192,0.000105937,0.000104936
0.000103437,6.34355e-05,6.18142e-05,5.76907e-05,8.73715e-05,6.80034e-05,6.9874e-05,7.36662e-05,6.60548e-05,9.72069e-05,0.000112589,0.00014191
9.42723e-05,0.000103729,0.000103762,9.40282e-05,0.000411567,0.00112769,0.000711654,0.000153548,0.000138887,9.805e-05,7.59396e-05,0.000170708
9.16374e-05,8.46011e-05,0.00011614,9.21715e-05,0.000554974,0.00156002,0.000926287,0.000134856,5.83937e-05,0.000102907,0.000102525,0.000196156
0.000143114,5.2442e-05,9.21812e-05,0.000101758,0.000682924,0.00200255,0.00116315,8.81273e-05,8.66423e-05,0.00012256,7.72711e-05,0.000278621
0.000152988,0.00015904,0.000101648,4.58328e-05,0.000848313,0.00242391,0.00139448,0.000123924,7.39592e-05,7.84383e-05,7.73042e-05,0.000250217
0.000185107,0.000147899,0.00019421,9.83082e-05,0.000733527,0.00207521,0.00117848,9.78905e-05,5.13075e-05,0.000126903,0.000184482,0.000328685
0.000251785,0.00042716,0.000577737,0.00034709,0.000912314,0.00240784,0.00146103,0.000232386,0.000136241,0.000175051,0.000200222,0.000332684
0.000302903,0.000499144,0.000975497,0.000685447,0.000996301,0.00259271,0.00157615,0.000245483,0.000152961,0.00024812,0.000365613,0.000392302
0.000299271,0.000313703,0.000807533,0.000712039,0.000977639,0.0027262,0.00163864,0.000244957,0.00022412,0.000568336,0.000704265,0.000267526
0.000179273,0.000424508,0.00123808,0.000890546,0.00108747,0.00301817,0.0018211,0.00034499,0.000263911,0.00060311,0.000608098,0.000437412
0.00015864,0.000351444,0.000917077,0.00054029,0.000974256,0.0028573,0.00172485,0.000298379,0.00020098,0.000337437,0.000430186,0.000381909
0.000232222,0.000302061,0.000885131,0.000677066,0.00105568,0.00312304,0.00198442,0.000444562,0.000238067,0.000127895,0.000297025,0.000410685
0.000186647,0.00031403,0.000646944,0.000294072,0.00102228,0.00306825,0.00192345,0.000404516,0.000206627,0.000354096,0.000320459,0.000418942
0.00012818,0.000173262,0.000262963,0.000202487,0.00101809,0.00304944,0.00191476,0.00039035,0.000183156,0.000184321,0.000225497,0.000309132
0.000111943,0.000155518,0.000300002,0.000190298,0.000940316,0.00309885,0.00195001,0.000392802,0.000183261,0.000188376,0.000193649,0.00028384
8.92168e-05,0.000117406,0.00032074,0.000212007,0.000876805,0.00287411,0.00184784,0.000363693,0.00020686,0.000159935,0.000185372,0.000264138
0.000102173,0.000240848,0.000494475,0.000308854,0.000894251,0.0028465,0.00180954,0.000316928,0.000140834,0.000148628,0.000215153,0.000322547
9.90857e-05,0.000173088,0.000487626,0.000396926,0.000855421,0.00274327,0.0017527,0.000296282,0.000150654,0.000238866,0.000287242,0.000368705
9.70534e-05,0.000151126,0.000353419,0.000280293,0.000835906,0.00259475,0.0015729,0.000275678,0.000164539,0.000165574,0.000141026,0.000312319
0.000173854,0.000440817,0.000739739,0.000354916,0.00090055,0.00263775,0.00162039,0.000288013,0.000172353,0.000310691,0.000370562,0.000353347
0.000182891,0.000717727,0.0015692,0.000808668,0.000963007,0.00301101,0.00198106,0.000318621,0.000102402,0.000371463,0.000476413,0.000404686
0.000286915,0.000977565,0.00185428,0.00140656,0.000810136,0.00263097,0.00172443,0.000322727,0.000253109,0.000558092,0.00067094,0.000478232
0.000296731,0.00132893,0.00378724,0.00240207,0.00127952,0.00287343,0.0017495,0.000356254,0.000300795,0.000418291,0.000555385,0.000538176
0.000205725,0.00225182,0.00476859,0.00253544,0.00128358,0.00341783,0.00195691,0.000381379,0.000409349,0.000899862,0.00108425,0.000695305
0.000220896,0.0012286,0.00298945,0.00217763,0.00147833,0.00448859,0.00275879,0.000391895,0.000282315,0.000939235,0.00116893,0.0007148
0.000251898,0.00153,0.00292219,0.00151086,0.00136291,0.00437309,0.0029331,0.00046979,0.000344052,0.000693389,0.000728869,0.000568782
0.000274574,0.00153681,0.00353081,0.00194386,0.00153968,0.00415913,0.00243712,0.00027388,0.000254792,0.000628404,0.000624867,0.000385146
0.000148924,0.00114282,0.0026754,0.00141093,0.00169688,0.0045785,0.00258169,0.000342148,0.00016333,0.000513362,0.00046863,0.000424274
0.000165595,0.000359534,0.00126332,0.000798259,0.00174248,0.00547661,0.00342259,0.000365955,0.00014824,0.000272092,0.000385258,0.000584591
0.000168947,0.000536744,0.00145143,0.00088877,0.00123312,0.00448013,0.00313307,0.000408285,9.44603e-05,0.000299075,0.000504796,0.000591954
0.000168916,0.000476096,0.00147771,0.000943153,0.00156622,0.00479631,0.00297219,0.000326341,0.000149145,0.000246883,0.00021606,0.000576099
0.000170055,0.000577556,0.0016706,0.00111259,0.00136281,0.00372795,0.00209601,0.000156588,9.4172e-05,0.000295361,0.00038324,0.00056334
0.000185334,0.000569516,0.00150948,0.000933173,0.00101881,0.00335566,0.00214241,0.000255672,0.000136627,0.000155055,0.000282214,0.000495326
0.000177678,0.000389972,0.000675203,0.000449839,0.000701626,0.00287629,0.00216024,0.000309291,6.30378e-05,0.000151613,0.000259513,0.000626274
0.000129122,0.000379041,0.000729523,0.000472169,0.00177194,0.00505038,0.00295006,0.000297212,0.000168281,0.000245143,0.000201208,0.000508152
0.000197245,0.000417053,0.00121954,0.000943454,0.00140406,0.00396099,0.00243336,0.000258667,0.000188257,0.000248352,0.000532389,0.000612148
0.000415165,0.00100703,0.00201606,0.00118743,0.000907699,0.00274125,0.00177369,0.000265471,0.000308837,0.000460017,0.000811355,0.00073472
0.00040334,0.000479048,0.000920641,0.000982114,0.00078474,0.00256315,0.0018353,0.000285099,0.000325443,0.000588637,0.000779635,0.00101262
0.00045725,0.000904001,0.00188115,0.00106952,0.00136682,0.00404672,0.00234402,0.000218033,0.000344602,0.000539701,0.000626299,0.000967681
0.000259143,0.000698449,0.00216786,0.00134348,0.00115631,0.00335321,0.0020461,0.000246899,0.000106042,0.000280774,0.000435907,0.000829364
0.000260906,0.000878799,0.002073,0.00120283,0.000377993,0.00128456,0.000928215,0.000134744,0.000212579,0.000396432,0.00078809,0.000906167
0.000145177,0.000536502,0.00070312,0.000439431,0.000604024,0.00195553,0.00137467,0.000188424,0.000311354,0.000869823,0.00117152,0.000883801
0.000304564,0.000937431,0.00210753,0.00125172,0.0012413,0.0034813,0.00212004,0.000289499,0.000305632,0.000711177,0.00103382,0.000755335
0.000256558,0.000697723,0.00163009,0.00119852,0.000940307,0.00242013,0.00154119,0.000202605,0.000247504,0.000518109,0.000943244,0.000832882
0.000321179,0.000685208,0.00127105,0.000835537,0.000555079,0.00153305,0.000976383,0.000159681,9.07547e-05,0.000353058,0.000544457,0.000429902
0.000219238,0.000425407,0.000824968,0.000590495,0.000499774,0.0014235,0.00102922,0.000228631,0.000213062,0.000341936,0.000305786,0.000652296
0.000232543,0.000297033,0.000659099,0.000428146,0.000648802,0.00224552,0.0015073,0.000180666,0.000120395,0.000345052,0.000534745,0.000638078
0.000157952,0.000253398,0.000996257,0.000669699,0.000530478,0.00224077,0.00163534,0.000219753,0.000147213,0.000431428,0.000667347,0.000584312
0.000140145,0.000400036,0.000920522,0.000574405,0.000476511,0.00187666,0.0013705,0.000225765,0.000118106,0.000338764,0.000524159,0.000506787
9.27952e-05,0.000373565,0.000826612,0.00048558,0.000841271,0.0028664,0.00189968,0.000262002,8.90203e-05,0.000253462,0.000398527,0.000441143
0.000113932,0.000384761,0.00052168,0.000449079,0.000840561,0.00281467,0.00184368,0.000207291,0.000151277,0.000234285,0.000371812,0.00040428
0.000164711,0.000347035,0.000591589,0.000378266,0.000578588,0.00208362,0.00148931,0.000242516,0.000160451,0.000276827,0.000376594,0.000311536
0.000112616,0.000256119,0.000583393,0.000338739,0.000732085,0.00229745,0.00155066,0.000236633,0.000179042,0.000322345,0.000438292,0.000336665
0.000141053,0.000173496,0.000369464,0.000277724,0.000730435,0.0024393,0.00161557,0.000184185,0.000181225,0.00051273,0.00161697,0.00103672
0.000188063,0.000159475,0.000344486,0.000223045,0.000450853,0.00168339,0.0011858,0.000174346,0.000108605,0.000363436,0.00176069,0.00120438
0.000299853,0.000243629,0.000455303,0.000295212,0.000405616,0.0012848,0.000842477,0.000125227,0.000126908,0.000768139,0.00268993,0.00188159
0.000385551,0.00015751,0.000180675,0.000114187,0.000286719,0.00109584,0.000800553,0.000125918,0.000145994,0.000963823,0.00332177,0.00230041
0.000283445,0.0002074,0.000212785,0.000135087,0.000414297,0.00139139,0.000950608,0.000144938,0.000107074,0.000991571,0.00383783,0.00264227
0.000376467,0.000145771,0.000205582,0.000192084,0.000446642,0.00145035,0.000958549,0.000102178,9.844e-05,0.00153428,0.00513903,0.0032959
0.000386576,0.000197827,0.000301441,0.000166352,0.000352599,0.00117858,0.000802874,0.000145708,0.000104958,0.00182322,0.00620471,0.00393925
0.000375886,0.000215077,0.000232263,0.000180595,0.000427919,0.00117004,0.000682015,5.5357e-05,0.000147524,0.00225927,0.00688313,0.00407086
0.000309191,0.000136037,0.000124204,7.61425e-05,0.000495226,0.00155124,0.000943677,0.000118066,0.000126682,0.00235445,0.00698576,0.00401739
0.000307332,0.000105713,0.000156719,5.46422e-05,0.000550001,0.00140698,0.000857685,0.000181687,0.000164759,0.00255855,0.0070893,0.00392601
0.0118187,0.00424557,0.000438389,0.000190561,0.000307617,0.000571605,0.000722315,0.000884129,0.00135856,0.00229408,0.0036644,0.0107814
0.0114346,0.00761603,0.00106575,0.000209197,0.000249028,0.00070398,0.000538124,0.000574196,0.000652703,0.00126284,0.00384987,0.00261713
0.00373331,0.00243129,0.0058902,0.0030315,0.000224222,0.000307446,0.000279149,0.000295596,0.000642787,0.0015629,0.00225349,0.00173482
0.00200472,0.00153915,0.00309477,0.00243587,0.000421514,0.000276037,0.000212278,0.000308552,0.000412514,0.000890669,0.00206459,0.001098
0.00264587,0.00231986,0.00232335,0.00277824,0.000953551,0.000377127,0.000294318,0.000190944,0.000423153,0.00110885,0.00332504,0.00254657
0.00177094,0.00089365,0.00130878,0.000716241,0.000804634,0.000385554,0.000243799,0.000392156,0.000443636,0.000670262,0.0022172,0.00143539
0.00134924,0.000898532,0.0022614,0.00434957,0.00202123,0.000835436,0.000516381,0.000348223,0.000317528,0.000987798,0.00230942,0.00179411
0.00156394,0.00186794,0.00223172,0.00298685,0.00140689,0.000940351,0.00090222,0.000335538,0.000491491,0.00122736,0.00252262,0.00220412
0.000899243,0.000769436,0.00158048,0.000976713,0.000538019,0.00144803,0.00146162,0.000542314,0.000360709,0.000672647,0.0010821,0.00171739
0.00076066,0.000643667,0.00189727,0.00239163,0.00101853,0.00156182,0.00253603,0.00369929,0.00202313,0.000635312,0.00124296,0.00161548
0.00228062,0.00151539,0.00307126,0.00232443,0.000849991,0.00150492,0.00127449,0.00383391,0.00307462,0.000877795,0.00165711,0.00266737
0.0013593,0.00160542,0.00341683,0.00240324,0.000559327,0.00138543,0.000567283,0.00513984,0.00427638,0.0011882,0.00156489,0.00233628
0.000907337,0.00078396,0.00198286,0.00131864,0.000357235,0.000665902,0.00119406,0.00659598,0.00531578,0.00124394,0.00133829,0.00158366
0.000702496,0.000380593,0.000560543,0.000950981,0.000548001,0.00091088,0.000445758,0.0031599,0.00236217,0.000704571,0.0016439,0.00159595
0.000586422,0.000544068,0.000947957,0.00103184,0.000452754,0.000966596,0.000683989,0.00246272,0.00486898,0.00267222,0.000985451,0.0012289
0.000851363,0.000423368,0.000624704,0.000643541,0.000295736,0.000681094,0.000741739,0.00167386,0.00369253,0.00231245,0.000798589,0.001216
0.000369432,0.000434212,0.00116319,0.00065867,0.000183489,0.000328558,0.000436409,0.0013123,0.00337967,0.00210805,0.00105041,0.00119112
0.000447259,0.000564236,0.00158369,0.00129788,0.000357207,0.00032481,0.000178348,0.00175188,0.00423709,0.00207843,0.000630821,0.000755574
0.000828807,0.000479367,0.00103232,0.000819965,0.000287404,0.000576596,0.000433286,0.00274882,0.00640535,0.00328536,0.000589929,0.00112421
0.000421228,0.000359645,0.000500944,0.00030138,0.00011191,0.0002391,0.000240349,0.00222414,0.00469426,0.00230451,0.00050868,0.000687487
0.000247488,0.000222714,0.000538018,0.000474077,0.000124251,0.000100054,0.000189442,0.0024368,0.00637413,0.00367012,0.000561834,0.000429519
0.000297338,0.000438145,0.000728316,0.000434165,0.00015151,0.000294267,0.000258701,0.00186151,0.00604836,0.00372185,0.000724099,0.000673404
0.000336835,0.00063688,0.000714903,0.000465511,0.000177315,0.000396788,0.000457536,0.0036769,0.00795657,0.00377134,0.000456899,0.000589473
0.000827345,0.00102275,0.00238311,0.00135503,0.000197733,0.000325315,0.00035004,0.00348407,0.00816888,0.00400618,0.000671357,0.00149515
0.00196594,0.00093133,0.00292624,0.00192266,0.000247833,0.000339099,0.00060607,0.00240117,0.00870039,0.00551383,0.00111598,0.00260074
0.00146895,0.00148146,0.00415786,0.00273497,0.000401309,0.000370417,0.000612904,0.0023667,0.00695632,0.00389321,0.000793854,0.00201358
0.00175912,0.00205445,0.0041003,0.00221031,0.000355369,0.000437588,0.000882541,0.00366596,0.00651583,0.00238615,0.00103926,0.00252389
0.000843356,0.00148025,0.00167546,0.000706912,0.000210227,0.000177034,0.000506,0.00500625,0.0144335,0.00897279,0.00141445,0.00147407
0.000954399,0.0016016,0.00381915,0.00223082,0.000266125,0.000336313,0.000572974,0.0029093,0.0088732,0.00609786,0.00132402,0.00130287
0.00057441,0.0014073,0.00288193,0.00137336,0.000144855,0.000185861,0.000329624,0.00432346,0.0100167,0.00445308,0.000539268,0.000523811
0.000687765,0.00129591,0.00247848,0.00113995,0.000183845,0.000251512,0.000296731,0.00342594,0.0067111,0.00293212,0.00054591,0.000788651
0.000512303,0.0007711,0.00235046,0.00155373,0.000283613,0.000180114,0.000159367,0.00399311,0.0124188,0.00759321,0.000865021,0.000857178
0.000495713,0.00096029,0.00259211,0.00158556,0.000186373,0.000151173,0.000206475,0.00159392,0.00559397,0.00323371,0.00041775,0.000654287
0.000274418,0.000830159,0.00201897,0.00119767,0.000165605,0.000109032,0.000194711,0.00346956,0.00709128,0.00351436,0.000606588,0.000528667
0.000383368,0.000347856,0.000754102,0.000679835,0.000213444,0.000129833,0.000220249,0.00381248,0.0100669,0.00547273,0.000416964,0.000416702
0.000294324,0.00054997,0.00128012,0.000826119,0.000135697,0.000149409,0.000248547,0.00190234,0.00619637,0.00378691,0.000417841,0.000305924
0.000274115,0.000381878,0.000867214,0.000575812,0.000147618,0.000119093,0.000215147,0.00186026,0.00483551,0.00248973,0.000224434,0.000292316
0.000240587,0.000401895,0.000636316,0.00042679,0.000159401,0.000173351,0.000343061,0.0021522,0.00448091,0.0019753,0.000337109,0.000480972
0.000506627,0.000809365,0.00223117,0.00162139,0.00031515,0.000264156,0.000706722,0.00114279,0.0044537,0.0029188,0.000693538,0.00109864
0.000872178,0.00187027,0.00455365,0.00280029,0.000435533,0.000277873,0.00043421,0.000392165,0.00239074,0.00186146,0.00115552,0.00163589
0.000452255,0.00151612,0.00209296,0.00136938,0.000478532,0.000155289,0.000307892,0.00131566,0.00342996,0.00218537,0.000567681,0.000555618
0.00076963,0.00221329,0.00457268,0.00297579,0.000518159,0.000236731,0.000570144,0.000549252,0.0012411,0.000939553,0.000513208,0.00087232
0.00142377,0.00178789,0.00470284,0.00259038,0.000216215,0.000515392,0.00110187,0.000575683,0.0022973,0.00136338,0.000956596,0.00231377
0.00150273,0.00153764,0.00535008,0.00356124,0.000434219,0.000348148,0.000771035,0.00109389,0.0027478,0.00209459,0.00121418,0.00254898
0.000720106,0.00186625,0.00545551,0.00329556,0.000334439,0.000321813,0.0005142,0.000498623,0.00145999,0.000748038,0.000858572,0.0015728
0.000654572,0.00187613,0.00414275,0.00226169,0.000342439,0.000197056,0.000470566,0.000385374,0.00151766,0.00131292,0.00099868,0.00138135
0.000418858,0.000612669,0.00285431,0.00222293,0.000341471,0.00011191,0.00021675,0.000457507,0.00130125,0.00123897,0.000894356,0.00109896
0.000727657,0.00149283,0.00353563,0.00194136,0.000263332,0.000146025,0.000413025,0.000700356,0.00141635,0.000639447,0.000587489,0.0012526
0.000697405,0.00125912,0.00355748,0.00212038,0.000234411,0.000164442,0.000193194,0.000283901,0.000849778,0.000714873,0.00078833,0.00119583
0.000723586,0.000871652,0.00269276,0.00170057,0.000214268,0.000166285,0.000275595,0.000479101,0.00121602,0.000736906,0.000600782,0.00112256
0.00040706,0.000806451,0.00200434,0.00118248,0.000150676,8.6623e-05,0.000224099,0.000590911,0.00150645,0.00090456,0.000418717,0.00075231
0.000326498,0.000298346,0.00107568,0.000703457,0.000117946,0.00012177,0.000147081,0.00055821,0.00152542,0.000915907,0.000405463,0.000748416
0.000679156,0.000323259,0.00110877,0.000707449,0.000141855,0.000140286,0.000222607,0.000392283,0.00133074,0.0010315,0.000521597,0.000880932
0.000123422,0.000583344,0.00120467,0.000671247,0.000122683,0.000138763,0.000179922,0.00093071,0.00243911,0.00124698,0.000294828,0.000397071
0.000226816,0.000308146,0.00073355,0.000469454,7.63538e-05,0.00010343,0.000189906,0.00118441,0.00332596,0.0020525,0.000429632,0.000488024
0.000262542,0.000323302,0.000801969,0.000545786,7.60448e-05,9.7215e-05,0.000136876,0.00144628,0.00451426,0.002837,0.000405451,0.000335987
0.000208899,0.000314465,0.000929048,0.000627363,9.37303e-05,5.86397e-05,8.10988e-05,0.00235961,0.00758957,0.00459699,0.000446617,0.000357823
0.000130889,0.00031924,0.000810995,0.000505858,9.78303e-05,0.000119148,0.000119717,0.00391336,0.0120519,0.00718414,0.000660754,0.000268705
0.000175785,0.000325128,0.000646278,0.00036229,0.000126701,0.000123499,0.000116796,0.00238639,0.00743093,0.00447183,0.000365349,0.000168538
0.000192835,0.000262578,0.000477916,0.000275712,0.000112503,0.000167515,0.000777389,0.00283491,0.00376182,0.00169027,0.000167454,0.000199183
0.000177266,0.000238408,0.000398291,0.000277577,0.000176184,0.000222353,0.0012783,0.00709803,0.0102991,0.0049559,0.000485745,0.000236117
0.000176147,0.000132951,0.000275914,0.000237568,8.44252e-05,8.83029e-05,0.00184409,0.00515677,0.00241207,0.0035106,0.000395466,0.000218133
0.000335499,0.000199648,0.000388471,0.00022263,0.000150186,0.000180555,0.00233779,0.00830408,0.00483826,0.00128204,0.00025546,0.000414633
0.000702412,0.000523542,0.000625117,0.00060633,0.000802448,0.000790207,0.0022484,0.00776992,0.00616167,0.00192809,0.000750034,0.00056761
0.000414744,0.000329212,0.000340361,0.00037401,0.000535301,0.000743806,0.000819707,0.00270092,0.00339516,0.00179378,0.000504123,0.000617438
0.000513328,0.000285594,0.000219375,0.000246212,0.00092136,0.00239958,0.00201237,0.00146882,0.00147636,0.00146815,0.000554764,0.00072959
0.00039634,0.00040852,0.00049559,0.000402627,0.0013787,0.0044133,0.00308642,0.00211062,0.00243955,0.00181995,0.000660442,0.0010439
0.000259624,0.000378062,0.000462733,0.000479105,0.00165377,0.00541604,0.00326964,0.0018248,0.00259091,0.00156531,0.000540888,0.000734858
0.000346185,0.000407607,0.000485342,0.000424028,0.00169205,0.00514461,0.00310711,0.000768656,0.00179938,0.00137526,0.000597757,0.000531036
0.000334852,0.000447488,0.000272335,0.00035804,0.00169586,0.0048947,0.00318942,0.00119453,0.00140308,0.000650756,0.000337433,0.000541607
0.000675332,0.000683876,0.000602516,0.000264794,0.000474001,0.00134899,0.00107213,0.00105093,0.00155936,0.00124774,0.00073106,0.000669634
0.000379214,0.000386727,0.000266729,0.000252206,0.00104475,0.00275137,0.0019223,0.000993264,0.00121655,0.000916374,0.000665398,0.000424941
0.000761814,0.000735806,0.000857273,0.00103167,0.00124882,0.00286906,0.00187431,0.00117015,0.000755943,0.000773604,0.000846614,0.000680077
0.000543289,0.00050752,0.000450684,0.00080941,0.000776836,0.00152396,0.00114363,0.00104543,0.0015315,0.00104419,0.000548363,0.000422375
0.000367441,0.000527203,0.000954941,0.00108628,0.000920072,0.00167935,0.00152492,0.00136568,0.00125298,0.000732584,0.000502935,0.000354191
0.000677954,0.000604358,0.000768653,0.00169759,0.00159337,0.00190302,0.00149257,0.000649376,0.000717222,0.000758877,0.00104407,0.000817142
0.000426909,0.000350205,0.00120973,0.00333144,0.00218886,0.0012596,0.00061474,0.000506399,0.000549524,0.000457281,0.000692513,0.000712642
0.00237612,0.000979469,0.000935986,0.00233287,0.00132364,0.00080526,0.000625198,0.000615959,0.000442965,0.000549808,0.000687192,0.0018957
0.00179948,0.000548668,0.00038141,0.00111249,0.00103816,0.000864223,0.000730679,0.000486471,0.000405579,0.000392383,0.000819629,0.00190225
0.00156092,0.000647734,0.00100479,0.00259873,0.00177742,0.00132946,0.000881036,0.000544524,0.00054534,0.000569589,0.000784477,0.00161354
0.00155394,0.000690647,0.00110776,0.0024685,0.00125133,0.00103277,0.000524299,0.000473009,0.00053885,0.000521894,0.000750689,0.00111789
0.00127418,0.000438813,0.00125225,0.0029457,0.00164062,0.000657215,0.000430725,0.000412165,0.000459625,0.000380651,0.000762371,0.00125178
0.000551063,0.000288206,0.00117012,0.00283851,0.0013516,0.000302523,0.000341326,0.000425733,0.000455707,0.000554726,0.00102804,0.000888198
0.000373506,0.000242988,0.00130715,0.00290463,0.00144967,0.000364802,0.000280452,0.000250413,0.000278073,0.000360217,0.00084638,0.000631402
0.000541975,0.000274318,0.00145012,0.00356078,0.00182882,0.000235434,0.000244074,0.000247722,0.000175878,0.000203713,0.000384313,0.000514146
0.000578907,0.000281625,0.00137542,0.00317335,0.00167279,0.000240338,0.000149727,0.000200516,0.000182134,0.000212718,0.00042006,0.000578351
0.00051845,0.000208181,0.0014759,0.00344437,0.00181892,0.000349788,0.000170187,0.000214479,0.000228116,0.000291406,0.000461096,0.000552976
0.00258019,0.00135315,0.00166479,0.00361903,0.00183675,0.00020951,0.000197091,0.000265658,0.000308262,0.000348931,0.00055233,0.00163078
0.00571405,0.00270918,0.00169323,0.00353276,0.00171984,0.000295901,0.000184436,0.000450177,0.000393711,0.000293657,0.000477493,0.0026603
0.00400556,0.00220725,0.00193651,0.00363273,0.0017323,0.000445097,0.000333747,0.000263703,0.000228051,0.000132804,0.000335197,0.00165194
0.00182684,0.00122854,0.00145397,0.00263812,0.00109965,0.000203172,0.000306193,0.00028972,0.000245813,0.00029554,0.000636976,0.0014915
0.00220231,0.00151762,0.00102632,0.00293576,0.00172222,0.000303808,9.06983e-05,0.000276593,0.0002455,0.000339728,0.00090833,0.00117084
0.00318141,0.00179044,0.00114302,0.00301206,0.00151626,0.00013472,0.000161841,0.000205458,0.000171044,0.000310183,0.000673077,0.00199967
0.0039587,0.00203527,0.000792731,0.00207613,0.00128792,0.000352831,0.000255888,0.000309165,0.00016868,0.000237266,0.000547269,0.00181004
0.00228703,0.000964701,0.00106759,0.00285768,0.00180086,0.000331651,0.00024203,0.000432221,0.000370615,0.000219801,0.000460249,0.00137248
0.00157437,0.000884058,0.000874827,0.00242267,0.00154551,0.000312312,0.000136888,0.000201457,0.000179969,0.00023333,0.000460434,0.00095305
0.00142416,0.000729967,0.000892439,0.00175931,0.0010192,0.000225469,0.000100503,0.000126449,0.000149861,0.000220753,0.000479705,0.000881638
0.000748527,0.000371877,0.00118136,0.00184875,0.000919276,0.000175569,0.000106723,0.000203204,0.000237045,0.000515187,0.000484714,0.000481945
0.000250145,0.000411109,0.00160703,0.00175001,0.00066398,0.000132242,0.000119412,0.000236699,0.000259816,0.000626424,0.000716666,0.000343504
0.00063511,0.000583995,0.000859894,0.000937153,0.000732482,0.000116567,8.26164e-05,0.000167432,0.000204809,0.000179196,0.000282273,0.000503812
0.000422305,0.000362118,0.000909297,0.000792689,0.000401676,7.4662e-05,5.71788e-05,0.000110569,0.000132781,0.000292731,0.000302066,0.000348374
0.000469825,0.000390499,0.000828986,0.000313109,0.000301567,9.8946e-05,0.00012629,0.000117921,0.000120362,0.00016831,0.000259362,0.000336709
0.00108838,0.000572814,0.000650212,0.00100321,0.000568244,0.000125944,0.000166249,0.000233392,0.000180028,0.000254956,0.000368787,0.000732504
0.00150196,0.000831166,0.00109211,0.00118114,0.000420023,0.000138579,0.000179464,0.000276266,0.000202423,0.000252258,0.000175543,0.000582122
0.00278328,0.00153269,0.000822673,0.00102395,0.000691114,0.000180114,7.26987e-05,0.000262436,0.00030249,0.000214742,0.00038879,0.00161456
0.00158353,0.000732722,0.00109342,0.00103099,0.000600894,0.000132321,0.00014281,0.000212021,0.000154121,0.000376032,0.000431464,0.000944999
0.00222812,0.00163899,0.0013462,0.00249903,0.001408,0.000194801,0.000142521,0.000370807,0.000336407,0.000348685,0.000674415,0.000923523
0.0049306,0.00315863,0.00161099,0.00215047,0.000835159,0.000185345,0.000183378,0.000532036,0.0004901,0.000364061,0.000633477,0.00196989
0.00535501,0.00321279,0.00102234,0.00152547,0.000952961,0.000215278,0.000257343,0.00049597,0.000331218,0.000241201,0.000597858,0.00230676
0.00372183,0.0023471,0.000631409,0.000926657,0.000686022,0.000168747,0.000205153,0.000552735,0.000426195,0.000353441,0.000543618,0.00149606
0.00382974,0.00238532,0.000790692,0.00148965,0.000766489,9.91303e-05,0.000151384,0.000565309,0.000414325,0.000249736,0.000341039,0.00159408
0.00566414,0.00297168,0.000669806,0.00133365,0.000499481,0.000154152,0.000146806,0.000374166,0.000304887,0.00016863,0.000476713,0.00285593
0.00443948,0.002378,0.000514195,0.00132551,0.000719107,0.000125219,0.000164875,0.000221814,0.000232678,0.000206014,0.000299921,0.00221721
0.00244475,0.00158642,0.000503844,0.000728058,0.000335419,7.99223e-05,0.0001306,0.000226715,0.000222162,0.000174285,0.000348414,0.00118702
0.0021724,0.00138467,0.000644941,0.000715995,0.000284372,0.000118252,0.000183947,0.000296344,0.000259254,0.000136166,0.000298312,0.00104564
0.00177588,0.000967934,0.000463009,0.00098175,0.00043396,0.000133762,9.83824e-05,0.000200698,0.000175302,0.000157017,0.000310276,0.00115544
0.00124298,0.000695044,0.000476075,0.00094755,0.000523081,9.18614e-05,0.000110956,0.000120733,7.91584e-05,0.000136131,0.000207677,0.000626114
0.000898614,0.000511566,0.000236452,0.00057624,0.000419738,0.000152384,0.000139689,0.000206707,0.000131084,0.000112682,0.000156035,0.00050391
0.000837324,0.000499645,0.000242901,0.000416259,0.00026962,0.000133094,0.000134726,0.000146245,0.000118095,8.74118e-05,0.000122524,0.000516699
0.000807641,0.000430459,0.000174868,0.000251325,0.000207617,9.08114e-05,0.000126233,0.00016348,0.000149545,0.000102413,0.000133692,0.000560801
0.000477282,0.000360067,0.000229311,0.000357849,0.000236543,0.000100847,0.000107959,0.000139585,0.00011813,0.000120183,0.00023043,0.000368562
0.000629564,0.000263566,0.000195329,0.000332916,0.000183011,9.44535e-05,0.000138083,0.000145991,8.60432e-05,0.00010803,0.000122852,0.000403008
0.000721734,0.000425053,0.000181736,0.000351049,0.000250171,0.00011913,8.57911e-05,0.000137601,0.000124488,0.000110371,0.000145442,0.000351761
0.000317522,0.0002296,0.000145822,0.000330661,0.000213522,0.00011794,9.32571e-05,0.000134622,0.000110825,9.8201e-05,0.000147951,0.000239856
0.000550403,0.000396774,0.000155942,0.000231683,0.000123614,0.000110287,9.51877e-05,9.31769e-05,9.39432e-05,7.18872e-05,5.26686e-05,0.000208226
0.000403576,0.000327557,0.000150845,0.000308565,0.000192951,0.000121839,0.000111533,0.000128596,9.29731e-05,7.8436e-05,0.000103045,0.000201882
0.000416359,0.000304014,0.000209439,0.000341786,0.000210896,0.000130872,9.08873e-05,0.000123772,8.45796e-05,8.68745e-05,8.86249e-05,0.000156096
0.00020775,0.000133195,0.000151675,0.000171779,0.000165622,0.000115902,0.000157128,0.000133643,0.00016178,0.0001701,0.000130544,0.000200416
0.000190322,8.6137e-05,0.000142756,0.000209758,0.000145281,9.62636e-05,0.000120915,7.82264e-05,0.000115344,0.000160513,0.000157385,0.000190924
0.000169715,0.000142808,0.000133505,0.000141453,0.00012797,0.000124432,0.000112944,0.000115441,0.000102224,0.000152861,0.000114835,0.0001237
0.000179874,0.000167036,0.00014538,0.000166982,0.000145322,0.00011187,9.77577e-05,7.71374e-05,7.37093e-05,6.76739e-05,8.63647e-05,0.000149588
0.000214295,0.000218482,0.000164213,0.000149249,0.000130373,8.84052e-05,7.64231e-05,9.80848e-05,8.25585e-05,9.29616e-05,0.000109619,0.000170695
0.000182765,0.000153091,0.000150059,0.000129506,0.000134326,0.000104255,9.49833e-05,0.000109818,5.76058e-05,9.75827e-05,8.55214e-05,0.000153535
0.000157467,0.000124057,0.000167536,0.000151894,9.97629e-05,0.000110143,0.000121957,0.000114006,0.000106956,0.000123746,0.000118598,0.000137266
0.000204433,0.000127666,0.000126374,0.000113604,8.70441e-05,0.000123401,0.00014795,0.000151867,0.000154575,0.000119335,0.000135295,0.000180668
0.000137559,0.000133179,9.01404e-05,9.81105e-05,0.00011765,9.32718e-05,9.99845e-05,9.87308e-05,0.000127152,0.000113563,9.31456e-05,0.000119599
0.000145933,0.000121915,8.70507e-05,0.00012529,0.000133842,0.000118711,0.000118643,0.000159709,0.000198434,0.000103468,0.000125309,0.000157277
0.000157051,0.000142528,0.000122997,0.000165405,0.00015035,9.58826e-05,6.24425e-05,9.52759e-05,9.92098e-05,8.85327e-05,7.98208e-05,0.000100111
0.000150553,9.20364e-05,6.82196e-05,0.000105335,0.000157719,0.000123944,0.000145041,0.000178872,0.000126487,0.000165595,0.000110198,0.000125164
0.000113501,0.000107345,5.05594e-05,9.01423e-05,0.000146078,0.000163389,0.000398306,0.00122117,0.000931114,0.00028753,0.00011393,0.00011067
0.00100346,0.000657192,0.00012981,0.00013591,0.000144235,0.000138671,0.000549688,0.00131172,0.000729883,0.000151179,0.000196176,0.000421546
0.00146026,0.000626542,0.000225837,0.000226071,0.000123643,7.86613e-05,0.000676595,0.00204721,0.0013553,0.000219233,0.000204501,0.000982299
0.000781815,0.000220122,0.000473259,0.000964207,0.000485872,8.39483e-05,0.000696184,0.00226893,0.00148295,0.000197964,0.000378205,0.000880159
0.00109822,0.000898001,0.000997599,0.00183428,0.00100143,0.000141379,0.000613168,0.00189737,0.00122556,0.000155419,0.000508612,0.00107277
0.0018033,0.000987945,0.00108489,0.00215662,0.00112368,0.00011007,0.000818316,0.002517,0.00155959,0.000334166,0.000662639,0.00129811
0.0011636,0.000361306,0.000679754,0.00183993,0.000977661,0.000136704,0.000536991,0.00162559,0.000984586,0.000215127,0.000247408,0.000931842
0.00105393,0.000549257,0.000592912,0.0017457,0.000956612,0.000123585,0.000674168,0.00216033,0.00136983,0.000258621,0.000328911,0.000766986
0.000544744,0.000261812,0.000682758,0.00143385,0.000753698,0.000146036,0.000707669,0.00234721,0.00161656,0.000256058,0.000189556,0.000440754
0.000162919,0.000300562,0.000770683,0.00175697,0.000995176,0.00016941,0.000826313,0.00279543,0.00182628,0.0002551,0.000208803,0.000273388
0.00035369,0.000196286,0.000613381,0.00135976,0.000757709,0.000143243,0.00084427,0.00296699,0.00196393,0.000331064,0.000223495,0.000289385
0.000339118,0.000141599,0.00032578,0.000614153,0.000359063,6.45968e-05,0.000665194,0.00228301,0.0014939,0.000246604,0.000201149,0.00029287
0.000250865,0.000188849,0.000191642,0.000498144,0.000323814,0.000127889,0.000816075,0.0024955,0.00151263,0.000176104,0.000253681,0.000178258
0.000304779,0.000161158,0.0002008,0.000504162,0.000356253,6.28074e-05,0.000609527,0.00197018,0.00127226,0.000230893,0.000165713,0.000227959
0.000364715,0.000346991,0.000425845,0.000553418,0.000344184,0.000139701,0.000821985,0.00286518,0.00192474,0.000353807,0.000240256,0.000410304
0.00241752,0.00115876,0.000297154,0.000500654,0.000359778,0.000169194,0.00107213,0.00372299,0.00248405,0.000425608,0.000257162,0.00150057
0.00304684,0.00173009,0.000677593,0.00117299,0.000885893,0.00029932,0.00112034,0.00355984,0.00228967,0.000226698,0.000353589,0.00162681
0.00199885,0.00100736,0.000776003,0.000981488,0.000758382,0.000284462,0.000956868,0.00286628,0.00181143,0.000362135,0.000640568,0.00157126
0.005082,0.00220443,0.0015133,0.00261914,0.00141833,0.000330669,0.000714545,0.00280605,0.00193253,0.000404559,0.000424502,0.00282441
0.00686914,0.00347003,0.0012288,0.00328746,0.00177143,0.000277884,0.00111806,0.0040728,0.00270302,0.000352741,0.000522154,0.00316296
0.0036112,0.00175587,0.00119918,0.00269258,0.00122608,0.000173968,0.00143186,0.00485492,0.003103,0.00033504,0.000286288,0.00178262
0.00200221,0.00104889,0.00103445,0.00239162,0.00147188,0.000237976,0.00114263,0.00398195,0.00263018,0.000420937,0.000382753,0.000899206
0.00134806,0.000693775,0.000439813,0.00124871,0.000823794,0.000126634,0.00151281,0.0059101,0.00418804,0.00067637,0.000367572,0.000623181
0.00152198,0.00085673,0.000622545,0.00133312,0.000683151,0.000141178,0.00177701,0.00665839,0.00460399,0.000548862,0.00016468,0.000588749
0.00124582,0.000884314,0.000852297,0.00147469,0.000751405,0.000201652,0.00231189,0.00760833,0.00492732,0.000554377,0.000222656,0.00047512
0.0012687,0.000722985,0.000573669,0.00137639,0.000778548,0.000179262,0.00203855,0.00665486,0.00407939,0.000461952,0.00017175,0.000516705
0.0011108,0.000589467,0.000316315,0.000875815,0.000536701,0.000119162,0.00162244,0.00638265,0.00442756,0.000583297,0.000216922,0.00056132
0.000785435,0.00043849,0.000342467,0.000739137,0.000418751,0.000106811,0.0020947,0.00755692,0.00507161,0.000677608,0.000151263,0.000323687
0.000792454,0.000463067,0.000348434,0.00075166,0.000439929,8.50256e-05,0.00204345,0.00561827,0.00318044,0.000324569,0.000126348,0.000421207
0.000413059,0.000356571,0.000346878,0.000822636,0.000482905,0.000161504,0.00110992,0.00318547,0.00183106,0.000230281,0.000138227,0.000232883
0.00134454,0.000756962,0.000252089,0.000616775,0.00026503,0.000127602,0.000464796,0.00222685,0.00175436,0.000363318,0.000285591,0.000833051
0.00131287,0.000607846,0.00116752,0.00174876,0.000734564,0.000191037,0.00140969,0.0041353,0.00247414,0.00041936,0.000502493,0.000968961
0.00213076,0.00135513,0.00174804,0.00247876,0.00100514,0.00021152,0.00221065,0.00450421,0.00192282,0.000427781,0.00085351,0.00131721
0.00137133,0.00108643,0.000960615,0.00110562,0.00094198,0.000264862,0.00215982,0.00591465,0.00347047,0.000425191,0.000339215,0.000415548
0.00161486,0.00104167,0.000710858,0.00178284,0.00102148,0.000153426,0.00165423,0.00523835,0.00330238,0.000323447,0.00090602,0.00107763
0.00244966,0.00114666,0.00196202,0.0039429,0.0018523,0.000135289,0.00170792,0.0050655,0.00301633,0.000350521,0.0010938,0.00155429
0.00193651,0.00112606,0.00110583,0.00298647,0.00159943,0.000193852,0.000375636,0.00142846,0.00122322,0.000283313,0.00099392,0.00110806
0.00201038,0.00118291,0.000649479,0.00162129,0.00110199,0.000269154,0.00139073,0.0046134,0.00297935,0.00034947,0.000458719,0.000894374
0.00182827,0.000998783,0.000725218,0.00130407,0.00065499,0.000122976,0.00113564,0.00400574,0.00263609,0.000379158,0.000381625,0.000921689
0.00182106,0.000840146,0.000842951,0.00174607,0.00089489,0.000135542,0.00206688,0.00575731,0.00323182,0.000366065,0.000624322,0.00131188
0.00104946,0.000654017,0.000647726,0.00166577,0.00089589,0.000200623,0.00182482,0.00561589,0.00344741,0.000395907,0.000275573,0.000569782
0.000693335,0.000500233,0.000586474,0.00103784,0.000479512,0.000143378,0.00111956,0.00493921,0.00375351,0.000547288,0.00032744,0.000401715
0.000474129,0.000266331,8.55434e-05,0.000409313,0.000303909,7.21821e-05,0.00299499,0.0103152,0.00656036,0.000644512,0.000257031,0.000345802
0.000935911,0.000492596,0.000174394,0.000522621,0.00044553,0.000189489,0.00345606,0.0109949,0.00678897,0.000678519,0.000192016,0.000589548
0.00170476,0.00084791,0.000450692,0.000564429,0.000339459,0.00017381,0.00110479,0.00392088,0.00293896,0.000715759,0.000340514,0.00116245
0.00552645,0.00367085,0.000838256,0.000808787,0.000422803,0.00015947,0.00162751,0.0058687,0.00388868,0.000461418,0.000244704,0.00189228
0.00613214,0.00434188,0.000864598,0.00066873,0.000325325,0.000118301,0.000690273,0.00248411,0.00179837,0.000393734,0.000225817,0.00196912
0.00877453,0.00578405,0.000707215,0.000281399,0.000185471,0.000131447,0.000825922,0.00283278,0.00191866,0.000310028,0.000134791,0.00291257
0.0122542,0.00854449,0.00116215,0.000291566,0.000193272,0.000119977,0.00140299,0.0046206,0.00298632,0.00035383,0.000140947,0.00385196
0.0154446,0.0101114,0.00109727,0.000253641,0.000172311,7.01056e-05,0.00101606,0.00362751,0.00240878,0.000323342,0.000182808,0.00498486
0.0167872,0.0116369,0.00150709,0.000376793,0.000188071,7.76076e-05,0.000846817,0.00319367,0.00228265,0.000399564,0.000137023,0.0051688
0.020456,0.0141272,0.00154619,0.000169435,0.000100877,0.000119828,0.00117408,0.00410077,0.00276341,0.000390661,0.000121363,0.00610633
0.0227337,0.0151755,0.00170533,0.000285576,0.000174038,9.20425e-05,0.000886913,0.0029435,0.00189915,0.000214288,0.000196079,0.00719677
0.0226613,0.0147514,0.00148951,0.000231081,8.28827e-05,0.000103095,0.000655049,0.00199662,0.00131196,0.00021888,7.42744e-05,0.00767967
0.0205494,0.0137339,0.00160581,0.000272932,0.00014235,6.22283e-05,0.000741354,0.00257206,0.00174454,0.000255776,0.000157193,0.00705548
0.0178454,0.0112379,0.00104566,0.000212039,0.000114418,9.42544e-05,0.000618375,0.00235097,0.00157919,0.000178417,0.000169558,0.00650676
0.0164278,0.00950224,0.000654493,0.000147723,0.000214651,0.000205111,0.000556927,0.0019472,0.0013364,0.000423793,0.000266822,0.00670258
0.0164744,0.0117444,0.00148882,0.000194678,0.000170484,0.000135756,0.000830164,0.0033364,0.00237889,0.000357328,0.000101853,0.00564547
0.0153707,0.0123611,0.00167576,0.000119841,0.000173672,0.000140865,0.00080026,0.00355387,0.00275117,0.000467413,0.000104077,0.00398484
0.0228107,0.0157297,0.00188962,0.000188888,9.1089e-05,9.34656e-05,0.000539988,0.00202303,0.00148011,0.000348746,0.000141481,0.00771949
0.0215004,0.0143122,0.00152106,0.000245014,0.000175792,8.28627e-05,0.000378867,0.00126383,0.000953743,0.000259391,0.000303246,0.00707267
0.0225958,0.0164274,0.00204993,0.000230944,0.000137871,0.000129937,0.000613282,0.00242177,0.00180366,0.000352465,0.000129658,0.00638014
0.0310072,0.0226214,0.00286349,0.000236685,0.00016413,0.000167368,0.000677816,0.00239606,0.00180713,0.000333622,0.000295051,0.00924443
0.0197363,0.0150809,0.00183542,0.000265902,0.00015511,0.000195977,0.000572775,0.00212732,0.00175868,0.000975988,0.00107785,0.00440572
0.0148645,0.0108714,0.00136049,0.00037719,0.000453097,0.000202884,0.000242817,0.000424572,0.000207023,0.00195449,0.00621207,0.00741197
0.0128462,0.00909772,0.0011211,0.000609338,0.00114571,0.000638468,0.000153343,0.000311236,0.000384877,0.00116597,0.00396409,0.00578133
0.0112644,0.00895282,0.00184051,0.000766985,0.0012667,0.000630049,0.000324639,0.000866318,0.000738627,0.00168836,0.00467866,0.00538375
0.00442897,0.00389176,0.00105886,0.000628559,0.00103183,0.000516985,0.000151477,0.000528902,0.000626409,0.00105517,0.00355478,0.00321143
0.00446724,0.00495225,0.00239905,0.000514319,0.000896596,0.000644557,0.000249788,0.000867194,0.000945945,0.00137121,0.00277218,0.00215281
0.00406738,0.00490521,0.00184321,0.0005763,0.0010655,0.000656645,0.000311373,0.000827659,0.000945516,0.00138861,0.00408896,0.00322884
0.0017572,0.00105945,0.000271339,0.000361896,0.000628689,0.00034453,0.000106764,0.000555321,0.00061761,0.00195043,0.00409995,0.00271094
0.00237141,0.00142256,0.000292145,0.000418756,0.000700252,0.000421844,0.000254545,0.000464414,0.000415848,0.00361438,0.00906384,0.00504366
0.0027961,0.00209285,0.000556041,0.000272875,0.000590883,0.000350702,9.15432e-05,0.000238539,0.000232525,0.00186477,0.00574427,0.00432922
0.00177724,0.00126434,0.000230261,0.000219949,0.000367756,0.000205682,6.82848e-05,0.000243668,0.000224021,0.00179802,0.00507861,0.0032349
0.00207986,0.00151927,0.000303899,0.000299682,0.000574318,0.00031606,7.47428e-05,0.000135841,0.000238237,0.00266305,0.00720015,0.00450615
0.000921288,0.00101624,0.00040981,0.000343475,0.000486,0.000209525,9.57417e-05,0.000151297,0.000205521,0.00270747,0.00797073,0.00462439
0.000707405,0.000466608,0.000188884,0.00023819,0.000483457,0.000235701,9.16189e-05,0.00015376,0.000257277,0.00150685,0.00582494,0.00411506
0.0010604,0.00123893,0.000528542,0.000237322,0.000277214,0.000190805,0.000148195,0.000410154,0.000446274,0.00376792,0.0106581,0.00630948
0.000924447,0.000961076,0.000571579,0.000395399,0.000691517,0.000350631,0.000154064,0.000195053,0.000212205,0.00444314,0.0117067,0.00631781
0.00124876,0.00257864,0.00135022,0.000570929,0.00139428,0.000844336,0.000172959,0.000341624,0.000751144,0.00209604,0.00531114,0.0029988
0.00130504,0.00226392,0.00127192,0.000687562,0.00112483,0.000578288,0.000119533,0.000190823,0.000379009,0.00224388,0.00753908,0.00512465
0.00192695,0.00333453,0.00162023,0.000933064,0.00216171,0.00118267,0.000186797,0.000453589,0.00103647,0.00474003,0.0149609,0.0094604
0.00201004,0.00386519,0.00207321,0.000331616,0.000851516,0.000671142,0.000155887,0.00047148,0.00115647,0.00354087,0.00673762,0.00353869
0.00202886,0.00333977,0.00147145,0.000252766,0.000912181,0.00076087,0.000256859,0.000353332,0.000840377,0.00254538,0.00744925,0.00428062
0.00132187,0.00224972,0.00102267,0.000329791,0.000946662,0.000762414,0.000215241,0.000142278,0.000165127,0.00249577,0.00914635,0.00601182
0.00100974,0.00156347,0.000708431,0.000410033,0.00108448,0.000780068,0.00021171,0.000165714,0.000409747,0.00309509,0.00910329,0.00573888
0.00105809,0.00182438,0.000864799,0.000253187,0.000708175,0.00041616,0.000177838,0.000161513,0.000297946,0.00199215,0.00542801,0.0034355
0.000697111,0.00114809,0.000659826,0.000259688,0.000731963,0.00057905,0.000181392,0.000133339,0.00016911,0.00122811,0.0036694,0.00250471
0.000978317,0.00107731,0.000544607,0.000313858,0.000621543,0.000408866,0.000116465,0.000115458,0.000169419,0.00173877,0.00631577,0.00449566
0.00102077,0.0014525,0.000777645,0.000186672,0.000499171,0.000344383,0.000177923,0.000192894,0.000238166,0.00219971,0.00727728,0.00484605
0.000789997,0.00124257,0.000655218,0.000209745,0.000631669,0.000402276,0.000151168,0.000200267,0.000287859,0.000996873,0.00299198,0.00223733
0.000615738,0.000805759,0.000509878,0.000253271,0.00043614,0.000260339,9.46947e-05,8.01808e-05,0.000190285,0.00125786,0.00444646,0.0029977
0.0011485,0.000908713,0.000330536,0.000252311,0.000532206,0.000237185,7.47777e-05,0.000114086,0.000184479,0.00270219,0.00870942,0.00568017
0.0012719,0.00178082,0.000780173,0.00030166,0.00076513,0.000494578,0.000169715,0.000316498,0.000571368,0.00250463,0.0079851,0.0051775
0.00126396,0.00215339,0.00123086,0.000240343,0.000376773,0.000284361,0.000221587,0.000177022,0.000242428,0.00120526,0.00360233,0.00253224
0.00096273,0.00121206,0.000812194,0.000517397,0.00134263,0.000736696,0.000144649,0.000248699,0.000407275,0.00154506,0.00462092,0.00344396
0.00133111,0.00140767,0.000503681,0.000986166,0.00177738,0.000821784,9.49185e-05,0.000286531,0.00047302,0.00210708,0.00729802,0.00478838
0.000891601,0.00152025,0.000725811,0.000805782,0.00159069,0.000825834,0.000194778,0.000410056,0.000843887,0.00138715,0.00391504,0.00238817
0.00114892,0.00168538,0.00104121,0.000442387,0.000824376,0.000485571,0.000123092,0.000221564,0.000500881,0.00240065,0.00722021,0.00434976
0.000940916,0.00118222,0.000681134,0.000563347,0.00131328,0.000793882,0.000190328,0.00021207,0.000489124,0.00277408,0.00825844,0.0050129
0.00108051,0.00119592,0.000626141,0.000248187,0.000582364,0.000330244,0.00022125,0.000227959,0.000463158,0.00270157,0.00885847,0.00557534
0.000309766,0.0009937,0.000682892,0.00050353,0.000983169,0.000501857,5.21161e-05,0.000264494,0.00062031,0.00177647,0.00583903,0.0034929
0.000593318,0.000862565,0.000499053,0.000495148,0.000844985,0.000508661,0.000137217,0.000133379,0.000347811,0.00220538,0.00581288,0.00335814
0.000560901,0.000913588,0.000523078,0.000246242,0.000544099,0.000366468,0.00017113,0.000165708,0.000215654,0.00173918,0.00478882,0.00256373
0.000297767,0.000520697,0.000388321,0.000210023,0.000445216,0.000292904,0.000104515,0.000106968,0.000131641,0.0013584,0.00345523,0.00188578
0.000485251,0.000802069,0.000458174,0.000225684,0.000376186,0.000207267,0.000104709,0.000112482,0.000222399,0.00196543,0.00586197,0.0033157
0.000411836,0.000677406,0.000325508,0.000207984,0.000272083,0.000134673,0.000105953,9.92973e-05,0.000172708,0.00171789,0.00507618,0.00291581
0.000553991,0.000547541,0.000272852,0.000246167,0.000410309,0.000209277,0.000135573,0.000133257,0.000128161,0.00260773,0.00768066,0.00462883
0.00038303,0.000273807,0.000100248,0.000135198,0.000299209,0.000215773,8.68292e-05,0.000121027,0.000197643,0.00298776,0.00782627,0.0043348
0.000413441,0.000533641,0.00027849,0.000121601,0.00023233,0.000182151,0.000216157,0.000203243,0.00024921,0.00252255,0.00742887,0.00430466
0.000513701,0.000500698,0.000282179,0.00014782,0.000308728,0.000217503,0.000148608,0.000194452,0.000231407,0.002233,0.0065364,0.00389539
0.000284397,0.000389995,0.000241236,0.000103581,0.00018784,0.000150567,0.000109081,0.0001532,0.000253786,0.00235595,0.00631163,0.00351608
0.000584104,0.00055858,0.00024058,0.000122266,0.000209661,0.000228963,0.000161284,0.000606241,0.00205617,0.00418772,0.00860594,0.0039678
0.000631452,0.000254164,0.000229011,0.000176294,0.000248606,0.000171404,0.000132999,0.000187328,0.00165324,0.0083232,0.0145956,0.00732877
0.000419171,0.00022453,0.00018762,0.000164923,0.000190619,0.000131924,0.000160213,0.0002111,0.00173934,0.00794583,0.0104973,0.00473177
0.00034111,0.00019086,0.000176278,0.000128165,0.00016988,0.000134826,0.000129809,0.000164895,0.00176939,0.00871581,0.0114745,0.00464458
0.00040135,0.000175496,0.000128412,0.000125971,0.000196522,0.000112215,0.000102376,0.000174302,0.0020315,0.00753093,0.00795641,0.00360099
0.000366095,0.000217916,0.000128703,0.000100421,0.000113485,0.000133136,0.000195898,0.000212208,0.0023745,0.00620758,0.00624584,0.0031108
0.000431861,0.000485783,0.0003994,0.000154082,0.000246353,0.000391872,0.0035288,0.00723755,0.00557873,0.0070291,0.00725995,0.00321521
0.000322495,0.000220975,0.000183946,0.000172093,0.000227806,0.000290141,0.00319565,0.00992608,0.00704196,0.00416558,0.00407882,0.00185112
0.000157759,0.00016758,0.000208048,0.000108497,9.00004e-05,0.000209124,0.00487003,0.0146433,0.0093013,0.00429615,0.00215561,0.000849707
0.0001654,0.000143108,0.000132354,0.000125277,0.000133439,0.000113021,0.00485611,0.0156006,0.0100225,0.00254988,0.00203287,0.000971753
0.00016578,0.000164177,0.000139452,9.72309e-05,8.1351e-05,0.000100049,0.00470555,0.0149949,0.00894966,0.00320988,0.00263424,0.000832943
0.00017668,6.83986e-05,0.000105341,0.000123742,0.000118188,0.000192465,0.00572074,0.0178896,0.0103365,0.00146232,0.00112994,0.00070535
0.000129311,5.51334e-05,6.19946e-05,8.87764e-05,0.000134642,0.000286665,0.00628553,0.0198446,0.0125478,0.00330538,0.00193702,0.000691459
0.000184446,0.000125295,0.000109347,0.000101969,0.00010214,0.000142823,0.00753414,0.0224242,0.0125586,0.000891309,0.00097022,0.000595434
0.00242448,0.00184009,0.00105087,0.000618844,0.000322423,0.00179986,0.00420443,0.0058013,0.00416104,0.00293644,0.00272598,0.00325182
0.00065802,0.000606953,0.000434095,0.000421259,0.000267993,0.00281276,0.0102788,0.00710122,0.00165167,0.00137278,0.0017065,0.00110226
0.000422197,0.000328813,0.000416949,0.000353004,0.000263171,0.00225125,0.00836929,0.00706936,0.00197942,0.00230281,0.00194692,0.000797951
0.000204508,0.000406585,0.000491931,0.000304785,0.000149071,0.00188169,0.00877561,0.00855687,0.00280284,0.000983954,0.00103557,0.000491738
0.000360237,0.000692052,0.00120417,0.000850527,0.000533811,0.00194146,0.00938962,0.00770641,0.00144004,0.00219166,0.00132189,0.000434769
0.000587,0.000985462,0.00161651,0.00109558,0.000505354,0.00295164,0.0125815,0.00851815,0.0016802,0.00295561,0.00191507,0.000728194
0.000340602,0.000597781,0.00123024,0.000815324,0.000419615,0.00457532,0.0196372,0.0148399,0.00313718,0.00369021,0.00196055,0.000536891
0.000232654,0.000336928,0.000926786,0.000709365,0.000273292,0.00510936,0.0219511,0.0168433,0.00333027,0.00226346,0.0015253,0.000535302
0.000305548,0.00036674,0.000785853,0.000777019,0.000317869,0.00483082,0.0225016,0.0176733,0.00309242,0.00200711,0.00107063,0.000300279
0.00022553,0.0002824,0.000679147,0.000556446,0.000338785,0.00531918,0.0250046,0.0203796,0.00371021,0.00165225,0.00104427,0.000266892
0.000156365,0.000348722,0.000733075,0.000620706,0.000267806,0.00600534,0.0270821,0.0204476,0.00329664,0.00151414,0.00106649,0.000324902
0.000244793,0.000427616,0.000653076,0.000472029,0.00024685,0.00638953,0.0293514,0.0228081,0.00333504,0.000649516,0.000442064,0.000340698
0.000225034,0.000260896,0.00026645,0.00028744,0.000264614,0.00641968,0.0295583,0.0218336,0.00288948,0.00114204,0.000683331,0.000207737
0.000414386,0.000395711,0.000843079,0.000552297,0.000241614,0.00707991,0.0293748,0.0217378,0.00321238,0.000757442,0.0004416,0.000278199
0.000206532,0.000277551,0.000511514,0.000454886,0.000211357,0.00529752,0.0222463,0.0159808,0.00187057,0.000824947,0.000439314,0.00016345
0.000243105,0.000469456,0.000684911,0.000419492,0.000200447,0.00309775,0.0149236,0.0150975,0.00351819,0.000504184,0.000232882,0.000129893
0.000176989,0.000488832,0.000835509,0.000605823,0.000151783,0.00251377,0.0118304,0.0125059,0.00502675,0.00102528,0.000398414,0.000221283
0.000327144,0.000767402,0.0015812,0.000888463,0.000522472,0.00276632,0.0112384,0.00797859,0.00203522,0.0025381,0.00169855,0.000411236
0.000198299,0.00121592,0.000974907,0.000352383,0.000214389,0.00386252,0.0152566,0.0114998,0.00234254,0.00226889,0.00162291,0.000504719
0.000306136,0.0015343,0.0040458,0.00231544,0.00111094,0.000622911,0.00560263,0.0109722,0.00589527,0.001779,0.00101564,0.000341948
0.00028036,0.000760314,0.00203553,0.00183613,0.00137575,0.0018098,0.010618,0.0155165,0.00643108,0.00482776,0.00334846,0.000597005
0.000302719,0.00213082,0.00384585,0.00196109,0.000650809,0.00565499,0.0193853,0.0137054,0.00291681,0.00465427,0.00267318,0.0002651
0.000212271,0.00191543,0.00346333,0.0016393,0.000498437,0.00153704,0.00795216,0.0137715,0.00609841,0.00330646,0.00211379,0.000360546
0.000214858,0.000671059,0.000720213,0.000412342,0.000624285,0.000957117,0.00795542,0.0123255,0.00538839,0.00304113,0.0016504,0.000150582
0.000399186,0.000550483,0.000649901,0.00043649,0.000446762,0.00322734,0.0119367,0.00929004,0.00283534,0.00158215,0.000876525,0.000283068
0.000155758,0.000391522,0.000974696,0.000799626,0.000589822,0.00153241,0.00562467,0.00373096,0.00141099,0.00136619,0.000667527,0.000196279
0.000177384,0.000589297,0.00124305,0.000821943,0.000804775,0.001693,0.00510831,0.00410148,0.00156483,0.00100133,0.000738065,0.000296892
0.000143657,0.00057275,0.000948247,0.00248032,0.00551246,0.00330007,0.00699722,0.00509674,0.00177911,0.000991437,0.00101149,0.00125525
0.000153481,0.000635486,0.00115365,0.00317492,0.00821646,0.00432347,0.00538063,0.0057045,0.00187577,0.000858257,0.00113698,0.00196965
0.000183025,0.000551537,0.000706215,0.0027852,0.00724405,0.00408097,0.00153492,0.00146236,0.000605773,0.00114015,0.00126672,0.00207323
0.000242702,0.000888173,0.00127487,0.00229862,0.005999,0.00322001,0.00171953,0.00183473,0.000632965,0.000800092,0.00108459,0.00192937
0.000322849,0.00125627,0.00151145,0.00197351,0.00515032,0.00312352,0.00139536,0.00243319,0.00110715,0.000678207,0.00113761,0.00250956
0.000460532,0.00128725,0.00153198,0.00198146,0.00420859,0.00232952,0.000405079,0.000986952,0.000759751,0.000924655,0.00143267,0.0030383
0.000409737,0.00137404,0.00189921,0.00155992,0.00254225,0.00178241,0.00167085,0.00206701,0.00134477,0.000948089,0.000660539,0.00144746
0.000308053,0.00151937,0.00321169,0.00179227,0.00169644,0.000848401,0.00110426,0.000965593,0.00108116,0.00159868,0.000928574,0.00100872
0.000190579,0.00164415,0.00352896,0.00153203,0.00143908,0.000726084,0.00185686,0.00186296,0.000779547,0.00165474,0.00130841,0.000688805
0.000361052,0.00128692,0.00251699,0.00123065,0.00106559,0.00112302,0.00196441,0.00149987,0.000984291,0.0030417,0.00215454,0.000445331
0.000216747,0.00162082,0.00404026,0.00225886,0.00121933,0.000762494,0.000652336,0.000811606,0.00129104,0.0028771,0.00153551,0.000215536
0.00014919,0.00146259,0.00431049,0.00258663,0.00102236,0.000557285,0.0003389,0.000409619,0.0013776,0.00420867,0.0025847,0.000371562
0.000440767,0.00178905,0.00399208,0.001771,0.000719551,0.000535191,0.000775199,0.000830584,0.00178137,0.00459823,0.00248707,0.000368349
0.000188588,0.00156786,0.00398477,0.00231034,0.000754579,0.000393597,0.0006065,0.000806852,0.00193373,0.00499072,0.0028588,0.000294286
0.000344446,0.0018747,0.00527381,0.00337765,0.000655108,0.000463335,0.00051571,0.000307111,0.00172649,0.00478209,0.00286685,0.000318849
0.000309233,0.00310399,0.00783155,0.00409036,0.000471165,0.000327166,0.000410475,0.000510131,0.00122242,0.00342089,0.00196692,0.000218279
0.000226096,0.00301354,0.00703991,0.00354425,0.000415433,0.000222523,0.000186761,0.000332388,0.0017751,0.00467555,0.00262177,0.000548346
0.000276036,0.00228905,0.0058131,0.00328239,0.000416475,0.000198128,0.00033818,0.000444324,0.0013445,0.00370496,0.00224438,0.000312349
0.000232538,0.00222494,0.00652124,0.00398482,0.000450591,0.000104939,0.000250259,0.000310012,0.00161233,0.00503423,0.00311192,0.000247105
0.000181344,0.00259335,0.00746122,0.00425769,0.000189886,0.000159091,0.0002109,0.000316341,0.000869088,0.00186672,0.00102186,0.000297755
0.000114481,0.00198488,0.00560919,0.00318574,0.000442237,0.000269972,0.000280247,0.000268522,0.000853329,0.00268504,0.00168189,0.000182872
0.00016394,0.00170023,0.004853,0.00301537,0.000583179,0.000232079,0.000212743,0.000151821,0.00110898,0.00319586,0.00191381,0.000280861
0.000244713,0.00144637,0.0040834,0.00250426,0.000412857,0.000242014,0.000215093,0.000205618,0.000745705,0.0021341,0.00134935,0.000335841
0.000132126,0.000800677,0.00233774,0.00155306,0.000275693,0.000179929,0.000121447,0.000141922,0.000117631,0.000526448,0.000412531,0.000131123
0.000101266,0.000933477,0.0023756,0.00133893,0.000279131,0.000183802,0.000247187,0.000233542,0.000292969,0.00068061,0.000372044,7.40305e-05
0.000144566,0.000458721,0.00132671,0.000764833,0.000234987,0.000134814,0.00016914,0.000146842,0.000261746,0.000623401,0.000395153,7.54147e-05
0.00014805,0.000749939,0.00165665,0.000857623,0.000235432,0.000124084,0.000131675,0.000135272,0.000298991,0.000770421,0.000476608,0.000109868
8.69901e-05,0.000800778,0.00207212,0.00125499,0.000272647,0.000111214,0.000115788,0.000113282,0.000260594,0.000715558,0.000468665,0.000129891
0.000121309,0.000817006,0.0022714,0.00140904,0.000214807,0.000126228,0.000160251,0.000137906,0.000315864,0.000787172,0.000505537,0.000163595
0.000127483,0.000767586,0.00227699,0.0013429,0.000196659,0.000112415,0.000151087,0.000154606,0.000273855,0.000581793,0.000349539,0.000169518
0.000183698,0.000519031,0.00154697,0.0010155,0.000162201,9.11142e-05,0.000168752,0.00016869,0.00023499,0.000436606,0.000275427,0.00010769
0.000221541,0.000562167,0.00115813,0.000616634,0.000112361,0.000122856,5.77796e-05,5.85121e-05,0.000180779,0.000366373,0.000189577,9.80552e-05
0.000107655,0.000385742,0.000900782,0.000548819,0.000145092,0.000133385,9.55708e-05,0.000110229,0.000175749,0.000256603,0.000140575,6.40751e-05
0.000109659,0.000313475,0.000917882,0.000615764,0.0001837,0.000156759,0.000103165,8.25076e-05,0.000126112,0.000261732,0.000175955,9.88421e-05
7.93268e-05,0.000498222,0.00134541,0.000810667,0.000199791,0.000110078,0.000108106,8.16843e-05,0.000122813,0.000279182,0.000161699,8.22639e-05
8.15186e-05,0.000522146,0.0014754,0.00083352,0.000146391,0.000109536,7.06394e-05,7.51862e-05,0.000128571,0.000312469,0.000221637,9.35742e-05
0.000101722,0.000560341,0.0016846,0.00106464,0.000183204,0.000118938,0.000105026,9.26489e-05,0.000271356,0.000549895,0.000315092,9.24718e-05
0.000111034,0.000715632,0.00204495,0.00123136,0.000251232,9.8201e-05,6.58616e-05,0.000118517,0.000196836,0.000379514,0.000281023,0.000162936
0.000152601,0.000737731,0.00211162,0.00131461,0.000221126,0.000105413,9.06459e-05,0.000153019,0.000152583,0.000268377,0.000225022,0.000145205
0.000109452,0.000921674,0.00257238,0.00148578,0.00015751,0.000141533,0.000102058,0.000133601,0.000194261,0.000377194,0.000269652,0.000133112
0.0001111,0.00085255,0.00223273,0.00132039,0.000219326,8.79095e-05,0.000111208,7.16863e-05,0.00015174,0.0002483,0.000129985,0.000111971
0.00012699,0.000539383,0.00135632,0.000885663,0.000218961,0.00012996,9.69652e-05,0.000100122,0.000130181,0.000226427,0.000238116,0.000133587
0.000113338,0.000286212,0.000750068,0.000471908,0.0001452,0.000130822,9.43119e-05,8.867e-05,9.00175e-05,0.000374309,0.000692451,0.000350717
7.6348e-05,0.000286893,0.000759164,0.000491573,0.000102044,0.000106947,0.000127538,0.000116252,0.000113002,0.000657459,0.00121205,0.000578325
0.000141932,0.000257348,0.000547268,0.000340065,0.000112963,0.000158,0.000343296,0.000434843,0.000215512,0.000488447,0.000767248,0.000400443
0.000129441,0.000193382,0.000385587,0.000234378,0.000110936,8.92514e-05,0.000125996,0.000274437,0.000222263,0.000607001,0.00118351,0.000474058
0.000149209,0.000296974,0.000533197,0.000303649,5.33545e-05,0.000109227,0.000205137,0.000543174,0.000266181,0.000815357,0.0016859,0.000836505
0.000230634,0.000239238,0.000639653,0.000405722,9.77457e-05,0.000140498,0.000259511,0.000426422,0.000228962,0.000871989,0.00184902,0.000969723
0.000135549,0.000369571,0.000831626,0.000473028,0.000102356,9.35495e-05,0.000230824,0.000429223,0.000213276,0.000846971,0.00169256,0.000838891
9.4861e-05,0.000257896,0.000586478,0.000377676,7.89008e-05,7.22743e-05,0.000381757,0.000895272,0.000466402,0.000813747,0.00164895,0.000660509
0.000109605,0.000195546,0.000358664,0.000181741,7.67796e-05,0.000102519,0.000424058,0.000785029,0.000398539,0.000847793,0.0017557,0.000843262
0.000119133,0.000126716,0.00020068,0.000114293,8.81359e-05,9.49425e-05,0.000312011,0.000550806,0.000252098,0.000840219,0.00183813,0.000911287
0.0001612,8.99105e-05,0.000228154,0.000162821,9.34626e-05,0.000121911,0.000217789,0.000249658,0.000153542,0.000795491,0.00178316,0.000876381
0.00017784,0.000197124,0.000325449,0.000200373,7.96028e-05,0.000107716,0.000244888,0.000379406,0.000180398,0.000957508,0.00211637,0.00105738
0.000103758,0.000175128,0.000355051,0.000228098,5.64012e-05,7.56727e-05,0.00019424,0.000362353,0.000199712,0.000839869,0.00171632,0.000787834
0.000137337,0.000143058,0.000274493,0.000203161,0.000111947,0.000141056,0.000210107,0.00028901,0.000137349,0.000878309,0.00189116,0.000881474
0.000149868,0.000142159,0.000216487,0.000158851,0.000113443,8.34668e-05,0.000152798,0.000321293,0.000223899,0.000885547,0.00183459,0.000881586
0.000139073,0.000208761,0.000278221,0.000150449,9.27953e-05,9.51093e-05,0.000178028,0.000240053,0.000137088,0.000819523,0.00166169,0.000752661
0.000194581,0.000306626,0.000373748,0.000243251,6.00433e-05,7.89324e-05,0.000214716,0.000373738,0.00028289,0.000951538,0.00203862,0.00102327
0.000169023,0.000256293,0.000500254,0.00027832,8.38401e-05,8.28112e-05,0.000310602,0.000620694,0.000354072,0.000672473,0.00147765,0.000619572
0.000241025,0.000269928,0.000447712,0.000293401,9.23629e-05,0.00010196,0.000391948,0.000792491,0.000362512,0.000703656,0.00174109,0.000889901
0.000270948,0.000206625,0.000484102,0.00029138,0.00011323,0.00012867,0.000235904,0.000433032,0.00028086,0.000764322,0.00164396,0.00090759
0.000171614,0.000179425,0.000366233,0.000179619,0.000137584,0.00019188,0.000424379,0.00104197,0.000628557,0.000604563,0.00144357,0.000549514
0.000125856,0.00023357,0.000407377,0.000229035,9.38995e-05,0.000138795,0.000323108,0.000561594,0.000279088,0.000805298,0.00192944,0.000992106
0.000106767,0.000153802,0.000294984,0.000157485,8.0198e-05,0.000128847,0.000208119,0.000343175,0.000271206,0.000707002,0.00157416,0.000765184
0.000171128,0.000130855,0.00021731,0.000124176,9.75336e-05,0.000130266,0.000292137,0.000614228,0.00037044,0.000874929,0.00203487,0.00104062
0.000128211,0.000146458,0.000267858,0.00016733,5.64655e-05,0.000109797,0.000369711,0.000691822,0.000365667,0.00100082,0.00221023,0.001085
0.000123673,7.57791e-05,0.000128793,0.000123718,6.79171e-05,4.46578e-05,0.000209756,0.000344092,0.000173211,0.0010012,0.00222103,0.00105168
0.000124382,9.05908e-05,0.000154425,0.000125532,6.08122e-05,7.91366e-05,0.000177554,0.000355604,0.00018647,0.001266,0.00295492,0.00152121
9.35262e-05,8.71308e-05,0.000138493,0.000157786,0.000117519,9.90745e-05,0.000181721,0.000279779,0.000172241,0.001134,0.00252652,0.00124533
0.000113872,8.86055e-05,0.000158111,0.000138803,9.52798e-05,0.000114288,0.000115269,0.000225207,0.000168115,0.00129244,0.0029186,0.00140661
0.000166606,0.000109786,0.000139921,0.00010074,8.7586e-05,6.19199e-05,0.000169589,0.000264631,0.000189162,0.0011015,0.00243128,0.00122938
0.000233605,0.000200612,0.000252816,0.000115155,8.89581e-05,7.80479e-05,0.000238575,0.000379752,0.000153687,0.00122847,0.00286106,0.00150611
0.000175593,0.000170223,0.000194667,0.000153113,0.000122651,0.000158418,0.000505272,0.000913244,0.00043574,0.00123871,0.00288781,0.00145115
0.000190459,0.0002185,0.000355756,0.000260693,8.98657e-05,0.000103905,0.000425017,0.000490346,0.000385897,0.00125014,0.00274434,0.00122796
0.000244176,0.000351467,0.000350734,0.000197545,0.000136311,0.000121399,0.000446733,0.000756819,0.000357036,0.00120855,0.00271868,0.00132302
0.000440429,0.000334459,0.000465027,0.000375543,0.000182062,0.000219297,0.000427551,0.000757793,0.000427777,0.00135308,0.00298791,0.0016198
0.000453894,0.000448474,0.000542284,0.000389051,0.000176193,0.000160318,0.000463987,0.000692049,0.000288098,0.00125076,0.00285676,0.00173739
0.000828763,0.00064677,0.000746404,0.000575074,0.000283821,0.000292273,0.000532631,0.000914957,0.000387226,0.00105944,0.00256942,0.00156314
0.00109958,0.000600561,0.000442441,0.000458046,0.000306706,0.000327103,0.000441341,0.000939657,0.000446957,0.00104322,0.00222923,0.0012781
0.00101065,0.00068742,0.000576811,0.000539666,0.000182512,0.000178597,0.000303662,0.000734738,0.000487496,0.000873329,0.00172474,0.000719808
0.000840301,0.000525035,0.000657561,0.000464458,0.000191713,0.000217601,0.000354205,0.00050118,0.000319321,0.000611548,0.00113186,0.000467738
0.000468819,0.000232506,0.000596301,0.000469275,0.000157255,0.000122985,0.000293246,0.0003979,0.000171355,0.000520056,0.00106769,0.000533649
0.000349053,0.000334511,0.000575991,0.000376576,0.000192488,0.000174985,0.0002832,0.000520267,0.000274704,0.000522181,0.00115096,0.000631604
0.000323978,0.000335634,0.000531562,0.0003388,0.000138619,0.000152749,0.00023871,0.000438582,0.000289366,0.000610991,0.00122224,0.000593807
0.000273054,0.000315748,0.000411131,0.000223535,0.000143821,9.60963e-05,0.000198003,0.00037935,0.000264601,0.000469944,0.00101792,0.000549002
0.000174064,0.000233744,0.000306448,0.000153186,7.81679e-05,9.29786e-05,0.000200533,0.000277995,0.000195383,0.000541419,0.00109711,0.000514851
0.000147805,0.00017007,0.000271977,0.000187317,8.39271e-05,0.000145433,0.000132614,0.000128746,9.20925e-05,0.000533668,0.00116398,0.000553324
0.000195868,0.000151709,0.000247442,0.000183424,0.000103531,8.36488e-05,0.000148296,0.000251316,0.000176811,0.000489162,0.00105628,0.000532221
0.000173437,0.000245769,0.00035064,0.000249397,0.000113571,5.24307e-05,0.000155437,0.000239625,0.000187168,0.000679658,0.00142674,0.000724085
0.000183727,0.000137339,0.000177556,0.000157852,0.000104289,0.000105088,9.25878e-05,0.00016951,0.000133116,0.000627154,0.00139665,0.00072324
0.000154419,0.00015428,0.000211786,0.000170086,0.000116159,9.47978e-05,0.000127337,0.000153769,9.11673e-05,0.000273307,0.000678169,0.000422894
7.98009e-05,8.96401e-05,0.000144024,0.000160909,0.000153861,0.000153798,0.000348577,0.00109146,0.000760678,0.000460795,0.000797791,0.000422852
8.31912e-05,9.10745e-05,0.000139285,0.000104465,0.000103669,0.000113089,0.000468638,0.00127912,0.000863308,0.00033832,0.000552079,0.000261496
8.27639e-05,9.25156e-05,0.000120663,0.00010688,0.000139065,8.8647e-05,0.000410252,0.00135525,0.000876774,0.000176948,0.00029626,0.000205846
4.41997e-05,7.85828e-05,0.000137379,0.000116507,0.000165978,0.000130764,0.000604217,0.00198573,0.00127854,0.000207534,0.000194159,0.000112388
9.28148e-05,0.000117274,0.000166683,0.000167031,0.000163567,0.000111769,0.000657252,0.00224164,0.001474,0.000217569,0.000235525,0.000148113
9.09173e-05,0.000177103,0.000150057,0.000150288,0.000207176,0.000135815,0.000820577,0.00265933,0.00164872,0.000153403,0.000176306,0.00013075
0.000122749,0.000102773,0.000127045,7.63151e-05,0.000101187,0.00014228,0.000884172,0.0030666,0.00194999,0.000300953,0.000240688,0.000152741
7.35885e-05,0.00012113,0.000142323,0.000144201,0.000163205,0.000112868,0.000949537,0.00316801,0.00202295,0.000274016,0.000225546,0.000138929
6.75932e-05,8.67198e-05,0.00013933,0.000132455,0.00018905,0.000173018,0.000995583,0.00329001,0.00207939,0.00026722,0.000199861,0.000163054
0.000108292,0.000117727,0.000146291,0.000141652,0.000154684,0.000123474,0.00109443,0.00345545,0.00214544,0.000233397,9.15024e-05,9.60178e-05
8.83275e-05,4.2475e-05,9.4725e-05,0.00012718,0.000137537,0.000100754,0.0010058,0.00333782,0.00212716,0.000251326,0.00011564,9.96334e-05
9.11694e-05,0.00011271,9.28825e-05,9.81625e-05,9.86558e-05,0.000101832,0.000870907,0.00284542,0.0018088,0.000207939,6.84685e-05,4.93173e-05
8.98654e-05,9.01101e-05,9.60979e-05,7.99145e-05,0.000130699,0.00012727,0.000760308,0.00253749,0.00162825,0.000221596,8.37249e-05,6.8467e-05
7.25987e-05,8.64724e-05,0.000120165,0.000125846,9.95141e-05,8.67805e-05,0.000764079,0.00253705,0.00161903,0.000208033,9.86613e-05,0.000100384
9.87672e-05,7.81998e-05,0.00011086,8.41847e-05,0.000121795,0.000131921,0.00073855,0.00225261,0.00141191,0.000154049,9.89812e-05,0.000102938
0.000125006,6.04295e-05,0.000102602,0.000116881,0.000111057,0.000143211,0.000666016,0.00208367,0.00134988,0.000207612,0.000159856,0.000152044
0.000228358,0.000201496,0.000145605,9.55696e-05,0.000177617,0.000132808,0.00059782,0.00182654,0.00116086,0.000275047,0.00025499,0.000200991
0.000198374,0.000206317,0.000177195,0.000234011,0.000167366,0.000164808,0.000708361,0.00184417,0.00117371,0.000243804,0.000379144,0.000338044
0.000556025,0.000332167,0.000428315,0.000757793,0.000476401,0.000146294,0.000393892,0.00127282,0.000941385,0.000270347,0.000408786,0.000562567
0.000999138,0.000768618,0.000430082,0.000730578,0.000543725,0.000184485,0.000433674,0.00103877,0.000638808,0.000282562,0.000323182,0.000325189
0.00116778,0.000880527,0.000304289,0.000541355,0.000389281,0.000153111,0.0002722,0.00160774,0.00241717,0.00109665,0.000356375,0.000459439
0.00105896,0.000692387,0.000343949,0.000616273,0.000322279,0.000105391,0.000255514,0.000958579,0.00208313,0.00108452,0.000263721,0.000389466
0.000715802,0.000389823,0.000325685,0.000413947,0.000257923,0.000126136,0.000199321,0.00108543,0.00242639,0.00125879,0.000224338,0.000394499
0.000415931,0.000285932,0.000272564,0.000462453,0.00029092,0.000104795,0.000116323,0.00119167,0.00257604,0.00135033,0.000148217,0.000199648
0.000370994,0.000297864,0.000253504,0.000521756,0.000342794,0.000114427,0.000127081,0.00110676,0.00252239,0.00127389,0.00020306,0.000287392
0.000342004,0.00038004,0.00037596,0.000437652,0.000279874,0.000143629,0.000124312,0.00132631,0.00296209,0.00156751,0.000200932,0.000228586
0.000487372,0.000306764,0.000171852,0.000216042,0.000248566,0.000161916,0.000173082,0.000999747,0.00255651,0.0013613,0.000186415,0.00032942
0.000259099,0.000124975,0.000156229,0.00019969,0.000166005,9.6047e-05,0.000155585,0.000882839,0.00247071,0.00139833,0.000213208,0.00023151
0.000256023,0.000187921,0.000144497,0.000153784,0.000132627,6.44023e-05,0.00011174,0.00108423,0.00263764,0.00141383,0.000162118,0.000133336
0.000177603,0.000111827,0.000135747,0.000214398,0.000181365,7.08912e-05,0.000114766,0.00105812,0.00256494,0.00135274,0.00014517,0.000104811
0.000241051,0.000184506,0.000224334,0.00018175,0.000177403,7.73086e-05,9.99071e-05,0.00109855,0.00299706,0.00163026,0.000219316,0.000259177
0.00027206,0.000256406,0.000257475,0.000324999,0.000230217,0.000109884,0.000107735,0.00106334,0.00277977,0.00146259,0.000401492,0.000508878
0.000681637,0.000399664,0.000133371,0.000573628,0.000321179,9.88542e-05,0.000130234,0.00122889,0.00329378,0.00183346,0.000409016,0.00055995
0.000859994,0.000630666,0.000512891,0.00105152,0.000585055,0.000101741,0.000101087,0.00153858,0.00389904,0.00214553,0.000410953,0.00054042
0.00142712,0.000811355,0.000575682,0.00123831,0.000704583,0.00011097,0.000131336,0.00161862,0.00399531,0.00216511,0.000352479,0.000770946
0.00063966,0.000588391,0.000325749,0.000597909,0.000474849,0.000138745,0.000149135,0.00185189,0.00459902,0.00244837,0.000476733,0.000604795
0.00237136,0.00157549,0.000314397,0.000300403,0.000219724,6.37562e-05,0.00018905,0.00194276,0.00458615,0.00235566,0.000243079,0.00109974
0.000730941,0.000351961,0.000372867,0.00064368,0.00033837,8.947e-05,0.000100649,0.00195642,0.00532398,0.00291062,0.000303876,0.000702632
0.00106908,0.00062755,0.000362574,0.000541493,0.000284338,0.000100942,9.42909e-05,0.00215172,0.00576292,0.00313018,0.000300129,0.00050247
0.0011841,0.000443058,0.000268522,0.000455037,0.000312921,0.000117443,9.29815e-05,0.00214545,0.00610702,0.00346443,0.000372037,0.000810284
0.000468659,0.000297853,0.000200883,0.000315051,0.000227211,8.21001e-05,0.000127682,0.00245227,0.00660053,0.00362761,0.000210136,0.00027917
0.00025412,9.68814e-05,0.0001184,0.000241971,0.00018457,0.000113965,9.96839e-05,0.00254714,0.00690043,0.00377762,0.000270815,0.000191484
9.63682e-05,0.000143152,0.000146976,0.000260365,0.000139755,9.33685e-05,6.95522e-05,0.00256845,0.00694821,0.00374262,0.000336272,0.000109005
0.00033042,0.000187298,0.000142444,0.000142637,9.53134e-05,9.95526e-05,7.86115e-05,0.00248114,0.00704075,0.00393599,0.000357619,0.000278856
0.000365405,0.000186296,0.000186595,0.000227067,0.000103626,0.000107012,8.73836e-05,0.00253764,0.0068708,0.00370679,0.000308622,0.000211339
0.000373906,0.000183997,0.00017884,0.000268012,0.000168874,0.000105632,9.59508e-05,0.00239093,0.00639952,0.003401,0.000256264,0.000200668
0.000827573,0.000361523,0.000128921,0.000213559,0.000177965,0.00011771,0.00014831,0.00244569,0.00668315,0.00360665,0.000233224,0.000528639
0.00182663,0.00111719,0.000504793,0.000654861,0.000387419,0.00015659,0.000245887,0.00246769,0.00631012,0.00338821,0.000385695,0.000920979
0.00183113,0.00101641,0.000385794,0.000563274,0.00022631,0.00011465,0.000124797,0.0021566,0.00591173,0.0032136,0.000442498,0.000649656
0.00180898,0.000704234,0.000324835,0.000454346,0.000328696,0.000156608,0.000212803,0.00213802,0.00619469,0.0035661,0.000707033,0.00136592
0.0010043,0.000543317,0.000295662,0.000613588,0.00053476,0.00014749,0.000131403,0.002237,0.00537021,0.0028565,0.000346939,0.000723155
0.00190225,0.00122482,0.000458863,0.00117024,0.00066784,0.000126784,0.000152315,0.00191287,0.00542918,0.00312833,0.000395271,0.000667949
0.00248502,0.00154514,0.000479974,0.00118752,0.000743032,0.000157875,0.000178367,0.00173825,0.00461719,0.00253269,0.000467468,0.000887818
0.00201619,0.00133181,0.000415763,0.00127633,0.00079453,9.88449e-05,0.000160742,0.00146303,0.00403679,0.00221268,0.000491223,0.00112986
0.0026257,0.00145076,0.000287343,0.00058453,0.000353176,7.0647e-05,0.000146215,0.00194387,0.00473927,0.00251453,0.00029926,0.00144891
0.00246948,0.00128394,0.000483332,0.000798917,0.000464147,0.000129001,0.000106298,0.00150048,0.00374014,0.00207646,0.000379218,0.00127285
0.00127761,0.000689132,0.000286507,0.000745387,0.000495708,0.000117457,8.30789e-05,0.00143626,0.00394238,0.00219487,0.000253434,0.000702359
0.000914778,0.000485251,0.000305313,0.000615656,0.000353169,0.000101159,9.73765e-05,0.0013838,0.0037076,0.00212102,0.000443126,0.000700775
0.00105539,0.0005199,0.000233095,0.000408721,0.000289229,0.000118795,0.00010191,0.00133688,0.00364051,0.00203084,0.000309793,0.000636166
0.000492853,0.000420987,0.000260431,0.000391938,0.000253029,7.4549e-05,6.80661e-05,0.00152505,0.00424913,0.00239708,0.000294706,0.000347791
0.00082453,0.000497223,0.000242486,0.000239803,0.000163424,7.52014e-05,0.000101436,0.00161151,0.00440612,0.00247068,0.000222018,0.000390512
0.000520008,0.000322797,0.000153854,0.000311929,0.000164692,6.79104e-05,9.61244e-05,0.00174109,0.00489627,0.00270367,0.000216081,0.000202894
0.000450004,0.000158617,0.000189066,0.000310153,0.000233218,0.000129477,7.99433e-05,0.00222303,0.00599942,0.00326154,0.000254593,0.000286507
0.000380531,0.000203637,0.000239765,0.000227482,0.00015757,8.77495e-05,5.52893e-05,0.00268616,0.00726905,0.00390868,0.000238919,0.00028573
0.000465713,0.000343991,0.000210498,0.000109711,0.000154616,0.000133939,0.000118827,0.00228692,0.00596078,0.00321069,0.000182976,0.000310171
0.000354279,0.000230269,0.000286084,0.000242973,0.000113716,0.000119212,0.000367673,0.00120453,0.00229922,0.00127683,0.000175267,0.000216571
0.000196475,0.000173171,0.000203228,0.000211401,9.50932e-05,0.000122585,0.000451228,0.00099343,0.00110354,0.000874206,0.000149501,0.000124485
0.000218676,0.000211529,0.000230215,0.000110416,6.01815e-05,6.61446e-05,0.000389074,0.0013492,0.000914385,0.000251473,8.89195e-05,0.000113674
0.000315989,0.000228251,0.000230356,0.000176509,0.000104805,9.44822e-05,0.000606166,0.00226629,0.0015756,0.00029791,0.000177754,0.000223208
0.000321479,0.000192477,0.000279045,0.000153908,0.000102356,8.4403e-05,0.000663513,0.00222078,0.00124042,0.000420964,0.000133515,0.000181172
0.000182969,0.000130499,0.000256991,0.00013869,0.000124345,0.000183723,0.000830002,0.00335377,0.00311396,0.000904754,0.000156649,0.000139145
0.000268056,0.000294364,0.000321689,0.000230993,0.000126028,0.000132231,0.00111105,0.00354118,0.00262441,0.000822406,0.000177209,0.000175534
0.00017589,0.000225765,0.000232626,0.000177799,0.0001368,0.000153278,0.00104839,0.00350288,0.00208913,0.000457336,0.000135,9.92167e-05
0.000106637,0.000104223,0.000130309,0.000112111,0.00013403,0.000177513,0.00129488,0.00390933,0.00226051,0.00037473,7.45254e-05,0.000116583
0.000125306,0.000204392,0.000279612,0.000160184,0.000101905,0.000116108,0.00119211,0.0037685,0.00241925,0.000393234,0.000116467,9.46608e-05
0.000195155,0.000126123,0.000193986,0.000126454,0.000118689,0.000134853,0.0012039,0.00407062,0.00274602,0.00045921,0.000147123,0.000160317
7.91323e-05,0.000120434,0.000214411,0.000175452,0.000132933,7.45383e-05,0.00127659,0.00452099,0.00318146,0.000542936,0.000105428,0.000112086
9.63158e-05,6.50705e-05,0.000129171,0.000124271,0.000107644,9.57699e-05,0.00159303,0.00527807,0.00312298,0.000288879,0.000107807,6.45696e-05
0.000125236,0.00011106,0.000105291,9.4879e-05,0.000111773,0.000108891,0.00169601,0.00575139,0.00362927,0.000369917,9.84943e-05,8.73967e-05
9.23949e-05,0.000112002,0.000199712,0.000146418,0.0001346,8.90974e-05,0.00164833,0.00555309,0.00347048,0.000359004,6.8078e-05,9.6574e-05
0.000175798,0.000163056,0.000146919,7.85617e-05,9.16897e-05,8.49751e-05,0.00165835,0.00507431,0.00293265,0.000227921,9.95205e-05,0.000131133
0.000158796,8.2404e-05,9.54256e-05,7.20358e-05,0.000116403,0.000145262,0.00124921,0.0029153,0.00128505,0.00018844,0.000130744,0.000179429
0.000479068,0.000572879,0.000980171,0.000504336,0.000147867,0.000144036,0.00212637,0.00559418,0.00296912,0.000159777,0.000246565,0.000269911
0.000740054,0.000733828,0.00202551,0.0012689,0.000178261,0.000129874,0.0020076,0.00589063,0.00334147,0.00075476,0.000598139,0.000393823
0.00182321,0.00120772,0.00168897,0.0011741,0.000214961,0.000124346,0.00201918,0.00524047,0.00280301,0.000922797,0.000666625,0.000851189
0.00113375,0.00104899,0.00169221,0.00111268,0.00025376,0.000287173,0.00163995,0.00296803,0.00140429,0.000446156,0.000395581,0.000399649
0.000588446,0.000908388,0.00143778,0.000788341,0.000118544,0.000300989,0.00182282,0.00296893,0.00136087,0.000480245,0.000298177,0.000330983
0.000611155,0.00063132,0.000541721,0.000400682,0.00020818,0.000365357,0.00139872,0.00192419,0.000888802,0.000249709,0.000201891,0.000188104
0.000589307,0.000419555,0.00112025,0.000686177,0.000161901,0.000328729,0.00187983,0.00278505,0.00119295,0.000215151,0.000123938,0.000290193
0.000451262,0.000281477,0.000367094,0.00040123,0.000161751,0.000370677,0.0013088,0.00196613,0.000819433,0.000206455,0.000147178,0.000255232
0.000220509,0.000290246,0.00073297,0.000544627,0.000122668,0.000289514,0.00139495,0.00142317,0.00041901,0.00018936,0.000145433,0.00010571
0.000248395,0.000272193,0.000646742,0.000489559,0.000120057,0.000456536,0.00197258,0.00193457,0.000658765,0.000233733,0.000150007,0.0002076
0.000200785,0.000244651,0.000512723,0.000384105,0.000187739,0.000477044,0.00164914,0.00106205,0.000476381,0.000131424,8.73164e-05,8.68032e-05
0.000217531,0.00025391,0.000486984,0.00038785,0.000103385,0.00048373,0.00216,0.00211332,0.000686295,0.000116639,0.000114125,0.000101293
0.000261829,0.000310399,0.000636479,0.000404312,0.000105439,0.000471015,0.00213644,0.00213861,0.00074811,0.000196929,0.000145495,0.000110193
0.000511547,0.000518111,0.00139593,0.0008295,0.000149734,0.000521332,0.00217576,0.00189674,0.000531966,0.00015167,0.000148073,0.000285013
0.000578801,0.000805474,0.00157246,0.000735583,0.000163012,0.000559105,0.00263343,0.00249846,0.000676364,0.000157481,0.000173072,0.000210118
0.00136686,0.00102269,0.000986126,0.000434342,0.000119354,0.000648026,0.00226607,0.00169498,0.000452317,0.000311827,0.000278536,0.000600323
0.00108967,0.000863598,0.00136813,0.00066938,0.000174909,0.000415715,0.00132462,0.00107902,0.000266429,0.000453311,0.000420288,0.000616406
0.00135856,0.00122328,0.00194591,0.000928154,0.000199223,0.000534701,0.00205557,0.00147794,0.00032102,0.00033904,0.00038683,0.000690144
0.00296814,0.00364553,0.00428286,0.00176501,0.000216403,0.000523995,0.00185137,0.00131936,0.000296892,0.000582853,0.000414679,0.00118854
0.00340198,0.00299217,0.00266379,0.001469,0.00016627,0.000762794,0.00299974,0.00232467,0.000481383,0.000438138,0.000278266,0.00131222
0.00185235,0.000979984,0.00120863,0.000956545,0.000169497,0.000649311,0.00220214,0.00139449,0.000252455,0.000290222,0.00020066,0.000675989
0.000912269,0.00084904,0.00162037,0.000961859,0.000177094,0.000396977,0.001224,0.0011006,0.000312819,0.000266026,0.000193136,0.000320686
0.000676505,0.000779902,0.00123894,0.000726721,0.000131128,0.000670108,0.00247745,0.00192489,0.000403065,0.000135323,9.53557e-05,0.000236473
0.000574579,0.000534806,0.000961934,0.000570077,0.000119768,0.000626237,0.00198398,0.00147741,0.000276469,0.000263148,0.000180609,0.00024552
0.000450847,0.00068667,0.00155864,0.000861846,0.000123201,0.000509256,0.00173988,0.00120418,0.000194426,0.000114,0.000114394,0.000143853
0.000397041,0.000803048,0.00174832,0.000941561,0.000122026,0.000401088,0.00160546,0.00122302,0.000232325,0.000143917,9.8137e-05,0.000179107
0.000532087,0.000556355,0.00125762,0.000720187,0.000131728,0.000711822,0.00267358,0.00204011,0.00034974,0.000172294,0.000102593,0.000184157
0.00054491,0.000494503,0.000638861,0.000384662,0.000104393,0.000574881,0.00193041,0.00134947,0.000259371,0.000169747,0.000129356,0.000236242
0.000548992,0.000433074,0.000300457,0.000113064,9.20279e-05,0.000437858,0.00136941,0.000915735,0.000228375,0.000174402,0.000121727,0.000201505
0.00117225,0.000907942,0.00063085,0.0003049,0.000119213,0.000706918,0.00255288,0.00176245,0.000245896,0.00013068,0.000194795,0.000615768
0.0020612,0.00152273,0.00147118,0.000843212,0.000160016,0.000670945,0.00264027,0.00211368,0.000429765,0.000328753,0.000297552,0.0011316
0.00264377,0.00242335,0.00170803,0.000636444,0.000196022,0.00062267,0.00184021,0.00113834,0.000318394,0.000306239,0.000287671,0.00122401
0.00112339,0.00133211,0.000816339,0.000501759,0.000256497,0.000394814,0.00140163,0.000881863,0.00022042,0.000396033,0.000216678,0.000738542
0.00155035,0.00212299,0.00240923,0.00117441,0.000217369,0.000717124,0.0024476,0.00177972,0.000330209,0.000434509,0.000288387,0.000555867
0.00160491,0.00134835,0.00122982,0.000590712,0.000205282,0.000605721,0.00199399,0.00114452,0.000299646,0.000250092,0.000182614,0.000490822
0.0016229,0.00094446,0.00116562,0.000619208,7.65895e-05,0.00053348,0.0016283,0.00103074,0.000223331,0.00035648,0.000292316,0.000684153
0.000666155,0.000819183,0.0014385,0.000814718,0.000148643,0.000655758,0.00212617,0.00146746,0.000306867,0.000468168,0.000486994,0.000442186
0.000737502,0.000647963,0.00121881,0.000678514,0.000158227,0.000594178,0.00199502,0.00125873,0.000140668,0.000158002,0.000143001,0.000261373
0.000671181,0.00054896,0.000729383,0.000429361,0.000142707,0.000389024,0.00128919,0.000907805,0.000138624,0.000182932,0.000120802,0.000212264
0.000998887,0.000756806,0.000657957,0.000421365,0.000157458,0.000481448,0.00128491,0.000772444,0.00021232,0.000282841,0.000197861,0.000338284
0.00101057,0.000644025,0.000361286,0.000346932,0.000129716,0.000325318,0.00102934,0.000615804,0.000189231,0.000237568,0.000218641,0.000451137
0.000774555,0.000588677,0.000614991,0.000294586,9.40896e-05,0.000289524,0.000768765,0.000481503,0.000141031,0.000214155,0.000164967,0.000303631
0.000751891,0.000640199,0.000643741,0.000413272,0.000113192,0.000282071,0.000684309,0.000404632,0.000111198,0.000141199,0.000150227,0.000413504
0.000504848,0.000689073,0.000901603,0.00041939,0.000117514,0.000321668,0.000804207,0.000534168,0.000151862,0.000169694,0.000147895,0.000217698
0.000233769,0.000183559,0.000420185,0.000276193,0.000104341,0.000187539,0.000518951,0.000285841,0.000149308,0.000222268,0.000212248,0.000180503
0.000365486,0.000411298,0.000607299,0.000347592,8.99121e-05,0.000184341,0.000432044,0.000269442,0.000122442,0.000199928,0.0001425,0.00023696
0.000372543,0.00024884,0.000227605,0.00021784,0.000114721,0.00019105,0.000521366,0.000379315,0.000101686,0.000170307,0.000151102,0.000204856
0.000300986,0.000270806,0.000270848,0.00020079,0.000131089,0.000149646,0.000240858,0.000167811,0.000130989,0.000141697,0.000140385,0.000221758
0.000274228,0.000207291,0.000157225,0.000165951,0.00020944,0.000136323,0.000263959,0.000175977,0.000126921,7.57183e-05,8.10828e-05,0.000118372
0.000340384,0.000284957,0.000275878,0.000188213,0.00010644,0.000107749,0.000217194,0.000134933,0.000132972,0.000110968,0.000119988,0.000166864
0.000363666,0.000401315,0.000317136,0.000148889,0.000107252,0.00014948,0.000191929,0.000130275,0.000173216,0.000263586,0.000178179,0.000192129
0.000232784,0.000212121,0.000467827,0.000317307,8.98441e-05,0.000147745,0.000333409,0.00024403,0.000215827,0.000246532,0.00024739,0.000173296
0.000162715,0.000262538,0.000678375,0.000461174,4.42695e-05,0.000101678,0.000276006,0.000179895,0.000136064,0.000387571,0.000342257,0.000160844
0.000187471,0.000264107,0.00108612,0.000895922,0.000159754,0.000107837,0.000189487,0.000131444,9.82961e-05,0.000330294,0.000298955,0.000142076
0.000192552,0.00027497,0.00123844,0.00105764,0.000224862,5.86717e-05,0.000104021,7.76046e-05,8.09272e-05,0.000231268,0.000230568,0.000101853
0.000175536,0.000360242,0.00146389,0.00114256,0.00019693,7.73707e-05,0.000107392,0.000116031,0.000172416,0.000404862,0.000347108,0.000139681
0.000140292,0.000417044,0.00185867,0.00144167,0.000232717,0.000120334,0.000142713,0.00010701,0.000209577,0.000741214,0.000624696,0.000214512
0.000100323,0.000658184,0.00289085,0.00224145,0.000335835,4.93371e-05,0.000139643,7.77204e-05,0.000231893,0.000939688,0.000793772,0.000170314
0.000179821,0.000772318,0.00327591,0.00256974,0.000373076,5.42509e-05,0.000151481,0.000108041,0.000248826,0.00107645,0.000936389,0.000198684
0.00013281,0.000851961,0.00361393,0.00280258,0.000423021,9.51136e-05,0.000121286,0.00011615,0.000284589,0.00114401,0.000956239,0.000237559
0.000100043,0.000843002,0.00392002,0.00313183,0.000505465,6.41021e-05,0.000103489,0.000124557,0.000268427,0.00113984,0.000961076,0.000222418
8.31311e-05,0.000972295,0.00447922,0.00354089,0.000520839,8.12024e-05,6.93669e-05,6.69473e-05,0.000292414,0.00119994,0.000975668,0.000188284
0.000101253,0.00102719,0.00473473,0.00371771,0.000544441,9.60905e-05,8.8371e-05,3.45791e-05,0.000232111,0.00102543,0.000856559,0.000206245
8.06978e-05,0.00111622,0.00501721,0.00391351,0.000588278,7.55746e-05,7.02917e-05,4.77031e-05,0.000258304,0.00107085,0.000882597,0.000205686
0.0001368,0.00108995,0.0049466,0.00379053,0.000523949,5.55225e-05,7.68477e-05,5.12834e-05,0.000237798,0.000893421,0.000689806,0.00015376
0.000114667,0.0011118,0.00485298,0.00373343,0.000533315,5.34667e-05,5.41242e-05,6.94585e-05,0.000193268,0.000657946,0.000522816,0.00015772
0.000160518,0.00119011,0.00506424,0.00382118,0.000555802,7.9406e-05,5.32948e-05,7.07807e-05,0.000168476,0.000391229,0.000320574,0.000145228
0.000144004,0.00128696,0.00543282,0.00393936,0.000488508,6.12693e-05,6.34967e-05,7.42418e-05,0.000149599,0.000449281,0.00036706,0.000151469
0.000145235,0.00143619,0.006055,0.0044899,0.000602458,9.23569e-05,0.000110693,9.51374e-05,0.000388927,0.00084071,0.000569812,0.00020005
0.00018686,0.00145368,0.00634621,0.00465755,0.00060964,0.000173167,0.000254969,0.000141978,0.000898952,0.00194931,0.001015,0.000200954
0.000141887,0.0018411,0.00713093,0.00511375,0.000880353,0.000560882,0.000802849,0.000305291,0.00070687,0.00181604,0.000976888,0.000185034
0.000155471,0.0014806,0.00502132,0.003479,0.000335139,0.000408942,0.000844322,0.000364779,0.000647422,0.00160923,0.000885516,0.000168027
0.000224963,0.000623368,0.00170033,0.00119152,0.000347959,0.000331209,0.000716282,0.000385261,0.000330993,0.00104514,0.000839589,0.000206682
0.00015498,0.0004561,0.00120074,0.00120163,0.000565342,0.000242836,0.000481171,0.000332097,0.000262998,0.000782115,0.000853103,0.000423784
0.000144531,0.000212997,0.00117724,0.00193766,0.000972451,0.00022015,0.00039296,0.000229235,0.000216989,0.000715823,0.000755912,0.000333408
9.33515e-05,0.000217645,0.000508647,0.000988928,0.000935923,0.000312167,0.000382114,0.00019234,0.000249388,0.000594693,0.0006439,0.000339762
0.000162761,0.000373972,0.00139046,0.00202447,0.0011858,0.000251448,0.000234603,0.000125606,0.000384619,0.00076759,0.000716636,0.000344196
0.000136702,0.000304595,0.0018226,0.00290093,0.00145896,0.000182378,0.000214887,0.000226292,0.000328314,0.000876776,0.000835761,0.000381779
0.000121164,0.000387515,0.000624232,0.00175818,0.00143016,0.000170933,0.000139046,0.000140141,0.000233832,0.000638659,0.000511289,0.000196284
8.60524e-05,0.000272865,0.00128465,0.00270485,0.00156668,0.000187885,0.000157843,0.000109283,0.000201593,0.000465637,0.000581128,0.000342733
0.000104991,0.000231677,0.00108267,0.00269616,0.00164314,0.000221966,0.000148519,8.62396e-05,7.6838e-05,0.000188416,0.000459726,0.000401171
0.000138714,0.000252877,0.000716234,0.00247897,0.00160319,0.00020725,0.000122805,0.000166253,0.00022022,0.000161378,0.000499771,0.000325998
0.000219912,0.000335066,0.00115552,0.00286,0.00174657,0.000348345,0.000145489,0.000176758,0.000502992,0.00085459,0.000760076,0.000474511
0.000112106,0.000142958,0.000915825,0.00291651,0.00176457,0.000520557,0.000699325,0.000312198,0.000971496,0.00168204,0.00121173,0.000506533
0.000204908,0.000384778,0.000984255,0.00314303,0.00204898,0.000401595,0.00060702,0.000328126,0.000605259,0.00163712,0.00143332,0.000507246
0.000146422,0.000244122,0.00129833,0.00369711,0.00231653,0.000584626,0.000719283,0.000340771,0.000538124,0.00132415,0.00100188,0.000442198
0.000210921,0.000284855,0.00119306,0.00393634,0.00262754,0.000834916,0.00166416,0.000950631,0.000760106,0.00081328,0.000595247,0.000499064
0.000198949,0.000252667,0.00114081,0.00382764,0.00252104,0.000882673,0.00173062,0.000995842,0.0005012,0.00120863,0.00114824,0.000522174
0.000346978,0.000539767,0.00143088,0.00442396,0.00290489,0.000999124,0.00165852,0.00091829,0.000496643,0.000877706,0.000779537,0.000564347
0.000298394,0.000295725,0.00112242,0.00395514,0.00270186,0.000550989,0.00102252,0.000566979,0.000577076,0.00124635,0.00139571,0.000788225
0.000206988,0.000235318,0.00154567,0.00498852,0.00332321,0.000468047,0.000742557,0.000446115,0.000364694,0.0011024,0.00146517,0.000743756
0.000248204,0.000195969,0.00144981,0.00497967,0.00329936,0.000662852,0.000742177,0.000500594,0.000274319,0.00077584,0.00102796,0.000623044
0.000178172,0.000163752,0.00143135,0.00509314,0.00334853,0.000513114,0.000415307,0.000233638,0.00036025,0.000748443,0.000850493,0.000528644
0.000248478,0.000208118,0.00174597,0.00579326,0.00374628,0.000447091,0.000322607,0.000272646,0.000297434,0.000777956,0.000988557,0.000579108
0.000176814,0.000178622,0.00148689,0.00514947,0.00338827,0.000385539,0.000278595,0.000209483,0.000264582,0.000678591,0.00079966,0.000461841
0.000177266,0.000163866,0.00185146,0.0060645,0.00389515,0.000486187,0.000254199,0.000124672,0.000314427,0.000713426,0.00098914,0.000603274
0.000205493,0.000197708,0.00150666,0.00531807,0.00344629,0.000374972,0.000135473,0.000121391,0.000147443,0.00041169,0.00062255,0.000394067
0.00011084,0.000109361,0.0015234,0.00523957,0.00338747,0.000375208,0.000262877,0.000144136,0.00016587,0.000417754,0.000537155,0.000300333
0.000171353,0.000211931,0.0013339,0.00474759,0.00304262,0.000509042,0.000532012,0.000347277,0.000286631,0.000650194,0.000698711,0.000308149
0.000292503,0.000328782,0.00118158,0.00445987,0.00293243,0.000491937,0.000680096,0.000297618,0.00101307,0.00141755,0.00104969,0.000494707
0.000257616,0.000558696,0.00165653,0.00580745,0.00398557,0.000553985,0.000807004,0.000415481,0.000533963,0.000684391,0.00152549,0.000814686
0.000171759,0.000224557,0.00173725,0.0057433,0.00365973,0.000411774,0.000887709,0.000634853,0.00060287,0.00120158,0.00129802,0.000808923
0.000259423,0.00021129,0.00196669,0.0060691,0.0038146,0.000789977,0.000952991,0.000423274,0.000865494,0.001729,0.0010284,0.000546062
0.000164378,0.000224229,0.00129211,0.00405493,0.00252166,0.000570352,0.00105987,0.000534889,0.000780987,0.00129781,0.000980547,0.000495807
0.000190421,0.000353276,0.0012242,0.00452368,0.00310909,0.000622556,0.000991399,0.000606699,0.000672336,0.00146554,0.00089789,0.00034439
0.000242665,0.000184825,0.00193532,0.00554468,0.00320019,0.000406019,0.00080841,0.000459996,0.000533548,0.00103558,0.00116442,0.000668146
0.000264734,0.00047099,0.00140166,0.0034421,0.00174889,0.000278592,0.000833426,0.000484559,0.000383316,0.000874446,0.0011765,0.000688195
0.000256146,0.000384725,0.000994704,0.00299026,0.00180627,0.000466271,0.000900233,0.000493134,0.000401164,0.000982463,0.00140622,0.000846007
0.000211207,0.000294358,0.000904785,0.0023131,0.00146996,0.000218347,0.00051524,0.000327315,0.000265563,0.000849845,0.00140946,0.000873452
0.000212545,0.000300013,0.001284,0.00235963,0.000961462,0.00020834,0.000381524,0.000254795,0.000278936,0.000659873,0.00091029,0.000489415
0.000106543,0.000149029,0.000830179,0.00264661,0.00172275,0.000287144,0.000508363,0.000402526,0.000249959,0.000746748,0.000579505,0.000196505
0.000178279,0.000258285,0.00205935,0.00688114,0.00423286,0.000525033,0.000451398,0.000321615,0.000262361,0.0014077,0.00370513,0.00247544
0.000639868,0.000621792,0.00196146,0.00359548,0.00161736,0.000309599,0.000353478,0.000307082,0.000401714,0.000624896,0.000514398,0.000499268
0.000287332,0.000458959,0.00336659,0.00383979,0.0020187,0.000305386,0.000343288,0.000244593,0.000302503,0.000503808,0.000795311,0.00043153
0.000163366,0.000659879,0.00308933,0.00241664,0.000619513,0.000140606,0.000158652,0.000189617,0.000346047,0.000892972,0.000812511,0.000337798
0.000195099,0.000803633,0.00322141,0.00221481,0.000794373,0.000179219,0.000321436,0.00021473,0.00031695,0.000871871,0.000427781,0.000365931
0.000232471,0.0011066,0.00409104,0.00285357,0.000426585,0.000103431,0.000279726,0.000308154,0.000471635,0.00139255,0.00115719,0.000403168
0.000210009,0.00172544,0.00650791,0.0049704,0.00101265,0.000167476,0.000302422,0.000196865,0.000522595,0.00184699,0.00138116,0.000271796
0.000211088,0.00236099,0.00840243,0.00563564,0.000849151,0.000116337,0.000271181,0.000225313,0.000683594,0.00213948,0.00156392,0.000427835
0.000341857,0.00282802,0.011195,0.00792871,0.00118417,0.000269891,0.000313683,0.000230231,0.00055479,0.00175229,0.00131604,0.000376817
0.000230092,0.00269332,0.00999636,0.0068126,0.00086633,8.27309e-05,0.000141146,0.000151934,0.000549031,0.00179403,0.00110147,0.000199891
0.000151438,0.0030648,0.010326,0.00651697,0.000667238,0.000127936,0.000132222,0.000110541,0.000651186,0.00186616,0.00130372,0.00030955
0.000267202,0.00296357,0.0100375,0.00630911,0.000692392,0.00014123,0.000202479,0.000161787,0.000745445,0.00209149,0.00118734,0.000218839
0.000192271,0.00285883,0.00901561,0.00541316,0.000570927,0.000149428,0.000127536,0.000124476,0.000750397,0.00223583,0.0013445,0.000261365
0.000638441,0.00183226,0.00309028,0.00491448,0.00252007,0.000814904,0.000268838,0.000137536,0.000554029,0.00161617,0.00151187,0.000617293
0.000410956,0.00272089,0.00785057,0.00484054,0.00615191,0.00414072,0.000457573,0.000110429,0.000260165,0.00055637,0.000602278,0.00134627
0.000401485,0.00169139,0.00369012,0.00199733,0.00246958,0.00217138,0.00405376,0.00190387,0.000615563,0.000976896,0.000798284,0.000949118
0.000317643,0.000522715,0.00158193,0.00119704,0.000976725,0.000957666,0.00341239,0.00307613,0.000731485,0.000285789,0.000129145,0.000289795
0.000308247,0.000942418,0.00200657,0.000769739,0.001412,0.00104997,0.00229965,0.00586855,0.00465952,0.000702796,0.000331533,0.000368444
0.000213056,0.00131084,0.00320127,0.00224879,0.00133467,0.00156058,0.00315921,0.00477916,0.00365465,0.000923015,0.000296839,0.000425883
0.000142728,0.000925632,0.00270858,0.00175436,0.000450959,0.00122222,0.00436736,0.00489107,0.00288212,0.00243498,0.00190828,0.000668153
0.000203864,0.000816627,0.00202871,0.00104666,0.000814686,0.00103168,0.00169846,0.00314184,0.00254513,0.00425527,0.00355896,0.000983633
0.000228205,0.000359258,0.000991131,0.000862399,0.000682755,0.000597432,0.00117329,0.00203223,0.00182094,0.00593208,0.0048637,0.00079196
0.000698482,0.000498383,0.000624677,0.000214562,0.000510799,0.000545282,0.00148447,0.00162596,0.00085416,0.00266133,0.00660713,0.00420909
0.000808887,0.000547578,0.00107016,0.000559452,0.000176931,0.000328079,0.00068305,0.00131741,0.001712,0.00428337,0.0102046,0.0067488
0.000831932,0.000425746,0.000944657,0.000561381,0.000562548,0.000466533,0.00111503,0.00156893,0.00186312,0.0044799,0.0119854,0.00822708
0.00281215,0.00254219,0.00125767,0.000926787,0.000482138,0.000542112,0.00147709,0.000690776,0.00117417,0.00173492,0.00328908,0.00270802
0.00179186,0.00180952,0.00117527,0.000577028,0.000429589,0.000625095,0.00107419,0.000955711,0.000731843,0.00245852,0.00405044,0.00236696
0.00165631,0.00162729,0.000853032,0.000470545,0.000471207,0.000729234,0.00116619,0.000765351,0.00107425,0.00185209,0.00461152,0.00314171
0.00126736,0.0012574,0.000670593,0.00057228,0.000462528,0.000546539,0.00119718,0.00099493,0.000301994,0.00109998,0.00386042,0.00250515
0.000766528,0.00074441,0.00050486,0.000348711,0.000162178,0.000171205,0.000558759,0.000637491,0.000399073,0.00103026,0.00234409,0.00141806
0.00443155,0.00301411,0.000686912,0.000360851,0.00016287,0.00018999,0.00035483,0.000278187,0.000408597,0.000827037,0.0021456,0.00224831
0.00532682,0.00310068,0.000557454,0.000297908,0.000255347,0.00024509,0.000182756,0.000539938,0.000484758,0.000610336,0.000819281,0.0021335
0.00331455,0.00292775,0.000681012,0.000349653,0.000215484,0.000239043,0.000367199,0.0004422,0.000696908,0.00101819,0.000798864,0.00108106
0.00201445,0.001441,0.000332899,0.000123365,0.000169952,0.00020099,0.000299062,0.000249052,0.000264025,0.00070446,0.00096656,0.000975404
0.00591687,0.00222358,0.000347318,0.000229711,7.90558e-05,0.000133736,0.000310495,0.000308294,0.000354537,0.000689307,0.00082732,0.0040799
0.00315787,0.00317876,0.000680571,0.000162544,0.000303593,0.000364614,0.00063385,0.000352068,0.000210519,0.000622202,0.000661004,0.00114146
0.00377054,0.00337422,0.000800591,0.000264009,0.00011509,0.000462498,0.00100355,0.000565249,0.000339151,0.000958199,0.000878783,0.00158824
0.00711548,0.00372841,0.000539791,0.000215484,0.000185943,0.000461788,0.00106499,0.000566152,0.000777112,0.0014297,0.000700803,0.00426469
0.0103473,0.00550353,0.000507092,0.000129742,0.000130212,0.00023484,0.000712255,0.00056738,0.00145579,0.00314268,0.00192716,0.00580513
0.00166133,0.00163963,0.000424761,0.000139578,0.000255528,0.000438792,0.000963453,0.000667984,0.0025822,0.0038474,0.00176407,0.00120038
0.00381313,0.00294131,0.000408868,0.000169203,0.000138853,0.000739686,0.00166346,0.000953674,0.00229921,0.00370018,0.00188851,0.00216658
0.00718822,0.00290505,0.000274794,0.000170004,0.000242328,0.000907897,0.002163,0.00111837,0.00208877,0.00384074,0.0019436,0.00507369
0.00339023,0.00319203,0.00070411,0.000214002,0.000178623,0.000710697,0.00184992,0.00110709,0.00147654,0.00252774,0.00108069,0.000941445
0.0061139,0.0042542,0.000510036,0.00019203,0.000255627,0.000606924,0.00137628,0.000834602,0.000907649,0.00108152,0.000495203,0.0025366
0.00668477,0.0034851,0.000376542,0.000119144,0.000192893,0.000352381,0.0011524,0.000604565,0.000985946,0.00165523,0.000753839,0.0041618
0.0106563,0.00594012,0.00045114,9.30277e-05,0.000123135,0.000165288,0.000563999,0.000461024,0.00073432,0.0010889,0.000507861,0.00485301
0.00461937,0.00418396,0.000801722,0.000117471,0.000143755,0.000240469,0.000451873,0.000228462,0.000569772,0.00109189,0.00073172,0.0019259
0.00197879,0.00110485,0.000196997,7.80015e-05,0.000174317,0.000281666,0.000431083,0.000198429,0.000394363,0.000721434,0.000459878,0.0015486
0.00369149,0.00168758,0.000103276,0.000122573,0.000155094,0.000239803,0.000494738,0.000310102,0.000216391,0.00046543,0.000386372,0.00229477
0.00218126,0.00204954,0.000489533,0.000150417,0.000133797,0.00015124,0.000288611,0.000264951,0.000623425,0.000854518,0.000447277,0.00137046
0.00227245,0.00170274,0.000367021,0.000197392,0.000147234,0.000243503,0.000485604,0.000375994,0.000478809,0.00069282,0.000335316,0.00161569
0.00699626,0.00442221,0.000640294,0.000125225,0.000163164,0.000654223,0.00161565,0.000861979,0.000415821,0.000875732,0.000605945,0.00343681
0.00127677,0.000854997,0.000307183,0.00015403,0.000248493,0.00067897,0.00168254,0.00107347,0.000727271,0.000653605,0.000144795,0.00170892
0.00175839,0.00206638,0.000636049,0.000251653,0.000257816,0.000335224,0.000836401,0.000660249,0.000946058,0.00170843,0.000926555,0.000983519
0.00675904,0.00394644,0.000522674,0.000332492,0.000439348,0.00040099,0.00112086,0.00100557,0.000655181,0.000986861,0.000818713,0.00374044
0.00844223,0.00613201,0.00177718,0.00123532,0.00156257,0.00124626,0.00183395,0.00208984,0.00134924,0.00150597,0.00133907,0.00470571
0.00438798,0.00332565,0.00442216,0.00370951,0.000946258,0.000697708,0.00109691,0.000742491,0.00100267,0.00264982,0.00200943,0.00192653
0.00259539,0.0021246,0.00452818,0.00388156,0.000984135,0.000522695,0.000819695,0.000568908,0.000769487,0.00184894,0.0012636,0.00143547
0.000538935,0.00219802,0.00844671,0.00598953,0.000932833,0.000673613,0.00131192,0.000817318,0.000870078,0.0032349,0.00257406,0.000647824
0.0010269,0.00134318,0.0065408,0.00493311,0.000768571,0.000495914,0.000881133,0.000569541,0.00138275,0.00456343,0.00313655,0.00097133
0.000711648,0.00245928,0.0081976,0.00582328,0.000845561,0.000427847,0.000820957,0.000592903,0.00183389,0.00616368,0.00436842,0.000405849
0.00174931,0.00293465,0.00792261,0.00542774,0.000798006,0.000247453,0.000559419,0.000387999,0.0017914,0.00687868,0.00499312,0.00140643
0.00136631,0.00152267,0.00467375,0.00369182,0.000673319,0.000307189,0.000684786,0.000460245,0.00185934,0.00623321,0.00418188,0.00113764
0.000800314,0.0017525,0.00687548,0.00452338,0.000595761,0.000377948,0.000342608,0.000257678,0.00200863,0.00682683,0.00458685,0.000781165
0.000727604,0.00133553,0.00418176,0.00280184,0.000340177,0.000292864,0.00039888,0.000385552,0.00165772,0.00622676,0.00424603,0.000951444
0.00100155,0.00197405,0.00421175,0.00285813,0.000411858,0.000242378,0.000673932,0.000419937,0.00186048,0.00647208,0.00439087,0.000698248
0.000440851,0.00137485,0.0049619,0.00317984,0.000431008,0.000217128,0.000541842,0.000461063,0.00160687,0.00578587,0.00404111,0.000816064
0.000384778,0.00103801,0.00312724,0.00219012,0.000285304,0.000142055,0.000217996,0.000228363,0.00166899,0.0056405,0.00381977,0.000499633
0.000674163,0.00146112,0.00558498,0.00388115,0.000570119,0.000231754,0.000434149,0.000310342,0.00155935,0.00544001,0.00369911,0.000591919
0.00179483,0.00277883,0.00574772,0.0037035,0.000374532,0.000209621,0.000359274,0.000290382,0.000957761,0.00317767,0.00234156,0.000777252
0.00284073,0.00171936,0.00488573,0.00312197,0.000252374,0.000178532,0.00032018,0.00021966,0.000415122,0.00127105,0.000928865,0.00192461
0.00237102,0.00292561,0.00458617,0.00306998,0.000439114,0.000155796,0.000205278,0.000131437,0.000277261,0.000608171,0.000310089,0.00100274
0.00490167,0.00330993,0.0024124,0.00177256,0.000235807,0.000139109,0.000190781,0.000139135,0.000432828,0.00149151,0.00100293,0.00185029
0.00359094,0.00288686,0.00183445,0.00125363,0.000194414,0.000133516,0.000222168,0.000218684,0.000419277,0.00131709,0.000942859,0.00128228
0.00598956,0.00394499,0.000965689,0.000802052,0.000165479,0.000102421,0.000175686,0.000186923,0.000463756,0.00145568,0.000948718,0.00238654
0.00716975,0.00521586,0.00181226,0.000924754,9.63109e-05,0.000107871,0.000129072,9.5181e-05,0.000341365,0.0012165,0.000807255,0.00252182
0.00619653,0.00438347,0.000970356,0.000634883,9.03061e-05,0.000118799,0.000174548,0.000179749,0.000355153,0.000757898,0.000516747,0.00224365
0.00182912,0.00157938,0.000562332,0.000232609,0.000120419,0.000152428,0.000112497,0.000173766,0.00033061,0.000851261,0.00278158,0.00219096
0.000915009,0.000537675,0.000525403,0.000371752,0.000104711,7.12626e-05,4.93081e-05,6.3124e-05,0.000212321,0.000944685,0.00264754,0.00104054
0.00129289,0.000753361,0.000609351,0.000356326,8.5244e-05,6.33779e-05,0.000108158,0.0001299,0.000297947,0.00141127,0.00494605,0.00376939
0.00110422,0.000840246,0.00120796,0.000845354,9.01059e-05,0.000116194,0.00013728,0.000148172,0.000240647,0.00101805,0.00329063,0.00294044
0.00070606,0.00080226,0.00115101,0.000714981,8.34428e-05,9.7772e-05,0.000174851,0.000224168,0.00048876,0.00299171,0.00574087,0.00315417
0.00068092,0.000580011,0.0010816,0.000756738,0.00015784,0.000122815,0.000158198,0.00027161,0.00145015,0.00759067,0.00742111,0.00323512
0.000904148,0.000549831,0.000634279,0.000472046,9.91158e-05,0.000117227,0.000200345,0.000266439,0.00103746,0.00932499,0.0125569,0.00453498
0.000841047,0.000710489,0.000468825,0.000262956,8.524e-05,0.000139056,0.000165133,0.000154903,0.00189947,0.0124817,0.0124429,0.0030305
0.00168915,0.00111191,0.000192156,0.000164039,7.61096e-05,0.000132132,0.000125761,0.000128651,0.00223891,0.00955732,0.00718066,0.00122342
0.001393,0.00103398,0.000541917,0.000312741,0.000235621,0.000264075,0.000223877,0.000366749,0.00158817,0.00457591,0.00603616,0.00269755
0.00151921,0.000745869,0.000656834,0.000705163,0.000496529,0.000394291,0.000256961,0.000153155,0.000650156,0.00238807,0.00832945,0.00691501
0.000262854,0.000347284,0.000413499,0.0004635,0.00024743,0.000212916,0.000233085,0.000214006,0.000518196,0.00189446,0.00233394,0.00256797
0.000536024,0.00027879,0.000380285,0.000330648,0.000138055,0.000171958,0.000249257,0.000222228,0.000505396,0.00542827,0.0106232,0.00525114
0.000806492,0.00108221,0.00072391,0.000897154,0.00134478,0.000603402,0.00019697,0.000184269,0.000449812,0.00187879,0.00422971,0.00220399
0.0018594,0.00166528,0.00104448,0.00143391,0.00234223,0.00100369,0.000236156,0.000212892,0.00043989,0.00383002,0.0103435,0.00756719
0.00157463,0.00225447,0.00130445,0.00112171,0.00188924,0.000858348,0.00024745,0.000219219,0.000586971,0.00464968,0.0135171,0.0083049
0.00124418,0.000967211,0.000710802,0.00049261,0.00133274,0.000641256,9.17117e-05,0.000249635,0.000299192,0.00530496,0.013154,0.00720241
0.00111468,0.000740571,0.000570685,0.000547018,0.000842829,0.000366377,0.000160004,0.000208801,0.000417465,0.00374655,0.0114963,0.0083593
0.00156138,0.000591438,0.000363003,0.000406952,0.000648499,0.000321033,0.000190958,0.000121707,0.000199016,0.00396246,0.0141764,0.0106322
0.00104612,0.000556644,0.00030734,0.000337752,0.000463297,0.000259841,0.00014547,0.000165381,0.000459424,0.00975776,0.0199892,0.00962898
0.000434631,0.000511224,0.000345661,0.000297955,0.000320006,0.00014411,7.24339e-05,0.00012916,0.00035917,0.0047773,0.0107387,0.00553703
0.0017017,0.000792723,0.000356816,0.000238351,0.000278122,0.000149158,0.000117617,0.000161175,0.000279636,0.00439876,0.0143994,0.0107385
0.000546872,0.000530373,0.000265315,0.000159742,0.000277457,0.000179318,9.37218e-05,0.000153003,0.00010369,0.00145976,0.00658897,0.00543104
0.000319986,0.000263861,0.000111839,0.000111179,0.000179232,0.00010368,7.09808e-05,0.000151791,0.000317497,0.003888,0.00819861,0.00358937
0.000673986,0.000396439,0.000236517,0.000290915,0.000339298,0.000175154,0.000115331,0.000100655,0.000212822,0.00168324,0.00523388,0.0033724
0.00117832,0.002064,0.0014375,0.000253217,0.000390164,0.00030744,0.000175512,0.000189788,0.000543715,0.00291345,0.00945077,0.00647085
0.0012146,0.00187154,0.00104808,0.000387543,0.000487629,0.000294892,0.000178445,0.000153466,0.00027133,0.00577857,0.0139903,0.00749274
0.00133786,0.0010748,0.000627655,0.00124727,0.00179713,0.000791913,0.000221843,0.00054021,0.00241518,0.00473829,0.00659733,0.00416203
0.000723107,0.00139527,0.000992599,0.0004694,0.000477438,0.000381457,0.000301825,0.000296467,0.00118651,0.00417086,0.00429819,0.00248242
0.00090113,0.00272165,0.00170324,0.000755152,0.00117733,0.000574623,0.000336679,0.000268971,0.00149879,0.00601867,0.0049199,0.00207526
0.00142068,0.00178885,0.00143638,0.000777874,0.00212383,0.00114797,0.000225202,0.00034839,0.001492,0.00763501,0.00479418,0.00351476
0.00197251,0.00232411,0.00147323,0.000801383,0.00233318,0.0011813,0.000137479,0.000290904,0.00121307,0.00962053,0.0118435,0.00542968
0.00194015,0.00327403,0.00203839,0.000732323,0.00185706,0.000836857,0.000178591,0.0002836,0.002134,0.0107757,0.00812343,0.00325366
0.00206006,0.00340412,0.00177297,0.000749715,0.00152823,0.000757212,0.000172244,0.000233026,0.0027589,0.0183138,0.0187268,0.00481517
0.00116746,0.00244104,0.00123131,0.000573959,0.000638231,0.000594618,0.00212817,0.00469632,0.00311199,0.00457417,0.00526448,0.00263309
0.00153883,0.00298968,0.00169878,0.00047914,0.000860467,0.000515269,0.00213934,0.00825429,0.00561616,0.0053642,0.00586191,0.00184909
0.00143519,0.0029416,0.00159974,0.000483216,0.000854588,0.000373939,0.00275692,0.0100549,0.00692951,0.00291587,0.00214346,0.00129168
0.00101312,0.00185523,0.000972266,0.00026992,0.000382605,0.000269025,0.0043651,0.0109532,0.0056247,0.00350421,0.0037363,0.00124648
0.000550906,0.00114118,0.000533833,0.000373767,0.000416186,0.000277829,0.00214356,0.0095079,0.00745887,0.00162438,0.0015273,0.000492917
0.000573894,0.00118147,0.000747236,0.000274249,0.000535378,0.000291874,0.00224903,0.010407,0.00759053,0.0021277,0.00229964,0.000662136
0.000483807,0.000772687,0.000363739,0.00032412,0.000462719,0.000280588,0.00373065,0.0136864,0.00901147,0.00145293,0.00159871,0.000697705
0.000791849,0.00116098,0.000671627,0.00029882,0.000386817,0.000438204,0.00448678,0.0146679,0.00963307,0.00278949,0.00142482,0.00060943
0.00125593,0.00181727,0.000632666,0.000564162,0.0009353,0.000861495,0.00209363,0.00542605,0.00352551,0.00179141,0.00166925,0.000992234
0.00166122,0.00299122,0.00140282,0.000708447,0.00119827,0.000665624,0.00195612,0.00636337,0.00424229,0.00155859,0.00114809,0.000812399
0.00154014,0.00380381,0.00216731,0.000452881,0.000392563,0.000288943,0.00290729,0.00921969,0.00566672,0.00111741,0.0008311,0.000364675
0.00105019,0.00190492,0.000836943,0.000375127,0.000454492,0.000471886,0.00276342,0.00799868,0.0043725,0.000747391,0.000871229,0.00073241
0.000636539,0.00137294,0.000727381,0.000537715,0.00101877,0.000449625,0.00151674,0.00481644,0.00350834,0.00134194,0.000713848,0.000412301
0.000498419,0.00165606,0.0020678,0.000941126,0.000428468,0.000375327,0.00165988,0.00532092,0.0038977,0.00159611,0.000872724,0.00052614
0.000375969,0.000623708,0.001407,0.000845682,0.000264836,0.000470106,0.0024824,0.00725859,0.00456716,0.0011977,0.000768386,0.000339971
0.000318343,0.00118413,0.00206452,0.00100995,0.000605018,0.000503408,0.00279354,0.00902237,0.00547312,0.000906205,0.00109462,0.000475305
0.000464911,0.00128028,0.00143199,0.000690505,0.000238525,0.000364882,0.00372276,0.0127433,0.00854962,0.00130006,0.000465321,0.000561111
0.000478984,0.000764519,0.00155629,0.000942069,0.000385724,0.00152213,0.00540448,0.00685147,0.00357373,0.000508791,0.000539895,0.000434848
0.000312225,0.00120208,0.0017992,0.00079207,0.000333961,0.00140833,0.00773164,0.0101433,0.00429662,0.000722541,0.000514015,0.000386373
0.000230059,0.000858609,0.001723,0.000832258,0.000181303,0.00158181,0.00708334,0.00507773,0.00273775,0.000353197,0.000313692,0.000284542
0.000365508,0.00124216,0.00192342,0.000804547,0.000153145,0.00117166,0.00624857,0.00683767,0.00246511,0.000369024,0.000266449,0.00020029
0.000195517,0.000664381,0.00110928,0.000416852,0.000145583,0.00173268,0.00769113,0.007019,0.00230524,0.000485761,0.000208193,0.000258085
0.000228505,0.00048398,0.000841274,0.000355571,0.00014305,0.000411091,0.00248251,0.00870363,0.00511537,0.000465055,0.000192578,0.000211612
0.000219195,0.000433018,0.000587532,0.000334884,0.000171285,0.000634458,0.00391484,0.00841516,0.004945,0.000634607,0.000355401,0.000223063
0.000301835,0.000255464,0.000369997,0.000399436,0.000239286,0.00245307,0.00983181,0.00688631,0.00128731,0.000310003,0.000244534,0.000287732
0.000290763,0.000628767,0.00124214,0.000660921,0.000383129,0.00151967,0.0101976,0.0133287,0.00407318,0.000198931,0.000180937,0.000358899
0.00023559,0.000538756,0.00107932,0.000557217,0.000183647,0.000246619,0.00394358,0.00921706,0.0044065,0.000486983,0.000256049,0.000210047
0.000263359,0.000437345,0.00101118,0.000553561,0.000139131,0.00232922,0.00817984,0.00585582,0.00133401,0.000229643,0.000233173,0.000243599
0.00026569,0.000446538,0.000638253,0.000318514,0.00015949,0.00304446,0.0129296,0.00880634,0.000924428,0.000401803,0.000233607,0.000255929
0.000169356,0.000506879,0.000649686,0.000305543,0.00029111,0.00128724,0.0035424,0.00672687,0.00439482,0.000516017,0.000269166,0.000229295
0.000270835,0.000409577,0.000598738,0.0002998,0.000144004,0.000788548,0.00452128,0.0076939,0.00328923,0.000262593,0.000198481,0.000168795
0.000238325,0.000342015,0.000622831,0.000392544,0.000183071,0.00228621,0.00834276,0.00729098,0.00244871,0.000211675,0.000149113,0.000132336
0.000204093,0.00027849,0.000387605,0.000233808,0.000119247,0.00207842,0.00819145,0.00537841,0.000847163,0.000238379,0.000192473,0.000151905
0.000265696,0.000318902,0.000360615,0.000169754,0.000167117,0.00249104,0.0103611,0.00784767,0.00118773,0.000149668,0.000170139,0.000173306
0.000167011,0.000143581,0.000112121,0.000148827,0.000171314,0.00200548,0.00891074,0.00766519,0.00156866,0.000203736,0.000102161,0.000148978
0.000120728,0.000168585,0.00028532,0.000164396,0.000177994,0.00206044,0.00915516,0.00716088,0.00110867,0.000166853,0.000177438,0.000170433
0.000223476,0.000167408,0.000196837,0.000154443,0.000213043,0.00225956,0.00953083,0.00689614,0.000869921,0.000190658,0.00017278,0.000197692
0.000252259,0.000174972,0.000222908,0.000158121,0.000141512,0.00115487,0.00406445,0.00375478,0.00167724,0.000230229,0.000156923,0.000299986
0.000135914,0.000158207,0.00018137,0.000107492,0.000128822,0.000577788,0.00223956,0.00235703,0.00135198,0.00028158,0.000179144,0.000118725
0.000131965,9.32896e-05,0.000195156,0.000137094,0.000122869,0.000942553,0.00462159,0.00723057,0.00316509,0.000280365,9.60298e-05,0.000110053
0.000152135,0.00012645,0.000204466,0.000202709,0.000180267,0.000723109,0.0020485,0.00480306,0.00265208,0.000242436,8.84185e-05,0.000194814
0.000189764,0.000224562,0.000243262,0.000239088,0.000183043,0.000686628,0.00404643,0.00681944,0.00294887,0.000220956,0.00016442,0.000187249
0.000315894,0.000221884,0.000271329,0.000252361,0.000177081,0.000387259,0.00320178,0.00653326,0.00319183,0.000455021,0.000283567,0.000265625
0.000816537,0.00080641,0.000722448,0.000719663,0.000505242,0.000483201,0.00399035,0.00877598,0.00447666,0.000862751,0.000754419,0.000815873
0.00352036,0.00295326,0.00357598,0.00209846,0.000954477,0.00198343,0.00549696,0.0148007,0.00835903,0.00208002,0.00235424,0.00411264
0.00411875,0.00553239,0.00951178,0.0052908,0.00451779,0.00512674,0.00960029,0.021391,0.0126222,0.00670224,0.00493643,0.00697083
0.00168837,0.00630635,0.013406,0.00932162,0.00658694,0.00621821,0.0193296,0.0383783,0.0200874,0.00522493,0.00351848,0.0047206
0.00236024,0.0059707,0.0136667,0.00871357,0.00355184,0.00602324,0.0202417,0.0358093,0.0203215,0.00642825,0.002485,0.00430532
0.00267144,0.00490208,0.00915562,0.00561239,0.00308741,0.0068478,0.0274285,0.0483815,0.0265714,0.00655685,0.00255979,0.00272745
0.00283746,0.00530776,0.00931247,0.00511354,0.00240977,0.00632312,0.028604,0.0449466,0.0206143,0.00315555,0.0032131,0.00415574
0.00390335,0.00629882,0.011788,0.00604674,0.00433291,0.0056478,0.0214612,0.0420377,0.0232334,0.00346925,0.00535577,0.0051442
0.0041364,0.0105457,0.019069,0.00826411,0.010666,0.0109956,0.0146573,0.0383619,0.0306536,0.0133099,0.00684629,0.00427529
0.00620162,0.00808526,0.0165342,0.0116639,0.00881658,0.0104702,0.0233038,0.0375419,0.0238915,0.0117095,0.0111205,0.0124174
0.0120087,0.0103499,0.0137794,0.00906243,0.0100792,0.0125088,0.0289278,0.0391561,0.0191738,0.0138804,0.00962089,0.0151847
0.00713397,0.0103661,0.022523,0.0136125,0.00611116,0.00911621,0.012217,0.0312312,0.0201391,0.00795297,0.00584025,0.0126242
0.00847325,0.0097622,0.0314293,0.0209507,0.00790831,0.0153384,0.0174696,0.0332946,0.0255371,0.0116821,0.0109748,0.016007
0.00432725,0.015569,0.0217144,0.0125268,0.0100741,0.0177166,0.0195993,0.0292137,0.0144691,0.0120796,0.00885752,0.0106393
0.00924377,0.00657922,0.0184404,0.0140771,0.00657507,0.0132489,0.0237361,0.0398386,0.0243928,0.00618258,0.00744246,0.00916342
0.00688251,0.010874,0.0174071,0.00975349,0.00968991,0.0207206,0.026295,0.0329447,0.0235748,0.0168051,0.0122772,0.0164659
0.0127893,0.0160838,0.0240856,0.0152298,0.00978312,0.0147986,0.0293143,0.0575566,0.0428208,0.00894907,0.0167968,0.0243922
0.00697209,0.00875001,0.0268643,0.0195561,0.013754,0.0220833,0.0415402,0.0694162,0.0535519,0.0229841,0.0117513,0.0134448
0.00964481,0.0132411,0.0130748,0.00651459,0.00973624,0.01639,0.0239684,0.0525853,0.040631,0.0164902,0.00984611,0.0151884
0.00661591,0.0149351,0.018199,0.0128851,0.011305,0.0167757,0.0231884,0.0608181,0.0417116,0.0148738,0.012976,0.0120709
0.00860059,0.0225316,0.0361937,0.0237833,0.00853247,0.0118919,0.023028,0.0567854,0.0473259,0.0158958,0.0094662,0.011759
0.0141449,0.0146975,0.0190266,0.013556,0.0117534,0.0202613,0.0213398,0.0324754,0.0277134,0.0176593,0.0130545,0.019118
0.0135986,0.0175823,0.0210316,0.0128397,0.00971699,0.0139124,0.0293279,0.0313879,0.0331405,0.0162168,0.00892851,0.0135044
0.0136747,0.0131717,0.0219347,0.0174505,0.0123847,0.014467,0.0270157,0.0461787,0.0336149,0.0147186,0.00849259,0.0104311
0.00745307,0.00823142,0.0217382,0.017833,0.00955627,0.0130122,0.0275112,0.0508904,0.0351498,0.0160777,0.0128248,0.0155328
0.0109554,0.0106236,0.0155548,0.010996,0.0102471,0.0159343,0.0159598,0.0345862,0.0356465,0.025566,0.016257,0.0207199
0.0130187,0.0152465,0.0205928,0.0153455,0.0101687,0.012869,0.020086,0.0426355,0.0395234,0.0140439,0.00808512,0.0142133
0.0100834,0.0221312,0.0391386,0.022553,0.012054,0.0158235,0.0323304,0.0506906,0.0355571,0.0137382,0.0135295,0.0181055
0.00521683,0.0192798,0.0253989,0.0121561,0.00777793,0.0102553,0.0206951,0.0280719,0.0136395,0.00739108,0.00766234,0.00716273
0.00904736,0.0199072,0.0293652,0.0194313,0.00848697,0.0184977,0.0167538,0.0212525,0.0194321,0.0146907,0.00905261,0.0146903
0.00742002,0.0119432,0.0162214,0.0107409,0.00772124,0.0125258,0.022648,0.0340609,0.0319732,0.0129333,0.0141511,0.0205977
0.00882394,0.0134126,0.0237312,0.0169251,0.0101418,0.0138976,0.0312953,0.0594844,0.0446476,0.0183343,0.00838361,0.0100522
0.0142714,0.0113295,0.012552,0.0124573,0.00616332,0.0110131,0.0216342,0.0369761,0.019656,0.0118087,0.0171268,0.0263559
0.00951741,0.0213635,0.0288418,0.0175406,0.0118641,0.0136685,0.0207466,0.0324591,0.0254036,0.0122856,0.0105309,0.0154811
0.010818,0.0159336,0.0296423,0.0152328,0.00949094,0.011334,0.027707,0.0519201,0.0293805,0.011372,0.0132227,0.0219472
0.0076636,0.00652228,0.0157068,0.0116491,0.00902877,0.0119765,0.0250879,0.0384167,0.0250989,0.0133154,0.0097722,0.014123
0.00588188,0.01381,0.0302774,0.0156672,0.00683613,0.0131023,0.0218271,0.0326944,0.0202034,0.008498,0.00969223,0.0135463
0.00956353,0.00882616,0.0143716,0.00991086,0.00749503,0.0141455,0.0270857,0.0383874,0.0248025,0.0138808,0.0139641,0.0188396
0.00609371,0.0107144,0.0254759,0.01461,0.00974602,0.0172342,0.0235989,0.0434314,0.0219752,0.0157443,0.0080695,0.0141858
0.00572606,0.0115318,0.0295217,0.0157425,0.00746142,0.0127369,0.0200773,0.0461642,0.0291076,0.0115197,0.00908864,0.014919
0.00599796,0.0133261,0.0307388,0.0150624,0.00722753,0.0132797,0.0371422,0.0681438,0.0404053,0.00912538,0.00813536,0.0132942
0.00424323,0.00614625,0.0229929,0.015574,0.00987563,0.0158393,0.0404407,0.0686911,0.0382447,0.014025,0.0089766,0.0109448
0.00364582,0.0108237,0.0219582,0.0114555,0.00418136,0.00877045,0.0222805,0.0529507,0.0290123,0.00345748,0.00501299,0.00671927
0.0033222,0.00655214,0.0137963,0.00731531,0.00231961,0.00602704,0.0150813,0.0410829,0.0237307,0.00439345,0.00493555,0.00854146
0.00268405,0.00261657,0.00291268,0.00199162,0.00240851,0.00514074,0.0215526,0.0412108,0.020887,0.00612945,0.00457122,0.00643936
0.00197022,0.00300252,0.00557686,0.00340201,0.00178193,0.00303465,0.0213869,0.0359608,0.0219011,0.00454958,0.00292322,0.00346129
0.00158848,0.0048455,0.0097401,0.0053492,0.00297923,0.00474858,0.0255514,0.0450558,0.0201833,0.00219466,0.00331949,0.00346195
0.0018351,0.0027203,0.00622729,0.00394387,0.00168705,0.00451995,0.0261482,0.0455034,0.020944,0.00428686,0.00305476,0.00335256
0.00135307,0.00369745,0.00728648,0.00382688,0.0023043,0.00491408,0.0248711,0.0445128,0.0206896,0.00376077,0.002262,0.00278601
0.000703592,0.00234641,0.00632006,0.00369461,0.00161044,0.0038287,0.0200998,0.035119,0.0170255,0.0026232,0.00124923,0.00236341
0.00169715,0.00230779,0.00602298,0.00335616,0.00136915,0.00252805,0.0143955,0.0261599,0.0125642,0.00234853,0.00232494,0.00367063
0.000976864,0.00243189,0.00562313,0.00325814,0.00103111,0.00155213,0.0117271,0.024637,0.0134107,0.00208219,0.00143626,0.00231496
0.000559143,0.00171315,0.00418017,0.00263392,0.00108382,0.00154919,0.0106175,0.0202281,0.00996348,0.00162482,0.00110537,0.00126783
0.000663287,0.00188217,0.00345008,0.00220949,0.00112372,0.00158784,0.00879211,0.0180559,0.0105075,0.00199584,0.00112794,0.00146263
0.000951325,0.000699549,0.00193922,0.0012547,0.000627397,0.00125868,0.00759474,0.0155445,0.00844421,0.00156686,0.000645406,0.00148355
0.000797699,0.00115321,0.00231709,0.00123757,0.000723579,0.00105538,0.00533838,0.0123425,0.00715361,0.00128874,0.000831705,0.00153249
0.000509704,0.00113239,0.00249643,0.00145076,0.000631906,0.000832847,0.00453693,0.00996533,0.00531854,0.00103349,0.000738553,0.00132145
0.000710017,0.000928788,0.00214135,0.0013268,0.000287599,0.000486298,0.00394694,0.00842825,0.0047074,0.000720217,0.000693755,0.00124387
0.000417188,0.000964285,0.00240618,0.00151012,0.000495373,0.00055587,0.00208698,0.00533244,0.00328509,0.000667378,0.00062308,0.000968184
0.000338141,0.000875335,0.00206906,0.00126428,0.000436213,0.000473399,0.00229391,0.00478837,0.00231609,0.000660555,0.000509743,0.000600558
0.00031619,0.000964986,0.00257432,0.00147946,0.000287439,0.000362603,0.00181734,0.00414063,0.0024092,0.000489691,0.000428896,0.000627708
0.000359103,0.00100581,0.00271735,0.00180587,0.000425458,0.000215183,0.00177915,0.00437591,0.00272428,0.000433636,0.000321584,0.0006746
0.000259786,0.000973748,0.00251322,0.00152208,0.000341006,0.00035402,0.00162303,0.00317197,0.00159643,0.00036529,0.00024056,0.000368274
0.000226723,0.00083228,0.00205113,0.00121909,0.000235847,0.000290477,0.00152123,0.00316166,0.00190655,0.000346602,0.000250434,0.000244742
0.000280599,0.000447751,0.00106764,0.00068837,0.000205138,0.000417507,0.00129067,0.00278399,0.0018924,0.000681901,0.000416814,0.000426025
0.000212211,0.000496079,0.00110722,0.000673081,0.000365449,0.000711585,0.00190444,0.00256267,0.00101018,0.000638255,0.000522962,0.00051226
0.000180694,0.000405603,0.000922144,0.000537249,0.000350224,0.000461577,0.00142199,0.00229498,0.00153697,0.000590405,0.000299669,0.000273741
0.000198179,0.000313661,0.000713638,0.000437311,0.00014457,0.000340823,0.000658663,0.00140287,0.00101704,0.000317036,0.000278977,0.00030731
0.000174736,0.000357306,0.000461238,0.000157047,0.000158407,0.000181046,0.000693056,0.00151851,0.00113173,0.000370332,0.000274691,0.000360274
0.000180023,0.0002179,0.000478401,0.000302779,0.000111287,0.000246725,0.000641512,0.00122716,0.000888751,0.000215653,0.000235004,0.000343714
0.000201335,0.0002112,0.000398165,0.000280679,0.000135371,0.000156219,0.000671887,0.00142667,0.000908639,0.000180831,0.000111629,0.000254342
0.00018071,0.000239976,0.000418793,0.000277625,0.000147574,0.000221787,0.000755085,0.0015701,0.000999231,0.000274714,0.000227659,0.000256598
0.000166692,0.000182055,0.000286573,0.000185284,0.000133602,8.99986e-05,0.000450921,0.000886136,0.000617397,0.000119867,0.000135599,0.000178316
8.08971e-05,0.00012433,0.000174076,0.000120432,0.00010665,8.30277e-05,0.000407579,0.000779135,0.00040753,0.000131153,0.000127262,8.97208e-05
0.000116344,0.000126452,0.000211771,0.000146455,9.55966e-05,0.000109987,0.000299468,0.000643331,0.000411644,0.00014419,7.63186e-05,9.60934e-05
0.00011798,0.000178447,0.000232515,0.000156484,0.000122348,0.000157045,0.000254621,0.000472311,0.0003147,0.0001166,9.99227e-05,9.28906e-05
0.000117953,0.00015976,0.000184188,0.000136582,9.143e-05,0.000116362,0.000219985,0.000367966,0.000232043,0.000108073,0.000173119,0.000154028
0.000186602,0.000214366,0.000285797,0.000245942,9.70171e-05,9.43443e-05,0.00014749,0.000355341,0.000268855,0.000151962,0.000154293,0.000156619
0.000110574,0.000167941,0.000286274,0.000220127,0.000147973,0.000138086,0.000286458,0.000485192,0.000319428,0.000145283,0.000151292,0.000155401
0.000154723,0.000174244,0.000279484,0.000136271,0.000120993,0.000132973,0.000230904,0.00047831,0.000350454,0.000183596,0.000228355,0.000192301
0.000194229,0.0001691,0.000272889,0.000135062,0.000126282,0.000123233,0.000130142,0.000285129,0.000247766,0.000111092,9.6072e-05,0.00018442
0.000148274,7.27936e-05,0.000127184,0.00013444,5.13633e-05,9.69514e-05,0.000121823,0.000245115,0.000185719,0.000203812,0.000132909,0.000135861
0.000122185,0.000105848,0.000134052,0.000134701,0.000120932,0.000156207,0.000183343,0.000261271,0.000170686,9.78076e-05,0.000102554,9.68537e-05
0.000147923,0.000170347,0.00022683,0.000151509,9.88302e-05,9.29118e-05,0.000121004,0.000207986,0.000164635,0.000105158,0.000111078,0.000121135
0.000121733,0.000139007,0.000134614,0.000122125,7.81505e-05,9.52785e-05,0.000159737,0.000238319,0.00018856,0.000134626,8.22208e-05,5.5535e-05
0.000123201,0.00013998,0.000107338,0.000110612,5.51012e-05,8.92084e-05,0.000142239,0.000246985,0.000172169,9.32637e-05,7.54861e-05,4.74463e-05
0.000159167,0.000119973,0.000111242,9.50631e-05,9.83753e-05,8.05304e-05,9.74052e-05,0.000191906,0.000181989,0.000149333,8.78043e-05,5.49546e-05
0.00011865,7.69336e-05,8.48962e-05,7.12172e-05,4.55557e-05,9.47721e-05,0.000119113,0.000169648,8.78224e-05,4.16074e-05,9.85565e-05,8.31201e-05
0.000104848,0.000118049,0.000117441,8.85929e-05,7.44558e-05,8.01383e-05,0.000108365,0.000225367,0.000157213,7.85217e-05,9.88852e-05,6.51769e-05
8.89897e-05,0.000110997,8.48673e-05,5.88288e-05,7.31879e-05,6.23907e-05,9.81023e-05,0.000189218,0.00016799,6.70368e-05,7.89249e-05,7.27966e-05
0.000101807,9.24479e-05,6.4558e-05,3.98529e-05,5.99672e-05,6.76831e-05,7.21492e-05,0.000108065,9.4669e-05,0.000119044,9.64876e-05,7.29094e-05
8.77424e-05,6.74766e-05,8.69169e-05,6.49528e-05,7.41945e-05,8.77614e-05,0.000127683,0.00012472,8.73127e-05,8.06304e-05,0.000102053,0.000107961
7.23868e-05,8.64721e-05,8.33419e-05,9.0468e-05,6.50145e-05,9.76161e-05,0.00012961,0.000110019,0.000103045,0.000137966,0.000180884,0.000152514
0.000118771,8.46502e-05,8.93705e-05,8.75625e-05,5.04051e-05,0.000109865,0.000149295,0.000136593,0.000117613,0.000111498,0.000143738,0.000154578
5.30688e-05,7.54432e-05,7.62349e-05,5.06078e-05,6.87362e-05,0.000105578,0.000108834,0.000106783,0.000111142,8.35949e-05,0.000120119,0.000105779
0.000121423,9.14755e-05,3.95162e-05,5.3203e-05,6.60662e-05,9.33075e-05,0.000112163,0.000151778,0.000128574,6.87458e-05,9.15851e-05,8.20025e-05
0.000120204,9.75761e-05,0.000123529,0.000110654,0.000101574,9.30977e-05,0.000113299,0.00013753,0.000132188,9.94308e-05,7.21174e-05,8.96723e-05
0.000113334,0.000193343,0.000244524,0.000144007,7.48385e-05,6.60676e-05,0.000122492,0.000161018,0.000164734,0.000130823,0.000146819,0.000160515
0.000141201,0.000243425,0.000397092,0.000161524,5.19479e-05,9.51809e-05,0.000123419,0.000171609,0.000129665,0.000235135,0.000432974,0.00029464
7.32437e-05,0.000368173,0.000659909,0.000263053,4.83214e-05,9.7027e-05,7.30998e-05,0.000144415,0.000179788,0.00045326,0.0010156,0.00065109
0.000208783,0.000505422,0.0010948,0.000505725,4.38172e-05,9.70815e-05,9.88314e-05,0.000128335,0.000280359,0.000861201,0.00140849,0.00089316
0.000218676,0.000418911,0.000849739,0.000375371,8.78951e-05,0.000129721,0.000147983,0.00019692,0.000162311,0.000434364,0.0010557,0.000785793
0.000123921,0.000535314,0.00121858,0.000658765,6.42987e-05,6.89491e-05,0.000135581,0.000197393,0.000205294,0.00053174,0.000749722,0.000396675
0.000153463,0.000614567,0.00146885,0.000772675,0.000101623,9.53839e-05,0.00013259,0.000246355,0.00026707,0.000636409,0.0008796,0.000497459
0.000166541,0.000590073,0.00155519,0.000854522,0.000115369,0.000162878,0.000193325,0.000290923,0.000309926,0.000574,0.000665058,0.000327665
0.000109819,0.000568387,0.00144668,0.0007668,6.49164e-05,9.92282e-05,0.000167427,0.000214864,0.000148682,0.000386103,0.000529384,0.000278905
5.72473e-05,0.000627585,0.00160236,0.000889048,0.000121629,0.000136226,0.000132477,0.000180875,0.000175291,0.000466114,0.000588914,0.000231547
0.00012199,0.000777797,0.00204498,0.00111334,9.65665e-05,0.000100324,0.000112292,0.000207307,0.000209493,0.000326759,0.000260905,0.000156689
9.44774e-05,0.000671765,0.00176725,0.00101037,0.000132761,0.000110872,0.000102879,0.000129097,0.000179703,0.000357269,0.000550472,0.000308483
9.46768e-05,0.000860015,0.00223796,0.00127312,0.000130149,0.000108141,9.15814e-05,0.000170914,0.000134585,0.000192617,0.000409681,0.000284591
8.04631e-05,0.00077657,0.00202433,0.0011524,0.000122306,7.21014e-05,8.22357e-05,0.000156936,0.000258684,0.000314709,0.000291795,0.000176549
0.000166625,0.00054849,0.00160527,0.000970156,9.98275e-05,8.16872e-05,0.000125946,0.000290704,0.000318856,0.000592999,0.000995998,0.000465759
0.000118224,0.000626614,0.00188258,0.0011539,0.000137412,0.000119114,0.00016939,0.00024311,0.000393759,0.000622398,0.00113306,0.000583979
0.000271932,0.000514603,0.0013876,0.000828602,8.87242e-05,9.54891e-05,0.000233104,0.000590286,0.000405826,0.00091967,0.0017134,0.0011219
0.000236906,0.00060938,0.00151856,0.000895327,0.000126534,0.000133719,0.00026108,0.000356498,0.00036916,0.00100226,0.00292917,0.00167505
0.000200042,0.000603111,0.00144928,0.000917855,0.000142732,0.000170584,0.000230841,0.000446334,0.000423213,0.00141584,0.00301576,0.00146891
0.000126152,0.000630211,0.00171349,0.000984834,0.000142918,0.000157895,0.000215108,0.000396314,0.000401551,0.000724316,0.00101902,0.000581408
0.000132105,0.000754532,0.00216059,0.00125309,0.000165404,0.000191325,0.000230725,0.00045922,0.000432749,0.000686143,0.00124787,0.000639187
0.000146329,0.000641046,0.00165285,0.000931107,9.83572e-05,0.000116883,0.000252102,0.000522596,0.000328255,0.000397762,0.000799915,0.000480615
0.000151076,0.000666655,0.00192117,0.00119297,0.000162348,0.0001534,0.000278607,0.000476977,0.000303206,0.000546216,0.00110669,0.000677945
0.000162847,0.000664189,0.00182229,0.00105328,0.000183259,0.000174516,0.000143707,0.000195412,0.000213996,0.000485687,0.00120093,0.000802991
9.42009e-05,0.000614987,0.00178461,0.00106585,0.000180503,0.00020537,0.000159706,0.000196266,0.000213164,0.000324239,0.000569431,0.000428562
0.000102344,0.000623238,0.00185751,0.00116393,0.000182,0.000205925,0.000191329,0.000132297,0.000126998,0.000487812,0.000937937,0.000535932
0.000108506,0.000532382,0.00150304,0.000897093,0.000137021,0.000124301,0.000149044,0.000180049,0.000117257,0.000433633,0.000825019,0.000392367
0.000138167,0.000567182,0.00178467,0.00112183,0.000127905,8.9577e-05,7.91923e-05,0.000149936,0.000147331,0.000393743,0.000763422,0.000429586
0.000116722,0.000520787,0.00149988,0.000945113,0.000145582,0.000147184,0.000120566,0.000108599,0.000102831,0.000412237,0.000853685,0.000469014
0.000160581,0.000504093,0.0014474,0.00088113,9.60323e-05,8.86324e-05,0.000162385,0.000208019,0.000204957,0.00017345,0.000392196,0.000278726
0.000138753,0.000583125,0.00180807,0.00112229,0.000198408,0.000202068,0.000324335,0.000619749,0.000430661,0.000584677,0.00138913,0.000872286
0.000212197,0.000570208,0.00162045,0.000964419,0.000141254,0.000139766,0.000206173,0.000485276,0.000282751,0.000157474,0.00051199,0.000381724
0.000311695,0.000733318,0.00190416,0.00116142,0.000133627,7.77604e-05,0.000112365,0.000367281,0.000270882,0.000458686,0.00105376,0.000671388
0.000247235,0.000642975,0.00168564,0.00100409,0.000131145,0.000220772,0.000239127,0.000258161,0.000186723,0.000632659,0.00116449,0.000712492
0.000209929,0.000538454,0.00140235,0.00086132,0.000192552,0.000244384,0.000420075,0.000719222,0.000443398,0.000847298,0.00196132,0.00115234
0.000245677,0.000717757,0.00180951,0.0011205,0.000164948,0.00013589,0.000209845,0.000502028,0.000197253,0.000905796,0.00176914,0.000815959
0.000154514,0.000640946,0.00161746,0.00094538,0.000164618,0.000164136,0.000312825,0.000560847,0.000315341,0.000900739,0.00193526,0.00105079
0.000270223,0.00071684,0.00194442,0.0011548,0.000152814,0.000124736,0.000272647,0.000743148,0.000478133,0.000621173,0.00153347,0.000991638
0.000171434,0.000737599,0.00220333,0.00130045,0.000159041,0.000130104,0.000221932,0.000595945,0.000433401,0.000867677,0.001903,0.00122277
0.000128658,0.000676961,0.00198421,0.00122234,0.000179647,0.000143865,0.00031974,0.00077612,0.000537712,0.000461443,0.000789653,0.000491603
0.000149973,0.000712161,0.00222923,0.00138739,0.000161106,0.000141515,0.000199268,0.000433869,0.000322231,0.000351521,0.000431559,0.000247958
0.000159769,0.000749963,0.00216529,0.00133272,0.00018455,0.000126958,0.000238262,0.000462709,0.000246455,0.000674464,0.00118107,0.00046972
5.87253e-05,0.000597171,0.00188352,0.00117726,0.00015465,9.11161e-05,0.000219242,0.000440629,0.000350221,0.000274404,0.00053015,0.000264791
0.000127486,0.000711467,0.00213092,0.00131327,0.000152731,8.49411e-05,0.000149085,0.000432863,0.000368985,0.000234897,0.000479649,0.000311782
7.7786e-05,0.000520745,0.00167163,0.00104658,0.00014017,7.87764e-05,0.00021917,0.000332195,0.000186206,0.000357996,0.000567381,0.000249794
0.000109446,0.000598074,0.00188653,0.00117892,0.000137358,8.96587e-05,0.0001725,0.000226254,9.42285e-05,0.000312557,0.000273973,9.35741e-05
0.000133269,0.000610947,0.00174947,0.0010336,0.000101097,0.0001286,0.00015807,0.000199122,0.000192424,0.000330654,0.000371289,0.000178464
0.00012622,0.000553068,0.00165378,0.00101473,0.00010826,6.58181e-05,5.28134e-05,8.50172e-05,0.00015143,0.000301089,0.000336435,0.000101839
0.000100092,0.000692253,0.00207872,0.00127162,0.000132746,4.84294e-05,8.7052e-05,0.000168998,0.00018858,0.000319116,0.000337481,0.000150352
9.26397e-05,0.000561449,0.00168214,0.00103316,0.000128368,8.19166e-05,0.000114008,0.000123292,0.000105088,0.000319976,0.000358462,0.000151811
0.000133386,0.000759836,0.00218397,0.00128243,0.000143892,9.37144e-05,0.000142984,0.000138146,0.000179028,0.000294693,0.000252415,0.000156351
0.000127933,0.000737011,0.00212343,0.00125261,0.000143942,7.75888e-05,8.69363e-05,0.000101163,0.000103411,0.000320151,0.000301291,0.000125684
0.000221001,0.00085633,0.00224414,0.00133795,0.000155327,6.74941e-05,9.25684e-05,0.000159304,0.000197221,0.000368716,0.000260319,0.000141134
0.000332989,0.000972692,0.00267984,0.00166826,0.000261947,0.000148002,0.000155457,0.000189907,0.000230409,0.000366001,0.000402629,0.000292451
0.000229491,0.000760511,0.00210742,0.00137643,0.000341478,0.000138492,8.87299e-05,0.000183178,0.000213926,0.000481863,0.000507286,0.000265164
0.000161073,0.000910053,0.00257366,0.001671,0.000376191,0.000208595,0.000164986,0.000201127,0.000211495,0.000633376,0.000569915,0.000228377
0.000112256,0.000844374,0.00235461,0.00149136,0.000246912,0.00022539,9.21313e-05,0.000154029,0.000279968,0.000485668,0.000252774,0.000137119
0.000217649,0.000708496,0.0020684,0.00138668,0.000262126,0.000175024,0.000137301,9.82216e-05,0.000192429,0.00035392,0.000318469,0.000174825
0.000293607,0.000931584,0.00261461,0.00168036,0.000292314,9.20858e-05,7.76124e-05,0.000115438,0.000240446,0.000342021,0.000283237,0.000157016
0.000270333,0.000824367,0.00218397,0.00137531,0.000252696,0.000127543,6.98535e-05,9.00824e-05,0.000159641,0.000268948,0.000246477,0.000140401
0.00024856,0.000928341,0.00264428,0.0016511,0.000234084,9.42725e-05,6.53249e-05,7.16143e-05,0.000205794,0.000374702,0.000190751,0.000120399
0.000154,0.00091283,0.00255825,0.0014913,0.000129404,5.97285e-05,4.10429e-05,3.80519e-05,0.000151394,0.000299818,0.000213778,0.000120965
0.000106573,0.000737735,0.00236222,0.00148587,0.00016886,9.04742e-05,6.893e-05,6.99392e-05,0.00011222,0.000267694,0.000193322,7.36113e-05
0.000146276,0.000919792,0.00275138,0.00173535,0.000254141,0.000123918,8.4188e-05,9.60203e-05,0.000167296,0.000325068,0.000205804,7.43614e-05
0.000114829,0.000734695,0.00239104,0.00147158,0.000200951,0.000101052,5.6526e-05,6.86123e-05,0.000144698,0.000286016,0.000209679,0.000114995
0.000107384,0.00088015,0.00269239,0.00168655,0.000238644,0.000122706,0.000122339,7.65814e-05,0.00019672,0.000385064,0.000268805,9.48091e-05
0.000110668,0.000987931,0.00282065,0.00169784,0.000216081,6.02754e-05,5.67564e-05,9.03078e-05,0.000153553,0.000389293,0.000291404,0.000123412
0.000109546,0.000736123,0.00232813,0.00142165,0.000161743,6.19795e-05,6.09384e-05,7.79248e-05,0.00017775,0.000409033,0.000314247,0.000157108
0.000170536,0.00108558,0.00304085,0.00178289,0.000226249,0.000104306,0.00010814,0.000118538,0.000519634,0.00102093,0.00051246,0.000150832
0.000140197,0.000946991,0.00265278,0.00150497,0.000275898,0.000240693,0.000182055,0.000137932,0.000434434,0.000714111,0.000422201,0.000191457
0.000230821,0.000880134,0.00284115,0.00177968,0.000289751,0.000244707,0.00021894,0.000107635,0.000393738,0.00095324,0.000506901,0.000158426
0.000248527,0.00120183,0.00320812,0.00188404,0.000311927,0.000412313,0.000275137,0.000118231,0.000541256,0.00115395,0.00059999,0.000121143
0.000248549,0.000908127,0.00285251,0.00172523,0.000329549,0.000397824,0.000232107,9.49268e-05,0.000599376,0.0013533,0.000677403,0.000163949
0.000215179,0.00128429,0.00360726,0.00217492,0.000453995,0.000372342,0.00015736,7.1593e-05,0.000388126,0.00118414,0.000924238,0.000172388
0.000157937,0.00117991,0.00325322,0.00187441,0.000184301,0.000173844,0.000114491,7.31571e-05,0.00042156,0.000982784,0.000542895,0.000115552
0.000170491,0.00101245,0.00303796,0.00185293,0.000249745,0.000179874,0.000123304,0.000122508,0.000378663,0.000775941,0.000419627,0.000117077
0.00012699,0.00113474,0.00333614,0.00200127,0.000278732,0.000218542,0.000112096,6.66033e-05,0.000286076,0.000899208,0.000603162,0.000166731
0.000161256,0.000980039,0.00290999,0.00169288,0.000214134,0.000178181,0.000100801,5.06365e-05,0.000245528,0.000627002,0.000387981,0.00011156
0.000116378,0.00116516,0.00334302,0.00197053,0.000245708,0.000147279,0.000103656,7.73737e-05,0.000264285,0.000827799,0.00054337,9.38813e-05
8.07965e-05,0.00102032,0.00291615,0.00169329,0.000196722,0.000160197,0.000105917,5.72611e-05,0.00028081,0.000677652,0.00045366,0.000102265
0.00012462,0.000855125,0.00266007,0.00156785,0.000180163,0.000114324,8.13782e-05,7.39663e-05,0.000252705,0.000640993,0.000371887,0.000102678
0.000114936,0.000842068,0.00261201,0.00156591,0.000174873,0.000146001,9.19163e-05,0.000130484,0.000399223,0.000757204,0.000360638,0.00018742
0.000303733,0.000816367,0.00241003,0.00138956,0.000112869,0.000413498,0.000314243,0.000129502,0.0004983,0.000953833,0.000593256,0.000191896
0.000198076,0.000966253,0.00268813,0.0015637,0.000204996,0.000259769,0.000237655,0.000124765,0.00040972,0.00118999,0.000763375,0.000195785
0.000502616,0.000879527,0.00234046,0.00133897,0.000423338,0.000464652,0.000245054,0.000231844,0.000775968,0.00184277,0.00134403,0.000507374
0.000386777,0.000912867,0.00227639,0.00149492,0.000800916,0.000880922,0.000490559,0.000233663,0.00113314,0.00249506,0.00130678,0.000206238
0.00041837,0.000710192,0.00228312,0.001442,0.00055728,0.000601241,0.000346222,0.000221435,0.000601904,0.00185893,0.0012486,0.000253299
0.000464647,0.000814917,0.00199734,0.00122936,0.000410172,0.000429064,0.000252678,0.00020719,0.000802455,0.00145983,0.000654264,0.000308339
0.00041693,0.00102035,0.0021512,0.001263,0.000271275,0.000316932,0.000226126,0.000208938,0.000876775,0.00212012,0.00119223,0.000202571
0.000276864,0.000660738,0.00171077,0.00104127,0.000370686,0.000346983,0.000209871,0.000163974,0.000513911,0.00116423,0.000693079,0.000171365
0.00017834,0.000672678,0.00165465,0.000989486,0.000265962,0.00032751,0.000187986,0.000202755,0.000423407,0.000880259,0.000544296,0.000153602
0.000158337,0.000609102,0.00158571,0.000915298,0.000192278,0.000296645,0.000136932,0.000107649,0.000559225,0.000986432,0.000534016,0.000133181
0.000172083,0.000485708,0.00130954,0.00072192,0.000198126,0.000290012,0.000221848,0.000153107,0.000170364,0.000333769,0.000228732,0.000155374
0.000169273,0.000624515,0.00147099,0.000846068,0.000201822,0.000211811,0.000135401,0.000123262,0.000312217,0.000638968,0.000395994,0.000119957
0.000148993,0.00053692,0.00129704,0.000766031,0.000185324,0.000148858,0.000115503,0.000120976,0.000315777,0.000645426,0.00035525,9.85681e-05
0.000131288,0.000526744,0.00132458,0.000760907,9.5801e-05,0.000158107,0.000129247,8.46362e-05,0.000231996,0.000479793,0.000261605,8.75198e-05
0.00020052,0.000567966,0.00139841,0.000866566,0.000240665,0.000224162,0.000127818,8.93563e-05,0.00022431,0.000440532,0.00023818,0.000110895
0.000266378,0.000581431,0.00127209,0.000771166,0.000246449,0.000363555,0.000210235,0.000143885,0.000178098,0.000306502,0.000302891,0.000208501
0.000325501,0.000496207,0.00135655,0.00077769,0.000402242,0.000465634,0.000258424,0.000117685,0.000590773,0.00143288,0.00090606,0.000176524
0.000260401,0.000437782,0.00117393,0.000680102,0.000142724,0.000214384,0.000147431,0.000132842,0.000450432,0.000829914,0.000408879,0.000140721
0.000199116,0.000486411,0.00105756,0.000643373,0.000298041,0.000406999,0.000335808,0.000158119,0.000771652,0.00158586,0.000922802,0.000195798
0.000307402,0.000638931,0.00122631,0.000653689,0.000247272,0.000480002,0.000348679,0.000152677,0.000746298,0.00159669,0.000702149,0.000146661
0.00029751,0.000432642,0.000895036,0.000630647,0.000381021,0.000382638,0.000135825,0.000101504,0.00113625,0.00231026,0.00110451,0.000194813
0.000249448,0.00041995,0.00110769,0.00063395,0.000130881,0.000188135,0.000162034,0.000117053,0.000828416,0.00131341,0.000608885,0.000174158
0.00023842,0.000417638,0.000897404,0.000519182,0.000167586,0.000389868,0.000253909,9.58844e-05,0.00049249,0.000885991,0.000344326,0.000181334
0.000189209,0.000259864,0.000792124,0.000533353,0.000201785,0.000268304,0.000167166,9.54824e-05,0.000341629,0.000927048,0.000518282,0.000136139
0.000327716,0.00035154,0.000945904,0.000609744,0.00016557,0.000117591,0.000113869,7.42292e-05,0.000412671,0.000833814,0.000454193,0.000171447
0.000185428,0.000355802,0.000720628,0.000387577,0.000149989,0.000204431,0.000112728,4.2553e-05,0.000516065,0.00108303,0.000529808,0.000106621
0.000172357,0.000396193,0.000935318,0.00059095,0.000207215,0.000210032,0.000158881,5.62991e-05,0.000495715,0.0011433,0.000644588,9.73209e-05
0.000166806,0.0003551,0.000861369,0.000549578,0.000187131,0.000203869,0.000153392,7.93225e-05,0.00039138,0.000758976,0.000322856,0.000105532
0.000164653,0.000312964,0.000668353,0.000389783,0.000150742,0.00022529,0.000189043,9.70556e-05,0.000183028,0.000292619,0.000203606,7.50067e-05
0.000121183,0.000284313,0.000778354,0.000455697,0.000111964,0.000151779,9.6668e-05,9.19077e-05,0.000266067,0.000691774,0.000453019,0.000128731
0.00015517,0.000267932,0.00066192,0.000409868,0.000155145,0.000187075,0.000124834,7.21501e-05,0.000239878,0.000546426,0.0003535,0.000104337
0.000123933,0.00027249,0.000715142,0.000441564,0.000147675,0.000133133,8.56828e-05,6.51475e-05,0.000200973,0.000451241,0.00023746,8.30314e-05
0.00010425,0.000295652,0.000771321,0.000440038,0.000103596,0.000134313,9.58013e-05,7.27139e-05,0.000206633,0.000451489,0.000268283,0.000101649
9.96949e-05,0.000278224,0.000730266,0.000419205,7.59398e-05,0.000116344,8.60145e-05,4.21762e-05,0.000179278,0.000344054,0.000220154,7.48708e-05
9.24795e-05,0.000389503,0.000863013,0.000488098,6.42915e-05,0.000121328,8.08835e-05,5.38312e-05,0.000225322,0.000441964,0.000246654,8.2939e-05
0.000131343,0.000293959,0.0007088,0.000419549,6.64116e-05,0.000100843,6.3488e-05,3.94481e-05,0.00015276,0.000307698,0.000169148,0.000119777
0.000110201,0.000324563,0.000769406,0.000466504,9.32937e-05,5.35561e-05,4.4128e-05,4.99325e-05,0.000105179,0.000246316,0.000161245,9.79881e-05
0.000131302,0.000376325,0.000935883,0.000568448,0.000103854,6.85953e-05,5.03254e-05,5.70898e-05,0.000173989,0.000323519,0.000199528,0.000112391
0.000171178,0.000319451,0.000774417,0.000464393,0.000106972,3.95311e-05,7.71273e-05,7.96868e-05,0.000114345,0.00024811,0.000163585,0.000105717
0.00017695,0.00037822,0.000954599,0.000545132,0.000101452,8.82707e-05,7.6193e-05,7.20008e-05,0.000104539,0.000186949,0.000142748,0.000119788
0.000179286,0.000334866,0.00081459,0.000463577,7.12815e-05,8.77051e-05,5.31234e-05,5.96731e-05,0.000136157,0.000261543,0.000168246,0.000112235
0.000170763,0.000306205,0.000771695,0.000445754,8.89958e-05,6.19052e-05,6.39542e-05,4.61482e-05,0.000109233,0.000216887,0.000151989,0.000110741
0.000162009,0.000370203,0.000978027,0.000568444,9.43531e-05,6.42812e-05,7.66021e-05,7.90614e-05,0.000106443,0.000243439,0.000159838,0.000104689
0.000149644,0.000322565,0.00071335,0.000411545,5.29224e-05,6.89173e-05,8.75059e-05,7.69367e-05,0.000138541,0.000245483,0.000141602,7.47103e-05
0.000152374,0.000343769,0.000852395,0.000511207,8.3815e-05,5.61024e-05,5.4924e-05,8.16926e-05,0.000152581,0.000251332,0.000131635,7.78883e-05
0.000146249,0.000318928,0.000795814,0.000478845,7.32022e-05,5.06156e-05,5.77664e-05,7.04808e-05,0.000116969,0.000242786,0.000134109,3.84296e-05
0.000149291,0.000308857,0.00073054,0.000425053,8.71452e-05,5.67162e-05,5.30883e-05,7.12614e-05,0.000170135,0.000284031,0.000163153,7.99317e-05
0.000123231,0.000348775,0.00086907,0.000500346,6.55436e-05,5.37405e-05,5.4082e-05,5.68525e-05,0.000199605,0.000379881,0.000250333,7.16075e-05
0.000158457,0.000356423,0.000741759,0.000379176,8.89067e-05,6.72409e-05,0.00010401,0.000124382,0.000207676,0.000391658,0.000242957,7.88901e-05
0.000227146,0.000444863,0.000908589,0.000461725,5.74332e-05,7.40538e-05,8.4373e-05,5.57217e-05,0.000183739,0.000349329,0.000220945,6.01679e-05
0.000241496,0.000408829,0.000712016,0.000320388,7.92815e-05,9.53373e-05,7.86772e-05,8.61715e-05,0.000174909,0.000345191,0.000227067,0.000107476
0.000204168,0.000361532,0.000550913,0.00029465,7.86959e-05,8.21915e-05,8.46196e-05,8.79436e-05,9.11631e-05,0.000152646,0.000131547,7.71908e-05
0.000186317,0.000288888,0.000600508,0.000301426,5.96137e-05,9.993e-05,0.000392611,0.00080248,0.000428267,0.000192996,0.00012034,0.000136128
0.000131367,0.000146737,0.000295441,0.000181705,0.000100924,9.78669e-05,0.000466653,0.00114937,0.000555624,0.000126723,0.000158535,0.000120168
0.000201637,0.00030294,0.000336562,0.00029316,0.000147819,6.97352e-05,0.000627918,0.0014593,0.000691061,0.000145787,0.000168001,0.000249258
0.000105092,0.000239592,0.000352409,0.000246556,9.87764e-05,0.000115657,0.000597577,0.00116255,0.000589946,0.000233357,0.000331619,0.000323585
0.00018042,0.0002405,0.000333588,0.00017754,6.15912e-05,9.0694e-05,0.000750055,0.00146371,0.000661706,0.000149235,0.000393071,0.000479898
0.000108958,0.000320157,0.000447307,0.000322408,0.000125887,8.95756e-05,0.00110251,0.00236347,0.00107609,0.000108315,0.000204549,0.000315736
0.000129464,0.000236101,0.000433858,0.000294957,0.000175402,0.000136598,0.000893701,0.00184914,0.000850964,0.000162791,0.000198138,0.000232043
0.000113245,0.00022208,0.000450057,0.000381579,0.000199619,0.000101888,0.000807335,0.00175858,0.000833991,9.89897e-05,7.96077e-05,9.44173e-05
0.000114276,0.000119827,0.000353494,0.000283351,0.000107822,7.71765e-05,0.000902579,0.00203842,0.000962635,0.000134811,0.000204373,0.000153073
0.000103021,0.000104335,0.000204642,0.000240442,0.000111677,6.5718e-05,0.000905788,0.00192858,0.000905432,0.000130421,0.00010292,0.000106985
0.000132318,0.00017289,0.000236177,0.000217437,0.000113373,9.47609e-05,0.000983219,0.00217007,0.00105035,0.000102983,0.000137149,0.000180166
0.000131429,0.00011859,0.000142381,0.00019332,0.000117243,7.44327e-05,0.000877971,0.00196892,0.000960017,9.27829e-05,8.51932e-05,0.00015223
0.000100053,0.000140302,0.000212426,0.00019267,8.18992e-05,7.66043e-05,0.000651695,0.00149763,0.000714906,0.000160059,0.00012306,0.0001085
0.000229758,0.000205964,0.000282299,0.000265717,0.000104264,7.25646e-05,0.000710999,0.00170565,0.000869073,0.000107768,0.000116619,0.000126665
0.0001417,0.000112143,0.000312174,0.000381652,0.000217625,0.000103045,0.000813989,0.00186851,0.000933251,0.000175147,0.000242287,0.000161932
0.000181195,0.000233008,0.000393204,0.0003949,0.000113369,0.00011212,0.00102038,0.00231882,0.00109502,0.00020476,0.000318229,0.000355933
0.000141652,0.000196833,0.000268811,0.00038118,0.000160697,0.00011505,0.000688073,0.00172063,0.000886862,0.00021979,0.000253831,0.000199607
0.000157647,0.000379104,0.000666091,0.000660781,0.000286746,8.25402e-05,0.00116827,0.0027944,0.00150679,0.000274326,0.000428906,0.000475979
0.000220221,0.000440384,0.000859503,0.00066701,0.000171076,8.78631e-05,0.00082653,0.00189897,0.00102166,0.000132983,0.000485085,0.000386147
0.000165829,0.000216916,0.000469802,0.000588783,0.00031366,0.00013284,0.000913799,0.00193338,0.000919573,0.000128711,0.000394603,0.000393039
0.000139859,0.000258704,0.000509435,0.000738813,0.00035028,0.00011777,0.00106986,0.00248829,0.0012488,0.000198707,0.000432949,0.000391303
0.000168043,0.000226701,0.000416337,0.000506421,0.000256897,0.000156533,0.00114548,0.00271129,0.00139103,0.000166277,0.000305891,0.000295063
0.000117139,0.000190855,0.000396984,0.000440025,0.000201161,0.000108906,0.000915421,0.00233663,0.00129036,0.000156071,0.000124176,0.000182642
0.000121391,0.000149468,0.000286861,0.000342473,0.000212701,8.62885e-05,0.00105268,0.00262226,0.00132406,8.65677e-05,0.000133807,0.000121704
7.20847e-05,0.00010065,0.000165027,0.000253083,0.000188053,7.85831e-05,0.00137873,0.0033892,0.0017228,0.000172664,7.45913e-05,0.000100158
0.000187383,0.000144465,0.000280383,0.000180292,0.000119527,8.28534e-05,0.00146615,0.00349847,0.00174996,0.000160462,0.000124978,0.000149115
0.000108574,0.00013448,0.000166225,0.000268872,0.000151368,6.4628e-05,0.00121051,0.00310836,0.00160505,0.000140543,0.000104091,0.000123814
5.66088e-05,7.48661e-05,9.75884e-05,0.000215475,0.000106584,7.09266e-05,0.00116515,0.00292812,0.00153806,0.000133609,0.000150514,0.000152258
0.00016592,0.000164222,0.000190379,0.000263866,0.000168375,6.77488e-05,0.00119918,0.00300005,0.00158229,0.000183574,0.000119761,0.000116219
0.000234682,0.000195712,0.000340839,0.000532552,0.000306687,0.000110217,0.00121812,0.00314569,0.00162867,0.000210535,0.000257631,0.000234868
0.000166724,0.000260364,0.000431692,0.000763346,0.000492325,8.44024e-05,0.00119711,0.0030548,0.00162738,0.000145677,0.000321572,0.000277286
0.000147133,0.00025599,0.000428373,0.000543158,0.000285031,0.000153384,0.00126671,0.00308566,0.00161078,0.000189639,0.000461572,0.000480816
0.00014886,0.000207138,0.000491002,0.000510543,0.000266606,0.000163559,0.00108662,0.00247361,0.00126873,0.000228548,0.000303087,0.000290839
0.000187683,0.000271787,0.000367667,0.000440397,0.000287119,0.000175727,0.000974181,0.00237304,0.00128017,0.00031188,0.000379119,0.000206271
0.000287981,0.000279419,0.000533944,0.000727198,0.00036987,0.000182951,0.00111447,0.00280896,0.00152117,0.000225599,0.00035174,0.000290671
0.000204242,0.000196233,0.00047631,0.000788359,0.000439697,0.000178224,0.00109948,0.00248191,0.00121102,0.000285498,0.000872792,0.000647716
0.000253733,0.00023944,0.00048484,0.000813865,0.00039445,0.000278884,0.00106353,0.00294218,0.00159507,0.000232715,0.000310897,0.000376383
0.000133894,0.000172095,0.000488969,0.00052565,0.000272061,0.000172615,0.00133648,0.00334564,0.00174384,0.000201308,0.000444806,0.000329878
0.000131859,0.000140454,0.000385422,0.000604535,0.000368394,0.000119593,0.00136296,0.00361467,0.00194319,0.000319944,0.000244106,0.000298028
0.000127293,0.000194237,0.00049578,0.000597171,0.000332013,0.00012518,0.00133702,0.00335951,0.00175848,0.000124388,0.00022156,0.000194713
0.000211686,0.000188081,0.000355453,0.000391266,0.000205903,0.000126746,0.00134539,0.00328211,0.00171763,0.000249642,0.0003224,0.000282885
9.29422e-05,0.000133997,0.000228001,0.000324943,0.000258606,0.000111368,0.00152289,0.00404048,0.00216283,0.000209518,0.000282721,0.000184096
0.000128722,9.35384e-05,0.000226019,0.000419887,0.000287186,0.000134651,0.00179326,0.00462159,0.00234269,0.000179658,0.0002448,0.000228185
0.000106739,0.000142674,0.00020906,0.000273729,0.000167662,0.000110915,0.00162692,0.00428186,0.00222867,0.000259739,0.000286277,0.000191938
0.000157241,0.000154196,0.000154163,0.000200384,0.000169656,0.000128152,0.00165089,0.00422233,0.00216954,0.000214644,0.000409099,0.000308669
9.20479e-05,0.000100255,0.00015331,0.000135705,0.000117886,9.80808e-05,0.0015558,0.00409517,0.00218052,0.000296775,0.000307176,0.000198357
0.000144655,0.000105162,0.000180863,0.000288142,0.000272526,8.88977e-05,0.00178053,0.00470209,0.00245126,0.000238069,0.000285641,0.00017786
0.000122662,0.000105561,0.000249688,0.000231826,0.000122969,0.000124205,0.00216876,0.00570671,0.00308451,0.000361282,0.000276678,0.00016672
0.00012681,0.00013697,0.000224079,0.00042934,0.000325389,0.000117543,0.00210184,0.00506157,0.00251423,0.000174367,0.000173622,0.00016516
0.000236286,0.00011287,0.000243289,0.000318381,0.000199271,0.000291378,0.000989534,0.00192852,0.00119078,0.000375895,0.000204919,0.00027847
0.00142949,0.000732599,0.000175306,0.000333493,0.000139948,0.000142262,0.000369386,0.00110151,0.000703901,0.00013162,0.000162866,0.00118017
0.00269393,0.00136275,0.00021821,0.000314893,0.000232115,0.000131542,0.000653218,0.0015735,0.000874881,0.000164899,0.000116502,0.00139731
0.00260354,0.0012066,9.91179e-05,0.000248099,0.000186879,9.96675e-05,0.000611782,0.001684,0.000958691,0.000141262,0.000183932,0.00150508
0.00270376,0.00117108,0.000140168,0.00025198,0.00020443,0.000146462,0.000686114,0.00153569,0.000839108,0.00018285,0.000176029,0.00172623
0.00261071,0.00123239,0.000182082,0.000216484,0.000165263,0.00011942,0.000293447,0.000735753,0.000443714,0.000154842,0.000170935,0.00153305
0.00340436,0.00165757,0.000167566,0.000190732,0.000150502,0.000113262,0.000324172,0.000839224,0.000510539,0.00013871,0.00012714,0.00195026
0.0037634,0.00187439,0.000185127,0.000200852,0.000132624,0.000105262,0.000611873,0.00141708,0.000753227,9.55095e-05,0.000103791,0.0019793
0.00408141,0.00200815,0.00025054,0.000150342,8.87013e-05,0.000126938,0.000436382,0.0009283,0.000546697,0.000170359,9.08147e-05,0.0019659
0.00441441,0.00215174,0.00021755,0.000123327,9.07876e-05,8.94404e-05,0.000276038,0.000653382,0.000441892,0.000109908,7.70651e-05,0.00217905
0.00433337,0.00219734,0.00018129,0.000118064,9.2208e-05,8.38596e-05,0.000297048,0.00067601,0.000417793,0.000106864,0.000105933,0.00199088
0.00443439,0.00224752,0.000194301,0.000121931,8.04078e-05,5.38891e-05,0.000255556,0.000530219,0.000341108,0.00012656,9.1953e-05,0.00202059
0.00458273,0.00233901,0.00024562,0.000122801,9.86012e-05,8.27096e-05,0.000177264,0.000438928,0.000369993,0.000210902,0.000130021,0.00211035
0.00443161,0.00222731,0.000179962,0.000100697,8.73506e-05,9.10952e-05,0.000209191,0.000379252,0.000243126,0.000114705,0.000100371,0.00203238
0.00455439,0.00228111,0.000202798,0.000139972,0.000116538,0.000109846,0.000180408,0.000378512,0.000266371,0.00014071,0.000130672,0.00219758
0.00468864,0.00244872,0.000305439,0.000130032,8.31824e-05,9.29141e-05,0.000193865,0.000372173,0.000226145,0.000104946,0.000123227,0.00223401
0.00382108,0.00190341,0.000144156,0.00016445,0.000120505,7.75062e-05,0.000142154,0.000344334,0.000243202,0.000171024,0.000218708,0.00182994
0.000726605,0.000667371,0.000222601,0.000131036,0.000128561,0.000111813,0.00017868,0.000355894,0.000253317,0.000233251,0.000188255,0.000603306
0.0045715,0.002555,0.000306386,9.71285e-05,0.000106687,0.000113039,0.000319233,0.000804108,0.000582815,0.000299571,0.000375818,0.00210961
0.00491576,0.00274182,0.000283514,0.000114963,0.000122809,0.000126131,0.000400065,0.00083439,0.000490809,0.000153172,0.000178566,0.00206099
0.00431133,0.00214307,0.000438357,0.000313907,0.000107105,0.000380262,0.000748178,0.000879851,0.000353379,0.000243496,0.000182962,0.0020174
0.00567944,0.00352633,0.00128376,0.000530312,8.62848e-05,0.000564651,0.00127815,0.00110074,0.000392665,0.000388891,0.000358293,0.00226242
0.0061799,0.00340564,0.00106799,0.000749057,0.000104684,0.000313137,0.000753565,0.000806126,0.000452699,0.000456083,0.000297477,0.00233946
0.00653733,0.00398804,0.00100791,0.000761052,0.000139526,0.000161133,0.000380075,0.000625006,0.000410959,0.000514389,0.000424811,0.0026513
0.0065473,0.00390307,0.000956013,0.000746022,0.000117418,0.000218114,0.000256521,0.000396867,0.000345231,0.000520418,0.000462348,0.00241881
0.00647294,0.00380563,0.000676584,0.000368172,0.000113504,0.000192385,0.000480713,0.00073379,0.000489397,0.00030168,0.000287746,0.00221522
0.00704883,0.00439809,0.000743912,0.000330711,7.89712e-05,0.000124958,0.000420355,0.000740773,0.000506199,0.000286283,0.000192993,0.00243612
0.00731293,0.00440133,0.000531422,0.000194431,4.01886e-05,9.11211e-05,0.000300955,0.000574724,0.000383361,0.00032025,0.000269293,0.00261389
0.00814138,0.00472381,0.000847918,0.000392618,0.000105222,0.000154502,0.000465046,0.000793672,0.000500199,0.000163891,0.000141871,0.00319081
0.00898877,0.00542577,0.000870372,0.0003062,5.52262e-05,0.000154183,0.000454954,0.000689409,0.000401368,0.000111315,0.000176431,0.00322573
0.00915448,0.00553601,0.000573504,0.0001708,5.10007e-05,0.000167959,0.000538648,0.000789897,0.000485755,0.000214251,0.000153891,0.00306306
0.00972716,0.00592116,0.000897588,0.000370971,7.31698e-05,0.00016162,0.000345707,0.000697796,0.000515738,0.000137877,0.00011645,0.00340165
0.00873433,0.00491975,0.00114358,0.000575626,7.56236e-05,0.000216275,0.000369953,0.000984857,0.000664605,0.000261705,0.000180559,0.00356672
0.0116968,0.00662544,0.00189692,0.000935304,0.000118074,0.000374343,0.00107837,0.00134704,0.000592528,0.000255995,0.000278217,0.00498457
0.0122461,0.00774569,0.00134496,0.000739234,0.000131982,0.000460082,0.00117873,0.00126441,0.000659139,0.000426262,0.000335306,0.00443062
0.0104429,0.00681229,0.00142715,0.000398853,0.0001937,0.000489036,0.00107812,0.00105301,0.000456818,0.000364564,0.000312712,0.00361013
0.00966742,0.00557122,0.00221708,0.00121042,0.000182655,0.000975828,0.00223387,0.00149824,0.000499995,0.000359281,0.000458486,0.00377133
0.010694,0.0054277,0.00215983,0.00137761,0.000267369,0.000791896,0.00218932,0.00217204,0.000785227,0.000595374,0.000500655,0.00478966
0.0127068,0.0079835,0.00236663,0.000984592,0.000166062,0.000715309,0.00132785,0.000926541,0.000664935,0.000427922,0.000315649,0.00502543
0.0113226,0.00764107,0.00289625,0.00133129,0.000176448,0.000430562,0.000974512,0.000715602,0.000355693,0.000468545,0.000423233,0.00369779
0.0104968,0.00629448,0.00231907,0.00135173,0.000174772,0.000293849,0.00069358,0.000671306,0.000345017,0.000340842,0.000358157,0.00370772
0.0124197,0.00617343,0.00182028,0.000861591,9.99448e-05,0.000236515,0.000964925,0.00168392,0.00078499,0.000216805,0.00019671,0.00580933
0.0156581,0.0092391,0.00198506,0.000764894,0.000127729,0.0003381,0.000643245,0.000763024,0.000438805,0.000214494,0.000276417,0.00599146
0.0159055,0.00987563,0.00131834,0.000596572,0.000104144,0.000214308,0.000583999,0.000877406,0.000517663,0.000207752,0.000148797,0.00536586
0.0131053,0.00731027,0.000807314,0.000493183,8.41169e-05,0.000356866,0.00110342,0.00116826,0.000481245,0.000119967,0.000151511,0.00495913
0.0138579,0.00666718,0.000485947,0.000180797,0.00015907,0.000477332,0.00123901,0.00154843,0.000638654,0.000212791,0.000221654,0.00660258
0.0155406,0.00907636,0.00101463,0.000228005,4.46566e-05,0.000292934,0.00081557,0.00127421,0.000728672,0.000132216,0.000142377,0.00562896
0.0141415,0.00899163,0.00121178,0.000281849,9.83362e-05,0.000272763,0.000674377,0.000961992,0.000536042,0.000204085,0.000123584,0.00450332
0.0131932,0.00757373,0.000888758,0.00035419,7.95593e-05,0.000123569,0.000528973,0.00123204,0.000668265,0.000122176,0.000162049,0.00485942
0.012575,0.00614044,0.00188595,0.0011213,0.000111635,0.000321015,0.000693968,0.000739608,0.000425943,0.000248579,0.00023019,0.00528771
0.0131239,0.00852633,0.00209845,0.00106049,0.000199886,0.000831877,0.00166367,0.00124217,0.000465947,0.000449541,0.000382109,0.00465069
0.0127209,0.00867178,0.00193117,0.000599696,0.000232602,0.000581096,0.000830164,0.00122006,0.000688038,0.00026022,0.000307683,0.00405183
0.0116538,0.00679153,0.0012861,0.000783209,0.000213659,0.000709334,0.00203968,0.00162204,0.000469326,0.000407036,0.000289145,0.00463033
0.0106967,0.00670713,0.00177986,0.000776293,0.000119039,0.000555575,0.00126569,0.00121821,0.000683356,0.000360153,0.000430449,0.00385819
0.0118428,0.00795565,0.00157134,0.00052463,0.000179675,0.000364422,0.000936091,0.00124461,0.000707107,0.000263051,0.000305912,0.0041458
0.0138915,0.00851863,0.00124766,0.000631809,0.000108447,0.000300417,0.000540952,0.00148443,0.000977865,0.000361343,0.000375113,0.00524994
0.0132836,0.00823308,0.00157676,0.000523029,0.000104457,0.000287462,0.000651673,0.00129221,0.000849241,0.000372569,0.000381027,0.00488565
0.00504973,0.002301,0.000448713,0.00031043,0.000154142,0.000330493,0.000839424,0.000522738,0.000403329,0.000403169,0.000352012,0.00255924
0.00421276,0.00241708,0.00147829,0.000724737,8.87788e-05,0.000339215,0.000527098,0.000471289,0.000328382,0.000653025,0.000367625,0.00159875
0.00444075,0.00331602,0.00213013,0.000892429,7.20494e-05,0.000298242,0.000734922,0.000678109,0.000460197,0.000555068,0.000258897,0.00162875
0.00349178,0.00177578,0.00165391,0.000932775,9.84103e-05,0.000317398,0.000704984,0.000624106,0.000450161,0.000573045,0.000291997,0.00146274
0.00222208,0.00123747,0.00220887,0.00123984,0.000156841,0.000154279,0.0003328,0.000389989,0.000277834,0.000451685,0.000286939,0.000949971
0.00194862,0.00193025,0.0024459,0.00128764,0.000105505,0.000117428,0.000266275,0.000282452,0.000318341,0.000589291,0.000322302,0.000720177
0.00127552,0.00121896,0.00255253,0.00143194,0.000154327,0.000138639,0.000303964,0.000445021,0.000445349,0.000754127,0.000461605,0.000570519
0.000444135,0.00148046,0.00360561,0.00192289,0.000236525,0.000138966,0.000295485,0.000395164,0.000435237,0.000794847,0.000473396,0.00020375
0.00112146,0.00195453,0.00404007,0.00216458,0.000257818,0.000122974,0.000190097,0.000231525,0.000353107,0.000809101,0.000489563,0.000448077
0.000827809,0.00139458,0.00457191,0.00248552,0.000240384,0.000172321,0.000253113,0.000236902,0.000291296,0.000545499,0.000305364,0.000428582
0.00075775,0.00198826,0.00577894,0.00304408,0.000269162,9.45458e-05,0.000251109,0.000249587,0.000117634,0.000216917,0.000134795,0.000365704
0.000217605,0.00273131,0.00668278,0.00337801,0.00023787,7.68413e-05,0.000165857,0.000220839,0.000359873,0.000851163,0.00048095,0.000226026
0.000654131,0.00206061,0.00551993,0.00271055,0.00018843,7.44685e-05,8.6868e-05,0.000124569,0.000469776,0.00111709,0.000546702,0.000328109
0.00075401,0.00171616,0.00352129,0.0017327,0.000147071,0.000123974,0.000111153,0.000104564,0.000576384,0.00163568,0.000917913,0.000332178
0.000484373,0.00076704,0.00177825,0.000857083,8.70983e-05,0.000114509,0.000249976,0.000189277,0.000662488,0.00175025,0.00104085,0.000260863
0.000366481,0.000932802,0.00246122,0.00130163,0.000131598,9.68493e-05,0.000144889,6.2583e-05,0.000543734,0.00193442,0.00133912,0.000359558
0.000364354,0.00121617,0.00277098,0.00150957,0.000197357,0.00012945,9.64653e-05,7.66637e-05,0.000641557,0.00203127,0.00132256,0.000299826
0.000224393,0.000768972,0.00223426,0.00130664,0.00022606,0.000149106,0.000124527,0.000145609,0.000484386,0.00181927,0.0011342,0.000199875
0.000253162,0.000841709,0.0019725,0.001128,0.000227681,0.000138634,0.000121843,9.15131e-05,0.000695942,0.00223258,0.00138784,0.000233015
0.000450022,0.000749388,0.00193417,0.00102156,0.000111475,0.000144977,0.000116156,7.59567e-05,0.00100473,0.00291491,0.00170295,0.000204983
0.000333087,0.000569553,0.00154983,0.00083537,7.56295e-05,0.000102532,9.04228e-05,5.92639e-05,0.00135798,0.00356714,0.00198598,0.000240431
0.000349536,0.000588063,0.00118319,0.000652003,0.000130037,0.000168292,0.000205481,0.000112987,0.000784216,0.00161011,0.00072373,0.000266443
0.000261627,0.000344312,0.000820497,0.000428788,6.25203e-05,7.43437e-05,8.49044e-05,7.64657e-05,0.000710023,0.00181931,0.00165509,0.000728239
0.000209862,0.000394134,0.00083926,0.000452067,9.97318e-05,9.12926e-05,7.20292e-05,7.37349e-05,0.000603365,0.00260554,0.00354246,0.00140553
0.000161457,0.000318208,0.000551233,0.000317915,6.78398e-05,7.37431e-05,8.3593e-05,0.000104668,0.000384818,0.00167528,0.0035712,0.00164504
0.00201376,0.000812496,0.000404923,0.000295047,0.000169741,0.00014491,0.000164598,0.00013815,0.000425172,0.00115131,0.0012462,0.00120136
0.00170687,0.00102145,0.000343986,0.000169723,0.000116859,0.000127501,0.000101308,9.65217e-05,0.000276509,0.000683959,0.000547036,0.000803831
0.00216916,0.00118314,0.000157797,9.70338e-05,0.000107229,7.70648e-05,8.38474e-05,8.44729e-05,0.00049518,0.00136774,0.00145613,0.00115575
0.00200223,0.00122923,0.000218744,0.000168093,8.495e-05,5.80609e-05,7.33246e-05,7.77767e-05,0.000543048,0.00113575,0.000735204,0.000699048
0.00200511,0.00132501,0.00029432,0.000145393,0.000127939,0.000142087,0.000116377,0.000106937,0.00036218,0.00100818,0.000988592,0.000738833
0.00300304,0.00208629,0.000678723,0.000273754,0.000375405,0.000279324,0.000129629,0.000193596,0.000481366,0.000420921,0.000952223,0.00191242
0.00100239,0.000929445,0.000485357,0.000657322,0.00110332,0.00046856,0.000120244,0.000195317,0.000316132,0.00167312,0.00271075,0.00154869
0.00147927,0.00203808,0.00104828,0.000538955,0.00107034,0.000588601,0.00013212,0.000187058,0.000331291,0.0010137,0.00181718,0.00104346
0.00175833,0.00242183,0.00128967,0.000305203,0.000556525,0.000293636,0.000136464,0.000273114,0.000778643,0.000863371,0.0011272,0.000947432
0.00143469,0.00243159,0.00112797,0.000255791,0.00052637,0.000271595,8.31591e-05,0.000198777,0.000451152,0.000822023,0.00138376,0.000984205
0.0009849,0.00157214,0.000796293,0.000319854,0.000500431,0.000270747,7.90324e-05,0.00012954,0.000282319,0.000704884,0.00127845,0.000671717
0.000472473,0.00062594,0.000370374,0.000197668,0.000333921,0.000221491,8.34199e-05,0.000109473,0.000161625,0.00108894,0.00253553,0.0013221
0.000442414,0.000734415,0.00062159,0.000184556,0.000273407,0.000202731,0.00010447,9.28493e-05,0.000246444,0.00113128,0.00324615,0.00182132
0.000691143,0.000784813,0.000418136,0.000233454,0.000222297,0.000151089,8.20724e-05,0.000136984,0.000244149,0.0012898,0.003482,0.00195899
0.000409234,0.000345022,0.000178571,0.00017549,0.000202447,0.000140072,9.29009e-05,0.000105355,7.98567e-05,0.00168019,0.0040985,0.00217396
0.000320948,0.000451351,0.000349884,0.000220554,0.000186744,0.000146639,7.90127e-05,9.46511e-05,0.000171188,0.00157524,0.00385718,0.00195843
0.000341532,0.000334863,0.000245857,0.000179616,0.000214382,0.000129204,7.23737e-05,7.68554e-05,0.000132389,0.00178145,0.00440152,0.00228658
0.000525819,0.000598147,0.000302208,0.000167809,0.000162464,0.000105575,6.34355e-05,0.000176895,0.000272874,0.00190598,0.00473179,0.00240482
0.00114379,0.00171678,0.000740726,0.000183041,0.000190709,0.000133876,7.82495e-05,0.000183708,0.000371225,0.00214848,0.00524712,0.00258176
0.000708412,0.00136309,0.000914247,0.000229909,0.000324693,0.000135101,0.000104622,0.000203413,0.000256256,0.00251185,0.00581214,0.00286394
0.00076527,0.00067224,0.000986956,0.0005177,0.000233457,0.000185597,0.000134344,0.00016947,0.000292339,0.00292908,0.00662192,0.00333768
0.0013443,0.00231181,0.00126664,0.000262371,0.000596113,0.000369866,0.000115304,0.000179114,0.000363258,0.00295137,0.00740119,0.00387971
0.00141368,0.0021544,0.00144876,0.000411875,0.00114242,0.000574601,0.00013651,0.000242623,0.000683667,0.00240097,0.00380686,0.00191235
0.00108825,0.00274188,0.00173762,0.00030153,0.000802472,0.000575197,0.000154621,0.000254557,0.000606399,0.00155926,0.00165439,0.00123474
0.000947125,0.00192828,0.0011147,0.000137904,0.000379846,0.000402904,0.000236922,0.000219999,0.000443315,0.00169077,0.00210939,0.000948911
0.000514705,0.000807422,0.000359878,0.000154682,0.000293661,0.00020636,0.000108598,0.000143691,0.000749783,0.00254024,0.00270933,0.00124692
0.00065501,0.00124837,0.000695309,0.000172001,0.000269668,0.000182493,9.36847e-05,0.000237713,0.000727311,0.00265629,0.00288097,0.0010813
0.000698299,0.00145187,0.000850585,0.000158896,0.000220356,0.000214609,0.000132397,9.93144e-05,0.00073026,0.00295888,0.00387199,0.00170749
0.00052539,0.00111551,0.000609501,0.000202274,0.000272772,0.000209024,0.000135068,0.000179369,0.00120327,0.00362121,0.00396829,0.0017422
0.00026217,0.000778309,0.000573235,0.000141601,0.000196373,0.000112585,6.84483e-05,6.13088e-05,0.00132289,0.00321537,0.00259453,0.00094702
0.000145639,0.000403471,0.00029343,0.000138406,0.00016555,0.000192779,0.00155492,0.00350506,0.001927,0.00232621,0.00192342,0.000648635
0.000300461,0.000536893,0.000350947,0.000135267,0.000175588,0.000209861,0.0022049,0.00527336,0.00253031,0.00152001,0.00101051,0.000431674
0.000185226,0.000328367,0.000211944,0.000139422,0.000195732,0.000168703,0.00183333,0.00464927,0.00237173,0.00116088,0.00079919,0.000285287
0.000261186,0.000360152,0.000141819,0.000113234,0.00019186,0.000145041,0.00232552,0.00543057,0.00217101,0.00143826,0.00105526,0.000339296
0.000598805,0.000771232,0.000286278,0.000164133,0.000198854,0.00018124,0.00316729,0.00692865,0.00333144,0.000891129,0.000460664,0.000321873
0.000764271,0.00163231,0.000828474,0.000382943,0.000477754,0.000180003,0.00318059,0.00680937,0.00322657,0.000844183,0.000924744,0.000402178
0.000615742,0.00193255,0.00116261,0.000339259,0.000545349,0.000394583,0.00370435,0.0076302,0.00336084,0.00059608,0.000535161,0.000641243
0.000727943,0.00167954,0.00103819,0.000405408,0.000370593,0.000304081,0.00397928,0.00824985,0.00362444,0.000304299,0.000623492,0.000438296
0.000671513,0.00075854,0.000532854,0.000433562,0.000163652,0.000177875,0.00367172,0.00813723,0.0036103,0.000392854,0.000544972,0.000525228
0.000641064,0.00156291,0.00149252,0.000653409,0.000250531,0.000184404,0.00297839,0.0066011,0.00286743,0.0006826,0.0006232,0.000274037
0.000429623,0.00108932,0.00105067,0.000483941,0.000179276,0.000226877,0.00228675,0.00499381,0.00236799,0.000714716,0.000625441,0.000309336
0.000241414,0.000782661,0.000549334,0.000224415,0.000189858,0.000165739,0.00228391,0.0043892,0.00193095,0.000520138,0.000484524,0.000214494
0.000392094,0.00078858,0.00105261,0.000382338,0.000245034,0.000274275,0.00311992,0.00673161,0.00301007,0.000845782,0.000668675,0.000257285
0.00016656,0.000588804,0.000959716,0.000466287,0.000192521,0.000267996,0.00280024,0.00631679,0.00305412,0.000635768,0.000434746,0.000275769
0.000356086,0.000776726,0.00118898,0.000585706,8.15035e-05,0.000225321,0.00164015,0.00341758,0.00165266,0.000380937,0.000324163,0.000156351
0.00024923,0.000825215,0.00141666,0.000775651,0.000184371,0.000128253,0.000699437,0.00108859,0.000577965,0.0006638,0.000419261,0.000236105
0.000192501,0.000794966,0.00135762,0.000665264,0.000144631,0.00011636,0.00160675,0.00302995,0.00135722,0.000425515,0.000207666,0.000157609
9.84132e-05,0.000432695,0.000961087,0.00050773,0.000135109,0.000177763,0.00164288,0.00329383,0.00136421,0.000152753,0.000164992,0.000111617
0.000246735,0.000698623,0.00104333,0.000491756,0.000110312,7.56524e-05,0.00280324,0.00570361,0.00231089,0.000497082,0.000305515,0.000193451
0.000246335,0.000548505,0.000815094,0.000506481,0.000171363,0.000168357,0.00439161,0.00871546,0.00360096,0.000378791,0.000215084,0.000163419
0.000321933,0.000460774,0.000737965,0.000424693,0.000254984,0.000307666,0.00533848,0.0109554,0.0049496,0.000555293,0.000361169,0.000300659
0.000300028,0.000522445,0.000837581,0.000446246,0.000267605,0.000261453,0.00404624,0.00898896,0.00443651,0.00089299,0.000557826,0.000323488
0.000275367,0.000340126,0.000548145,0.00031212,0.00022736,0.000603269,0.00590476,0.00828307,0.00291877,0.00080882,0.000495186,9.44316e-05
0.000220921,0.000382636,0.000646679,0.000426007,0.000210987,0.000672167,0.00325406,0.00415714,0.00188429,0.000317291,0.000248709,0.000226698
0.000166729,0.000297718,0.000525669,0.000283338,0.000116745,0.000878051,0.00274398,0.00467234,0.00192842,0.000274653,0.000269729,0.000133582
0.000151185,0.00023472,0.000391437,0.000192422,8.77734e-05,0.000383573,0.00287476,0.00492069,0.00198781,0.000414139,0.000238908,0.000134258
0.000138614,0.000275015,0.000375366,0.000221441,0.000170839,0.00147748,0.00492714,0.0038706,0.00110717,0.000209049,0.000178999,0.000212372
0.000168063,0.000254031,0.000345933,0.000209799,0.00011652,0.00151741,0.00429494,0.00345456,0.00129915,0.000189909,0.000168642,0.000187315
0.000156202,0.000182075,0.000326635,0.000202025,0.0001287,0.00103115,0.00243766,0.00320311,0.00139847,0.000209049,0.000187134,0.000211618
8.44642e-05,0.00012654,0.000203542,0.000113726,0.000107418,0.00106581,0.00373766,0.0033961,0.000771052,7.59339e-05,0.000110746,0.00011365
0.000113654,0.000105737,0.000181383,0.000109398,9.79095e-05,0.00233047,0.00707044,0.00429157,0.000665248,0.000116983,0.00010073,0.000128869
0.000210087,0.000212437,0.000225888,0.000187529,0.000176537,0.00101938,0.00311664,0.00546733,0.00241097,0.00026815,0.000100836,0.000140604
0.000202879,0.000232587,0.000180403,0.0001121,0.000150519,0.00104256,0.00730889,0.00986277,0.00315073,0.00025218,0.000125504,0.000171859
0.000138648,0.000136575,0.000137967,0.000107132,0.000139913,0.00254801,0.00912427,0.00627837,0.000972169,0.000125557,9.49903e-05,0.000117424
0.000125459,0.000169044,0.000172186,0.000101435,9.11579e-05,0.00231367,0.00811895,0.00538102,0.000793933,0.000109658,7.07844e-05,7.26231e-05
0.000118083,0.00012228,0.000150227,0.000178075,0.000146915,0.00123842,0.00514746,0.00373967,0.00046519,0.000107483,0.000123062,0.000102876
0.000138386,0.000154087,0.000181852,0.00012537,0.00011121,0.00135948,0.00520358,0.0043958,0.000985109,9.69684e-05,0.000124824,0.000135987
0.000139243,0.000115279,0.000126824,0.000106651,0.000148496,0.00103813,0.00471315,0.00433093,0.0010406,0.000150057,0.000125925,0.000117308
0.000171731,8.22745e-05,8.40919e-05,0.000129596,0.000185042,0.00108285,0.00200215,0.00517192,0.00326628,0.000322556,0.000173601,0.000164431
0.000191266,0.000121953,0.000119737,0.000189158,0.000254209,0.00136585,0.00445985,0.0045536,0.00261292,0.000354463,7.46647e-05,0.000112689
0.000453963,0.000687642,0.00056382,0.000521665,0.000389709,0.00111316,0.00485477,0.00851509,0.00431677,0.000934879,0.000712481,0.000465249
0.00209316,0.00111489,0.00230252,0.00150083,0.000806652,0.00158727,0.00590456,0.0113028,0.00769725,0.00296463,0.00279923,0.00431767
0.00337055,0.00297169,0.00483898,0.00321766,0.00199798,0.00287761,0.00981861,0.0205646,0.0154655,0.00619977,0.0033003,0.00590507
0.00271931,0.00508176,0.00614371,0.00384058,0.00260661,0.00607509,0.0164806,0.0275434,0.021272,0.0108985,0.00536675,0.00635167
0.00244519,0.0033081,0.00467406,0.00313849,0.003338,0.00463812,0.0184008,0.033391,0.0221339,0.00833013,0.00419342,0.0053783
0.00178867,0.00427937,0.00785101,0.0046241,0.00233752,0.00454168,0.0169063,0.0299127,0.0235228,0.00672425,0.00299262,0.00421916
0.00203057,0.00316157,0.00836914,0.00548291,0.00161121,0.00295916,0.0106857,0.0224166,0.0146946,0.00448275,0.00234431,0.00356928
0.00149712,0.00390097,0.00840264,0.00473074,0.00188114,0.00382765,0.0135876,0.0202009,0.0114789,0.00540437,0.00214115,0.00298696
0.00354356,0.00709456,0.013953,0.0106324,0.00655597,0.00724927,0.0138004,0.0191527,0.0108724,0.0107616,0.00810199,0.00593994
0.00306925,0.00336508,0.0089402,0.00763268,0.00755575,0.00917729,0.0103028,0.020837,0.019825,0.00967317,0.00764821,0.00913529
0.00473386,0.00681649,0.0188963,0.011148,0.00333197,0.00525648,0.010633,0.0142626,0.015634,0.00959704,0.00624864,0.0107806
0.00614614,0.00745843,0.0108743,0.00996656,0.00508333,0.00478436,0.0124603,0.0304882,0.0241937,0.0123977,0.00987637,0.0159637
0.00458722,0.00819248,0.0130541,0.00936441,0.00713596,0.00793725,0.0119667,0.0257569,0.0223298,0.00910969,0.00845998,0.01132
0.00549757,0.00647281,0.0178032,0.0130359,0.00745191,0.0124948,0.0131901,0.0295109,0.0286998,0.0151483,0.0104853,0.0141608
0.00379857,0.00574444,0.0184629,0.0144084,0.00483646,0.00720465,0.00968214,0.0305538,0.03328,0.0150885,0.00649415,0.00889623
0.00801272,0.00811712,0.0143525,0.0103764,0.00776352,0.0160924,0.0335152,0.0530297,0.0342746,0.0132266,0.0129123,0.0135022
0.00290518,0.00918036,0.0155946,0.00862352,0.0106399,0.0157501,0.0250898,0.0306769,0.026786,0.012331,0.0109956,0.0112755
0.0122905,0.0143024,0.034487,0.0251199,0.00998701,0.0208834,0.034928,0.0410449,0.0245933,0.0124404,0.016561,0.0168538
0.00996086,0.0134492,0.0319063,0.0161659,0.00876453,0.0146083,0.0248653,0.0319267,0.0190203,0.0120432,0.012512,0.0202532
0.00799481,0.0163613,0.0346521,0.0201397,0.00796903,0.0179987,0.0306734,0.0383564,0.0304397,0.0139295,0.0105644,0.0166708
0.00666569,0.00984845,0.014508,0.00860872,0.0106358,0.0174174,0.0258228,0.0402931,0.0389151,0.0166207,0.0118051,0.0177365
0.0135789,0.00867399,0.0334791,0.027934,0.0139269,0.0226359,0.031017,0.0437338,0.0432807,0.0187574,0.00755306,0.0168046
0.0103789,0.0138004,0.0436243,0.0312079,0.00992244,0.0202056,0.0371475,0.0257886,0.0292158,0.0181427,0.00866261,0.0194298
0.00968646,0.02123,0.0290783,0.0200085,0.0121344,0.0168003,0.0409979,0.0473386,0.0331574,0.0178981,0.0138409,0.0280681
0.00906434,0.0148642,0.0274907,0.0177735,0.0150803,0.0205863,0.044482,0.076762,0.054525,0.0214319,0.0133032,0.0180303
0.00608348,0.00929612,0.0309381,0.0207443,0.00904704,0.0127072,0.0318871,0.0632709,0.0447379,0.0125202,0.0115022,0.016028
0.0144471,0.0191341,0.0380322,0.0233705,0.00969294,0.0120575,0.0163519,0.0422984,0.0387927,0.0165745,0.0144504,0.0176964
0.0125221,0.0169916,0.0351608,0.0228172,0.0115091,0.0167101,0.0277404,0.0477454,0.0322375,0.0152495,0.0129421,0.0202583
0.00684762,0.0106828,0.0211033,0.010164,0.0094602,0.0160877,0.0222751,0.030794,0.0241192,0.0168911,0.0166597,0.0204781
0.00815724,0.00798075,0.0177759,0.00929011,0.00676385,0.0107107,0.0223318,0.0353961,0.0221443,0.0145662,0.014606,0.0164967
0.00757173,0.0130395,0.0240741,0.014082,0.0115268,0.0164978,0.0225101,0.0282246,0.022112,0.0133955,0.00837357,0.0116874
0.0107703,0.00841224,0.0192297,0.0120707,0.00728801,0.00713535,0.0216727,0.0357009,0.0275818,0.0145272,0.0125353,0.0175496
0.00584163,0.0123545,0.0200897,0.0108928,0.00447198,0.0077341,0.0135822,0.0298191,0.0234478,0.00885789,0.00868047,0.009212
0.00897741,0.00993968,0.0169206,0.0104421,0.00828149,0.0089726,0.0188991,0.0203287,0.0128434,0.0101858,0.00606602,0.009322
0.00439054,0.0107858,0.0198822,0.0111817,0.00627305,0.0104153,0.01446,0.0177981,0.0164367,0.00931497,0.00726516,0.00833642
0.00365612,0.0108923,0.0216036,0.0169691,0.00962548,0.00775108,0.0113502,0.0223566,0.0222403,0.0109358,0.00843567,0.0106537
0.00221803,0.00709945,0.0161881,0.0096384,0.00757586,0.0134444,0.016626,0.0196849,0.0188274,0.0134441,0.00807352,0.00530992
0.00628038,0.00871329,0.0109004,0.00525211,0.00416244,0.00858097,0.0107872,0.028457,0.0196691,0.00830089,0.0067634,0.0072048
0.0065541,0.00708368,0.0113637,0.00743624,0.00665722,0.0109267,0.0156226,0.0231675,0.0111531,0.00833268,0.00916194,0.013007
0.00683944,0.00481536,0.0111903,0.00631627,0.00613497,0.00847801,0.0148902,0.027924,0.0213465,0.00962122,0.00584406,0.0106249
0.00278136,0.00618592,0.011341,0.00588136,0.0070428,0.0114788,0.0182692,0.0329921,0.0223294,0.00941753,0.00693061,0.0058193
0.00258665,0.00889497,0.0226107,0.0130601,0.00711749,0.00999553,0.0168617,0.0225274,0.0154183,0.00821451,0.00274421,0.00340064
0.0025313,0.00679415,0.017541,0.00997883,0.00337908,0.00491203,0.0145287,0.0342028,0.0212428,0.00762308,0.00391108,0.00526
0.00272088,0.00497278,0.013501,0.00851057,0.00356199,0.00508542,0.0195486,0.0410511,0.0245635,0.00834303,0.0044713,0.00634684
0.00214996,0.00318992,0.0100996,0.00624294,0.0031472,0.00467098,0.0164805,0.0381942,0.0226836,0.0070968,0.00239675,0.00429229
0.00116137,0.00283774,0.0068876,0.00404763,0.0018768,0.00216559,0.0140675,0.0326921,0.0198784,0.00525805,0.0021052,0.00296151
0.00243814,0.00304903,0.00637723,0.00399047,0.00200973,0.00302358,0.0133662,0.0254604,0.0148533,0.00499671,0.00331756,0.00434178
0.001275,0.00199916,0.00503472,0.00387086,0.00219786,0.00374491,0.0115902,0.0191303,0.00905531,0.0036325,0.00258291,0.00251436
0.00112389,0.00240228,0.00744127,0.00531781,0.00215767,0.00248288,0.0108865,0.0216685,0.0109023,0.00248441,0.00138712,0.0019064
0.000653048,0.00273273,0.00620229,0.00336687,0.00117931,0.00215051,0.00840293,0.0156687,0.00809406,0.0018925,0.00125897,0.00137014
0.000967225,0.00284313,0.00634304,0.00350214,0.00101716,0.00233751,0.00917847,0.0143163,0.00735416,0.00114064,0.00125385,0.00167541
0.000329417,0.00228464,0.00556481,0.00345151,0.000968523,0.00117388,0.00755422,0.0156521,0.00841951,0.00121094,0.000746043,0.00105742
0.00059611,0.00165658,0.00434571,0.00330421,0.000937063,0.00131671,0.00695834,0.0150107,0.00834448,0.0010209,0.000830671,0.00107512
0.000581678,0.00101865,0.00271316,0.0016328,0.000797539,0.00115694,0.00560342,0.0117038,0.00678614,0.00141641,0.00101204,0.00115493
0.000529623,0.00111073,0.00318088,0.0020026,0.00057551,0.000854276,0.00464428,0.0104122,0.0057819,0.00122403,0.00087095,0.00114341
0.000431967,0.000898248,0.00205922,0.00122371,0.00053891,0.000955061,0.00478472,0.00974334,0.00469809,0.000739291,0.000559042,0.000814753
0.00022341,0.000805493,0.00223508,0.0014076,0.000518929,0.00107207,0.00455053,0.00896308,0.00487431,0.00114342,0.000458603,0.000567765
0.000332002,0.000704809,0.00192383,0.00116479,0.000418241,0.000647154,0.00258144,0.00585992,0.00361773,0.000713716,0.000349619,0.000455291
0.000192202,0.000440147,0.000862633,0.000864083,0.000465571,0.00059606,0.00291773,0.00611692,0.0033129,0.000618754,0.000415389,0.000533545
0.000374889,0.000539288,0.00154174,0.00100107,0.000419272,0.000450415,0.00214101,0.00487134,0.00274902,0.000472697,0.000357268,0.000620933
0.000179938,0.000705566,0.00182355,0.00120304,0.000349983,0.000459458,0.00222431,0.00544151,0.00293534,0.000399071,0.000315262,0.000332373
0.000209561,0.000689413,0.00174645,0.00105395,0.000195116,0.000396068,0.00183967,0.00470267,0.00260256,0.000336304,0.000285988,0.000355049
0.000135211,0.00040915,0.00089998,0.000483278,0.000159308,0.000283814,0.0015329,0.00403423,0.00253659,0.000614693,0.000408323,0.000305055
0.00016601,0.000126522,0.000432,0.000367921,0.000220733,0.000240565,0.00131838,0.00360859,0.00212163,0.00033562,0.000278395,0.000273658
0.000201352,0.000308561,0.00067641,0.000463116,0.000170546,0.000168429,0.00119523,0.00314601,0.00190237,0.00042995,0.000271383,0.000294262
0.00027767,0.000442587,0.000783706,0.000449211,0.000188742,0.000209915,0.00118068,0.00300849,0.00174362,0.0002789,0.000247996,0.000303719
0.000199676,0.000355293,0.000650955,0.000385084,0.000177705,0.000210377,0.001063,0.00312269,0.00198264,0.000408663,0.000215265,0.00027495
0.000201812,0.000418518,0.000890884,0.000525199,0.000104613,0.000122811,0.001056,0.00326871,0.00212448,0.000384444,0.000248352,0.000286127
0.000177922,0.000325677,0.000746553,0.00049776,0.000161267,0.00014156,0.0010821,0.00317162,0.00205265,0.00037836,0.000176716,0.000200411
0.000186157,0.000216228,0.000493434,0.00035215,0.000135358,0.000158913,0.00100484,0.00307123,0.00203576,0.000307936,0.000147263,0.000173745
0.000138622,0.000161271,0.000382663,0.000249425,0.000100477,0.000154731,0.000999719,0.00295838,0.0018582,0.000285691,0.000111924,0.000189065
0.000112738,0.000182331,0.000371351,0.000216677,8.78556e-05,0.00013214,0.000842167,0.00265911,0.00170504,0.000181404,0.000100908,0.000125776
0.000112314,0.000133364,0.000230792,0.00016872,0.000103847,8.21653e-05,0.000878903,0.00257228,0.00148882,0.000221853,0.000141693,0.00012667
0.000150901,0.000193027,0.000229417,0.000139723,5.92884e-05,7.62357e-05,0.000840964,0.00256896,0.00153428,0.00022821,0.000136593,0.000116034
8.88161e-05,9.11381e-05,0.000127771,0.000104322,7.5371e-05,0.000116741,0.000773199,0.00218199,0.00132588,0.000150917,9.2832e-05,9.10985e-05
0.000107922,0.000126594,0.000181006,0.000120642,9.20845e-05,0.000106987,0.000850811,0.00240578,0.00141005,0.000146683,9.9641e-05,0.000119617
9.68102e-05,0.000124477,0.000117704,7.22483e-05,7.67776e-05,5.86248e-05,0.000698656,0.00218206,0.00137958,0.000236371,9.15542e-05,0.000117722
7.59167e-05,0.000127566,0.000135203,7.52655e-05,4.84652e-05,6.34211e-05,0.000746636,0.00204656,0.00113204,0.000168329,7.45196e-05,8.25239e-05
0.00012659,0.000106889,0.000110089,8.87023e-05,6.65043e-05,0.0001004,0.000803912,0.00234727,0.00135107,0.000180498,0.000128101,0.000104095
0.000146734,8.97791e-05,0.00015525,9.92624e-05,7.10929e-05,6.82413e-05,0.000617861,0.00174119,0.00100369,0.000171065,5.84146e-05,0.000120704
0.000105315,9.83705e-05,0.000158762,0.000107015,3.68498e-05,8.99327e-05,0.000740743,0.00192522,0.0011125,0.000193435,9.5724e-05,8.03197e-05
0.000142201,0.000205346,0.000236596,0.000130071,0.000102519,9.98924e-05,0.000614094,0.00184178,0.00116212,0.00019967,5.10732e-05,0.000145931
0.000170675,9.68308e-05,8.76326e-05,9.62408e-05,0.000133914,9.69279e-05,0.000528268,0.00150095,0.00091751,0.000161026,9.0108e-05,0.000127408
9.99891e-05,0.000127642,0.00019485,0.000126499,5.70476e-05,7.98099e-05,0.000660284,0.00196527,0.00114521,0.000166953,0.00010243,8.53033e-05
5.42884e-05,0.00012845,0.000170981,0.000106665,5.67425e-05,7.01084e-05,0.000456729,0.00130571,0.00080038,0.000115926,6.56572e-05,6.79189e-05
8.68307e-05,5.16692e-05,0.000132402,0.000102916,5.08066e-05,2.99064e-05,0.000506167,0.00146553,0.000870499,0.000105884,8.5654e-05,6.5626e-05
0.000145119,0.000125924,0.000148686,9.0578e-05,6.69337e-05,7.32717e-05,0.000537602,0.00140137,0.000880621,0.000167528,8.07708e-05,0.000132617
0.000112247,0.000127388,0.000138253,8.12583e-05,4.66838e-05,7.44406e-05,0.000396475,0.00108351,0.00065115,0.000105125,3.76471e-05,6.15188e-05
0.000170911,0.000198641,0.00013474,6.89345e-05,0.000106535,6.92604e-05,0.000593983,0.00162344,0.000961964,0.000204427,0.000141075,7.5069e-05
0.000172731,0.000182106,0.000121598,0.000111565,8.52209e-05,0.00011857,0.00036947,0.00110103,0.000742215,0.000121227,0.000256532,0.000159367
9.55702e-05,0.000157696,0.000191754,9.75806e-05,0.000205071,0.000429659,0.000442507,0.00120001,0.000660062,0.00050695,0.00124732,0.000634846
9.6395e-05,0.000128824,0.000162709,8.56873e-05,0.000220929,0.000598171,0.000515034,0.0013295,0.00078805,0.000848405,0.00219491,0.00122262
6.29465e-05,8.77991e-05,0.000152913,9.22285e-05,0.000169989,0.000568425,0.000577841,0.001128,0.000684902,0.000337015,0.000886276,0.000523895
0.000163933,8.34315e-05,0.000170512,9.13253e-05,0.000136671,0.00039896,0.000579806,0.00165392,0.000955593,0.000190845,0.000394174,0.000346365
0.000130771,0.000146852,0.000125446,7.61399e-05,0.000147496,0.000303662,0.000311948,0.00123662,0.000750493,0.000234342,0.000595095,0.000494557
0.000145651,0.000136153,0.000169783,0.000139704,0.000118049,0.000217457,0.000631345,0.00139073,0.000800463,0.000220128,0.000488748,0.000440354
0.000137531,0.00016131,0.000252658,0.000173343,0.000147662,0.000211279,0.000527605,0.00152511,0.000912868,0.000148755,0.000229231,0.000230182
0.000113024,0.000143806,0.000178417,9.21718e-05,0.000122443,0.000217183,0.000429793,0.00107766,0.000662685,0.000187697,0.000166305,8.9001e-05
0.000111959,9.50516e-05,9.65497e-05,0.000102256,0.000122633,0.000142396,0.000508217,0.00134044,0.00076788,0.000265662,0.000521982,0.000301815
0.000148864,9.92206e-05,0.000108057,0.000102451,9.66676e-05,0.000103843,0.00044534,0.00136242,0.000859306,0.000272817,0.000570083,0.000411178
0.000104728,8.39016e-05,0.000116259,9.89284e-05,6.6904e-05,8.65524e-05,0.000360095,0.00106944,0.000682781,0.000171695,0.000277013,0.00024053
0.000202049,8.88958e-05,0.00012004,0.000108441,0.000138175,0.000275739,0.00055724,0.00148351,0.00100499,0.000507924,0.000693384,0.000237231
0.000166458,0.000147613,0.000207237,0.000124063,0.000186818,0.000334034,0.000410509,0.00130568,0.000872023,0.00062215,0.00130647,0.000800326
0.000140692,0.000170349,0.000212395,0.000143046,0.000123852,0.000241394,0.000395748,0.00126287,0.000778236,0.000376898,0.00074752,0.000522884
0.000428241,0.000272277,0.000428222,0.000214157,0.000146331,0.000339581,0.000633189,0.001453,0.000969459,0.000944797,0.0018713,0.00135605
0.000159806,0.000222576,0.000294136,0.000195903,0.00019661,0.000508108,0.000485979,0.0010174,0.000640931,0.000653055,0.0017808,0.00108708
0.000213532,0.000137225,0.000224801,0.000217733,0.000207791,0.000378427,0.000639937,0.00142587,0.000876474,0.000349514,0.00096098,0.000852683
0.000231885,0.000188009,0.000287729,0.000181803,0.000147427,0.000337574,0.000439636,0.00110732,0.000634409,0.000243517,0.000637295,0.000719564
0.000224342,0.000176205,0.000124192,0.000102301,0.000150895,0.000139859,0.000461878,0.00104962,0.000531204,0.000179906,0.000372609,0.000429738
0.000182426,7.64765e-05,0.000155889,0.000136381,7.16413e-05,0.000137658,0.000402784,0.00135389,0.000768116,0.000262486,0.000413446,0.000401809
0.000192564,0.000116454,0.000194248,0.000127939,0.000109049,0.000146151,0.000359565,0.00100869,0.00056196,0.000315583,0.000662603,0.000515698
0.00014629,0.000100658,0.00019331,7.29e-05,6.7943e-05,0.000123937,0.000398357,0.00114033,0.0006514,0.000249419,0.000419509,0.000267461
8.7075e-05,0.000138571,0.000196238,0.000109368,6.84233e-05,7.8877e-05,0.000433166,0.00125603,0.000744419,0.000168829,0.000472132,0.000391467
9.74376e-05,9.53885e-05,0.000139468,9.06077e-05,5.12527e-05,0.000130093,0.000401012,0.00123677,0.00074739,0.000116577,0.000459635,0.000366146
9.6181e-05,0.00014461,0.000230203,0.000113964,6.9831e-05,0.000115787,0.000429351,0.00122119,0.000693545,0.000194098,0.000424305,0.000301599
0.000158279,0.000164136,0.00021129,8.61194e-05,5.57092e-05,0.000113011,0.000362496,0.00107289,0.00067638,0.000130438,0.000174553,0.000184798
0.00033106,0.00017225,0.000218084,0.000152789,9.83734e-05,0.000262015,0.000337257,0.000936906,0.000632483,0.000621421,0.00124779,0.000637534
0.000244969,0.000207948,0.000286884,0.000182154,0.000237189,0.000498004,0.000437918,0.00139999,0.0009513,0.00114167,0.00246872,0.00146358
0.000474409,0.000184886,0.000228924,0.000104808,0.000250072,0.000476048,0.000487622,0.00108461,0.000762972,0.000358666,0.000491778,0.000701522
0.000263887,0.000191448,0.000259105,0.000112921,0.000226821,0.000562034,0.000666947,0.00125946,0.000757947,0.000403148,0.00103922,0.000616036
0.000185293,0.000264038,0.000453366,0.000223781,0.000187883,0.000367221,0.000344822,0.00116711,0.000747582,0.00050844,0.000730367,0.000605092
0.000218488,0.000250571,0.000344647,0.000235528,0.000182718,0.000213467,0.000551254,0.00120007,0.000570448,0.00103591,0.00249544,0.00149153
0.000242809,0.000117947,0.000210346,0.000151433,0.000174996,0.000265091,0.000611124,0.0015016,0.000921898,0.000716528,0.00203446,0.00136669
0.000146832,0.000216249,0.000427221,0.000242953,0.000177164,0.000292663,0.000387647,0.000781808,0.000499971,0.00037843,0.000860921,0.000558399
0.000211239,0.000153103,0.00035264,0.000215872,0.000105882,0.000151879,0.000372275,0.000960605,0.000551226,0.000382328,0.00085836,0.000746857
0.000139791,0.000168678,0.000365005,0.000219345,0.000109364,0.000193899,0.000442883,0.00134879,0.000766446,0.000251456,0.000551954,0.00048002
0.000138006,0.000136494,0.000316781,0.000200878,9.4465e-05,0.000166035,0.00032934,0.000981014,0.000643236,0.00030146,0.000745414,0.000546445
0.000145025,0.000169336,0.000234258,0.000127991,0.000100926,0.000179915,0.000366272,0.00105997,0.000637987,0.00035214,0.000766127,0.000495275
0.000182222,0.0001434,0.000212403,0.000135234,8.16324e-05,0.00012345,0.000423262,0.00123294,0.00072835,0.000133313,0.000166597,0.000190377
0.000142806,0.000145573,0.000146134,9.54099e-05,7.8895e-05,0.000115733,0.000346176,0.00102223,0.000592486,0.000168381,0.000247965,0.00024801
0.000167897,0.000170002,0.000186505,0.000121102,5.36384e-05,0.000104149,0.000416428,0.00126132,0.00078557,0.00015362,0.000191714,0.000214066
9.17815e-05,0.000103928,0.000100034,7.78523e-05,7.25541e-05,8.76593e-05,0.000382344,0.00106914,0.000629718,7.58649e-05,0.000170515,8.78449e-05
9.54108e-05,5.8149e-05,7.63982e-05,9.67098e-05,8.48756e-05,7.18508e-05,0.000355229,0.00095832,0.00055396,0.000111965,0.000224622,0.00014746
7.45298e-05,6.31425e-05,0.000116922,9.47676e-05,7.74268e-05,9.02456e-05,0.000365925,0.00106308,0.000657242,0.000142105,0.000109687,9.89765e-05
7.66005e-05,0.000109511,0.00016473,0.000102157,8.81358e-05,0.00010068,0.000277549,0.000791227,0.000521229,0.000138816,0.000121192,0.000126364
9.1953e-05,0.000162541,0.000179167,0.000125839,0.000111275,0.000100068,0.000310904,0.000943032,0.00060502,0.000104868,0.00011776,9.3741e-05
9.58483e-05,7.61629e-05,0.000106039,7.18301e-05,7.24907e-05,6.96009e-05,0.000361228,0.000974933,0.000616192,0.000103629,6.94791e-05,8.18972e-05
0.000106154,8.06727e-05,0.000141565,0.000130051,8.3817e-05,7.73921e-05,0.000279629,0.000760685,0.000444035,7.25819e-05,7.43877e-05,8.86123e-05
9.28144e-05,8.88782e-05,9.85186e-05,8.53722e-05,7.31915e-05,8.21641e-05,0.000366969,0.00111769,0.000738993,0.000161826,4.10652e-05,9.99326e-05
7.91562e-05,9.51667e-05,0.000113926,0.000100565,5.49928e-05,6.65117e-05,0.000331011,0.000835967,0.000474497,8.819e-05,8.78621e-05,5.57785e-05
0.000106831,0.000127057,7.82796e-05,6.70821e-05,5.00702e-05,5.08956e-05,0.000307549,0.000857581,0.000513385,7.63405e-05,8.24916e-05,0.000107373
0.000111796,9.37823e-05,6.97657e-05,8.40585e-05,7.30392e-05,8.74212e-05,0.0003958,0.00108866,0.000701348,0.000124527,9.6256e-05,0.000114184
8.26991e-05,5.94918e-05,4.48711e-05,7.86103e-05,5.69875e-05,4.44268e-05,0.000272323,0.000772534,0.000473276,8.3528e-05,0.000113607,0.000108787
0.000101628,0.000100175,9.8014e-05,0.000140566,0.000143965,0.000133616,0.000375405,0.000970068,0.000579252,0.000152274,0.000114259,0.000131432
5.99866e-05,9.96109e-05,0.000100199,5.28086e-05,4.22934e-05,5.25642e-05,0.000308943,0.000972763,0.00061794,0.000101591,0.000104193,7.85191e-05
0.000115374,9.94745e-05,7.33469e-05,5.32004e-05,7.06686e-05,0.000102766,0.000333382,0.000828198,0.000469395,8.28269e-05,6.97071e-05,9.2138e-05
0.000122967,0.000102244,8.56736e-05,3.96998e-05,6.61197e-05,8.7781e-05,0.000370849,0.00107417,0.000706577,0.000180227,0.00013028,0.000110612
0.000112322,8.55234e-05,7.6078e-05,5.22214e-05,7.1563e-05,8.98033e-05,0.000326736,0.000854483,0.000505787,3.93793e-05,6.78072e-05,7.853e-05
0.000123841,8.80314e-05,5.92838e-05,4.06145e-05,0.00010153,0.000107535,0.000285383,0.000817226,0.000490519,0.000106115,6.26777e-05,6.58959e-05
4.90096e-05,7.62346e-05,9.46513e-05,9.70196e-05,9.77174e-05,9.78833e-05,0.00036043,0.000920866,0.00060231,0.000146405,6.23972e-05,5.24509e-05
6.60894e-05,7.52598e-05,5.46509e-05,8.23942e-05,7.30751e-05,6.63863e-05,0.00025309,0.000717074,0.000427137,9.74295e-05,8.41325e-05,7.71366e-05
6.55506e-05,7.46476e-05,8.05535e-05,7.0841e-05,9.37277e-05,6.32768e-05,0.000386565,0.000943419,0.000550983,7.83222e-05,4.81752e-05,3.9437e-05
8.27052e-05,7.1201e-05,7.33026e-05,8.57259e-05,5.91758e-05,0.000105474,0.000338091,0.000860559,0.000536923,9.47276e-05,5.60798e-05,7.41555e-05
8.14846e-05,9.20924e-05,9.13821e-05,9.54835e-05,7.76196e-05,9.85236e-05,0.00027233,0.000783169,0.000478115,9.5177e-05,7.60772e-05,6.44938e-05
0.000169068,0.000123904,0.000195841,0.000128579,0.000100185,0.000197499,0.000312107,0.000830574,0.000535072,0.000661113,0.00124055,0.000698772
0.000228361,9.19805e-05,0.000123575,0.000113005,0.000182871,0.000369183,0.000510847,0.000877955,0.000472635,0.000876051,0.00200495,0.00108969
0.000274315,0.000225922,0.000211781,0.000130118,0.000182866,0.000375815,0.000511225,0.00112836,0.000749032,0.000775157,0.00135732,0.000844247
0.000250092,0.000137457,0.00011175,9.66909e-05,0.000223666,0.000387294,0.000251855,0.000754062,0.00049093,0.000419085,0.00062416,0.000385942
0.000209383,0.00012937,0.000159141,0.000130327,8.69409e-05,0.000113719,0.000234874,0.000659593,0.000389396,0.000235675,0.000619054,0.000491191
8.84008e-05,9.83066e-05,0.000163081,0.000103077,8.02929e-05,0.00021664,0.000225166,0.000790848,0.000556249,0.000209095,0.000291675,0.000207263
5.89252e-05,8.62596e-05,0.000174416,0.000108675,6.28767e-05,0.000160276,0.000259685,0.00060727,0.000373444,0.000226234,0.000497877,0.00030449
7.23835e-05,0.00011411,0.000153672,8.45268e-05,6.80703e-05,0.000153845,0.000311403,0.000671082,0.000405852,0.00020485,0.000434236,0.000278986
0.00013679,8.90711e-05,0.000142261,8.71608e-05,7.17638e-05,0.000149833,0.000242481,0.000617815,0.000371213,0.000180388,0.000363953,0.000201864
0.000103788,0.000101317,0.000126053,8.05849e-05,7.42114e-05,0.000111526,0.00021661,0.000535929,0.000333126,0.000155464,0.00040352,0.000218425
0.00010036,0.000109288,0.000111438,7.9046e-05,8.35436e-05,9.68632e-05,0.000193339,0.000583358,0.000362625,0.000213285,0.000388383,0.000249393
0.000132303,0.000104634,0.000126064,0.000131306,0.000156543,0.00018474,0.000170841,0.000566382,0.000401468,0.000177695,0.000197283,0.000101772
0.000143883,0.000124025,0.000105688,0.000103179,0.000141849,0.000251639,0.00025089,0.000602112,0.000422822,0.000349932,0.000491498,0.000321291
0.000304042,0.000189044,0.000255404,0.000120057,0.000141175,0.000295271,0.00036956,0.000721545,0.000429713,0.000573294,0.00113659,0.000969347
0.0002892,0.000318982,0.000571753,0.000286704,0.000155125,0.000332855,0.000490305,0.000910286,0.000597298,0.000535658,0.00102238,0.000951795
0.000158014,0.000131911,0.000173307,0.00018046,0.000215037,0.000345824,0.000439456,0.000744678,0.000413992,0.00112776,0.0024641,0.00152204
0.000276608,0.000266537,0.000320351,0.000147372,0.000141655,0.000397953,0.000403508,0.000582445,0.000371533,0.000838846,0.0017734,0.0010473
0.000289196,0.000216517,0.000287664,0.00016993,0.00021319,0.000443691,0.000197335,0.000597213,0.000310746,0.000406932,0.000914287,0.000688198
0.00021503,0.000209932,0.000359655,0.000143718,0.000140094,0.000552966,0.000448496,0.000528155,0.000330028,0.000324128,0.000936915,0.000785864
0.000210395,0.000124687,0.000222486,0.00015919,0.000195598,0.000447181,0.000377589,0.000586581,0.000307862,0.000267432,0.000638885,0.000487889
0.000141678,0.000145343,0.000188978,0.000137242,0.00011043,0.000216406,0.000351057,0.000891004,0.000488056,0.000216792,0.00044787,0.000319369
0.000100877,0.000154166,0.000265775,0.000157198,4.23691e-05,9.38157e-05,0.000258478,0.000700943,0.000377101,0.000185289,0.000301592,0.000226634
0.000171631,0.000147152,0.00016772,8.33689e-05,4.85058e-05,8.73688e-05,0.000296612,0.000665252,0.000391366,0.000234345,0.00055685,0.000396471
0.00014981,0.000125765,0.00011562,0.000107526,0.000130911,0.000154987,0.000219213,0.000748317,0.00048452,0.000271696,0.00065094,0.000456807
0.000119549,0.000101654,0.000100624,0.000110937,0.000110974,0.000119779,0.000239129,0.000498148,0.00029554,0.000145214,0.000435018,0.000276229
0.000134535,0.000139612,9.00265e-05,9.1791e-05,0.000135419,0.000142711,0.000287282,0.00062892,0.000391396,0.000208847,0.000327195,0.000213041
7.59365e-05,0.000109327,0.0001346,0.000117918,0.000134925,0.000129915,0.000271374,0.000649229,0.000430297,0.000165715,0.000257501,0.000190311
9.54004e-05,9.17161e-05,0.000150319,0.000118186,9.72652e-05,0.000163784,0.000258208,0.000509069,0.000339638,0.000148704,0.000278095,0.000197368
0.000269377,0.000182547,0.000276801,0.00018577,0.000230984,0.000290718,0.000352502,0.000698315,0.000496434,0.000668373,0.00119759,0.000804797
0.000269387,0.000266997,0.000409862,0.000224359,0.000205558,0.000381346,0.000322027,0.000764294,0.000514775,0.000935238,0.00248289,0.00166136
0.000262086,0.000171493,0.00018319,0.000129406,0.000162165,0.000308415,0.00030858,0.000658246,0.000389205,0.000527192,0.000428086,0.000320687
0.000124928,0.000237738,0.000253863,0.000135702,0.000229777,0.000555861,0.000525399,0.000604428,0.000515305,0.00086655,0.00163154,0.000791329
0.000217865,0.000157079,0.000220085,0.000112365,0.000142235,0.000185479,0.00032797,0.000608701,0.000447957,0.000513823,0.00119118,0.000585811
0.000157586,0.00015008,0.000185498,7.57188e-05,0.000182405,0.000397626,0.0002746,0.000764458,0.000444547,0.000824411,0.0016508,0.00101743
0.000144147,6.76623e-05,0.000148465,0.000120217,0.000163239,0.000272003,0.000261424,0.000505359,0.000443383,0.000379545,0.000529728,0.000396739
0.000235495,0.000188294,0.000335896,0.00015361,0.000139785,0.000218301,0.000218762,0.000514837,0.000380847,0.000375545,0.000482596,0.000480978
0.000167864,0.000115559,0.000322381,0.000219078,0.000179242,0.000281438,0.000370283,0.000777495,0.000443626,0.000233735,0.000410822,0.000401533
0.000282621,0.000387528,0.000639913,0.000340804,0.000164339,0.000282989,0.000415169,0.000777159,0.000478299,0.000399193,0.000704485,0.000585522
0.000215043,0.000273546,0.000546096,0.000313353,0.000108017,0.000182251,0.0003589,0.000786692,0.000406658,0.000135833,0.000299578,0.000430691
0.00011879,0.000179043,0.000368134,0.000241224,0.000112105,0.000179593,0.000180807,0.000418811,0.000318838,0.000116419,0.00018178,0.000189074
0.000172839,0.000155037,0.000330092,0.000155749,0.00013779,0.000234087,0.000184268,0.000256595,0.000125778,0.000144063,0.000313456,0.00035747
9.89005e-05,0.000113686,0.000263113,0.000162876,9.68047e-05,8.50808e-05,0.000237894,0.000581168,0.000374481,0.000214313,0.000326808,0.000272524
0.00011134,9.97955e-05,0.000247628,0.000160733,0.000125614,0.000160901,0.000216037,0.000495292,0.000330097,0.00019086,0.000359589,0.00029706
0.000106462,0.000131048,0.000248615,0.000140679,9.26429e-05,0.00017147,0.000227051,0.000539312,0.000318303,0.000167401,0.000203186,0.000121348
0.000122175,8.63911e-05,0.000219749,0.000121064,5.64909e-05,9.56267e-05,0.000154519,0.000470859,0.000311778,0.000117728,0.000222901,0.000203681
0.00012553,0.000117376,0.000166699,0.000106962,0.000104697,0.000134286,0.000168224,0.000307919,0.0001921,9.30782e-05,0.00016031,0.000161805
9.74627e-05,0.000122041,0.000231675,0.000171163,8.83069e-05,0.000100576,0.000171022,0.000475569,0.000284307,0.00015574,0.0001168,8.72106e-05
0.000101617,0.000120532,0.000202865,0.000151655,0.000106119,8.70173e-05,0.000109309,0.000276795,0.000197757,0.000105774,0.000162215,0.00013639
8.43425e-05,0.000119502,0.000236675,0.000156405,7.8353e-05,7.84927e-05,0.000171235,0.000367399,0.000272317,0.000118394,0.000156567,0.000126765
5.07151e-05,7.73543e-05,0.00014435,9.12165e-05,0.000100431,0.000113614,0.000168255,0.000426462,0.000298417,0.000128357,0.000192786,0.000137024
0.000116034,0.00015736,0.000143646,8.66745e-05,7.25531e-05,0.00011406,0.000141888,0.000268559,0.000223491,0.000121654,0.000105532,5.86405e-05
0.000139555,0.00013772,9.8048e-05,7.90366e-05,0.000103539,0.000110454,0.000204209,0.000457878,0.000311042,9.34562e-05,6.27798e-05,9.26237e-05
0.000104606,0.000127545,0.000122752,8.33431e-05,8.70989e-05,8.1444e-05,0.000174148,0.000422505,0.000265634,5.60885e-05,9.52045e-05,5.33149e-05
0.000161608,0.000100133,7.02832e-05,5.22719e-05,8.55573e-05,8.17861e-05,0.000186495,0.00039435,0.000276447,8.33519e-05,9.1666e-05,0.000108096
0.000131527,0.000114343,0.000100435,8.73705e-05,8.45829e-05,6.98301e-05,0.000200277,0.000531274,0.000325358,7.13684e-05,8.08897e-05,7.08662e-05
0.000107305,0.000160593,0.000125205,9.81631e-05,7.78443e-05,5.13497e-05,0.000167154,0.000363405,0.000228731,5.99916e-05,9.42954e-05,6.42541e-05
8.20325e-05,0.000135823,8.21989e-05,8.985e-05,0.000102138,6.93828e-05,0.000166652,0.000366536,0.000208406,2.71309e-05,6.14844e-05,3.42967e-05
0.000136904,0.000161069,0.000172067,0.000130556,6.77739e-05,9.50162e-05,0.000204605,0.0004928,0.000352402,0.000106723,6.72683e-05,9.48766e-05
0.000137328,0.000131177,7.00959e-05,0.000132421,0.000154771,0.00014462,0.000188015,0.000350541,0.000212869,7.13434e-05,0.000105969,0.000113913
0.000172977,0.000144894,0.000172357,0.000216683,0.000205261,0.000138258,0.000176449,0.000477821,0.000302571,0.000107292,0.000121973,0.000125297
0.000120647,0.000134017,0.000124687,0.000138448,0.000190629,0.000149119,0.000130036,0.000378239,0.000298839,0.00015191,0.000149112,0.000104887
0.000111925,0.000147758,0.000134385,9.73532e-05,0.000103169,0.000162541,0.000166903,0.000299173,0.000197987,0.000171321,9.56281e-05,7.01294e-05
0.000164465,0.000152404,0.000127957,8.98155e-05,0.00010815,0.000120235,0.00015626,0.000425238,0.000330817,0.000174942,9.81656e-05,0.000117073
0.000145074,0.000100327,0.00013973,0.000102612,8.36995e-05,0.000102572,0.000145034,0.00036641,0.000353675,0.000208249,0.000129836,0.000154694
9.96876e-05,0.000105224,9.54224e-05,9.48122e-05,7.00167e-05,0.000113268,0.00023619,0.000487975,0.000428761,0.000182181,0.000105657,0.000113019
0.0002038,0.000159756,0.000153293,0.000138899,0.00013609,0.000145725,0.000236773,0.000337298,0.000326754,0.000199944,0.000198713,0.000190911
0.000176913,0.000127873,0.000105618,9.96354e-05,6.87811e-05,0.000137768,0.000207118,0.000389699,0.000308678,0.000104547,9.17447e-05,0.00015823
0.000141718,0.00013056,0.000120173,0.000131859,0.000114863,0.000111197,0.000200764,0.000413414,0.00028689,0.0001063,0.000132351,0.00012138
0.000193131,0.000181719,0.000124695,0.000150903,0.000114736,0.00012694,0.000149744,0.000264298,0.000221133,0.00015911,0.000178586,0.000202729
0.000148839,0.000149945,0.000137216,0.000161018,0.000128693,0.000104639,8.23711e-05,0.000234611,0.00025461,0.000179347,0.000155534,0.000127845
7.50158e-05,0.000106265,9.86557e-05,0.000105029,9.2984e-05,0.000122797,0.000118494,0.000289157,0.000286836,0.000172178,0.000109173,9.89597e-05
0.00013095,0.000128605,8.68663e-05,0.000103754,6.79e-05,9.05129e-05,0.000124302,0.000243303,0.000212707,9.48004e-05,6.55491e-05,9.49074e-05
0.000192107,0.000153758,9.27945e-05,8.52879e-05,9.94074e-05,0.000115518,0.000127056,0.000315673,0.000280576,0.000125836,0.000190867,0.000161545
0.000123001,0.000118782,0.000115036,0.00010566,0.000132518,0.000174617,0.000190157,0.000312518,0.000246866,0.000158449,8.48667e-05,7.65445e-05
9.81709e-05,0.000115027,0.000148194,0.000146322,0.000165089,0.000165941,0.000110027,0.000116209,0.000161321,0.000148605,8.87469e-05,6.99145e-05
0.000125341,0.000117517,0.000111768,8.90737e-05,0.000133668,0.000128589,0.000102017,0.000155224,0.00011566,6.30499e-05,9.31771e-05,9.91225e-05
0.000120424,0.000101515,0.000103476,8.78605e-05,7.66077e-05,7.69915e-05,5.82466e-05,0.000139889,0.000128969,8.59931e-05,5.30791e-05,7.61433e-05
0.000123672,0.000171362,0.000139541,9.24283e-05,8.76484e-05,0.000119408,0.000131875,0.000138258,0.000168112,0.000130216,0.000124104,9.79016e-05
0.000139798,0.000144267,0.000160344,0.000145584,0.000101791,0.000107082,0.000114432,0.000186916,0.000211321,0.000182669,0.000136719,8.60114e-05
0.000199132,0.000150453,0.000176601,0.000154488,0.000139538,0.000115927,0.000132252,0.000224476,0.000245334,0.000206417,0.000164627,0.000153593
0.000109654,9.68031e-05,7.6144e-05,9.434e-05,0.000106206,8.77493e-05,6.81752e-05,0.000127241,8.86751e-05,0.000121011,9.55291e-05,7.23e-05
8.33551e-05,0.000111094,0.000128377,8.63072e-05,4.39893e-05,7.30312e-05,0.000124344,0.000154739,0.000129076,0.000103304,0.000118713,8.45801e-05
9.87435e-05,0.000123495,0.000133088,7.64527e-05,7.21461e-05,7.91338e-05,0.000121772,0.00015934,0.000121948,0.000106857,9.90418e-05,9.77226e-05
6.73664e-05,7.99822e-05,0.000113387,0.000142599,0.000161919,8.81526e-05,0.00015834,0.000176908,0.000118274,9.86561e-05,0.000102864,0.000108888
0.000105213,9.16331e-05,0.000113161,0.000135339,0.000101491,7.5124e-05,0.000165509,0.000138933,9.0233e-05,8.89051e-05,9.61608e-05,7.81361e-05
0.000103109,0.000140266,0.000100838,0.000106567,0.0001044,0.000123062,0.000109899,0.000143651,0.000118229,0.000126077,0.000102631,0.000100108
0.000113212,0.000134154,0.000112316,0.000121435,0.000136995,0.00014291,9.28861e-05,9.93879e-05,0.000133962,0.000110025,8.42436e-05,8.3383e-05
0.000140945,8.4867e-05,7.13125e-05,0.000139789,0.000170339,0.000128284,8.59771e-05,0.000147682,0.000116479,7.75215e-05,7.34178e-05,0.000117953
0.000108401,0.000105263,9.13721e-05,8.81426e-05,0.000138762,8.46683e-05,9.80373e-05,0.000176774,0.000110713,0.000120127,0.000102022,6.48562e-05
8.43351e-05,0.000151031,0.000137091,0.000108688,0.00012755,7.81209e-05,9.24294e-05,0.000139181,9.94652e-05,0.000139645,0.000127625,7.52962e-05
0.000110047,0.000169766,0.000190601,0.00018769,0.000152386,0.000128784,0.000105924,0.000130223,0.000134976,9.49456e-05,9.40106e-05,7.58959e-05
0.000141592,0.000177479,0.000168808,0.000117115,0.000176284,0.00016545,0.000112815,0.000155091,0.000102297,0.000119,0.000141714,0.000125623
0.000116484,0.00013967,0.000176504,0.000176778,0.000174712,0.000111353,0.000135778,0.000155996,0.000103531,9.0217e-05,0.000100281,9.32531e-05
0.000105075,9.31993e-05,0.000129219,0.000198846,0.000185508,0.000110008,0.000137792,0.000158881,0.00013382,8.7771e-05,9.83085e-05,8.57599e-05
0.000119175,0.000104528,0.000110515,0.000145994,0.000152603,0.000127362,0.00013228,0.000106252,6.82235e-05,9.58432e-05,0.000102423,0.00011097
0.000117323,9.05726e-05,0.000121927,0.000106993,0.000131342,0.000111166,8.32743e-05,0.000130544,0.000124508,0.00010021,0.00010294,9.5136e-05
0.000151871,0.000119696,0.000117734,0.000110648,9.04415e-05,9.8917e-05,0.000120592,0.000202832,0.00015119,0.000101138,0.000112997,8.29972e-05
9.13757e-05,8.33631e-05,0.000138397,0.000161549,7.96682e-05,0.000119765,0.000159621,0.000259905,0.000197271,0.000140542,0.000113272,9.5565e-05
7.28847e-05,8.81097e-05,9.96798e-05,0.000113427,0.000138695,0.000152415,0.00019935,0.00019705,0.000136855,9.42985e-05,8.14373e-05,8.95935e-05
8.72416e-05,6.4653e-05,0.000110361,9.96058e-05,0.000107104,0.000108747,0.000151508,0.000108639,8.71704e-05,0.000102251,7.82773e-05,6.07751e-05
0.000155148,0.000140107,0.000198097,0.000164701,0.000139895,0.000175501,0.000126123,0.000155518,0.000122364,0.000171557,0.000138428,9.79259e-05
0.000205603,0.000127423,0.000182184,0.000148401,0.000162361,0.000176681,0.000187668,0.000201896,0.000148804,0.000106308,8.15353e-05,0.000119765
0.000123326,6.29669e-05,0.00010865,0.00012118,0.0001261,0.000156785,0.000175761,0.000192192,0.000101214,7.25008e-05,0.000140532,0.000154838
0.000131072,0.000135151,0.000146777,0.000208479,0.000223648,0.000195741,0.000226984,0.000250417,0.000154584,0.00014651,0.000157422,0.000135813
9.20334e-05,9.04731e-05,0.000119378,9.61227e-05,0.000105286,0.000139185,0.000180897,0.000169388,0.000116823,0.000153272,0.000132159,0.000131979
9.20091e-05,0.00010857,0.000135363,0.000145238,0.000119217,0.000132918,0.000146049,0.000179817,0.00014515,6.74528e-05,0.000102212,0.000119091
7.76388e-05,9.03378e-05,9.0208e-05,0.000116547,0.000157736,0.000152266,0.000129539,0.000214717,0.000146364,0.000116419,0.000129211,0.000129165
8.09979e-05,8.09199e-05,0.000107209,0.000124709,0.000152662,0.000205019,0.000181363,0.000143398,0.000156947,8.85211e-05,0.000123841,0.000139686
0.000130372,9.96301e-05,0.00017882,0.000178319,0.00016146,0.000176007,0.000162151,0.00011504,7.66191e-05,0.000137159,0.00016725,0.000122897
0.000108827,0.000138933,0.000111056,9.40795e-05,0.000103567,0.000105227,0.000142392,0.000136692,0.000104756,0.000112702,0.000126087,0.000107989
9.36907e-05,0.000154347,0.000141239,0.000129484,8.9822e-05,0.000101292,6.51734e-05,8.1441e-05,7.55284e-05,0.000102063,9.69108e-05,0.000118952
0.000162989,0.000108878,0.000111093,8.95527e-05,5.93752e-05,8.27023e-05,5.12788e-05,4.4991e-05,0.000140717,0.000161032,0.000137407,0.000155479
0.000134917,0.000130765,9.98426e-05,8.55852e-05,6.09726e-05,7.30115e-05,0.000102496,0.000117045,9.34512e-05,8.49218e-05,0.000133328,0.000140514
0.000151614,9.7034e-05,0.000101159,0.000130755,0.000116031,6.08467e-05,7.35208e-05,0.000131546,0.00013743,0.000156683,0.000187094,0.000158745
0.000165832,0.000167436,0.000141018,0.000118314,7.84975e-05,6.03693e-05,7.96508e-05,0.000112028,9.15634e-05,6.74081e-05,0.00010316,8.06114e-05
0.000156343,0.000195006,0.000177473,0.0001272,0.00010216,8.81912e-05,9.53466e-05,9.35514e-05,9.53758e-05,7.63029e-05,0.000143024,0.000164144
0.000131419,0.000138502,7.73237e-05,0.000106413,0.000114872,8.40693e-05,7.32674e-05,0.000122261,0.000141586,9.70306e-05,0.000112409,7.23377e-05
0.00012987,0.000153963,9.30278e-05,6.55002e-05,5.9311e-05,5.68755e-05,7.16191e-05,0.00011069,0.000122582,0.000114387,0.000141787,0.000163941
8.60297e-05,0.000153404,0.000138733,0.000109945,0.000141335,0.000140774,8.93174e-05,0.000110407,0.000142206,0.000124429,0.000106411,0.000105029
0.000121039,0.000170963,0.000163436,0.000118395,6.03218e-05,6.04043e-05,9.01544e-05,0.000113245,0.000115723,0.00010174,0.000126575,0.000154797
7.87189e-05,9.71595e-05,9.45648e-05,9.54905e-05,8.21977e-05,6.66499e-05,9.02971e-05,7.23099e-05,9.75501e-05,0.000138974,0.000153045,0.000154613
0.00013809,7.1449e-05,7.88071e-05,7.61981e-05,0.000109653,0.000149408,0.000141301,8.45224e-05,0.000106129,0.000122731,0.000198204,0.000146936
0.000114528,0.000119473,0.000103738,9.54162e-05,0.000110887,0.000132906,0.000110748,8.84815e-05,9.61481e-05,0.000100314,0.000118831,0.000127595
0.000151866,0.000136514,0.000131158,0.000181593,0.000205409,0.000175462,0.000123521,8.19878e-05,0.000107267,0.000101955,9.29725e-05,0.000157046
0.000167026,0.000144279,0.000147596,0.000209782,0.00029837,0.000243606,0.00017728,0.000178374,0.000132895,0.000151135,0.00015575,0.000195499
0.000158004,0.000193587,0.000139535,0.000186062,0.000170943,0.00020547,0.000151377,0.000121082,0.000136374,0.000113505,0.000129488,0.000168204
0.000131406,0.000131115,0.000129626,0.000136726,0.000129233,0.000107303,9.03831e-05,7.58393e-05,7.95417e-05,8.33894e-05,8.24269e-05,9.63519e-05
2.70683e-05,2.6831e-05,2.35298e-05,1.91977e-05,1.46812e-05,9.51093e-06,4.935e-06,4.0896e-06,5.43628e-06,6.12597e-06,6.7579e-06,6.57707e-06
3.72713e-06,3.17315e-06,2.5459e-06,1.92746e-06,1.23167e-06,8.52433e-07,6.33948e-07,4.01017e-07,2.12025e-07,9.0032e-08,7.8112e-08,8.10275e-08
1.04032e-07,4.63952e-08,2.32941e-08,2.7812e-08,2.40003e-08,2.09247e-08,2.96296e-08,1.39483e-08,5.95586e-09,8.94519e-09,1.101e-08,1.07303e-08
1.18696e-11,1.49194e-11,1.23874e-11,1.46495e-11,1.56248e-11,1.12868e-11,1.74329e-11,1.54899e-11,1.756e-11,1.59948e-11,1.40286e-11,1.33354e-11