-26.7205,0.840487,0.363517,0.468601,-0.24188,-0.0370944,0.134696,-0.0496586,0.0585633,0.150707,0.189696,-0.0294083,0.0265816,0.423259,0.209044,0.532776,-0.00626547,-0.1975,-0.00600034,-0.0202533
-20.6877,2.10459,0.232448,0.153493,0.0865932,0.0400585,-0.199271,0.181562,0.0792337,0.0628686,0.121367,0.137475,0.33911,0.120402,-0.216142,0.134275,0.348361,0.0977792,-0.157923,-0.00157728
-21.5015,1.36143,0.417794,0.48818,-0.244494,0.00554755,0.0971299,0.221415,0.0739972,0.21387,0.236633,0.157534,0.218856,0.122077,0.132313,-0.0158378,0.103463,-0.211543,0.0384987,0.269165
-21.3438,1.48333,0.317916,0.392947,-0.0466648,0.0909816,-0.00593041,-0.0664519,-0.2072,0.207667,0.0893681,-0.0294038,-0.0834034,0.0292607,0.0647484,0.101389,0.100542,0.109438,-0.15854,-0.146151
-21.311,1.32424,0.153343,0.348715,-0.15337,0.0205822,0.0630645,0.196238,0.0114752,0.0527415,0.224021,0.325227,0.087438,0.14821,0.331789,0.209721,-0.0693348,-0.0695887,-0.105033,0.102276
-21.1249,1.58094,0.0826176,0.086404,0.0228181,0.182589,0.249904,0.257133,0.167154,0.0185883,0.023837,0.118052,-0.0427417,-0.333893,-0.0416555,0.0225902,-0.136846,-0.0927474,0.0317316,-0.141654
-20.4189,2.07557,0.33929,-0.20666,0.0530774,-0.0307542,-0.425035,-0.245678,-0.225184,0.253295,-0.121697,-0.0534968,-0.00471071,0.0219654,-0.110727,-0.0621265,0.169717,-0.00229035,-0.262531,-0.0238626
-21.3103,1.55663,0.477132,0.278936,0.119564,0.0230942,0.101893,-0.0633313,-0.205282,0.0219492,-0.0382458,0.179736,0.228023,0.0089973,-0.108622,0.123609,0.0183526,0.0760822,0.128251,0.183162
-21.0597,1.71123,0.343794,0.192546,-0.0519447,0.0183715,0.0239022,0.0946624,-0.198912,0.14342,0.406589,0.0981166,0.155352,0.079132,-0.104488,0.0943926,-0.0244142,-0.0173576,0.0634717,-0.00181009
-21.3439,1.45135,0.134579,0.296867,0.0588807,-0.296982,-0.17307,0.385426,-0.0395095,0.3678,0.281278,0.0572884,0.187842,-0.225282,-0.0674761,0.256514,0.301731,0.111854,-0.000916969,0.108281
-21.491,1.62835,0.566284,0.854023,0.220575,0.169715,0.189731,0.198028,0.0467072,0.0698723,-0.0936797,0.0591892,0.184953,0.217624,0.322148,0.0327547,0.00706491,-0.00890642,-0.035878,-0.143819
-21.8011,1.50042,0.252025,0.124038,-0.0271167,0.161408,0.0144629,0.254253,0.153315,0.264904,0.1981,0.159792,0.151689,0.0247981,-0.0486672,-0.0638938,-0.0928792,0.0591346,0.120894,-0.0343974
-21.9229,1.51415,0.564523,0.548579,0.0583118,-0.132185,0.14183,0.380543,-0.0101379,-0.184962,0.156423,0.498177,0.0771227,-0.186392,-0.0944466,-0.292992,0.01932,-0.0611681,0.145852,0.295221
-21.9876,1.40823,0.171104,0.427606,0.452207,0.139443,-0.0750184,-0.0244944,-0.133892,0.109054,0.110378,0.0737384,-0.0281816,0.136891,-0.0476716,-0.26283,-0.0908475,-0.202073,-0.0845324,-0.15099
-21.7467,1.57815,0.623308,0.35027,0.183801,0.0659542,-0.0316636,0.142138,0.0693209,-0.0733831,0.241123,0.249203,0.0033315,0.109259,0.116191,0.148185,0.0029274,0.00300481,0.135382,-0.0726223
-21.9866,1.47211,0.479832,0.222265,0.0285086,-0.177586,0.272042,0.512627,0.101624,-0.114913,0.168911,0.259447,-0.157704,-0.104123,0.118017,0.0952406,0.0962114,0.085723,0.0834213,-0.103738
-21.8505,1.33812,0.215619,0.377759,0.119161,0.146268,0.197104,-0.00854882,-0.0631562,-0.170491,0.0578533,-0.00175496,0.057633,0.152599,0.288424,0.0459589,-0.0448479,0.0785207,0.00886388,-0.258375
-21.7094,1.54167,0.397135,0.371053,0.178689,0.232118,0.144022,0.267328,0.173476,-0.184186,-0.205679,0.0947743,0.157319,0.00020681,0.0367188,-0.0970382,0.0691595,-0.0689287,0.0818008,0.2428
-21.5984,1.57281,0.253733,0.205333,-0.0924117,0.0626972,0.0318347,0.156491,0.360946,0.367851,0.171661,0.0300619,0.0590148,0.216866,-0.0436052,-0.0506831,0.0720282,0.195955,-0.0735973,0.0201481
-21.4099,1.50793,0.44731,0.495495,0.00294895,-0.271843,0.0145013,0.231775,0.0537822,0.210387,0.0630828,0.0392674,0.217569,0.0519523,0.117806,-0.00245532,-0.0133196,0.0148997,0.0813048,0.18192
-21.9757,1.49962,0.500735,0.456165,0.226155,-0.234771,-0.0302511,0.065863,-0.0833771,0.262956,0.0699838,-0.051074,-0.103984,-0.1067,0.140852,-0.0733844,0.0521146,0.253429,0.0834382,0.062359
-21.4643,1.65088,0.325583,0.151055,0.110592,-0.0894447,-0.104884,0.126712,0.262727,0.312557,0.176003,-0.0385998,-0.26801,-0.0886983,0.031954,-0.10872,0.19195,0.0103605,-0.165608,0.197591
-21.7724,1.35905,0.391678,0.562917,0.380125,0.0203923,0.183861,0.120338,-0.0191499,0.0508713,0.0148934,-0.105315,0.134985,0.0740703,-0.00782583,0.0841002,-0.0121824,-0.165431,-0.121222,0.0452088
-21.5233,1.01899,0.360479,0.132881,0.587846,-0.0261629,0.176512,0.0915294,0.126118,-0.0481503,-0.0178275,-0.236236,0.333385,-0.0303997,0.117303,-0.0225565,0.0650142,-0.260215,-0.00541745,0.131961
-21.7335,1.18769,0.0698269,0.716904,0.294453,-0.00414556,-0.236346,0.124995,-0.00829369,0.23079,0.134004,-0.0239466,0.217703,0.113662,0.00892623,-0.0230949,0.101071,0.0638294,0.0574214,0.0682738
-21.5481,1.29038,0.25782,0.433213,0.272672,0.040146,-0.332395,0.108914,0.382403,0.190013,0.16722,0.0521593,-0.208869,-0.15625,-0.172571,0.17457,0.255735,0.206318,0.0734927,0.00542439
-21.6319,1.38926,0.406375,0.576313,0.194714,0.17671,0.109346,0.0940381,0.334119,0.295076,0.122446,0.0865233,-0.0402751,0.193544,0.109157,0.153933,-0.0372586,-0.0179515,0.00686964,0.137852
-21.6727,1.10252,0.140542,0.230884,0.411893,0.187486,0.346292,0.306003,0.212982,0.115013,0.21856,0.151286,-0.0267646,0.209688,0.15058,-0.0783902,-0.0198478,-0.0954149,-0.372341,-0.0441832
-21.1877,1.63331,0.0362058,0.0427861,0.282359,0.280677,0.230221,0.303349,-0.0244788,0.24114,0.0283275,0.0252382,0.100147,0.113608,-0.0248244,0.088002,0.0135699,-0.0387357,-0.131893,-0.166762
-20.8616,1.78408,0.187302,-0.0752369,0.00868102,0.193033,0.203418,-0.0183639,0.349988,0.237965,0.0223413,0.182172,0.213404,0.216426,0.150923,-0.058778,-0.0877064,0.151424,0.405775,-0.159973
-21.0467,1.27338,0.026357,0.209859,0.0561131,0.104014,0.283112,0.162204,0.269254,0.17365,0.0638856,0.00917282,0.268961,0.0730346,-0.0517819,0.00682635,-0.122579,0.152583,0.262525,0.0903118
-20.9332,1.23258,-0.29483,0.156656,0.0993722,0.407584,0.096324,-0.0194435,0.104044,0.199371,0.276907,0.155642,0.0421423,-0.125416,-0.330679,-0.135306,-0.0714531,0.01466,0.164864,0.0510503
-20.59,1.29355,-0.267655,0.0214545,-0.164481,0.467584,0.183249,0.173017,-0.0138373,0.0697325,0.223104,0.332607,0.269135,0.0926087,-0.135032,-0.0441462,-0.0685731,0.161727,0.200224,0.193482
-20.4749,1.59729,0.00166344,-0.0769567,-0.0910816,0.159815,0.0913446,-0.193817,0.191833,0.356426,0.259293,0.138453,0.134502,0.0624617,-0.299873,0.159348,0.229761,0.11759,0.0373828,0.04976
-20.6687,1.56462,0.348945,0.0375889,0.192837,0.234712,0.251491,-0.220612,-0.00913434,0.0124709,0.348501,0.208345,0.0601801,-0.168371,0.055712,-0.160157,-0.0869984,-0.0461358,0.115716,-0.0619394
-21.1606,1.23095,0.0580307,0.23984,0.0605667,0.0860476,0.0408905,-0.0031377,-0.15671,0.179708,0.13415,-0.142251,-0.303702,-0.262565,-0.135932,-0.0389689,-0.0628688,-0.135329,0.157856,0.0566843
-20.2912,1.8891,0.00514086,-0.237989,-0.182493,0.22093,0.0313677,0.104787,-0.0254128,-0.0395898,0.0872398,0.276398,0.0919549,0.0753288,-0.0668836,0.0878704,0.0429979,-0.0747755,0.0112286,0.0285852
-20.8888,1.67085,0.314184,0.213217,-0.129275,-0.119462,-0.205209,-0.0623456,0.0958038,0.00234973,0.0295888,0.148805,0.141423,0.0562142,-0.0854257,0.423849,0.0958084,-0.199112,0.0229154,-0.26087
-20.8702,1.40541,0.35398,0.354335,-0.121262,-0.0474431,-0.0106765,-0.115913,0.0706321,-0.131303,0.43337,0.0962559,0.208328,0.279247,0.251217,0.247935,0.109153,0.371627,0.0411233,-0.0400341
-20.6059,1.36305,0.501773,0.472285,-0.180622,0.0787325,0.166921,-0.140399,-0.176305,-0.0396104,0.188867,0.00769778,0.191291,-0.213644,-0.105321,0.216534,0.213921,-0.10272,0.0645852,0.140184
-21.2659,0.940669,0.375442,0.249191,-0.0963636,0.0691347,-0.0055686,-0.0579965,0.360626,-0.179784,-0.159621,0.00400134,0.408374,0.0927428,0.401729,0.15092,0.0643161,0.0442248,0.0295899,0.199041
-20.6843,1.22024,0.317145,0.388495,-0.122388,0.139256,0.245129,-0.0104447,-0.139085,0.280463,0.301493,-0.0119741,0.114341,-0.232802,-0.00238096,-0.0163845,-0.00995693,0.0149831,0.268962,0.145004
-20.8109,0.954135,0.424606,0.261421,-0.117826,0.186028,0.161914,0.352347,0.248349,-0.0107259,0.137607,-0.141148,-0.272998,-0.0890038,0.266838,-0.0975676,-0.212871,-0.0677719,0.0663023,0.0642531
-20.8917,0.88678,0.521324,0.100119,-0.106545,0.459596,0.624837,0.374526,0.262694,0.00246881,0.17739,-0.165224,0.0775046,0.0110339,0.0448429,0.105583,0.136238,0.0256645,0.067573,0.0881488
-20.6018,1.11182,0.60308,0.204787,-0.122993,-0.0163455,0.297999,-0.0159179,0.1851,-0.10109,0.270867,0.0224141,0.00964352,-0.113759,0.277926,0.100138,0.0779596,-0.0293228,0.130154,-0.00576861
-20.7763,0.943545,0.900333,0.538298,-0.165226,0.0661042,0.204617,0.0320823,0.0259578,-0.0767753,0.308779,-0.0782019,-0.0755465,-0.467611,-0.174389,-0.193768,0.218061,-0.0535308,0.089803,-0.0555781
-20.4411,0.881426,0.361771,0.110734,-0.140179,0.0469182,0.266014,0.266679,0.255143,0.0739848,0.103888,0.0659261,0.257215,-0.0779066,-0.0568334,-0.0910699,0.0509525,0.177609,0.187532,0.128971
-20.784,0.549699,0.626494,0.272231,-0.303621,0.0319871,0.335548,0.0995347,0.25759,0.0839758,0.268053,-0.259186,0.0556221,-0.434304,-0.0726917,-0.178479,0.227993,0.18398,0.132924,0.0561087
-20.5425,0.836441,0.546486,0.265772,0.0644419,0.0994329,0.2328,-0.00309772,-0.0357802,0.150159,0.534295,-0.12322,-0.105566,-0.227955,-0.0588579,-0.0771628,0.269073,0.103221,-0.0727497,-0.115668
-20.565,0.677514,0.338801,0.105481,-0.210932,0.18203,0.168563,-0.0363905,0.0744687,0.0940475,0.244197,-0.136808,0.0819312,-0.125509,-0.0594558,0.00713103,-0.0513182,0.0490932,0.350232,0.210427
-20.2481,0.780567,0.399929,-0.0395065,-0.141842,0.218139,-0.00626107,-0.171397,0.174715,0.0777954,0.295996,0.0397744,0.209766,0.0155813,0.0223984,0.0139349,0.194649,0.186403,0.329365,0.145002
-20.3419,0.866296,0.512931,0.310295,-0.00849221,0.112956,0.142541,-0.0419693,0.500432,0.114871,0.223304,-0.0807709,0.00946657,0.0118743,0.39025,0.172312,0.0541267,-0.0170727,0.170016,-0.201541
-20.2176,0.633181,0.278736,0.337317,0.048271,-0.0238857,0.208868,0.121737,0.570183,0.289566,-0.0778336,-0.369604,-0.0441141,-0.0385501,0.0260911,0.0572896,-0.0102063,0.0625449,0.218814,0.00972938
-20.0031,0.662497,0.011848,0.0772083,0.151407,0.291255,0.271955,0.121484,0.279412,-0.19979,-0.274238,-0.335364,0.130074,0.080039,-0.0365113,0.030061,-0.13775,0.196359,0.324389,-0.0630639
-19.9775,0.806043,0.430759,0.352,0.231048,0.13766,0.111525,-0.17824,0.197173,-0.103499,-0.0343977,0.0489866,0.0997556,-0.0339773,0.126524,-0.0374224,-0.0203024,0.0950058,0.336761,-0.0685263
-19.8804,0.805114,0.218184,0.222105,-0.045534,0.256769,-0.0299419,-0.0681889,0.146425,-0.0152943,0.201604,-0.150656,0.102704,0.233074,0.193237,0.0385635,0.164315,0.10914,0.224077,-0.103357
-20.2918,0.456905,0.190879,0.260895,0.489521,0.211515,-0.103825,-0.131198,0.0272935,0.0257978,0.121428,-0.0513008,0.278599,0.153427,-0.278416,-0.231343,-0.0355652,-0.0391581,0.245408,-0.028489
-20.294,0.616815,0.0659316,0.446514,0.399735,0.51237,0.218038,-0.0449841,0.153885,-0.0551069,0.0801367,0.097867,0.020698,-0.157612,0.154168,-0.0776182,-0.00563155,0.187444,0.0718545,-0.0458192
-20.0069,0.636451,0.478986,0.428731,-2.24528e-05,0.212048,0.121405,0.237685,0.428727,-0.0107683,-0.336299,-0.219989,0.060296,0.237741,0.563643,0.0781742,-0.107165,-0.0220023,0.261492,-0.175855
-20.287,0.500221,0.389636,0.310633,0.132081,0.373824,0.323135,0.225706,0.52218,0.121089,-0.263766,-0.323423,0.280015,-0.301241,0.0684419,-0.1255,-0.13277,0.170243,0.418096,-0.00851224
-20.377,0.807858,0.308433,0.168388,-0.0299465,0.387126,0.28724,0.142051,0.260591,-0.111906,0.0537101,0.112907,0.360166,0.0213732,0.251377,0.113811,-0.23084,0.016824,0.139115,-0.166639
-20.1127,0.732026,0.366749,0.085872,0.161371,0.319251,0.469224,-0.181772,-0.079416,-0.152813,0.0402282,-0.208442,0.119644,0.0654444,0.363026,0.216019,0.104954,-0.0366563,0.0295471,-0.178846
-20.5116,0.689949,0.63356,0.0751369,0.191421,0.00937612,0.249863,-0.308152,0.0394001,0.0897632,0.0281833,-0.169514,0.105441,-0.0224137,0.169892,0.0327336,-0.0492866,-0.220416,0.385812,-0.0342885
-20.3194,0.85719,0.559602,0.0950328,0.0966271,0.0873181,0.172127,0.0103389,0.256399,-0.0432559,0.0836046,0.162105,0.318361,-0.0105068,0.0422409,0.135532,0.0167031,0.121683,0.132017,-0.172205
-20.4122,0.974104,0.570552,0.357576,0.136201,0.323186,-0.143834,-0.296209,0.0877139,0.270947,0.294224,0.070015,0.281002,-0.0142524,0.0375585,-0.0584726,0.113503,0.241189,0.158376,0.05751
-20.3902,1.06279,0.844891,0.0542951,-0.0804293,0.234497,0.137248,0.0590068,0.250134,0.180958,0.0345846,-0.366026,0.236223,0.0319585,0.0949307,0.180747,0.198754,0.217269,0.159081,-0.101261
-20.3899,0.904631,0.390661,0.235134,0.0109033,0.269532,0.0233386,-0.31595,-0.115723,-0.0291218,0.0529555,-0.374359,0.288975,-0.0666201,0.257648,0.212998,-0.0323868,0.0200425,0.280803,0.197396
-20.2165,1.04367,0.681743,0.1477,-0.0173283,0.0895425,0.295807,-0.0788114,-0.00833926,-0.0298883,0.237247,-0.0392892,0.158829,-0.135252,0.0937594,-0.0935337,0.0669034,0.0385488,-0.0153742,-0.149454
-20.3142,1.5394,0.267768,-0.0699127,0.1813,-0.0429211,0.0399199,-0.222917,-0.170771,-0.427946,-0.0334937,-0.0886763,0.440114,0.100809,0.0488277,0.228026,0.414892,0.000350352,0.0999562,0.102901
-19.4641,1.00908,-0.276945,0.036369,0.075403,0.00949447,0.156865,0.117323,-0.0358663,-0.305756,0.468111,0.168755,0.335579,0.105986,0.301457,0.419304,0.401568,0.021679,0.227968,0.0771517
-18.6499,1.77899,0.0154939,0.529895,0.226832,-0.155678,-0.489096,-0.243955,-0.068354,-0.347023,0.316611,0.131564,0.166152,-0.0706668,0.0408619,0.464292,0.417159,-0.243427,-0.246909,0.096925
-18.0796,1.86434,0.115588,0.481203,-0.313687,-0.443662,-0.270161,-0.255437,-0.227417,-0.28607,0.251791,0.158811,0.348885,-0.431965,0.0776884,0.35371,0.51174,-0.0692163,0.125105,0.0592894
-17.4965,2.03266,0.269964,0.79888,-0.230012,-0.242966,-0.515554,-0.464989,-0.368988,-0.4635,0.210718,0.0204614,0.141264,-0.206522,0.220817,0.323381,0.270879,0.106361,-0.0718414,0.10866
-17.0848,2.1,0.233626,0.781546,-0.740571,-0.40189,-0.189947,-0.16896,-0.512206,-0.427264,0.239134,0.235623,0.263143,-0.199547,0.274873,0.648959,0.343762,0.0497118,-0.177429,0.0886901
-16.8861,2.34187,0.123632,0.907008,-0.696259,-0.361495,-0.439821,-0.396905,-0.454012,-0.342137,0.0703173,0.0941414,0.316407,-0.00207857,0.176329,0.300427,0.209685,0.205121,-0.0291233,-0.143042
-16.5072,2.61929,-0.170316,0.706631,-0.80132,-0.166721,-0.593588,-0.449306,-0.431088,-0.411043,-0.159477,0.098625,0.235171,0.0549907,0.0146604,0.242397,0.26013,0.114415,-0.148168,0.00229415
-16.6992,2.47506,-0.207418,0.523912,-0.84502,-0.144377,-0.534073,-0.437719,-0.254337,-0.252655,-0.235121,-0.267406,0.0890496,0.209722,0.124127,0.00773747,0.405532,0.0223083,-0.147372,-0.0607405
-16.3506,2.55331,-0.0797299,0.81051,-0.913309,-0.459893,-0.442933,-0.101693,-0.143899,0.0107963,-0.455981,-0.212507,0.327329,0.323384,-0.0426614,0.10115,0.348376,0.199705,-0.0464349,-0.0512121
-16.3644,2.53751,0.160289,0.71759,-0.784966,-0.581589,-0.430338,-0.152336,0.213945,0.105304,-0.637601,-0.415571,0.518468,0.392652,-0.148445,0.235494,0.457,0.222015,-0.0447667,-0.120573
-16.33,2.48675,-0.0351764,0.555967,-0.623077,-0.780258,-0.325499,-0.0509154,0.0955445,-0.0186804,-0.496642,-0.409687,0.33561,0.403333,-0.258629,0.190066,0.585281,0.227002,-0.0880662,-0.0030952
-15.8771,2.34161,-0.467675,0.545817,-0.855705,-0.746535,-0.385602,0.0784698,0.211037,0.0270209,-0.328343,-0.447562,0.238496,0.409484,-0.196589,0.307079,0.442305,0.0790541,-0.0715996,0.0689767
-15.9718,2.02587,-0.692682,0.341484,-0.964375,-0.77302,-0.429939,0.0612399,0.251917,0.244492,-0.250596,-0.436228,0.0703234,0.330159,-0.184163,0.338308,0.461245,-0.113694,-0.168492,0.181874
-16.1202,2.1818,-0.763651,0.307013,-0.8068,-0.757368,-0.452536,-0.134884,0.333475,0.355681,-0.339654,-0.609165,0.00369022,0.382635,-0.140546,0.461758,0.735025,-0.0423339,-0.176298,0.16621
-16.5108,1.8382,-0.588419,0.258305,-0.94931,-0.770549,-0.345733,0.141226,0.385076,0.302317,-0.340679,-0.263661,0.236624,0.431001,-0.213443,0.565043,0.664518,-0.200523,-0.132455,0.170278
-16.3706,1.84996,-0.377007,0.262265,-0.852176,-0.833664,-0.437808,0.160885,0.13831,0.131116,-0.390787,-0.395847,0.217346,0.447587,-0.441403,0.343471,0.708074,-0.0751869,-0.0378841,0.0831941
-16.6622,1.81328,-0.351078,0.346355,-0.818278,-0.713678,-0.356516,0.106566,0.429945,0.164019,-0.460294,-0.391755,0.263855,0.545137,-0.373786,0.36122,0.796041,-0.138763,-0.163097,0.171792
-16.8301,1.76523,-0.401321,0.206256,-0.845747,-0.6784,-0.180852,0.253254,0.417936,0.11561,-0.50681,-0.415292,0.475686,0.406036,-0.337884,0.342283,0.848588,0.0401062,-0.0538972,0.00472352
-17.0451,1.65863,-0.297338,0.185108,-0.599773,-0.688935,-0.108083,0.359643,0.210111,0.117729,-0.599568,-0.611934,0.00567009,0.315125,-0.28844,0.620401,0.93564,0.00999002,-0.0295754,0.291724
-17.3358,1.2691,-0.314241,0.00965696,-0.592802,-0.667104,-0.297448,0.293996,0.398442,0.329848,-0.522017,-0.559728,0.273299,0.281203,-0.104026,0.796168,1.18921,-0.118368,-0.0977397,0.214054
-17.1491,1.73865,-0.300752,0.27724,-0.672443,-0.6811,-0.230829,0.271638,0.357295,0.241014,-0.411529,-0.611371,0.181888,0.486404,-0.0953829,0.76774,1.04011,-0.0673975,-0.206605,0.183776
-17.495,1.56962,-0.348264,0.354609,-0.76281,-0.705377,-0.14834,0.586637,0.646109,0.37267,-0.536547,-0.669111,0.0244145,0.276673,-0.46506,0.566381,0.962621,-0.320422,-0.163457,0.136257
-17.516,1.63059,-0.20286,0.4483,-0.704393,-0.870924,0.0474516,0.742229,0.860612,0.44288,-0.813156,-0.692361,0.106851,0.409839,-0.453189,0.374097,1.11877,-0.199375,0.0752843,0.372886
-17.4333,1.37226,-0.576754,0.0959015,-0.802133,-0.581915,0.0507115,0.565509,0.522754,0.373733,-0.647626,-0.895636,-0.124767,0.303969,-0.563686,0.431543,1.28246,-0.0723149,-0.139322,0.272137
-17.4317,1.43176,-0.35966,0.0941501,-0.907413,-0.465994,-0.0621181,0.421863,0.397825,0.286636,-0.498339,-0.633169,0.0930805,0.241366,-0.546311,0.602822,1.23779,-0.272022,-0.0765942,0.18733
-17.4298,1.25805,-0.289224,0.0648673,-1.04844,-0.642081,-0.196854,0.238087,0.302704,0.329195,-0.804866,-0.823733,0.0605594,0.41032,-0.182341,0.808745,1.55373,-0.00892984,-0.0192806,0.451372
-17.1652,1.04108,-0.450199,0.321448,-1.19464,-0.808998,-0.184976,0.38533,0.608263,0.595984,-0.466222,-0.57434,0.306907,0.265052,-0.291986,0.817435,1.36196,-0.211895,-0.149417,0.229375
-16.8102,1.37368,-0.293327,0.455936,-1.35696,-0.701016,-0.11627,0.181456,0.305898,0.497258,-0.600491,-0.59338,0.363096,0.243264,-0.370666,0.765991,1.40246,-0.0291034,-0.195361,0.22236
-16.4876,1.34052,-0.158212,0.326071,-1.04374,-0.774165,-0.388593,-0.0536816,0.290992,0.471889,-0.447866,-0.824003,0.304084,0.0747807,-0.142416,0.748103,1.06134,-0.179847,0.139984,0.172579
-16.2915,1.33444,0.0411179,0.373642,-1.44968,-0.849778,-0.243886,0.15584,0.00934063,0.275642,-0.484349,-0.631044,0.362425,0.207273,-0.231803,0.628872,0.936069,-0.248217,-0.3625,0.0994754
-15.8963,1.45846,-0.109498,0.258539,-1.35286,-0.385669,-0.406058,-0.0273276,-0.0730142,0.243823,-0.547129,-0.752762,0.380162,0.260747,-0.293752,0.551755,0.838588,-0.0762589,-0.309719,-0.0739361
-15.2609,1.51706,-0.53178,0.495939,-1.17343,-0.402774,-0.425433,-0.119918,-0.180217,0.214117,-0.282113,-0.419401,0.286482,0.242496,-0.0875863,0.874013,0.918221,0.0381192,-0.253223,0.0227882
-14.0546,1.57312,-0.670515,0.735633,-1.41584,-0.503074,-0.528848,-0.00535289,-0.319382,0.0972183,-0.352794,-0.309432,0.303096,0.230856,0.0213548,0.579014,0.564058,0.262366,-0.141171,-0.078193
-14.02,2.14193,-0.348558,0.679081,-1.23274,-0.317499,-0.606618,-0.272781,-0.0708108,0.151371,-0.93951,-0.468985,0.518092,0.108391,-0.0439712,0.412154,0.545686,0.0348125,-0.0615147,-0.0332764
-14.1374,2.01158,-0.572872,0.746512,-1.24537,-0.534103,-0.493172,-0.356477,-0.211468,0.103993,-0.645521,-0.206218,0.527163,0.0785099,0.0365652,0.353009,0.416242,0.0747387,-0.155732,0.119059
-14.3226,1.93462,-0.42882,0.719484,-1.04573,-0.514312,-0.586955,-0.529197,-0.290998,0.406832,-0.410468,-0.299905,0.387165,0.0351957,-0.0416101,0.32948,0.438883,0.109411,-0.226342,0.113183
-14.4057,1.83891,-0.688532,0.379789,-1.29849,-0.727919,-0.724425,-0.417567,-0.208344,0.141373,-0.362786,-0.295645,0.36176,-0.0646761,-0.326258,0.203882,0.37061,-0.268417,-0.259864,-0.0779796
-14.4271,2.14952,-0.463179,0.231089,-1.41441,-0.694562,-0.666349,-0.175474,-0.353061,0.0878175,-0.319523,-0.254316,0.362914,0.0818563,-0.353529,0.118741,0.469698,-0.375694,-0.1574,0.348676
-14.4378,2.00204,-0.610811,0.26301,-1.52043,-0.505463,-0.26544,-0.034331,-0.26573,0.0765374,-0.0470617,-0.282665,0.215851,-0.0231453,-0.33721,0.129647,0.187528,-0.0800466,-0.0526272,0.346743
-14.3902,1.85879,-0.788245,0.0919668,-1.44549,-0.538853,-0.296645,-0.252449,-0.346151,-0.0132804,-0.0642038,-0.200611,0.353639,-0.0108557,-0.136557,0.434243,0.506368,-0.028772,-0.0942987,0.48203
-14.3622,1.89146,-0.769407,0.217933,-1.13239,-0.388066,-0.487541,-0.376063,-0.230808,0.364817,0.0428228,-0.645686,0.112063,-0.103858,-0.119325,0.311674,0.651939,0.0722957,-0.251051,0.294017
-14.4514,2.26157,-0.615978,0.290494,-1.03263,-0.584378,-0.667106,-0.407576,-0.32788,0.238358,-0.072689,-0.463882,0.176639,0.182039,-0.0167364,0.529006,0.752349,-0.105808,-0.349884,0.287477
-14.5775,2.27,-0.558823,0.287905,-1.19242,-0.559939,-0.599927,-0.280457,-0.451248,0.253219,-0.319909,-0.364195,0.327049,0.274289,0.212109,0.610701,0.589866,-0.276583,-0.351479,0.0960844
-14.3941,2.16023,-0.55731,0.350587,-1.12095,-0.682699,-0.628567,-0.361073,-0.387956,0.398471,-0.130724,-0.457848,0.174475,0.120012,0.12189,0.437307,0.481384,-0.140353,-0.285389,0.0368865
-15.1404,1.97421,-0.345872,0.324549,-1.16705,-0.669317,-0.396606,-0.267611,-0.230806,0.465641,-0.0708574,-0.577942,-0.063111,0.0232818,-0.317234,0.326642,0.684865,-0.313517,-0.426491,0.142614
-15.0509,1.61421,-0.509643,0.365799,-1.04382,-0.735829,-0.699907,-0.402043,-0.0217116,0.393879,-0.211973,-0.466957,0.244596,0.0528845,-0.118879,0.627151,0.75207,-0.253362,-0.159487,0.254636
-15.0797,1.78532,-0.345746,0.438898,-1.03469,-0.909753,-0.614224,-0.118591,0.172948,0.338859,-0.451767,-0.380923,0.316312,0.256285,-0.191183,0.440881,0.698908,-0.216799,-0.207158,0.398588
-15.1968,1.68807,-0.396474,0.514847,-0.916849,-1.03218,-0.705421,0.0991179,0.259522,0.162866,-0.498116,-0.526108,0.368937,0.430303,-0.0574054,0.509612,0.902505,-0.102976,0.0320781,0.38869
-15.4794,1.57562,-0.692712,0.374499,-1.00722,-0.99581,-0.684607,-0.0150238,0.068625,0.368952,-0.327414,-0.426859,0.365644,0.480643,0.0104143,0.45909,1.0802,-0.0888659,-0.410177,0.256859
-15.5582,1.6116,-0.556499,0.440086,-0.842838,-0.971883,-0.629876,-0.185493,0.0432078,0.269696,-0.602281,-0.717823,0.104877,0.275802,-0.124453,0.398354,0.861917,-0.200347,-0.322925,0.1988
-15.9484,1.40719,-0.517992,0.473992,-0.676599,-0.653129,-0.304701,-0.0713572,0.276331,0.506669,-0.58476,-0.618639,0.327165,0.351932,-0.183077,0.539317,1.08473,0.0984925,-0.092683,0.262898
-15.9662,1.61879,-0.478011,0.214839,-0.688996,-0.762058,-0.237018,-0.0755778,-0.048041,0.304384,-0.764611,-0.939441,0.314711,0.53177,-0.123877,0.455458,1.24581,-0.115223,-0.307488,0.181247
-16.0378,1.73389,0.028845,0.41746,-0.864833,-0.906914,-0.428107,-0.161087,0.259792,0.38226,-0.684277,-0.825672,0.371407,0.437094,-0.26212,0.790029,1.24291,-0.328732,-0.464561,0.252054
-16.004,1.72491,-0.0182668,0.347122,-0.789869,-0.949788,-0.513823,-0.128522,0.267753,0.612953,-0.324263,-0.751302,0.310152,0.514982,-0.415233,0.641245,1.17362,-0.309792,-0.492377,0.127729
-16.2295,1.75438,0.152908,0.355647,-0.845104,-1.04941,-0.564205,0.0904564,0.291919,0.356795,-0.69847,-0.770293,0.527471,0.496982,-0.453154,0.699059,1.15153,-0.267313,-0.243708,0.310246
-16.2134,1.77775,0.169665,0.479505,-0.816815,-1.12983,-0.565584,0.112088,0.289894,0.292627,-0.591627,-0.634803,0.558246,0.36087,-0.42292,0.643149,1.21213,-0.080551,-0.157821,0.378097
-16.3223,1.70729,-0.172262,0.220356,-0.65255,-1.05937,-0.437164,0.276518,0.209894,0.203859,-0.421469,-0.797034,0.420212,0.535313,-0.434036,0.603343,1.2076,-0.2221,-0.233955,0.445821
-16.4094,1.30177,-0.152327,0.329851,-0.742465,-0.785931,-0.184097,0.385084,0.310449,0.404634,-0.605064,-0.678967,0.340673,0.238591,-0.512279,0.687444,1.3197,-0.246916,-0.441022,0.314048
-16.268,1.51513,-0.0793228,0.212534,-0.897231,-0.843122,-0.460525,0.35465,0.332383,0.379968,-0.507445,-0.788425,0.279096,0.31007,-0.501485,0.64881,1.13077,-0.230881,-0.390975,0.357367
-15.716,1.46722,-0.419429,0.0879345,-0.959621,-0.657414,-0.360269,0.215408,0.0141839,0.156115,-0.313611,-0.699939,0.337139,0.19527,-0.607041,0.471775,1.17931,-0.118416,-0.252084,0.184431
-15.2462,0.973564,-0.877827,0.140168,-1.01414,-0.738181,-0.49381,0.132987,-0.243949,0.0620849,-0.122996,-0.546862,0.252766,0.280366,-0.126307,0.709392,1.07235,-0.012559,-0.157922,0.25783
-14.6104,1.05578,-0.575476,0.323896,-1.1435,-0.458791,-0.414027,0.0783091,-0.396304,-0.0720088,-0.53844,-0.512184,0.238083,0.139083,-0.07284,0.813764,0.794463,-0.203003,-0.281375,0.25275
-14.29,1.25534,-0.690678,0.428107,-1.1346,-0.387762,-0.21713,0.0559903,-0.0671935,0.15354,-0.576788,-0.429116,0.367387,0.024423,-0.12693,0.766283,0.60099,-0.277326,-0.228091,0.173134
-14.2329,1.59846,-0.766564,0.430224,-1.2354,-0.537793,-0.390127,-0.142918,-0.133093,0.332817,-0.370447,-0.417851,0.286634,0.219197,-0.137929,0.46235,0.773423,0.0150025,-0.17324,0.178467
-14.462,1.88193,-0.385981,0.305555,-1.12635,-0.574795,-0.333747,-0.0377719,-0.239476,0.185535,-0.62117,-0.429952,0.47464,0.381299,-0.222421,0.55008,0.901922,-0.0685679,-0.271361,0.237043
-14.5701,1.34986,-0.609263,0.585344,-0.957511,-0.486694,-0.433277,0.147204,-0.246006,0.152614,-0.474282,-0.602243,0.0978121,0.250171,-0.146571,0.565378,0.704974,-0.159797,-0.201824,0.340152
-14.4554,1.34238,-0.674735,0.761256,-1.07137,-0.275537,-0.119846,0.288232,-0.244306,0.046906,-0.420366,-0.550998,0.174126,0.365874,-0.168783,0.650543,0.637699,-0.250185,-0.375692,0.220803
-14.576,1.42722,-0.638235,0.432384,-1.13421,-0.363462,-0.152205,0.370428,0.282168,0.350052,-0.353176,-0.471882,0.231711,0.100471,-0.458866,0.436291,0.622229,-0.461864,-0.434139,0.176018
-14.1555,1.62654,-0.638675,0.512508,-1.17998,-0.457033,-0.50882,-0.10991,0.0347993,0.389289,-0.345469,-0.609922,-0.151102,-0.202205,-0.491377,0.683488,0.868879,-0.340641,-0.495142,0.0856583
-13.8438,1.91948,-0.376978,0.424892,-1.21795,-0.444435,-0.709565,-0.221207,-0.135707,0.298269,-0.45267,-0.512997,0.16075,0.167742,-0.257488,0.605537,0.905576,-0.0842194,-0.20184,0.106337
-13.8252,2.06842,-0.448947,0.551824,-1.14928,-0.66649,-0.840909,-0.237928,-0.391384,-0.0154775,-0.577397,-0.461827,0.232776,0.2557,-0.273292,0.358784,0.596673,-0.0465949,0.0856065,0.239926
-14.0769,1.95979,-0.276111,0.757382,-0.974366,-0.718452,-0.695885,-0.283624,-0.271505,0.217352,-0.348588,-0.383901,0.27193,0.382414,-0.175542,0.427991,0.617023,-0.0923032,-0.23479,-0.0465293
-14.5939,1.85463,0.00539505,0.937753,-0.844951,-0.576126,-0.68905,0.0158918,-0.0603824,0.379793,-0.46391,-0.61867,0.0562219,0.328305,-0.121015,0.548856,0.611123,-0.439835,-0.584522,-0.0451684
-14.482,1.9833,-0.395182,0.537313,-0.84403,-0.482805,-0.534712,-0.0500106,-0.220402,0.194867,-0.493416,-0.36803,0.138729,0.220029,-0.164258,0.604105,0.685692,-0.466565,-0.325189,0.0433674
-14.5637,2.06914,-0.448122,0.260778,-0.840897,-0.527627,-0.783599,-0.210171,-0.312586,0.0953794,-0.55132,-0.543361,0.386177,0.43914,-0.350672,0.46687,0.629364,-0.343885,-0.0825415,0.100291
-14.9285,2.03202,-0.165297,0.727244,-0.671668,-0.832246,-0.593184,-0.0479828,-0.225687,-0.0401543,-0.607059,-0.403423,0.417444,0.509821,-0.0985966,0.468629,0.744235,-0.182587,-0.055378,0.217069
-15.0693,2.15728,-0.538995,0.24316,-0.82137,-0.96754,-0.613283,-0.23078,-0.185235,0.354637,-0.337927,-0.595085,0.345541,0.178887,-0.302251,0.624197,0.609641,-0.00044256,-0.134809,0.168923
-15.0192,1.97019,-0.467371,0.1436,-0.780776,-1.11223,-0.408187,0.0111283,-0.0360844,0.59397,-0.276114,-0.442889,0.262154,0.152302,-0.217183,0.645359,0.805849,0.115008,-0.12411,0.337317
-15.3632,1.89022,-0.382525,-0.0799542,-1.04372,-0.746018,-0.268128,0.0638928,0.089276,0.47095,-0.417344,-0.658222,0.458619,0.16307,-0.396902,0.597257,1.0448,0.0776682,-0.216318,0.34123
-15.5478,1.94869,-0.249534,0.207933,-0.920349,-0.773369,-0.410739,0.137119,-0.165756,0.173,-0.554401,-0.548608,0.418644,0.151716,-0.27968,0.790565,0.937349,-0.119443,-0.331439,0.24846
-15.8719,1.92905,-0.265676,0.326483,-0.69177,-0.755164,-0.212124,0.131188,0.009615,0.423603,-0.458314,-0.553647,0.22609,-0.0534692,-0.290257,0.743276,0.844305,-0.177224,-0.35657,0.310896
-16.1469,1.76032,-0.0299368,0.284851,-0.930042,-0.841564,-0.265478,0.434467,0.0438465,0.565416,-0.586631,-0.660384,0.0789399,0.155986,-0.468479,0.559412,1.01087,-0.0883797,-0.410866,0.360904
-15.7131,1.58129,-0.202573,0.385837,-0.789918,-0.981811,-0.703238,0.314317,0.146477,0.296264,-0.467881,-0.685024,0.0664351,0.474299,-0.229204,0.565165,1.01901,-0.161895,-0.218032,0.253221
-15.7094,1.53745,-0.330186,0.0963146,-1.1142,-0.961294,-0.378378,0.0838394,0.0818163,0.26285,-0.77221,-0.620943,0.298697,0.436884,-0.191367,0.826926,1.21819,-0.0337432,-0.182006,0.347927
-15.8407,1.81604,-0.171844,0.375309,-0.702078,-0.992817,-0.561152,-0.0184547,0.049996,0.488983,-0.805098,-0.774913,0.216042,0.34364,-0.109659,0.754774,1.27264,0.0826403,-0.381451,0.352973
-16.1977,1.80449,0.205828,0.701051,-0.441966,-0.951715,-0.510818,0.325072,0.341276,0.27274,-0.917787,-0.689003,0.489764,0.334464,-0.200455,0.847541,1.17031,0.0641836,-0.109583,0.202717
-16.3116,1.77494,-0.00949278,0.291582,-0.72376,-0.973055,-0.246641,0.424207,0.057264,0.108262,-0.656724,-0.430525,0.431263,0.287011,-0.379839,0.860441,1.08156,-0.124014,-0.436544,0.13292
-16.3539,1.5092,-0.0426367,0.0263295,-0.73329,-0.430711,-0.149743,0.317199,0.367304,0.467253,-0.878012,-0.7741,0.221031,0.156784,-0.377583,0.838334,1.01402,-0.377073,-0.39184,0.356543
-16.5035,1.54377,0.0772907,0.0332182,-0.712016,-0.559055,-0.144313,0.381633,0.308782,0.407143,-0.959861,-0.970972,0.186601,0.272927,-0.363087,0.840694,1.29816,-0.241426,-0.370476,0.34626
-16.3846,1.7947,0.108231,0.0190644,-0.873307,-0.646907,-0.273565,0.153607,0.248188,0.358077,-1.05568,-0.809283,0.309867,0.0502416,-0.254775,0.79576,1.03177,-0.20561,-0.254937,0.174738
-16.6292,1.7721,0.260344,0.201899,-0.948372,-0.828841,-0.12263,0.401396,0.111841,0.320487,-0.890271,-0.68325,0.328397,0.236253,-0.470921,0.697597,1.23133,-0.152705,-0.438274,0.303483
-16.5279,1.47239,-0.0233005,-0.03133,-0.833065,-0.455071,-0.111606,0.290629,0.32567,0.488121,-0.825546,-0.800208,0.3189,0.364895,-0.282232,0.577601,1.10242,-0.103107,-0.394322,0.22467
-16.656,1.47362,0.0819414,-0.0962062,-1.06098,-0.620036,-0.281552,0.300481,0.315993,0.55639,-0.881573,-0.819741,0.23176,0.380022,-0.42758,0.713288,1.34638,-0.309569,-0.442699,0.32634
-16.6008,1.44495,0.0467319,0.0244195,-0.673738,-0.689115,-0.443243,0.545208,0.437627,0.563615,-0.490182,-0.842468,0.201957,0.599375,-0.375103,0.729175,1.52556,-0.451009,-0.341039,0.409083
-16.9549,0.907748,-0.345876,-0.229749,-1.23086,-1.00371,-0.371647,0.529459,0.435446,0.358505,-0.573591,-0.851612,0.188699,0.4148,-0.550215,0.675002,1.39864,-0.273618,-0.182763,0.617383
-16.8698,1.28529,-0.0698372,0.0392944,-0.857487,-0.823345,-0.149929,0.522311,0.579814,0.587316,-0.504839,-0.732362,0.246296,0.416475,-0.742338,0.459122,1.40043,-0.232377,-0.364437,0.485568
-16.651,1.11527,-0.079789,0.241758,-0.899265,-0.816514,-0.0930042,0.0997295,0.526732,0.656898,-0.713126,-0.649115,0.229723,0.308759,-0.543315,0.568102,1.14018,-0.184453,-0.4619,0.300857
-16.6805,1.15778,-0.148744,0.0785143,-0.717234,-0.63866,-0.325454,0.203865,0.406486,0.491802,-0.825847,-0.879465,0.0832099,0.337071,-0.54928,0.512799,1.17861,-0.315587,-0.548204,-0.0272386
-16.9067,1.05349,0.216268,0.135338,-0.867873,-0.690077,-0.497028,0.373367,0.684594,0.706089,-0.843299,-0.815211,0.149537,0.2141,-0.585299,0.631082,1.31039,-0.210015,-0.49152,0.126339
-17.1392,0.939342,0.0323461,-0.0217585,-0.860252,-0.675621,-0.355319,0.504952,0.759369,0.846246,-0.896008,-0.821549,0.353564,0.334106,-0.537204,0.633383,1.16646,-0.542556,-0.623514,0.135167
-17.108,0.98316,0.235576,0.350027,-0.827476,-0.825865,-0.289415,0.51088,0.665118,0.658083,-0.922281,-0.684899,0.226319,0.186804,-0.429404,0.789881,1.41551,0.0221372,-0.569235,0.156552
-16.879,1.12443,0.164356,0.0679142,-0.695005,-0.534894,-0.493437,0.431379,0.487977,0.648965,-0.886988,-0.764004,-0.00677166,0.144836,-0.466037,0.741071,1.19159,-0.261435,-0.720767,0.162791
-16.6508,1.19864,0.178835,-0.0635514,-0.738683,-0.367483,-0.429914,0.40443,0.468236,0.4781,-0.802182,-0.668859,0.196699,0.193035,-0.441333,1.04199,1.17069,-0.261169,-0.471138,0.23574
-17.291,1.17396,0.423325,0.371874,-0.802102,-0.790157,-0.474208,0.728032,0.683421,0.633418,-0.804924,-0.910482,0.0499506,0.178041,-0.419963,1.01504,1.49729,-0.437274,-0.615664,0.363967
-16.8255,0.802734,-0.055785,0.381788,-0.973085,-0.483066,-0.463584,0.527281,0.636293,0.640236,-0.628754,-0.814308,-0.115943,0.0546222,-0.477073,0.816859,1.56882,-0.401487,-0.564288,0.148572
-16.5728,0.877833,-0.21399,0.201666,-0.996979,-0.506398,0.00513681,0.632135,0.557125,0.350888,-0.773684,-0.621179,0.0887087,0.0818918,-0.553006,0.672012,1.36805,-0.21722,-0.311241,0.478288
-16.6303,0.807456,-0.486656,0.186521,-0.748074,-0.455343,-0.146934,0.328193,0.507184,0.586664,-0.651598,-0.588204,0.130279,0.311189,-0.388239,0.560117,1.30008,-0.149602,-0.422894,0.206602
-16.7188,0.804222,-0.186762,0.361682,-0.814217,-0.445867,-0.0208642,0.571659,0.634591,0.561924,-0.903351,-0.637533,0.0719952,0.063483,-0.428636,0.692342,1.24417,-0.201351,-0.347706,0.299817
-16.8527,0.722089,-0.20251,0.309365,-0.859932,-0.516867,-0.256254,0.508406,0.618491,0.543819,-0.598589,-0.63607,0.0779547,-0.133113,-0.430767,0.944701,1.22815,-0.0408687,-0.425125,0.260192
-16.7732,0.669264,-0.162138,0.174541,-0.743314,-0.759968,-0.424581,0.547042,0.586997,0.516445,-0.692946,-0.728494,0.0872142,-0.180135,-0.740774,0.786749,1.07954,-0.221161,-0.559308,0.179986
-16.7934,0.528838,-0.137829,0.23789,-0.718147,-0.443068,-0.553949,0.385544,0.659822,0.614165,-0.532318,-0.473929,-0.184068,0.0692507,-0.684959,0.777593,1.50999,-0.356695,-0.588218,0.176981
-16.7975,0.71387,-0.241414,0.422664,-0.765685,-0.436324,-0.236545,0.547299,0.84752,0.754111,-0.553429,-0.637483,-0.0437893,0.143031,-0.613353,0.764477,1.259,-0.459996,-0.40867,0.292667
-16.9789,0.630095,-0.22798,0.231965,-0.717515,-0.652335,-0.233053,0.825816,0.703452,0.800103,-0.662558,-0.908676,-0.108612,0.0918894,-0.622665,0.460479,1.23457,-0.323183,-0.51632,0.335463
-17.5145,0.478509,-0.257957,0.165461,-0.95264,-0.789585,-0.400612,0.691497,0.652478,0.868728,-0.565962,-0.824615,-0.071866,0.0354243,-0.321157,0.914386,1.30131,-0.531381,-0.616406,0.131413
-17.3632,0.950689,-0.339649,0.272621,-0.900626,-0.632245,-0.361801,0.673255,0.776077,1.04506,-0.607707,-0.870877,0.00374881,0.0355758,-0.436027,0.689,1.25001,-0.650257,-0.419085,0.344156
-17.5656,0.974283,-0.183278,-0.0026218,-0.93107,-0.676038,-0.277589,1.04999,0.595922,0.730959,-0.435783,-0.850422,0.23955,0.266047,-0.737035,0.830335,1.3574,-0.689848,-0.32367,0.343549
-17.52,0.744874,-0.0451137,0.310852,-0.808021,-0.496887,-0.271902,0.659623,0.587321,0.775561,-0.639679,-1.06623,-0.206887,0.240134,-0.541144,0.775366,1.49606,-0.444235,-0.401528,0.340236
-17.969,0.651451,-0.122081,0.400794,-0.571952,-0.70141,-0.296858,0.7966,0.740672,0.700001,-0.587044,-0.984251,-0.0010258,0.212105,-0.742928,0.754197,1.30941,-0.473578,-0.361643,0.321268
-17.5706,0.851059,-0.165418,0.225009,-0.664142,-0.502734,-0.0676361,0.689942,0.439576,0.659528,-0.748024,-0.767199,-0.0496748,-0.0932236,-0.774092,0.798568,1.40224,-0.5602,-0.578331,0.414927
-17.8099,0.456885,-0.0882536,0.330305,-0.72327,-0.597868,-0.233304,0.755199,0.821393,0.469055,-0.956644,-0.954898,-0.023889,0.311795,-0.687729,0.776637,1.81011,-0.267146,-0.492092,0.240524
-18.1434,0.455871,-0.232784,-0.16591,-0.771969,-0.610061,-0.255526,0.761366,0.918151,0.842858,-0.543331,-0.62702,-0.0533014,0.232642,-0.867502,0.841699,1.91425,-0.320224,-0.328703,0.494554
-17.9004,0.643158,0.242773,0.423479,-0.833266,-0.785236,-0.436162,0.654815,0.721109,0.59653,-0.855656,-0.822444,-0.0200391,0.368006,-0.476459,0.957076,1.64011,-0.343381,-0.498994,0.281641
-17.7914,1.01308,0.167645,0.326958,-0.540887,-0.543219,-0.273973,0.474083,0.764326,0.730512,-0.708637,-0.603929,-0.105131,0.127978,-0.461565,0.978925,1.25285,-0.543508,-0.444834,0.0868712
-18.0891,1.19686,0.107629,0.122077,-0.645274,-0.341472,-0.0711286,0.891362,0.491739,0.711155,-0.631951,-0.969624,0.157996,0.216034,-0.712221,0.840121,1.329,-0.319596,-0.541497,0.0516389
-18.0292,0.967965,0.0816537,0.475588,-0.821788,-0.781585,-0.181938,0.738812,0.556517,0.775695,-0.453579,-0.856188,-0.18182,0.296617,-0.567749,0.85056,1.56973,-0.771913,-0.608279,0.311055
-17.8629,0.918952,-0.0414168,0.299547,-0.816687,0.0503448,0.0645624,0.408981,0.62104,0.774186,-0.927618,-0.99231,-0.124487,0.298247,-0.252699,0.905427,1.69623,-0.611414,-0.427115,0.381296
-18.1039,0.853651,0.173244,0.343035,-0.726173,-0.324318,-0.12109,0.424588,0.589267,0.552206,-0.540221,-0.691885,0.0714656,0.313945,-0.647003,1.02246,1.71237,-0.144302,-0.514072,0.273314
-18.2015,0.659192,-0.00938218,0.432622,-0.406802,-0.222805,0.0518272,0.289407,0.823153,0.707876,-0.609022,-0.675924,-0.223411,0.24924,-0.867123,0.495805,1.5199,-0.508776,-0.498685,0.437442
-18.216,0.782727,0.0912883,0.657306,-0.456678,-0.518882,-0.0890105,0.429603,0.730814,0.609419,-0.70589,-0.496352,-0.0747941,0.0846981,-0.848075,0.454384,1.35892,-0.431491,-0.468099,0.175876
-18.3213,0.796001,-0.206386,0.473066,-0.601079,-0.660264,-0.0340225,0.553061,0.596868,0.716491,-0.876883,-0.988963,-0.0435776,-0.0377171,-0.756087,0.761113,1.50343,-0.201298,-0.267281,0.357747
-18.4523,0.835351,0.109164,0.61142,-0.286486,-0.388849,-0.233139,0.549728,0.414391,0.667921,-0.799787,-0.986962,-0.260688,-0.0337921,-0.626928,0.788912,1.70427,-0.210712,-0.480263,-0.0169034
-18.6865,0.750511,0.330902,0.499081,-0.529469,-0.585796,-0.317296,0.637068,0.878383,0.811449,-0.812791,-0.858439,-0.117971,0.171886,-0.425268,0.663914,1.39774,-0.492182,-0.430135,0.509144
-18.3096,0.807517,-0.15124,0.200503,-0.755494,-0.626052,-0.190478,0.38194,0.70889,0.698564,-0.521054,-0.686385,0.220534,-0.0102586,-0.485523,0.990805,1.44281,-0.169018,-0.35139,0.377135
-18.1637,1.0278,0.134478,0.460679,-0.732905,-0.631928,-0.00694218,0.416545,0.59515,0.823852,-0.429683,-1.00605,-0.013305,0.219606,-0.647776,0.816265,1.35297,-0.554277,-0.444012,0.325319
-18.2457,0.989959,0.365196,0.115142,-0.801413,-0.502449,0.281739,0.514998,0.134234,0.600861,-0.406545,-1.12019,-0.264261,0.0499067,-0.404677,0.711867,1.03739,-0.532046,-0.145825,0.0992566
-17.9624,1.19554,0.0356691,0.136199,-0.906384,-0.775439,0.0791394,0.45316,0.0134464,0.604124,-0.559415,-0.686268,0.286367,0.235532,-0.503632,0.633251,1.00509,-0.191534,-0.169468,0.143364
-16.4997,1.48042,-0.260695,0.310833,-0.886699,-0.717756,-0.206697,0.321583,-0.105003,0.27489,-0.322371,-0.304395,0.267573,0.0936699,-0.435349,0.531392,0.82019,-0.0116163,-0.0148886,0.115752
-15.8773,1.5944,-0.427193,0.634639,-1.16209,-0.689271,-0.4346,-0.16522,-0.0844804,0.223394,-0.51373,-0.208573,0.261836,0.183551,-0.0773925,0.64834,0.639207,-0.0726305,-0.08156,0.142694
-15.4166,1.58833,-0.568487,0.407942,-0.951155,-0.547024,-0.422333,-0.128378,-0.193779,0.259252,-0.2084,0.0545729,0.173543,0.327433,-0.259413,0.490753,0.542118,-0.0221726,-0.0284261,0.0308171
-15.4607,2.10464,-0.284719,0.459627,-1.17204,-0.57388,-0.367478,-0.0302751,-0.271729,-0.0319569,-0.400554,-0.15111,0.205658,0.15366,-0.122254,0.452587,0.6156,0.0374945,-0.274645,0.169089
-15.124,2.25846,-0.124988,0.625976,-1.10555,-0.675935,-0.601301,-0.14106,-0.165859,0.160588,-0.527634,-0.482425,0.188718,0.397296,0.01682,0.356887,0.596457,-0.0263047,-0.2288,0.14446
-15.3194,2.35933,-0.178833,0.841797,-1.12769,-0.829993,-0.733982,-0.225022,-0.149726,0.120932,-0.617725,-0.453199,0.167793,0.279092,-0.058889,0.245665,0.672342,-0.0832567,-0.0901176,-0.100654
-15.2272,2.51329,-0.150291,0.855015,-1.08624,-0.94774,-0.580321,-0.228796,-0.258478,0.00698966,-0.508878,-0.319306,0.14706,0.322408,-0.153121,0.284249,0.624513,-0.14925,-0.155736,-0.0941203
-15.1884,2.45454,-0.00339051,0.541669,-0.881212,-0.942363,-0.44498,-0.017094,-0.286733,0.224031,-0.294044,-0.29131,0.0711446,0.264665,-0.0935545,0.363481,0.524518,-0.0974156,-0.110133,-0.159198
-15.1745,2.51247,-0.196579,0.212864,-0.911527,-0.577743,-0.303115,-0.043232,-0.34469,0.255352,-0.383963,-0.346393,0.293048,0.273302,-0.0743402,0.526244,0.808969,-0.0536032,-0.247447,0.00600847
-15.4648,2.48127,-0.163674,0.429842,-0.827581,-0.746301,-0.443041,-0.257991,-0.345715,0.155945,-0.674309,-0.361106,0.0854418,0.246592,-0.0243375,0.633729,0.594735,-0.197723,-0.287477,0.0567119
-15.7131,2.37801,-0.215051,0.580633,-0.70236,-0.692192,-0.455651,-0.0813894,-0.434438,0.0885841,-0.491466,-0.464782,0.0503076,0.358288,0.0648377,0.290929,0.278893,-0.11905,-0.105188,-0.0964597
-16.3943,2.2159,-0.122197,0.64263,-0.595387,-0.540005,-0.365295,0.0700208,-0.0638872,0.538865,-0.153814,-0.36682,0.108334,0.13272,-0.308395,0.324969,0.533317,0.0340417,0.0270292,-0.215938
-16.4157,2.30676,-0.205788,0.109266,-1.09044,-0.773113,-0.423874,0.0701761,-0.121591,0.255235,-0.199477,-0.115388,0.128237,0.237155,-0.205756,0.513641,0.785798,0.0261721,0.0356253,-0.0405294
-16.5034,2.20198,-0.187804,0.154557,-1.08485,-0.599442,-0.607467,-0.0834038,-0.00741341,0.363603,-0.28079,-0.349102,0.074037,0.393109,-0.0103235,0.627371,0.729404,0.0602594,-0.174051,0.172218
-16.5103,2.21067,-0.218215,0.21178,-0.903693,-0.626734,-0.576801,0.0767185,0.127112,0.333695,-0.244559,-0.347633,0.0554478,0.290952,-0.0461912,0.555279,0.888713,0.0334038,0.0294096,0.271332
-16.6007,2.14179,-0.170705,0.314269,-0.767374,-0.625645,-0.656793,0.0297472,0.17502,0.10335,-0.323249,-0.0991119,0.0269452,0.434879,-0.0767068,0.452508,0.720385,0.0254825,0.0297322,0.0521204
-16.9362,1.78446,-0.192478,0.293116,-0.989296,-0.768324,-0.409047,-0.0546929,0.0384166,0.0808242,-0.298328,-0.321672,0.17905,0.374458,-0.313253,0.279435,0.725181,-0.18995,-0.276589,-0.0420896
-16.8381,2.21111,-0.156447,0.467979,-0.923023,-1.08552,-0.461438,0.0822254,-0.0591438,0.412019,-0.473722,-0.387472,0.401214,0.206744,-0.236857,0.599013,0.731039,0.054937,-0.14349,0.142145
-16.569,2.3769,-0.0793878,0.293597,-0.777598,-0.917074,-0.338813,0.189638,-0.16526,0.536902,-0.540543,-0.321831,0.457553,0.322545,-0.150107,0.549675,0.827475,0.173125,-0.137581,0.082193
-17.048,2.10899,-0.00244504,0.355063,-0.918372,-0.982702,-0.335438,0.205292,-0.140131,0.315564,-0.831243,-0.525207,0.333932,0.36594,-0.0134356,0.698263,0.775079,-0.0894159,-0.177426,-0.054565
-17.5315,1.85393,0.150899,0.558596,-0.899077,-0.920462,-0.175234,0.177998,0.161523,0.171977,-0.619261,-0.540558,0.171849,0.24475,-0.0613254,0.781439,0.870737,-0.0240594,-0.203904,0.144616
-17.834,1.96844,-0.345784,0.283022,-0.743137,-1.05372,-0.239817,0.0415111,0.0700886,0.328594,-0.645185,-0.497299,0.0837584,0.266116,-0.229972,0.632011,0.733608,-0.0761648,-0.0606915,-0.193638
-17.8499,1.92445,-0.0341428,0.231219,-0.807831,-0.679878,-0.127727,0.505279,0.0326921,0.317076,-0.695306,-0.670674,0.148586,0.0537541,-0.381401,0.492763,0.644081,0.00510506,-0.100122,0.0694393
-17.4226,1.90617,0.107103,0.160038,-0.930195,-0.605726,-0.499709,-0.0151622,-0.0586085,0.00665308,-0.611836,-0.48125,-0.134946,0.184571,-0.0754267,0.632986,1.00575,0.079153,-0.203899,0.0924697
-17.3713,2.13619,0.192513,0.187208,-1.01029,-0.673057,-0.397003,-0.0254082,0.183046,-0.0259301,-0.689663,-0.258694,-0.0447433,0.528534,-0.0989211,0.602077,0.94281,0.0735349,-0.013612,0.116566
-17.1437,1.88988,0.0838358,0.413065,-0.797505,-0.792423,-0.271509,0.280737,0.115276,-0.135757,-0.795311,-0.491038,0.164796,0.431303,-0.112284,0.454929,1.02978,0.16833,-0.289556,0.050359
-17.1213,1.93188,-0.321202,0.142924,-0.425207,-0.541094,-0.241906,0.38596,0.208276,0.156325,-0.508539,-0.459552,-0.0400312,-0.000116239,-0.296655,0.639794,1.00785,0.198797,-0.171585,0.211603
-16.8869,2.08476,-0.446443,0.278451,-0.656851,-0.905688,-0.421656,0.259399,0.0149671,0.304815,-0.472419,-0.354683,0.50791,0.148629,-0.260327,0.614092,0.910139,0.224797,-0.0465197,-0.046573
-15.9898,2.21772,-0.365012,0.312076,-1.16235,-0.932255,-0.493259,0.0397366,-0.26584,0.0515045,-0.701756,-0.152135,0.693498,0.13119,0.0833987,0.568023,0.60244,0.21076,-0.0237735,0.105332
-15.5513,2.2544,-0.294114,0.267224,-1.20949,-0.693265,-0.528532,-0.139881,-0.306141,-0.0364467,-0.633061,-0.229209,0.620214,0.54365,0.118001,0.425622,0.506023,0.296754,0.0393657,0.0963681
-15.6523,2.30877,-0.112478,0.462969,-1.42579,-0.594246,-0.48763,-0.153742,-0.155932,-0.0943624,-0.810127,-0.254079,0.657637,0.356865,0.0494436,0.356841,0.472302,0.291059,0.0393096,-0.169407
-15.5779,2.0177,-0.607864,0.260679,-0.996444,-0.654755,-0.445621,-0.022266,-0.324179,0.153322,-0.415398,-0.335009,0.348391,0.258207,-0.258274,0.451649,0.425472,-0.0565738,-0.0407169,-0.130849
-15.027,2.20251,-0.371407,0.468983,-1.03218,-0.637727,-0.590465,-0.174565,-0.253186,-0.0891313,-0.212443,0.0113228,0.0984056,0.0869239,0.271357,0.407443,0.375938,0.000822601,-0.23254,-0.170958
-14.1149,2.28559,-0.482819,0.502414,-1.29169,-0.804566,-0.499548,-0.221557,-0.400499,-0.0346325,-0.357464,0.122174,0.274046,-0.011782,0.0707666,0.289924,0.511931,0.354398,-0.311148,-0.263049
-13.8174,2.43701,-0.504424,0.186972,-1.5012,-0.730512,-0.512358,-0.0282657,-0.277214,-0.0779838,-0.638669,0.0645247,0.503671,0.256902,0.161208,0.140548,0.411716,0.248426,-0.207748,-0.0787786
-14.0422,2.52667,-0.671405,-0.0156428,-1.23584,-0.549053,-0.460612,-0.0220673,-0.327831,0.0055013,-0.469711,0.266314,0.472009,0.164702,0.0274663,0.035587,0.331521,0.259652,-0.24835,-0.12643
-14.4529,2.34965,-0.684105,0.00983348,-1.31128,-0.62095,-0.682748,-0.0829429,-0.29249,-0.0216097,-0.375761,0.283168,0.607327,0.097514,-0.0728712,0.152826,0.109781,0.236405,0.00769934,-0.0859439
-14.5309,2.49079,-0.545317,0.183574,-1.23547,-0.826918,-0.697809,0.024932,-0.538949,-0.326151,-0.171539,0.132772,0.260444,0.132079,-0.217597,0.130223,0.402398,0.183006,-0.0141191,0.125839
-14.5331,2.44823,-0.627632,0.229857,-1.04556,-0.898881,-0.683716,-0.0582727,-0.268305,0.105533,-0.323083,-0.0277654,0.306871,0.166242,0.0154773,0.155625,0.327969,0.364303,0.267755,0.147838
-14.9164,2.55784,-0.738461,0.284371,-1.05487,-0.824547,-0.423238,-0.117706,-0.00436204,0.212641,-0.295969,-0.0245595,0.239058,0.19508,0.0659211,0.0962254,0.334328,0.268935,0.0651031,-0.00554924
-15.2149,2.45463,-0.78127,0.153435,-0.899485,-0.88835,-0.526004,-0.0367518,-0.29155,0.130389,-0.347792,-0.195091,0.195456,0.253991,-0.108181,0.0617639,0.271242,0.394117,0.175459,0.0914902
-15.6355,2.05232,-0.861635,0.0929958,-0.891905,-0.83092,-0.576739,-0.0230233,-0.2485,0.0119666,-0.40498,-0.40038,0.245274,0.458259,-0.0793567,0.332773,0.359036,0.393955,0.00569186,0.012929
-15.7663,2.21941,-0.934598,-0.0716198,-0.697766,-0.715798,-0.61641,-0.294708,-0.370898,0.142218,-0.450349,-0.439666,0.471773,0.603794,0.298595,0.587563,0.67967,0.291368,-0.148799,0.0127726
-15.9621,2.2607,-0.75776,-0.11567,-0.618705,-0.853639,-0.546181,0.0201518,-0.1677,0.138219,-0.536275,-0.258479,0.365446,0.27326,-0.0616283,0.559569,0.437637,0.115397,-0.179553,-0.173666
-15.9583,2.09515,-0.829996,-0.0693957,-0.675251,-0.784229,-0.288596,0.0997886,0.00707908,0.327905,-0.173587,-0.174072,0.132497,0.229689,-0.19637,0.503554,0.403421,-0.145521,-0.153273,0.000587741
-15.7269,2.1232,-0.51487,0.331843,-0.85013,-0.718742,-0.405735,0.0256134,-0.0943246,0.255008,-0.145803,-0.13769,0.328107,0.185474,-0.31336,0.582507,0.720975,0.25473,-0.0421104,-0.0216978
-16.0164,2.05261,-0.717199,0.0292385,-0.638728,-0.94776,-0.321274,0.281601,-0.198119,0.0783836,-0.434696,-0.396627,0.181044,0.336519,-0.0545486,0.439068,0.657569,0.0524792,0.0659625,0.00264961
-15.9697,2.1075,-0.716543,0.0820191,-0.692411,-0.825796,-0.350097,0.181116,0.0102973,0.277044,-0.321965,-0.347561,0.0675278,0.29808,0.0596537,0.420928,0.477106,0.136408,-0.050779,-0.0857131
-16.0233,2.25308,-0.547553,0.0865313,-0.874732,-0.576038,-0.476353,0.0916259,-0.0284503,0.315168,-0.430503,-0.500534,0.0753834,0.290768,-0.00645422,0.502757,0.651303,0.0575698,0.0567017,0.074485
-16.4709,1.97124,-0.437152,0.19133,-0.984438,-0.88025,-0.569339,0.0013528,0.0553006,0.281025,-0.482953,-0.634425,0.148375,0.278667,-0.180851,0.527424,0.684944,-0.169704,0.0986156,0.0371443
-16.833,1.71147,-0.48906,0.034306,-0.965468,-0.496874,0.0376338,-0.122219,-0.171705,0.268308,-0.48526,-0.870287,0.151915,0.390681,-0.304152,0.534342,0.770355,0.148603,-0.0146621,-0.00187127
-16.8641,1.863,-0.368649,0.274266,-0.758367,-0.622588,-0.397705,-0.164421,-0.282759,-0.165717,-0.71849,-0.780407,0.0155828,0.585377,-0.0523044,0.748643,0.895494,0.0318751,-0.0930372,-0.0267581
-17.01,1.98986,-0.315197,0.189339,-1.04333,-0.795024,-0.54495,-0.217284,0.00568485,0.0258165,-0.713179,-0.501384,0.104287,0.401515,-0.146705,0.756605,1.03013,0.102668,-0.250676,0.0828907
-17.2339,1.81243,-0.131876,0.274394,-0.945801,-0.90666,-0.572639,0.0422312,0.0512185,0.315432,-0.722472,-0.710455,0.0770722,0.3689,-0.0363099,0.634737,1.07167,0.00058209,-0.164387,0.0368209
-17.4157,1.6315,-0.274473,0.161694,-0.686559,-0.561932,0.0271347,0.193086,0.282377,0.699767,-0.568118,-0.707381,0.0904523,0.13999,-0.373756,0.561667,1.0625,-0.0471384,-0.351352,0.0102922
-17.344,1.89272,-0.074068,0.116838,-0.917254,-0.671593,-0.12524,0.123296,0.310181,0.658978,-0.495018,-0.794521,0.255435,0.466791,-0.22556,0.499144,0.775472,-0.176686,-0.114223,0.034147
-17.3097,1.85811,0.0756693,0.147005,-0.930438,-0.835175,-0.2056,0.160779,0.223511,0.310253,-0.439549,-0.514151,0.081011,0.187721,-0.122962,0.533319,0.950757,-0.235011,-0.323063,0.0429634
-16.8934,1.98981,0.307535,0.287134,-1.02954,-1.07929,-0.334514,0.149805,0.115334,0.244164,-0.569774,-0.494249,0.110948,0.169115,-0.280722,0.339288,0.774634,-0.284685,-0.243954,0.0206694
-16.6147,1.87139,-0.237461,0.116031,-1.01362,-0.631646,-0.241431,0.22499,0.0834344,0.385799,-0.486722,-0.536291,-0.0455131,0.240566,-0.318054,0.301567,0.79114,-0.0772076,-0.0643456,0.227726
-16.4774,1.31301,-0.440611,0.455179,-0.836739,-0.718998,-0.0401879,0.527137,0.186404,0.521853,-0.535434,-0.487411,-0.0947518,-0.0898263,-0.380595,0.390331,0.980866,-0.0567088,-0.227795,0.156716
-15.3543,1.46918,-0.448088,0.604358,-0.993801,-0.851506,-0.442641,-0.0149969,0.120956,0.305875,-0.549621,-0.124932,-0.048356,-0.193334,-0.222204,0.373468,0.611804,0.209453,-0.0250015,0.0617948
-14.6093,1.8023,-0.603728,0.452961,-1.08184,-0.704464,-0.511875,0.0182158,-0.0186523,-0.0632003,-0.587504,-0.0916122,-0.0265463,-0.018583,-0.175464,0.262938,0.632557,0.325848,-0.0351832,0.082805
-14.5055,1.74835,-0.800214,0.334512,-1.27807,-0.63689,-0.379412,0.298433,0.0615187,-0.00938411,-0.42101,-0.0396179,-0.0622216,-0.146988,-0.0845043,0.531198,0.454247,0.418406,0.187543,0.138965
-14.5637,1.80694,-0.525567,0.399661,-1.14501,-0.646839,-0.503427,-0.0976275,0.0745734,0.412314,-0.207792,-0.289919,-0.19584,-0.457334,-0.15197,0.578935,0.456379,-0.342051,-0.385721,0.0594606
-14.5959,2.04911,-0.265302,0.547876,-1.17423,-0.676651,-0.519797,-0.0457424,-0.0359741,0.401555,-0.0858374,-0.449262,-0.0227162,0.0409615,-0.235295,0.416726,0.549857,-0.239721,-0.230521,0.12983
-14.6711,1.77502,-0.528949,0.24675,-1.45247,-0.756996,-0.372732,0.0197953,-0.303065,0.0633641,-0.19442,-0.181192,-0.0649578,-0.138166,-0.121226,0.449037,0.303535,-0.0332424,0.107907,0.287597
-14.7347,1.8035,-0.736816,0.259695,-1.16633,-0.53849,-0.173851,0.180105,-0.483986,0.0843732,0.179514,-0.23288,-0.00229052,0.156465,-0.175313,0.18788,0.422438,-0.0362487,-0.184595,0.036017
-14.1777,1.64365,-1.05917,0.591764,-0.982173,-0.79454,-0.553543,0.120235,-0.531243,0.148285,0.0774499,-0.206697,0.0289014,0.102581,-0.176673,0.22326,0.572599,0.197305,-0.149208,-0.0664842
-13.9525,2.01102,-0.899181,0.474177,-0.890893,-0.546327,-0.262101,-0.0469505,-0.53467,-0.010056,-0.186505,-0.53371,0.209947,0.29858,-0.119304,0.223835,0.635687,0.16856,-0.376513,0.235263
-13.8526,2.16816,-0.579045,0.301805,-0.910926,-0.408991,-0.292625,-0.0540104,-0.48501,-0.0274199,-0.444889,-0.477555,0.0895064,0.0330832,-0.19336,0.33751,0.513255,0.0517841,-0.393767,0.248713
-13.733,2.15479,-0.550952,0.396674,-0.954877,-0.510334,-0.436798,-0.125444,-0.466405,0.102305,-0.480125,-0.513213,0.217719,0.164514,-0.275292,0.3265,0.611886,0.0258151,-0.426318,0.174814
-14.0659,2.07566,-0.323631,0.690507,-1.14076,-0.898763,-0.595979,-0.0709876,-0.220538,0.182012,-0.533002,-0.628736,0.219406,0.348555,-0.294435,0.205992,0.569265,-0.0621731,-0.186207,0.141324
-14.5119,2.21321,-0.255213,0.644023,-1.11285,-0.695953,-0.522468,-0.320894,-0.300222,0.279746,-0.0725317,-0.564091,-0.0412791,0.330474,-0.21812,0.43949,0.574923,-0.174717,-0.121624,0.132562
-14.4493,2.22752,-0.322493,0.651518,-1.02784,-0.703827,-0.624294,-0.256874,-0.274722,0.0731122,-0.273241,-0.495755,-0.0562757,0.0616807,-0.211261,0.463846,0.653404,-0.284845,-0.324944,0.365291
-14.902,2.08713,-0.113267,0.608063,-1.01194,-0.738637,-0.521042,0.0510793,-0.159729,-0.0166052,-0.641776,-0.418451,0.0580003,0.214307,-0.0875607,0.507108,0.691866,-0.191504,-0.227279,0.219756
-15.1045,1.93501,-0.261736,0.509911,-0.696795,-0.711337,-0.526671,0.0828486,-0.0941357,0.297774,-0.376597,-0.644925,0.156364,0.0827683,-0.0600688,0.936862,0.787182,-0.0632418,-0.288537,0.18361
-15.4024,1.58812,-0.566816,0.31627,-0.80964,-0.532226,-0.237002,0.0252223,-0.0233892,0.270807,-0.461093,-0.743961,-0.108342,0.0603205,-0.483479,0.672548,1.16409,-0.210083,-0.508097,0.353007
-15.0383,1.53713,-0.779255,0.430986,-0.71511,-0.57258,-0.232971,0.0322677,0.193034,0.548881,-0.239751,-0.649621,-0.165783,0.087309,-0.499885,0.576796,1.14725,-0.365983,-0.343675,0.483636
-15.0879,1.5478,-0.525627,0.4287,-0.97925,-0.657681,-0.394462,-0.0124148,0.253164,0.741781,-0.498562,-0.599523,-0.0458801,0.187461,-0.468312,0.653191,1.25614,-0.331089,-0.348794,0.432318
-15.5053,1.41749,-0.392627,0.423689,-1.23142,-0.913306,-0.398563,0.173895,0.110696,0.369542,-0.68172,-0.682266,0.141568,0.175711,-0.340232,0.61237,1.23437,-0.382786,-0.476706,0.328614
-15.6016,1.43293,-0.28411,0.4058,-0.867753,-0.609091,-0.268421,0.373317,0.171976,0.304964,-0.65878,-0.737925,0.0414068,0.255595,-0.312059,0.590945,1.23244,-0.37021,-0.498846,0.391988
-15.6973,1.38237,-0.212494,0.507534,-0.856127,-0.919444,-0.366464,0.356948,0.300667,0.311596,-0.761359,-0.581772,0.0571045,0.236474,-0.081421,0.441821,1.15497,-0.265666,-0.476191,0.203963
-15.6095,1.36057,-0.211814,0.318516,-0.794034,-0.484829,-0.30535,0.325519,0.282366,0.391976,-0.669695,-0.68869,0.032567,0.105217,-0.179155,0.599763,1.41254,-0.295539,-0.469701,0.163512
-15.8884,1.11127,-0.162403,0.168775,-1.22,-0.710622,-0.197238,0.659826,0.431321,0.326033,-0.523605,-0.542475,-0.00426353,0.0188942,-0.30566,0.470305,1.33021,-0.428885,-0.542993,0.241622
-15.7709,1.26861,-0.238652,-0.0202565,-1.15363,-0.743931,-0.382429,0.465469,0.339069,0.286689,-0.49064,-0.496024,-0.189723,-0.150992,-0.302738,0.447804,1.21769,-0.532943,-0.633409,0.337187
-16.069,1.28472,0.0394597,0.0611735,-0.956645,-0.980774,-0.481414,0.444658,0.257641,0.159486,-0.823775,-0.734483,-0.178277,0.111124,-0.121529,0.318162,1.34698,-0.145904,-0.446334,0.442938
-16.1399,1.39786,0.0293719,0.269569,-1.03943,-0.774452,-0.47428,0.672438,0.347889,0.404107,-0.841487,-0.744651,0.225714,0.379333,-0.329388,0.493799,1.51798,-0.0944071,-0.275288,0.413388
-16.349,1.47694,-0.00486587,-0.00295378,-0.845603,-0.602115,-0.81126,0.318115,0.441019,0.66713,-0.555603,-0.9903,0.0329995,0.391332,-0.256664,0.901696,1.64204,-0.486236,-0.302911,0.488182
-16.4969,1.33829,-0.0995653,0.0790807,-1.28722,-0.976074,-0.755231,0.548258,0.423576,0.341413,-0.795233,-0.958023,-0.0428514,0.302418,-0.455111,0.664877,1.55741,-0.397691,-0.148683,0.605915
-16.2106,1.35574,-0.244496,0.0875338,-1.12033,-0.707367,-0.370986,0.433072,0.368781,0.402163,-0.692914,-0.963062,-0.377032,0.107812,-0.449555,0.514962,1.61044,-0.40663,-0.430999,0.487225
-16.2886,1.61324,0.046896,0.113888,-1.09195,-0.575764,0.0379887,0.609048,0.446786,0.519098,-0.495193,-0.822545,-0.0457742,0.160993,-0.178402,0.656135,1.62248,-0.554125,-0.316469,0.523776
-16.3706,1.37648,-0.343905,-0.10659,-1.01306,-0.560395,0.0772116,0.877983,0.477133,0.555873,-0.700238,-0.960202,-0.285373,0.212868,-0.477146,0.484904,1.38278,-0.435969,-0.347534,0.710401
-16.73,1.35567,-0.149057,-0.226785,-1.10651,-0.677222,0.153803,0.831831,0.500072,0.650137,-0.538211,-0.978214,-0.190602,0.382168,-0.348804,0.476164,1.42463,-0.502707,-0.395083,0.778023
-16.7549,1.37233,-0.00437277,0.0777822,-1.194,-0.742844,0.0159425,0.656379,0.654974,0.552799,-0.414952,-0.887712,0.0984914,0.275944,-0.300141,0.511356,1.3216,-0.269456,-0.45037,0.487413
-16.8596,1.44724,0.0305009,0.406263,-0.522054,-0.58974,-0.296991,0.241501,0.573268,0.328241,-0.571576,-0.709067,-0.12158,-0.0939124,-0.266205,0.573385,1.05091,-0.23338,-0.722455,0.141734
-16.4412,1.33208,-0.588441,0.528178,-0.690755,-0.851197,-0.173606,0.623437,0.967569,0.253262,-1.13752,-0.430889,0.19452,-0.176422,0.214685,1.06379,0.176763,0.0216565,-0.359116,-0.0195753
-16.1782,0.877183,-0.411248,0.554873,-0.865389,-0.615856,0.0770758,0.604115,0.828541,-0.0754365,-1.13974,-0.46024,-0.0081415,-0.292729,0.301999,1.44628,-0.326142,0.0693155,-0.0181657,-0.308593
-16.4627,0.642174,0.0497964,0.532322,-1.16746,-0.555537,0.189632,1.00959,0.580472,-0.395278,-1.11403,-0.158219,0.160772,-0.564258,0.331675,1.23832,-0.723484,-0.0941783,0.265415,-0.157747
-16.481,0.359188,-0.411372,0.54703,-0.981323,-0.61507,0.0471267,0.771548,0.606773,-0.230094,-0.974887,0.157342,0.399639,-0.160246,0.321489,0.903678,-0.743247,-0.324527,0.0783545,-0.228603
-16.2132,0.557414,-0.346051,0.890241,-1.05667,-0.599189,0.0725491,0.738805,0.726913,-0.0227045,-1.05805,0.232686,0.163324,-0.089868,0.508032,0.986939,-0.600663,-0.340174,-0.0441941,-0.120469
-15.5661,0.67787,-0.177768,0.56466,-1.45751,-0.46379,0.249756,0.885033,0.472065,-0.614506,-1.09788,0.0666796,0.337762,-0.217109,0.570237,0.883953,-0.581076,0.236545,-0.0964693,-0.00330368
-16.1524,1.06196,-0.492076,0.243573,-1.23398,-0.401798,0.545302,0.999423,0.356288,-0.816697,-0.828418,-0.176857,0.0892542,-0.237115,0.53532,0.274067,-0.57261,0.194697,-0.2874,0.223463
-16.4275,0.846624,-0.374177,0.0269455,-1.5713,-0.429669,0.776991,1.16405,0.503195,-0.754798,-0.754633,-0.451907,0.04673,-0.0776286,0.520618,0.10591,-0.757449,0.49342,0.0159456,0.102866
-16.5131,0.849502,-0.389161,-0.162,-1.64461,-0.440746,0.68095,1.18935,0.674702,-0.9016,-0.949777,-0.303126,0.0516449,0.116894,0.799758,0.121602,-0.558101,0.545383,0.0464853,0.279998
-16.515,0.866921,-0.387656,0.0822514,-1.52666,-0.329734,0.988484,1.30885,0.59507,-1.09081,-0.818738,-0.140971,-0.0149316,0.198946,0.740667,0.0760045,-0.460381,0.36393,-0.0316221,0.0994792
-16.257,0.833773,-0.263275,-0.082877,-1.44662,-0.334676,0.724765,1.12194,0.38576,-1.29315,-0.886624,0.0264704,-0.217858,0.105535,0.721496,0.0767733,-0.500444,0.440852,0.0378462,0.238862
-16.2796,0.579798,-0.446093,0.015288,-1.47123,-0.379393,0.543592,1.18542,0.376239,-1.07561,-0.985418,0.114831,0.383727,0.53274,0.776569,-0.126725,-0.481141,0.473401,0.0653138,0.181305
-16.1786,0.67536,-0.378223,-0.186232,-1.2355,-0.042328,0.378386,1.33795,0.263011,-0.924208,-0.999414,0.183141,0.25649,0.416818,0.640427,-0.206418,-0.907125,0.390272,0.151651,0.306433
-16.3784,0.533866,-0.183723,-0.317953,-1.40045,-0.000428683,0.487266,1.62349,0.101052,-1.39395,-0.982143,0.0138964,0.188453,0.248983,0.773878,-0.0298379,-0.587748,0.814579,0.30781,0.297765
-16.1196,0.403696,-0.435895,-0.684132,-1.46682,-0.290039,0.575597,1.77585,0.0496178,-1.28161,-0.796117,0.170182,0.284252,0.150025,0.727551,-0.0997387,-0.698158,0.778573,0.0873514,0.320639
-16.1926,0.494981,-0.226773,-0.400638,-1.45559,-0.263937,0.789707,1.84976,0.129599,-1.47915,-0.698683,0.192618,0.13434,0.225511,0.745379,-0.0423437,-0.965043,0.66631,0.179712,0.193566
-16.0947,0.448299,-0.261741,-0.389984,-1.34947,-0.413655,0.796984,1.84871,-0.0686669,-1.45888,-0.588094,0.00904203,0.162151,0.330462,0.874439,-0.320165,-1.01436,0.910784,0.321861,0.0873677
-15.9601,0.762361,-0.492306,-0.477512,-1.02891,-0.404149,0.477002,1.90198,0.0469827,-1.34128,-0.476416,0.00438874,0.502451,0.391955,0.840796,-0.38232,-1.0745,1.07412,0.326851,0.139768
-16.2937,0.764174,-0.379627,-0.49983,-1.2204,-0.223204,0.521972,1.75416,0.112618,-1.69177,-0.556402,0.302067,0.309081,0.40111,0.910508,-0.394295,-0.941879,1.13399,-0.169162,0.0389906
-15.985,0.99718,-0.633361,-0.567785,-1.03854,0.298192,0.305436,1.61244,0.0938762,-1.22693,-0.538498,0.423642,-0.037288,0.186677,1.13203,-0.336643,-1.14739,0.982826,-0.0727356,0.372857
-16.0464,0.760066,-0.851507,-0.2969,-0.963852,0.0657938,0.254242,1.5007,0.0674351,-1.42019,-0.925393,0.446208,0.130509,0.0957442,0.940483,-0.164672,-1.29201,0.793103,-0.0273278,0.576337
-16.0971,0.72352,-0.542393,-0.244836,-1.00551,0.206692,0.454326,1.61324,-0.29503,-1.34171,-0.724225,0.473487,0.158988,0.161665,1.10009,-0.420371,-1.15353,0.773388,0.0274712,0.46458
-15.8298,0.810283,-0.835012,-0.551668,-1.06647,-0.000934246,0.126592,1.03945,0.00969397,-1.08419,-0.580192,0.501257,0.188909,0.365015,0.956935,-0.396615,-1.13415,0.705094,0.147656,0.317906
-16.3897,0.802243,-1.00156,-0.346968,-0.745276,0.0818108,0.263845,1.09244,-0.0988374,-1.27529,-0.651129,0.665544,0.36558,0.246899,1.08524,-0.281861,-1.09819,0.667989,0.114282,0.445762
-16.7767,1.11187,-0.81193,-0.255031,-0.990643,0.0645364,0.253267,1.36649,-0.256636,-1.42862,-0.426352,0.674029,0.238811,0.111588,0.987287,-0.616878,-1.19813,1.05443,0.103668,0.606603
-16.5332,0.92207,-0.748995,0.0770957,-0.768513,0.112359,0.304726,1.37479,-0.0719576,-1.54598,-0.39844,0.367082,0.238407,0.145016,1.11664,-0.689323,-1.27361,0.995967,0.234108,0.850086
-16.5769,0.94992,-0.971,0.106506,-0.754591,0.35049,0.362132,1.36666,0.0460767,-1.63711,-0.326839,0.57528,0.638603,0.000444545,1.13894,-0.700917,-1.24878,0.890034,-0.304364,0.416764
-17.2335,0.831854,-0.60161,-0.24948,-0.890688,-0.148862,0.293777,1.7226,0.103507,-1.2607,-0.752944,0.729649,0.759548,0.163178,1.01385,-0.960176,-1.24931,0.847505,-0.0796933,0.226506
-17.3444,0.966342,-0.793841,-0.251531,-1.11869,0.0766725,0.403208,1.61081,-0.286384,-1.42947,-0.905824,0.282929,0.539017,0.120571,0.962896,-0.5906,-0.876942,1.05677,0.118955,0.300705
-17.0564,0.856717,-0.689243,-0.192491,-0.938728,0.265723,0.480179,1.56397,-0.0577593,-1.40024,-0.644615,0.455706,0.500828,0.169837,0.728689,-0.862941,-0.982371,0.684914,-0.40086,0.388382
-16.9694,0.863265,-0.65954,0.161951,-1.15097,0.495687,0.502116,1.40598,-0.0220069,-1.49567,-0.798956,0.261769,0.342748,0.176714,1.02249,-0.869539,-1.0602,0.915631,0.0398725,0.492747
-17.0894,1.19704,-0.737364,0.0286479,-1.21989,0.207801,0.524911,1.34793,0.0624145,-1.38187,-0.883978,0.361734,0.287074,0.125684,1.09669,-0.770166,-1.01714,1.201,0.0423469,0.385012
-17.0467,1.13558,-0.492494,0.167877,-1.12724,-0.0532159,0.25269,1.55024,0.0553751,-1.39363,-0.971113,0.368096,0.280068,-0.084047,1.04104,-0.793736,-1.22667,1.01718,0.0192014,0.270094
-17.4706,0.949153,-0.865606,0.066158,-0.848218,0.112769,0.161262,1.19853,-0.561858,-1.35594,-0.584405,0.760059,0.663181,0.0176311,1.08002,-0.977819,-1.26841,0.773995,-0.133614,0.402698
-17.7311,1.20282,-0.564528,0.16685,-1.05596,0.129654,0.264804,1.5669,-0.360197,-1.43651,-0.331581,0.429381,0.462634,0.00254599,0.989981,-0.925014,-1.07573,0.96614,-0.134371,0.317207
-17.6805,1.08146,-0.365916,0.0895773,-1.14842,0.035231,0.181012,1.26438,-0.419046,-1.4747,-0.311859,0.301542,0.517034,0.0191453,1.18977,-0.834149,-1.2232,1.04217,-0.0429377,0.418214
-17.4321,1.06978,-0.21837,0.251835,-1.02927,0.0721751,0.362031,1.27548,-0.462278,-1.5636,-0.582389,0.244152,0.245644,-0.333178,1.05742,-0.685386,-1.00706,0.724465,-0.231675,0.46574
-17.534,1.40316,-0.141107,0.280052,-1.12798,0.356862,0.819638,1.12508,-0.854572,-1.49496,-0.276944,0.423554,0.260383,-0.172225,1.10151,-0.653297,-0.987816,0.696367,-0.366888,0.367505
-17.9298,1.26787,-0.120313,0.247745,-0.818029,0.280998,0.278666,1.02621,-0.408898,-1.47172,-0.745051,0.422957,0.345426,0.385063,1.08327,-0.760073,-0.839382,0.828483,-0.0312381,0.519128
-16.9449,1.50642,-0.55046,0.149284,-0.779278,0.0895013,0.446149,0.68882,-0.457744,-1.49888,-0.737,0.218501,0.044142,0.198506,0.709251,-0.565746,-0.321222,0.940879,0.129043,0.257566
-15.6044,1.97159,-0.818101,0.0603855,-1.09674,0.386827,0.313624,0.329555,-0.733553,-0.980513,-0.704471,-0.0129948,-0.0343715,-0.152573,0.324617,-0.527755,-0.0918308,0.993062,-0.0126356,-0.0358866
-15.6285,2.13957,-0.766893,0.038065,-1.0172,0.265241,0.31061,0.644063,-0.299614,-1.02441,-0.553433,0.24071,0.0101897,-0.513615,0.111751,-0.423803,0.170282,1.31483,0.144524,-0.0133947
-15.3252,2.11425,-1.08121,0.0488427,-1.38168,-0.183324,-0.0757584,0.413519,-0.544209,-0.778139,-0.414748,0.0318564,-0.00963619,-0.283227,0.155333,-0.247422,0.224835,1.28159,0.17644,0.0612442
-15.1418,2.08734,-1.25468,-0.0154273,-1.30244,-0.319369,-0.183215,0.581884,-0.412253,-0.616415,-0.421363,-0.0700978,-0.108267,-0.477121,0.0187583,-0.373607,0.356371,1.15885,-0.0224337,0.0115333
-15.1627,1.9136,-1.27682,0.0412743,-1.37408,-0.134849,-0.153902,0.460877,-0.1181,-0.627797,-0.218489,-0.000726263,-0.102239,-0.665053,-0.272581,-0.0846574,0.674423,1.28788,0.208292,-0.0153625
-14.9011,2.24676,-1.0745,0.120347,-1.33948,-0.221562,-0.120599,0.54473,-0.233044,-0.426507,-0.0830454,0.137312,0.0886443,-0.583535,-0.193261,-0.0402283,0.575577,1.13047,-0.00717272,-0.289174
-14.8923,1.94595,-1.29864,-0.0238107,-1.25164,-0.327777,-0.214764,0.674545,-0.236894,-0.545508,-0.17563,-0.0800315,-0.101503,-0.635952,-0.349654,-0.219768,0.653588,1.06822,-0.139756,-0.277934
-14.7069,2.119,-1.05713,0.217993,-1.13512,-0.361135,-0.100595,0.409876,-0.385254,-0.247905,0.0477744,-0.145045,-0.158035,-0.591368,0.000195977,-0.170177,0.944858,1.05022,-0.0953013,-0.135463
-14.8405,2.10205,-1.02432,0.117489,-1.32801,-0.370718,-0.0215356,0.22398,-0.482376,-0.168406,0.096603,-0.130581,-0.445759,-0.327467,0.155563,0.0365829,0.742099,1.02832,0.0995054,-0.0980951
-14.9294,2.30588,-1.1139,0.103844,-1.73493,-0.568438,-0.159533,0.329314,-0.293511,-0.0166117,-0.00837355,0.142122,0.00637097,-0.00572673,-0.0320847,-0.179207,0.670078,0.7244,-0.0319188,-0.220095
-14.8789,2.35936,-1.02947,0.220655,-1.82798,-0.672069,-0.542814,0.26264,-0.585028,-0.200642,-0.0570566,-0.141861,0.168801,-0.214162,-0.0329414,-0.191025,0.611953,0.795946,-0.107771,-0.0383568
-14.6874,2.32947,-0.866891,0.29972,-1.70653,-0.834446,-0.604476,-0.0217438,-0.487773,-0.286387,-0.0585244,-0.278978,0.28447,-0.234789,-0.137149,-0.169527,0.443648,0.785349,-0.381347,0.00660138
-14.9827,2.41092,-0.700801,0.344714,-1.90897,-0.885823,-0.40097,-0.495203,-0.731973,-0.32986,0.0661083,0.251384,0.361026,-0.0291648,-0.167337,-0.0802509,0.598598,0.672194,-0.206227,-0.217105
-15.139,2.44153,-1.01514,0.147945,-1.51606,-0.811853,-0.512449,-0.442505,-0.777942,-0.237609,0.0827534,0.425688,0.204816,-0.0623233,-0.0878648,0.0492573,0.451242,0.596726,-0.110306,-0.249852
-15.3497,2.53706,-0.954306,0.324087,-1.54591,-0.797498,-0.456855,-0.467471,-0.584751,-0.311452,0.0986915,0.522113,0.438426,-0.111008,-0.0420275,0.039929,0.607422,0.665429,-0.351636,-0.0524036
-15.3113,2.65702,-0.618815,0.368672,-1.39925,-0.695106,-0.593134,-0.392901,-0.58284,-0.257921,0.197042,0.309293,0.508141,-0.0361709,0.0398971,0.0211808,0.321368,0.568382,-0.521354,-0.247175
-15.311,2.32126,-0.537396,0.141335,-1.25472,-0.73859,-0.657629,-0.40361,-0.685962,-0.180973,0.0609502,0.123161,0.586841,0.17777,0.0778032,-0.186306,0.198769,0.603295,-0.64325,-0.53562
-15.5321,2.2113,-0.549932,0.17519,-1.26563,-0.850309,-0.816558,-0.454933,-0.704386,-0.213803,-0.0369556,0.403626,0.674555,0.122776,-0.0575183,-0.233098,0.49235,0.684606,-0.683357,-0.470472
-15.3916,2.15415,-0.342323,0.508775,-0.981527,-0.806595,-0.538501,-0.384754,-0.727359,-0.433088,-0.0627722,0.669153,0.851158,0.126631,-0.106727,-0.235076,0.424144,0.767466,-0.551295,-0.401766
-15.4138,1.94132,-0.65878,0.445855,-1.21849,-0.792408,-0.816203,-0.48568,-0.955169,-0.54817,-0.291704,0.599156,0.849853,0.291525,0.0827848,-0.204283,0.232367,0.640044,-0.590077,-0.438531
-15.4962,2.21478,-0.700578,0.301998,-1.24451,-0.768545,-0.721853,-0.382888,-1.12105,-0.475471,-0.0634021,0.604998,1.0412,0.219559,0.284344,-0.195695,0.255533,0.676305,-0.719965,-0.253937
-15.5109,2.18359,-0.489326,0.424965,-1.24948,-0.742235,-0.718562,-0.1376,-1.0141,-0.557029,0.0341435,0.581797,1.00858,0.394361,0.35518,-0.256067,0.0088197,0.557239,-0.685245,-0.285399
-15.7639,2.25281,-0.432285,0.510725,-1.25494,-0.864025,-0.634883,-0.201056,-1.20411,-0.374944,0.0880975,0.74333,1.14147,0.405606,0.119698,-0.280815,0.258823,0.553909,-0.644253,-0.273821
-15.81,1.97809,-0.466417,0.35016,-1.4381,-0.81261,-0.714353,-0.329424,-1.36993,-0.493499,0.168881,0.710314,0.969161,0.541171,-0.0576468,-0.241243,0.341381,0.437261,-0.737994,-0.306953
-15.9666,2.08526,-0.138048,0.458896,-1.48065,-0.788871,-0.808843,-0.387924,-1.45589,-0.614097,0.160716,0.582646,1.05015,0.458032,-0.265084,-0.421066,0.438124,0.478701,-0.756412,-0.460235
-15.7361,1.9757,-0.424758,0.284531,-1.72867,-1.04189,-0.88306,-0.41937,-1.37182,-0.627026,0.136619,0.488996,1.03862,0.528578,-0.00234937,-0.147176,0.540611,0.495959,-0.56291,-0.316382
-15.4247,2.30327,-0.290904,0.464342,-1.64796,-0.912889,-0.862377,-0.491127,-1.25075,-0.487208,0.133291,0.494449,0.935682,0.544439,-0.103966,-0.349814,0.578053,0.447033,-0.657066,-0.473546
-15.1086,2.42613,-0.272574,0.577237,-1.19574,-0.803419,-0.732719,-0.359535,-1.16378,-0.285792,0.184379,0.669187,0.950805,0.654559,0.146648,-0.403587,0.435481,0.538711,-0.548515,-0.644068
-14.6511,2.14422,-0.482186,0.460106,-1.01872,-0.695044,-0.840762,-0.608178,-1.43862,-0.42007,0.141787,0.660635,0.889101,0.62066,0.120112,-0.358693,0.232848,0.313435,-0.605368,-0.385819
-13.9509,2.29173,-0.395755,0.508193,-1.3667,-0.858117,-0.647031,-0.45557,-1.13574,-0.375054,0.157045,0.527304,0.672512,0.462444,0.0547165,-0.194905,0.564307,0.308276,-0.410355,-0.483047
-13.7884,2.11827,-0.305007,0.631063,-1.81073,-1.17182,-0.802105,-0.428116,-1.0982,-0.461335,0.100577,0.28672,0.511709,0.226732,-0.0589441,-0.0736455,0.47748,0.48346,-0.480515,-0.474499
-13.11,2.13939,-0.718747,0.307118,-1.76517,-0.996272,-0.862112,-0.678794,-1.20622,-0.270848,0.0328405,0.203519,0.339551,0.30843,-0.0452519,-0.0881651,0.600027,0.55963,-0.514369,-0.445637
-13.3966,2.34082,-0.613022,0.0708508,-1.53552,-0.969718,-0.805425,-0.745044,-1.21487,-0.339934,-0.234364,0.110646,0.410845,0.45483,0.131044,-0.205351,0.581891,0.490586,-0.603464,-0.408204
-13.5554,2.02293,-0.676686,0.290445,-1.66631,-0.859877,-0.74417,-0.653016,-1.23444,-0.409275,-0.121845,0.190462,0.408887,0.410157,-0.12256,-0.368959,0.508486,0.467095,-0.649112,-0.88496
-13.453,2.09781,-0.38423,0.529827,-2.01627,-0.977047,-0.637336,-0.467974,-0.997399,-0.450251,-0.091345,0.270654,0.296801,0.334258,-0.0897472,-0.249605,0.751595,0.386626,-0.653242,-0.892141
-13.271,2.2588,-0.279518,0.48389,-1.74513,-1.03732,-0.529414,-0.359263,-1.05143,-0.547201,-0.0505371,0.545594,0.320902,0.231391,-0.160456,-0.0417593,0.684664,0.377296,-0.541655,-0.749542
-13.3179,2.23852,-0.48155,0.22632,-1.44369,-0.68786,-0.604274,-0.706324,-1.01289,-0.434684,0.0990943,0.431253,0.403428,0.466885,-0.0468753,-0.0928374,0.799098,0.335707,-0.549616,-0.631877
-13.6204,2.15041,-0.532621,0.0904384,-1.61555,-0.846722,-0.82523,-0.750746,-1.04223,-0.502978,0.175918,0.533928,0.384605,0.3379,-0.138382,0.112814,0.714883,0.454383,-0.533864,-0.446754
-13.9875,2.44581,-0.536395,0.012563,-1.67677,-0.842397,-1.20184,-0.601344,-0.805097,-0.509525,0.042107,0.368839,0.395003,0.248105,-0.320306,0.00812594,0.613602,0.623544,-0.468624,-0.66286
-14,2.36475,-0.445377,0.0903362,-1.46602,-0.839751,-0.915677,-0.603281,-0.67353,-0.364597,0.289384,0.425123,0.522753,0.307629,-0.199466,-0.0638857,0.559257,0.628611,-0.466657,-0.667174
-14.3884,2.33621,-0.465848,0.0875245,-1.23841,-1.04165,-0.934589,-0.90494,-1.00443,-0.508551,0.13874,0.380167,0.456692,0.222388,-0.224452,-0.192489,0.712424,0.608399,-0.535063,-0.541741
-14.6346,2.56301,-0.298474,0.360041,-0.984649,-0.98808,-0.930193,-0.930331,-1.05431,-0.385079,0.0493268,0.543078,0.449605,0.260427,-0.0785873,-0.224572,0.437339,0.726472,-0.462244,-0.552786
-14.6725,2.58039,-0.256542,0.657751,-1.40438,-0.881752,-0.838157,-0.612569,-0.84266,-0.535526,-0.0548699,0.587078,0.617417,0.325867,-0.203926,-0.136858,0.382896,0.428431,-0.575679,-0.491936
-14.9542,2.45407,-0.184929,0.349878,-1.68126,-0.730314,-0.525672,-0.620613,-0.544103,-0.346706,0.290679,0.378654,0.684728,0.288639,-0.0472761,-0.0967765,0.285037,0.410254,-0.868585,-0.604535
-15.1924,2.37267,-0.333426,0.412854,-1.74962,-0.875738,-0.676948,-0.425581,-0.63914,-0.366649,0.238949,0.570511,0.602139,0.0589805,0.0561642,-0.00929693,0.398174,0.524732,-0.870847,-0.716897
-15.5865,2.60774,-0.359357,0.576987,-1.59418,-0.892709,-0.873062,-0.548248,-0.719721,-0.405917,0.156794,0.689545,0.501554,-0.0902478,-0.0712141,0.103937,0.400305,0.510253,-0.701463,-0.747929
-15.6178,2.64143,-0.0495165,0.425871,-1.44234,-0.784594,-0.751377,-0.530312,-0.858166,-0.336396,0.345382,0.748238,0.586426,-0.0560927,0.0552803,0.249791,0.355905,0.501472,-0.54524,-0.431286
-15.5764,2.58678,-0.205387,0.164595,-1.01589,-0.757395,-0.980091,-0.636481,-0.689289,-0.252173,0.222644,0.623755,0.584392,0.392065,-0.191367,0.106674,0.41144,0.280692,-0.697587,-0.346871
-16.0614,2.69513,-0.0682229,0.304938,-1.37574,-0.879699,-0.892903,-0.40946,-0.658456,-0.355503,0.219136,0.704661,0.473242,0.410673,-0.311029,0.0096695,0.351717,0.291738,-0.762586,-0.439515
-16.0864,2.68769,-0.0827247,0.655073,-1.25875,-0.759209,-1.00037,-0.689228,-0.539649,-0.143074,0.194596,0.425898,0.485197,0.483605,-0.532893,-0.0528222,0.584205,0.522474,-0.778476,-0.671222
-16.1456,2.47383,0.1542,0.7869,-1.31378,-0.652136,-0.931238,-0.777787,-0.632946,-0.0141572,0.301796,0.502406,0.49949,0.489465,-0.273161,-0.261566,0.571118,0.673512,-0.666243,-0.467051
-16.2494,2.59829,0.192052,0.81617,-1.33972,-0.786475,-0.737054,-0.722364,-0.71229,-0.235842,0.215212,0.472956,0.381959,0.366725,-0.0975976,-0.0297779,0.362863,0.609101,-0.618794,-0.465952
-16.4624,2.48676,0.11688,0.649963,-1.29677,-0.893904,-0.90037,-0.532963,-0.675026,-0.338468,-0.0876293,0.417816,0.624474,0.307803,-0.102428,0.0586199,0.404569,0.551694,-0.608331,-0.553663
-16.8248,2.37245,0.235687,0.483555,-1.11162,-0.928073,-0.937415,-0.528663,-0.578946,-0.189541,0.13779,0.491211,0.739902,0.150743,-0.0686293,0.146066,0.330464,0.663491,-0.439071,-0.537053
-16.9643,2.25349,0.195327,0.556224,-1.22596,-0.650714,-0.976428,-0.654515,-0.742669,-0.352838,0.245599,0.334581,0.560314,0.315406,0.0648333,0.114357,0.528861,0.484458,-0.493202,-0.373353
-17.4097,2.39527,0.315538,0.784326,-0.992857,-0.719745,-1.06379,-0.700439,-0.672834,-0.508115,0.311561,0.459329,0.855677,0.24973,-0.196393,-0.0614957,0.698723,0.52895,-0.577614,-0.55972
-17.2031,1.99908,-0.0113471,0.719808,-1.01409,-0.825541,-0.947958,-0.818831,-1.06229,-0.593516,0.154629,0.573353,0.659151,0.513493,-0.00105935,-0.107062,0.543678,0.318356,-0.663831,-0.408635
-17.0186,2.01876,0.0314498,0.621877,-1.05256,-0.977864,-1.02815,-0.581887,-0.690413,-0.279244,0.202684,0.265054,0.78361,0.484398,0.0418474,-0.025122,0.30713,0.212783,-0.769624,-0.290018
-16.4126,2.43512,0.204285,0.884956,-1.21244,-0.933849,-0.883743,-0.461972,-0.637321,-0.260404,0.260375,0.192,0.439203,0.251973,-0.103175,0.213066,0.463763,0.191395,-0.689233,-0.271515
-16.281,2.5647,-0.0871396,0.710212,-0.967795,-0.907239,-1.22465,-0.366159,-0.473196,-0.0087086,0.313586,0.236332,0.303418,0.206338,0.164839,0.350931,0.321927,0.200862,-0.444309,-0.248732
-15.7163,2.32465,-0.26305,0.550015,-1.22073,-0.501941,-1.25626,-0.836754,-0.89462,-0.314133,0.204303,0.113156,0.167243,0.13778,0.0900229,0.0532469,0.200041,0.456832,-0.432751,-0.175822
-15.2923,2.45082,-0.206295,0.512405,-1.07712,-0.447709,-1.1179,-0.61338,-0.748417,-0.125138,0.0614368,0.154163,0.178671,-0.0671274,0.108947,0.178491,0.206886,0.522418,-0.557908,-0.618994
-15.2658,2.28585,-0.535719,0.334418,-1.31008,-0.486776,-0.727331,-0.468551,-0.62123,0.00670395,0.0572779,0.248933,0.264711,0.312678,0.119241,0.118045,0.643497,0.308861,-0.803383,-0.607297
-15.471,2.34555,-0.298304,0.663123,-1.39938,-0.987957,-0.941223,-0.29103,-0.556153,-0.0547126,-0.0666089,0.232452,0.206156,0.121668,0.203246,0.191268,0.563937,0.443204,-0.429393,-0.294222
-15.5718,2.52489,-0.197099,0.515304,-1.37843,-0.855156,-0.85722,-0.350037,-0.562733,-0.0791564,-0.142761,0.0762722,0.250752,0.141456,0.0485239,-0.0552602,0.303028,0.518082,-0.290042,-0.392645
-15.4074,2.61465,-0.446548,0.543003,-1.03009,-0.594057,-0.870794,-0.335077,-0.588071,-0.201217,0.150999,0.299009,0.398195,0.00876421,-0.0778323,0.0794365,0.491906,0.623183,-0.607935,-0.647723
-15.0491,2.33391,-0.669477,0.32683,-1.21252,-0.403922,-0.851342,-0.292468,-0.783487,-0.20153,0.383219,0.325125,0.345472,-0.307497,-0.33179,0.0279448,0.46328,0.545967,-0.45628,-0.658074
-15.2393,2.48957,-0.647281,0.0585347,-1.24604,-0.576266,-0.739401,-0.123493,-0.734828,0.00536786,0.279532,0.0207361,0.357845,-0.204403,-0.123964,-0.0196157,0.597659,0.656638,-0.69384,-0.640643
-15.0569,2.58275,-0.662151,-0.0876706,-1.29432,-0.643631,-0.971091,-0.285602,-0.504848,-0.0565555,0.0744461,0.0454615,0.177512,-0.164779,-0.0972599,0.0946059,0.668563,0.651057,-0.272409,-0.505309
-15.0492,2.52714,-0.359437,0.276849,-1.23741,-0.648332,-0.847226,-0.210353,-0.452031,0.0933415,-0.0692865,0.163099,0.268144,-0.231418,-0.088625,0.114728,0.615136,0.888232,-0.385387,-0.627893
-15.2589,2.61285,-0.479217,0.329995,-1.13865,-0.409198,-1.05478,-0.243564,-0.619203,-0.243119,0.232029,0.226868,0.0212657,-0.309415,-0.0513561,0.156836,0.650025,0.697103,-0.512654,-0.583462
-15.7258,2.75166,-0.40795,0.400869,-0.890495,-0.371427,-0.658972,-0.390039,-0.901606,-0.318391,0.146071,0.274602,0.124156,-0.204369,0.0133771,0.203144,0.413705,0.213922,-0.545784,-0.5708
-15.3825,2.5915,-0.533321,0.174925,-1.04422,-0.353966,-0.826397,-0.291288,-0.724542,-0.348347,-0.284309,0.0724979,0.300553,-0.16169,-0.045912,0.197163,0.658409,0.276209,-0.594775,-0.456308
-15.7955,2.718,-0.472967,0.105971,-1.1566,-0.423308,-0.85935,-0.228571,-0.583766,-0.335087,-0.249669,-0.135313,0.229939,-0.00863265,-0.112568,0.423998,0.635849,0.536475,-0.466645,-0.468185
-15.8526,2.79635,-0.412486,0.0680328,-1.2087,-0.622768,-0.685653,-0.234229,-0.664487,-0.283795,-0.188143,-0.0439581,0.315308,-0.319332,-0.10292,0.322735,0.632225,0.5035,-0.56164,-0.207854
-15.9479,2.77315,-0.411344,0.314457,-1.07475,-0.704742,-0.591857,-0.228789,-0.876585,-0.31099,0.146869,0.0157517,0.258294,-0.187141,-0.224167,0.295224,0.598948,0.524319,-0.401881,-0.517208
-15.9823,2.71473,-0.734988,0.0313468,-1.03955,-0.52252,-0.712676,-0.380657,-0.6805,-0.0265196,0.122662,0.195738,0.299713,0.157066,-0.179993,0.283418,0.809121,0.359288,-0.470835,-0.314508
-16.2436,2.54886,-0.533163,-0.0306795,-1.49436,-0.469922,-0.577299,-0.430862,-1.02621,-0.404144,-0.0308442,-0.0787623,0.252936,-0.0382609,0.0962392,0.266451,0.661183,0.335949,-0.54947,-0.395127
-16.6147,2.70424,-0.44323,-0.0975778,-1.07415,-0.476277,-0.524176,-0.439521,-0.824052,-0.251409,-0.168829,0.088815,0.398223,0.187085,0.02224,0.268259,0.732201,0.496986,-0.400432,-0.450601
-16.8925,2.82103,-0.0684445,0.322417,-1.14224,-0.427599,-0.475388,-0.46879,-0.810655,-0.261156,-0.0865264,-0.0241374,0.464552,0.0485233,-0.0125126,0.243613,0.691406,0.226269,-0.411061,-0.287812
-16.9074,2.73664,-0.15831,0.441494,-0.819181,-0.378384,-0.467681,-0.62387,-0.820171,-0.627497,-0.13707,0.211525,0.44999,0.0443584,0.0201912,0.138077,0.33711,0.219521,-0.483096,-0.465786
-17.2233,2.8068,-0.0804696,0.672893,-0.514014,-0.704203,-0.555139,-0.477636,-0.747312,-0.458421,-0.175911,0.211649,0.474239,0.177492,0.0384258,0.0988368,0.377291,0.375749,-0.561054,-0.572377
-17.3169,2.72571,-0.310997,0.433333,-0.877081,-0.641598,-0.663028,-0.759479,-0.472001,-0.471829,-0.216504,0.0754047,0.362468,0.332542,0.195755,0.194826,0.588997,0.347755,-0.580595,-0.424564
-17.2418,2.7988,-0.205128,0.292559,-0.92559,-0.500211,-0.749606,-0.422053,-0.542766,-0.270226,-0.296984,-0.0502124,0.644581,0.208666,-0.148483,0.196702,0.471843,0.444937,-0.502892,-0.463289
-17.545,2.95458,-0.102029,0.403156,-0.647337,-0.223861,-0.747765,-0.478164,-0.463759,-0.158562,0.00204035,0.304465,0.578079,0.204561,0.0630941,0.175102,0.401511,0.450513,-0.547661,-0.544579
-17.3224,2.50274,0.0512935,0.654389,-0.896292,-0.730896,-0.707734,-0.474726,-0.570184,-0.132506,-0.172055,0.0174475,0.727507,0.358551,0.132117,-0.00128509,0.312251,0.546702,-0.379554,-0.399362
-17.4882,2.85651,0.0974059,0.365075,-0.881784,-0.92482,-0.720501,-0.502793,-0.454568,-0.0765885,-0.0530783,-0.033558,0.423667,0.176005,0.33347,0.221305,0.14556,0.539093,-0.512696,-0.1912
-17.5946,2.91444,0.244078,0.574105,-0.961,-0.638054,-0.626356,-0.568612,-0.428101,-0.00274922,-0.229928,-0.0629708,0.486293,0.261945,0.113736,0.353702,0.352524,0.537816,-0.49467,-0.276172
-17.7522,2.81093,0.282613,0.613958,-0.876442,-0.789426,-0.713033,-0.372841,-0.381825,-0.16703,-0.217176,0.093812,0.514625,0.0125696,0.074786,0.169025,0.251849,0.632211,-0.586109,-0.425543
-17.8844,2.95316,0.0502358,0.384767,-0.829841,-0.571602,-0.567577,-0.54544,-0.310949,-0.305452,0.0710824,0.31181,0.518254,-0.0259378,-0.034129,0.0913606,0.133305,0.54451,-0.531034,-0.58061
-18.3053,2.48379,0.298877,0.406954,-1.0287,-0.749533,-0.694669,-0.524375,-0.735762,-0.393649,0.101086,0.361859,0.564779,-0.129661,-0.140876,0.125259,0.319625,0.285608,-0.656514,-0.513436
-18.2686,2.37425,-0.0245549,0.556061,-0.712111,-0.78188,-0.778494,-0.509761,-0.78484,-0.4113,0.149928,0.417231,0.570205,0.116745,-0.126409,-0.00741293,0.110226,0.31852,-0.619971,-0.350317
-18.0518,2.38932,0.327744,0.518155,-0.917121,-0.561973,-0.788939,-0.532798,-0.47268,-0.0240263,0.123194,0.182772,0.628014,0.197909,-0.0948779,0.0307961,0.418371,0.469657,-0.74669,-0.451346
-18.4221,2.17264,0.0759044,0.595903,-0.720271,-0.739545,-0.604139,-0.453888,-0.490491,-0.083774,0.143032,0.407644,0.904472,0.37918,0.0179517,0.129401,0.39997,0.438446,-0.766569,-0.551874
-18.5901,2.23725,0.0633365,0.964532,-0.522874,-0.581209,-0.514032,-0.684772,-0.632021,-0.153591,0.305316,0.594791,0.756745,0.114794,-0.018236,0.0943346,0.386971,0.24503,-0.698111,-0.541737
-18.15,2.37489,-0.207488,0.255937,-0.397164,-0.698501,-0.529805,-0.630718,-0.4481,0.15405,0.0193391,0.347081,0.761219,0.406515,0.146011,0.194332,0.174537,0.312761,-0.732312,-0.551262
-18.2978,2.3221,0.446697,1.00592,-0.34068,-0.475289,-0.553515,-0.656312,-0.574346,-0.355695,0.0488376,0.442878,0.746199,0.559681,0.0456169,0.0169563,0.172808,0.309872,-0.769264,-0.434894
-18.4456,2.34256,0.129215,0.868024,-0.241317,-0.569802,-0.581616,-0.592028,-0.470686,-0.290578,0.0154936,0.75162,0.829365,0.487962,0.105786,0.0415569,0.1529,0.191903,-0.849063,-0.637681
-18.0633,2.20134,0.305614,0.828294,-0.609718,-0.776866,-0.669514,-0.471109,-0.18789,-0.285098,-0.133227,0.519731,0.569979,0.312082,0.0357226,0.109408,0.362383,0.0438125,-0.875724,-0.427186
-18.4132,2.416,0.438788,0.79074,-0.552255,-0.436576,-0.655922,-0.523786,-0.36539,0.0860499,0.019517,0.387076,0.85126,0.378783,0.174618,0.269258,0.31352,0.307576,-0.688702,-0.347411
-18.6967,2.50367,0.338236,0.985653,-0.322488,-0.510809,-0.786313,-0.677704,-0.368333,-0.0548911,0.218787,0.391276,0.609012,0.110734,0.305426,0.286176,0.340859,0.278883,-0.712695,-0.375541
-18.4598,2.52927,0.287497,0.82614,-0.523469,-0.466172,-0.800082,-0.641433,-0.478667,0.00564324,-0.0230052,0.320552,0.722104,0.207203,-0.0582356,0.124579,0.296806,0.257397,-0.731169,-0.438062
-18.0299,2.52496,0.578997,0.936865,-0.292162,-0.690486,-0.763936,-0.539962,-0.634016,0.11172,-0.0568187,0.145755,0.657689,0.057766,-0.00996191,0.135866,0.201142,0.103753,-0.585768,-0.365284
-18.3254,2.09765,0.662523,1.02069,-0.670159,-0.863328,-0.903644,-0.548152,-0.555812,-0.0322251,0.0465719,0.440892,0.649619,-0.0332406,-0.114362,0.1657,0.233064,0.102671,-0.753178,-0.499772
-18.1834,2.15074,0.629898,0.959045,-0.458757,-0.540562,-0.633973,-0.665691,-0.487443,0.0504499,-0.182086,0.428235,0.906052,0.291655,0.0879485,0.248519,0.119763,-0.0445346,-0.717667,-0.0443608
-18.1756,2.38294,0.384516,0.619897,-0.505532,-0.429116,-0.7577,-0.63174,-0.447353,0.0700892,-0.129062,0.490139,0.906393,0.222339,-0.0386148,0.0599608,0.327171,0.0140207,-0.748596,-0.206924
-18.2981,2.20967,-0.0498954,0.630101,-0.566519,-0.595308,-0.793111,-0.541732,-0.822436,-0.21095,-0.0594877,0.636217,0.756029,0.389691,0.0398303,0.0775226,0.287304,0.126088,-0.772624,-0.259499
-18.1415,1.84185,-0.155988,0.724351,-0.643593,-0.569685,-0.805788,-0.645757,-0.774982,-0.229593,0.140538,0.734853,0.884773,0.333633,0.189132,-0.00487046,0.342497,0.0858884,-0.976103,-0.373983
-18.223,1.67281,0.186914,0.923614,-0.739131,-0.674676,-0.640592,-0.577063,-0.687814,-0.0285324,0.199349,0.675313,1.28409,0.384912,-0.227732,0.0619918,0.417936,0.288989,-0.986057,-0.509623
-17.8736,1.66374,-0.0714029,0.810686,-0.715792,-0.692446,-0.808789,-0.454701,-0.609127,0.0568819,0.241124,0.744822,0.977277,0.236005,-0.108166,-0.0874853,0.150769,0.15132,-0.844574,-0.438356
-18.0309,1.71787,0.124262,1.05864,-0.741922,-0.428658,-0.590396,-0.71612,-0.888818,-0.238179,0.161525,0.820681,1.099,0.32253,-0.198524,-0.0713487,0.256004,0.269339,-0.856166,-0.34871
-18.1638,1.74215,0.100151,0.847205,-0.563311,-0.414311,-0.768554,-0.739776,-0.916942,-0.306548,0.120789,0.785054,1.02717,0.296825,-0.0514084,-0.088516,0.291329,0.339045,-0.85844,-0.542815
-18.1329,1.85053,0.537258,1.20926,-0.748026,-0.358507,-0.338829,-0.669477,-0.907319,-0.493013,0.0137896,0.785212,1.0986,0.461012,-0.101523,0.0685204,0.38778,0.192194,-0.928002,-0.409215
-18.267,1.65152,0.150943,0.779135,-0.717746,-0.419637,-0.482312,-0.851552,-0.973756,-0.204905,0.155933,0.678663,0.93452,0.627052,0.165786,-0.114282,0.228756,0.106556,-0.752419,-0.198269
-17.9839,1.93479,-0.00880489,0.910317,-0.625031,-0.352861,-0.19885,-0.583327,-0.590123,-0.246351,0.0307263,0.93045,1.07263,0.588879,-0.00299658,-0.032627,0.271631,-0.0160861,-0.983607,-0.206377
-18.1758,1.92611,0.148406,0.682607,-0.563266,-0.339277,-0.312969,-0.526858,-0.613008,-0.234056,0.153133,0.959967,1.03042,0.478982,0.0906518,0.0256123,0.307665,0.140278,-1.13251,-0.544288
-18.1814,1.8475,0.216133,0.980886,-0.602783,-0.377188,-0.376202,-0.785616,-0.900622,-0.330224,0.170345,1.11207,1.23649,0.311596,-0.113441,-0.00201635,0.581341,0.17128,-0.944223,-0.403186
-18.0075,1.84488,0.18099,0.891555,-0.8475,-0.24309,-0.300002,-0.590177,-0.741313,-0.198447,0.165526,0.938598,1.1728,0.619145,0.115026,0.0142655,0.39012,0.17,-1.12192,-0.419488
-18.1529,1.65295,0.105625,1.09337,-0.596244,-0.421492,-0.265229,-0.673133,-0.755345,-0.398306,0.0980305,1.11814,1.23423,0.717275,0.0568184,-0.0377157,0.460286,0.286709,-1.06932,-0.414624
-18.081,1.79946,0.132319,0.856719,-0.535827,-0.157885,-0.488193,-0.704876,-0.599763,-0.233647,0.225378,1.06507,0.982526,0.359647,0.000464468,0.034848,0.463708,0.227038,-0.963283,-0.480859
-18.1599,2.26455,-0.0692175,0.707435,-0.439142,-0.29674,-0.287369,-0.557138,-0.456489,-0.240865,0.197726,1.14466,1.26547,0.519769,-0.110315,-0.028457,0.317147,0.132286,-0.814848,-0.440573
-18.0717,2.2273,-0.248823,0.82348,-0.346393,-0.273299,-0.455253,-0.57406,-0.697829,-0.378418,0.355979,0.886994,1.0711,0.516161,-0.100373,0.0152978,0.503364,-0.0499463,-1.06237,-0.536554
-18.2278,2.21235,0.245766,0.898698,-0.178994,-0.274197,-0.572306,-0.814847,-1.05976,-0.219145,0.416268,0.939918,1.04197,0.498513,-0.411496,-0.122745,0.646542,0.181607,-0.758758,-0.120464
-17.8539,2.15049,0.0115215,0.49901,-0.401253,-0.209657,-0.596625,-0.693675,-0.667934,-0.127839,0.00463234,0.770723,1.10127,0.471318,-0.276242,0.0597638,0.549393,-0.00232318,-0.848241,-0.380251
-17.9683,1.94295,0.24948,0.721317,-0.358715,-0.230658,-0.474978,-0.700952,-0.682123,-0.41428,-0.012908,1.05034,1.05253,0.282374,-0.100508,-0.0759723,0.530243,0.248962,-0.683641,-0.172043
-17.5278,1.95243,0.165518,0.651742,-0.40742,-0.0979139,-0.600392,-0.215102,-0.687914,-0.324901,0.0440869,0.680304,0.81449,0.518079,-0.0121438,0.00859246,0.39965,9.52233e-05,-0.602724,-0.299976
-18.4379,1.88633,-0.0569542,0.55498,-0.389116,-0.18363,-0.101697,-0.195139,-0.50957,-0.318073,0.00510515,0.388253,0.565672,0.344128,0.171699,0.232073,0.312771,0.0930003,-0.480318,-0.437994
-18.5429,1.99679,-0.147398,0.411389,-0.436617,0.164923,-0.0983356,-0.148029,-0.311553,-0.179462,-0.0296586,0.590248,0.620493,0.132648,0.312554,0.274496,0.0355867,0.0341477,-0.456172,-0.130561
-17.1551,1.5472,-0.404421,0.188093,-0.459359,0.0573628,0.00273033,0.284529,0.0395369,-0.299347,-0.285352,0.592235,0.331468,0.014672,0.268764,0.423957,-0.180119,0.189789,-0.176098,-0.555972
-16.5131,1.65061,-0.799745,0.105042,-0.421565,0.136292,-0.0236568,0.277414,0.00325426,-0.276468,-0.183593,0.446843,0.157053,-0.539856,-0.0891013,0.299582,0.286652,0.386013,-0.192293,-0.511842
-16.1286,2.20223,-0.769435,0.0252536,-0.782364,-0.0331085,-0.231035,0.174059,-0.0890915,-0.501336,-0.312358,0.519092,0.142609,-0.481947,-0.168199,0.147635,0.193766,0.380375,-0.30643,-0.679175
-16.0428,2.11821,-0.764607,0.0863956,-0.687547,-0.131293,-0.256025,0.204054,-0.379406,-0.205678,-0.270767,0.426579,0.0724504,-0.431345,-0.268929,0.108484,0.146883,0.534835,-0.528441,-0.831714
-15.3014,2.28276,-0.579054,0.244206,-1.15896,-0.236813,-0.139646,0.121363,-0.224435,-0.184827,-0.279875,0.277507,-0.0619323,-0.678708,-0.199176,0.0759457,0.241343,0.295614,-0.465242,-0.643012
-14.9694,2.18988,-0.600318,0.271242,-1.49097,-0.22285,-0.193329,0.0629422,-0.255096,-0.0621396,-0.264044,0.0940263,0.0337068,-0.423602,-0.262738,-0.0983915,0.21709,0.192734,-0.338134,-0.566063
-15.0367,2.24677,-0.85742,0.303017,-1.16058,-0.246462,0.0190262,0.429114,-0.154064,-0.086882,-0.343077,0.00425782,-0.00516522,-0.533875,-0.222122,0.150345,0.215245,0.443591,-0.35103,-0.278952
-15.1823,2.19911,-0.117385,0.58236,-1.49212,-0.525217,-0.0374423,0.240644,-0.138353,-0.101108,-0.297163,0.0317957,-0.221398,-0.742032,-0.394582,-0.0608298,0.117375,0.119763,-0.312644,-0.258576
-15.1668,2.27921,-0.306917,0.624809,-1.14667,-0.244041,-0.017088,0.156926,-0.148573,-0.0998478,-0.291026,-0.0251714,-0.173429,-0.559706,-0.306854,-0.110324,-0.132829,0.0318231,-0.231942,-0.26689
-15.3706,2.25887,-0.300791,0.293832,-1.1146,-0.265846,0.0255072,0.335127,-0.216014,-0.256385,-0.462729,-0.14688,-0.14748,-0.494597,-0.299767,0.0583897,-0.38496,-0.259287,-0.455421,-0.378872
-15.6177,2.35351,-0.236982,0.39835,-1.26426,-0.390057,0.287192,0.457736,-0.343021,-0.190767,-0.24739,-0.0758207,-0.112098,-0.564944,-0.165595,0.083856,-0.32803,-0.0838012,-0.432785,-0.426222
-16.1129,2.08125,-0.158532,0.264563,-1.134,-0.382204,0.15518,0.388677,-0.100103,-0.345437,-0.574036,-0.0841176,-0.052436,-0.749237,-0.297842,0.152413,-0.258276,-0.0955748,-0.294485,-0.51067
-16.0976,1.93166,-0.139036,0.352591,-1.04643,-0.362098,-0.154291,0.507492,0.030693,-0.267501,-0.637009,-0.261665,-0.139891,-0.331278,0.320716,0.251439,-0.267455,0.0998192,0.01913,-0.157939
-16.0945,1.97211,-0.102114,0.261667,-0.857427,-0.223488,-0.00222567,0.440875,-0.191689,-0.424777,-0.739283,0.280845,-0.182053,-0.679977,0.0768533,0.0715073,-0.163418,0.00731252,-0.135553,-0.460208
-16.333,1.90648,-0.265635,0.195367,-0.796021,-0.0107449,0.0488425,0.13759,-0.492472,-0.267707,-0.650538,0.286564,-0.227328,-0.769157,0.0455311,0.104413,-0.377178,-0.15002,-0.17431,-0.61818
-16.3609,1.89435,-0.0851894,0.306085,-0.798276,0.0650788,0.053838,0.126574,-0.342304,-0.4593,-0.503058,0.422879,0.0675448,-0.56945,0.0215178,0.0516282,-0.459283,-0.179632,-0.374033,-0.615737
-16.5256,1.95243,-0.240248,0.11326,-0.695646,-0.0294795,0.0969996,0.129744,-0.374807,-0.342611,-0.830423,0.0644621,-0.0995822,-0.613683,-0.0558895,0.0910626,-0.462505,-0.276267,-0.257802,-0.650429
-16.6799,1.93138,0.0776206,0.33182,-0.622151,-0.0671628,0.125234,0.280881,-0.289181,-0.669811,-0.713035,0.124628,0.139371,-0.492902,0.034849,0.320705,-0.515688,-0.182013,-0.269617,-0.726835
-16.9053,1.32853,-0.00853211,0.297549,-0.802703,-0.0170901,0.0124861,0.208537,-0.345979,-0.647542,-0.866885,0.165684,0.0106234,-0.608856,0.0400777,0.247782,-0.780061,-0.230955,-0.0833706,-0.57545
-16.9394,1.56102,-0.0658759,0.446215,-0.628001,-0.119527,0.104656,0.290894,-0.221518,-0.454866,-0.853242,0.114333,-0.0268207,-0.640625,0.219939,0.277717,-0.632697,0.20083,0.0669838,-0.667634
-17.0686,1.30046,0.021763,0.174377,-1.01031,-0.321857,0.139998,0.353765,0.053736,-0.406057,-0.732658,0.248643,-0.0253606,-0.755454,0.183622,0.496265,-0.665531,-0.0905568,0.0757694,-0.568796
-17.1123,1.39065,0.220997,0.262916,-0.85655,-0.113107,-0.0359343,0.386119,0.291098,-0.215276,-0.75105,0.284668,0.120637,-0.695767,0.255882,0.608741,-0.782051,0.0270412,0.192594,-0.552367
-17.178,1.16239,0.0646829,0.214445,-0.929755,0.0700014,0.109856,0.584333,0.385648,-0.242253,-0.663466,0.141069,-0.0724251,-0.70434,0.180619,0.208054,-0.92325,-0.0155349,-0.0804849,-0.773701
-16.8323,1.42807,0.495144,0.154621,-1.02368,-0.0289549,0.0930176,0.395072,0.158793,-0.449659,-0.918994,0.282389,0.0506186,-0.687743,0.424228,0.497368,-0.837847,-0.10533,0.161858,-0.732233
-16.837,0.992468,0.0358282,0.0699974,-0.698695,-0.0648768,0.137603,0.750498,0.25621,-0.595806,-1.10045,0.118125,0.0406848,-0.743667,0.299735,0.344682,-1.05436,-0.0529019,0.210518,-0.743014
-16.7399,1.17305,0.100798,0.275644,-0.713375,-0.367961,0.0313788,0.49243,0.196235,-0.616334,-1.00359,0.164231,0.15087,-0.727696,0.238036,0.265495,-1.25895,-0.391445,-0.0161584,-0.815557
-16.4728,1.35188,0.102126,0.158543,-0.58889,-0.297724,-0.276408,0.523428,0.25519,-0.49987,-0.863055,0.471218,0.536812,-0.226143,0.585139,0.0642667,-1.35574,-0.218933,-0.0868937,-0.862594
-16.1657,1.15379,-0.0322922,0.395713,-0.705092,-0.060814,-0.262813,0.277676,0.139094,-0.450449,-0.776838,0.325397,0.356582,-0.0576302,0.695173,0.121164,-1.26456,-0.50376,0.0821124,-0.667044
-15.739,1.46889,-0.19771,0.395677,-0.856376,-0.195018,-0.089429,0.530497,-0.0924824,-0.482393,-0.653572,0.143768,0.252066,-0.315339,0.300153,0.0501841,-1.12879,-0.672896,-0.039972,-0.520475
-15.1825,1.26525,-0.253163,0.3189,-1.08252,-0.387819,-0.0554795,0.812688,0.024191,-0.398687,-0.662841,-0.175247,-0.158629,-0.464303,0.0966961,0.331253,-0.698022,-0.229559,-0.137305,-0.398058
-14.6798,1.3705,-0.339383,0.12802,-1.3796,-0.354224,0.106238,0.86033,0.166834,-0.551518,-0.696679,0.0155233,-0.131874,-0.584214,-0.120833,0.176596,-0.411417,-0.0749576,-0.00677146,-0.375983
-14.2378,1.46264,-0.640731,0.200873,-1.2247,-0.284843,-0.137775,0.67108,0.0217242,-0.567801,-0.604885,-0.221715,-0.183777,-0.770322,-0.174368,0.208621,-0.266831,0.0136496,-0.295095,-0.644588
-14.5373,1.31134,-0.677378,0.0380723,-1.34238,-0.419212,-0.460847,0.365732,-0.352612,-0.561655,-0.634743,0.0512678,0.033577,-0.498349,0.146573,0.323586,-0.681997,0.0406851,-0.0910462,-0.500738
-14.3994,1.45444,-0.572985,0.351361,-1.3818,-0.438282,-0.532339,0.326596,0.103636,-0.520035,-1.01137,0.0302459,-0.0306231,-0.383254,0.197698,0.173541,-0.819796,-0.290735,0.0273892,-0.317128
-14.2508,1.86254,-0.519159,-0.040048,-1.51297,-0.294111,-0.148275,0.458913,0.0933826,-0.0675363,-0.860442,0.014967,-0.295303,-0.717171,-0.0768399,0.0988046,-0.50007,-0.0431548,-0.14602,-0.477052
-13.7873,1.77585,-0.487927,0.402399,-1.40698,-0.227458,-0.170706,0.584259,0.151661,-0.0925147,-0.681946,-0.231067,-0.341286,-0.622244,-0.2726,0.0374926,-0.478705,0.00634472,-0.280097,-0.633227
-13.8863,1.6655,-0.302744,0.263733,-1.58017,-0.24985,-0.184126,0.490254,0.307648,-0.434514,-0.888285,-0.31891,-0.29916,-0.642827,-0.52565,0.033296,-0.496202,0.128879,-0.0619523,-0.900646
-13.7722,2.04941,-0.376043,0.299772,-1.62863,-0.13785,-0.240725,0.456724,0.0307384,-0.342263,-0.634273,-0.139287,-0.308818,-0.698875,-0.429685,0.180958,-0.372368,0.120767,-0.459009,-0.892992
-14.1576,2.07939,-0.378836,0.099414,-1.91075,-0.0176641,0.11015,0.470434,-0.0689337,-0.330271,-0.573073,-0.060269,-0.10896,-0.817788,-0.335185,0.265555,-0.431692,0.0339354,-0.446495,-0.8489
-14.3809,2.05463,-0.371429,0.195034,-1.65701,0.0649962,0.171489,0.566583,0.109091,-0.0283329,-0.368778,0.0228173,-0.089734,-0.787422,-0.252986,0.211877,-0.416201,-0.111981,-0.307812,-0.892877
-14.7764,1.48362,-0.301808,-0.0554681,-1.58112,-0.406353,-0.0635629,0.540742,-0.0539267,-0.172301,-0.296182,0.104944,-0.113396,-0.626858,-0.0709901,0.378596,-0.675661,-0.313107,-0.253025,-0.644866
-14.7147,1.54803,-0.585299,-0.181326,-1.05308,-0.294162,-0.192728,0.651572,-0.024537,-0.269059,-0.480942,0.142701,0.0229704,-0.340342,0.181075,0.347169,-0.954702,-0.167149,-0.245253,-0.627931
-14.7957,1.53186,-0.496967,-0.186298,-1.54948,-0.537156,-0.00489441,0.800057,0.0256998,-0.491866,-0.510847,0.183704,-0.00671927,-0.694502,-0.0144555,0.455779,-1.04799,-0.139512,-0.292534,-0.629672
-14.9475,1.5788,-0.119669,0.0380399,-1.61363,-0.187712,0.271824,0.867714,0.283393,-0.493107,-0.351517,0.293383,0.0264244,-0.574614,0.0134398,0.434114,-0.920582,-0.228161,-0.287098,-0.696064
-15.2228,1.51521,-0.00965515,0.226514,-1.23667,-0.179553,0.310683,0.867515,0.251086,-0.468261,-0.867067,0.0454666,-0.302545,-0.690906,0.0625977,0.199776,-0.808768,-0.228404,-0.0623962,-0.576571
-15.1677,1.71059,-0.0734304,0.33687,-1.24682,-0.0444349,0.0619021,0.67524,-0.00546217,-0.744535,-0.87177,0.0636959,0.13559,-0.703463,0.118739,0.277224,-0.820655,-0.344019,0.0720794,-0.680414
-15.4705,0.996528,-0.164897,0.462041,-0.992694,0.0164179,0.205182,0.858101,0.0995292,-0.640823,-1.01617,-0.306814,0.0233202,-0.48194,0.183762,0.267705,-0.897796,-0.152727,0.0693389,-0.668211
-15.8554,1.08187,-0.0247689,-0.0247343,-0.678847,-0.107848,0.0930343,0.956041,0.493317,-0.853044,-1.06345,-0.0840593,0.074921,-0.372963,0.223466,0.43393,-1.12439,-0.0777899,0.175294,-0.437747
-15.4836,1.16377,-0.283335,0.0279749,-1.06259,-0.270081,0.214901,0.82889,0.153283,-0.688973,-1.14927,-0.0638408,-0.170534,-0.561941,0.267252,0.517267,-1.17614,-0.121882,0.358291,-0.714615
-15.7447,1.38641,-0.0636925,0.113624,-1.30493,0.0871608,0.387604,0.872406,0.419938,-0.744415,-1.12034,-0.0327922,-0.0882172,-0.60018,0.217442,0.524876,-1.3168,-0.236058,0.172914,-0.827235
-15.6058,1.43865,-0.0907037,-0.134659,-1.13805,-0.0673895,0.0684843,0.760993,0.402997,-0.731799,-1.29201,-0.324005,-0.255063,-0.63384,0.174055,0.524365,-1.42195,-0.319646,0.256537,-0.786267
-15.6051,1.21566,0.153652,-0.146274,-1.07825,-0.527933,0.0997592,0.968022,0.182451,-0.696095,-1.19891,-0.347621,-0.238057,-0.747436,0.313609,0.52661,-1.38331,-0.201627,0.20137,-0.683997
-15.738,1.53947,0.137798,-0.195575,-1.005,-0.410276,0.145582,0.820229,0.261518,-0.663053,-1.17183,-0.059403,0.0301697,-0.760447,0.343108,0.770413,-1.06875,-0.354088,0.516537,-0.732372
-16.0412,1.53513,-0.0853021,-0.0579692,-0.894537,-0.160144,0.29502,1.00467,0.250565,-0.917565,-0.921684,0.000779414,0.0157959,-0.74088,0.509383,0.729016,-1.11266,-0.264654,0.445914,-0.566805
-16.5602,0.807223,-0.337166,-0.277933,-1.07825,-0.354317,0.336777,1.13924,0.157078,-0.936663,-1.07813,0.081689,-0.00348742,-0.781935,0.489098,0.787751,-0.918543,-0.211377,0.385028,-0.530351
-16.5658,0.950937,-0.127897,0.149138,-0.584284,-0.0122967,0.641399,1.29707,0.0880682,-0.921981,-1.0973,-0.075312,0.109452,-0.553701,0.653996,0.887903,-1.27051,-0.478659,0.58786,-0.520561
-16.4817,1.01258,0.184869,-0.0161894,-0.845172,-0.0448896,0.299917,0.890043,0.00817232,-0.999437,-1.34427,0.284585,0.277008,-0.521544,1.0327,0.849875,-1.58223,-0.66213,0.363356,-0.637692
-15.3709,1.06045,-0.118663,0.283905,-0.713056,-0.270276,0.101592,0.637302,0.149839,-0.646129,-1.22786,-0.0563186,0.133205,-0.416852,0.63864,0.602201,-1.4507,-0.600018,0.117499,-0.720109
-14.6148,1.28105,0.238,0.519262,-1.03735,-0.453663,0.000856218,0.6168,0.36157,-0.676368,-1.1427,-0.0360305,0.134298,-0.0878334,0.313377,0.460519,-1.54448,-0.332591,-0.136091,-0.625639
-14.8377,1.4952,-0.0333163,0.161692,-1.03355,-0.333075,-0.077989,0.560608,0.162485,-0.388445,-1.12956,-0.168457,0.338173,-0.128845,-0.0511861,0.144551,-1.73172,-0.479438,-0.237609,-0.724842
-14.6613,1.02025,-0.22156,-0.10413,-0.920436,0.0127046,-0.0190098,0.521087,0.154874,-0.630666,-1.13667,-0.10927,0.426025,-0.197701,-0.0649116,0.0842042,-1.58212,-0.532924,-0.118474,-0.778896
-14.3369,0.953982,-0.242254,-0.150185,-0.991781,-0.00710016,0.186339,0.642646,0.276713,-0.704516,-0.787674,0.0567029,0.28271,-0.419597,0.207338,0.576855,-1.03674,-0.447835,-0.127135,-0.635604
-14.2818,0.974837,-0.169664,-0.201555,-1.18115,-0.107359,0.417105,0.924456,0.0760101,-0.736715,-0.536082,-0.0970185,-0.211318,-0.985139,0.134865,0.757761,-0.88199,0.131036,0.0431568,-0.910172
-14.2778,0.755632,-0.153314,-0.0539095,-1.0816,-0.148252,0.209825,0.677145,0.217063,-0.52071,-0.625547,-0.038895,-0.161538,-0.62932,0.13072,0.442249,-0.746764,0.202069,-0.0711339,-0.843187
-14.299,1.11698,-0.038614,0.247233,-0.896134,-0.153911,0.0554082,0.723656,0.298112,-0.484612,-0.703273,0.498892,0.103838,-0.326424,0.358455,0.495786,-1.15118,-0.234266,0.0811844,-0.772587
-14.1743,0.644051,-0.107732,0.0529612,-1.4231,0.0339093,0.221274,1.14199,0.243596,-0.574781,-0.85349,0.449687,0.0878217,-0.648862,0.367766,0.638731,-1.16596,0.0978294,0.0536141,-0.820588
-13.6202,0.742106,-0.506611,-0.283965,-1.70431,0.146327,0.0877999,0.639905,0.0660298,-0.530736,-0.787444,0.0784349,0.18193,-0.215928,0.114682,0.602304,-0.581175,0.121192,-0.240981,-0.739226
-13.5494,0.5499,-0.800193,-0.338219,-1.31864,0.0475839,0.214574,0.901732,0.193449,-0.492164,-0.562401,-0.0362281,0.172626,-0.242987,0.220078,0.685437,-0.370767,0.13681,-0.182124,-0.638433
-13.5213,0.451236,-0.803221,-0.306639,-1.42141,-0.194458,0.0747782,0.75798,0.428969,-0.610954,-0.754422,0.0463808,0.186667,-0.581689,0.0452031,0.43293,-0.50962,0.104289,-0.123556,-0.657477
-13.4,0.770057,-0.444765,0.253101,-1.25352,-0.160157,-0.0154527,0.302377,0.41629,-0.45246,-0.532628,0.00692322,0.070618,-0.863304,-0.133441,0.392143,-0.454151,0.2508,-0.0511169,-0.592872
-13.9416,0.95516,-0.235435,0.355079,-1.25447,-0.300745,0.145707,0.238784,0.0694146,-0.404935,-0.403255,0.140515,-0.126839,-0.997901,-0.0130175,0.531686,-0.374121,0.344764,0.113947,-0.717934
-14.0979,0.937455,-0.501593,0.248106,-1.41958,-0.246744,-0.224569,0.34442,-0.0579178,-0.395287,-0.881915,0.0425161,-0.123084,-0.6487,-0.450515,0.366867,-0.339857,0.129615,-0.0994727,-0.786658
-14.1994,0.832603,-0.542682,0.059301,-1.3065,-0.137891,-0.15284,0.841644,0.0968253,-0.40977,-0.909247,-0.168894,-0.0370978,-0.700291,-0.0316768,0.465067,-0.648374,0.0811156,0.0503057,-0.732912
-14.2594,0.863492,-0.369203,0.223235,-1.51511,-0.0620997,0.183004,0.851437,-0.00773733,-0.710829,-1.08629,-0.2981,-0.0452077,-0.399616,0.393929,0.475464,-0.613501,0.212555,-0.0243463,-0.806123
-14.2788,1.07186,-0.357235,-0.182185,-1.2541,0.0625954,0.0434112,0.610736,0.342046,-0.794215,-1.12675,-0.379681,-0.0781043,-0.633476,0.117305,0.492547,-0.628931,-0.0943065,0.0889217,-0.794858
-14.4564,1.00448,-0.116375,0.248397,-1.24413,-0.264592,0.178508,0.560595,0.286753,-0.868174,-0.760375,-0.213609,-0.0421923,-0.671282,0.0934122,0.753246,-0.560117,-0.0360135,-0.0065893,-0.488964
-15.3833,0.447572,-0.0984775,0.246124,-1.00507,-0.370625,0.200394,0.747291,0.39799,-0.560713,-0.75013,0.0491984,-0.110996,-0.895543,0.258345,0.784471,-0.785416,0.00987922,0.190856,-0.651197
-15.5209,0.754631,-0.187939,0.486272,-1.10096,0.0227004,0.0647141,0.845399,0.297811,-0.496941,-0.608665,0.356733,0.267803,-0.656809,0.405545,0.596088,-0.963679,-0.219098,0.0308169,-0.918171
-15.426,0.971129,0.237047,0.552057,-0.732061,0.169379,0.00753095,0.35787,0.139895,-0.253573,-0.692597,0.299496,0.180072,-0.570521,0.119053,0.255365,-0.846146,-0.118344,-0.0808859,-0.729288
-15.5944,1.02655,-0.180398,0.329103,-0.810574,-0.0696087,-0.191227,0.762441,0.194944,-0.813104,-0.773888,0.161214,0.0706199,-0.319889,0.11076,0.172524,-0.793379,-0.249837,0.158255,-0.796423
-15.4972,1.38674,-0.0101801,-0.196135,-0.791886,-0.259559,0.0761007,0.546162,0.317795,-0.61445,-0.881739,0.291297,-0.0174941,-0.468081,0.515393,0.61194,-0.866827,-0.283629,0.112635,-0.337072
-15.3663,1.26621,-0.229066,0.188381,-0.794858,0.0392752,0.173319,0.816104,0.447225,-0.756077,-0.877669,-0.0225111,-0.0865678,-0.426967,0.225659,0.457377,-1.14229,-0.409612,-0.0489506,-0.566001
-15.8115,1.19005,-0.267719,0.320386,-0.998116,0.063493,0.134006,0.44195,0.402291,-0.601452,-1.02859,-0.204021,0.0201809,-0.218418,0.475818,0.501306,-0.795319,0.0294104,0.164679,-0.400629
-15.9745,1.44042,-0.0464071,0.347294,-0.765361,-0.211165,0.0319735,0.479841,0.0918561,-0.472964,-0.898281,-0.0344698,-0.181173,-0.696621,0.341907,0.833826,-1.01773,0.0768946,0.563366,-0.477325
-15.6977,1.33522,0.0618365,0.260377,-0.912839,0.0388763,-0.0299738,0.401607,0.0927304,-0.417004,-1.20162,-0.45408,-0.235112,-0.657088,0.178277,0.531701,-0.717698,-0.160755,0.379383,-0.221611
-15.8424,1.33446,-0.157262,0.211692,-0.521684,0.039406,-0.185366,0.763317,0.309516,-0.724879,-1.2593,-0.458592,-0.203572,-0.841445,0.191673,0.709781,-0.93071,0.258142,0.507507,-0.681588
-15.9204,1.37319,0.0577715,0.140374,-0.839343,-0.194835,-0.435521,0.393304,0.105701,-0.654098,-0.774372,0.100091,0.253705,-0.857117,0.0941435,0.75599,-0.773642,0.189966,0.444616,-0.815484
-16.2717,1.15794,0.0610574,0.031641,-1.0911,-0.0595018,0.232213,0.377942,-0.128757,-0.548738,-0.805044,-0.0349955,0.069192,-0.639212,0.369377,0.675535,-0.787162,-0.163547,0.473575,-0.539884
-16.5327,1.10302,0.191635,0.0998716,-0.845344,-0.124856,0.00437245,-0.0738567,0.0303066,-0.537846,-0.954488,-0.251528,0.170158,0.00886181,0.199685,0.380033,-0.324305,0.0838961,0.460773,-0.31777
-16.6789,1.48964,0.237882,-0.154573,-0.673754,-0.158882,0.416855,0.183205,0.48687,-0.68903,-0.881769,-0.150639,0.252672,-0.280123,0.374437,0.469551,-0.404704,-0.213879,0.241793,-0.135901
-16.7411,1.20248,0.143067,-0.032986,-0.444141,-0.254987,0.484476,0.576894,0.458216,-0.861837,-0.656882,-0.222612,-0.0195627,-0.128108,0.628416,0.307816,-0.578636,-0.237251,0.0479225,-0.0215826
-16.5778,1.09243,0.359008,0.242055,-0.579808,-0.189937,0.375221,0.535116,0.615332,-0.852905,-0.709662,-0.433464,0.00578634,-0.0851376,0.167583,0.263972,-0.806136,-0.283154,0.0604694,-0.131452
-16.7728,1.1546,0.330971,0.272433,-0.459636,-0.306327,0.155014,0.185903,0.344537,-0.425319,-0.48468,-0.470136,-0.268593,-0.43763,0.186937,0.225554,-0.55708,-0.306278,0.16613,-0.449661
-16.8657,1.22789,0.461855,0.155531,-0.392476,-0.0957442,0.420208,0.0275472,0.362261,-0.495088,-0.585866,-0.254861,-0.209347,-0.327982,0.0676979,0.313901,-0.564727,-0.320266,0.154274,-0.291175
-16.9687,1.10032,0.0267176,-0.0970495,-0.402261,-0.0150556,0.284073,0.104813,0.153438,-0.504106,-0.181612,-0.228308,-0.0776851,-0.0759582,0.184414,0.010505,-0.255158,-0.424015,0.0325984,-0.284142
-16.9118,0.888213,-0.00541214,0.0745301,-0.469739,-0.317657,0.159056,0.398812,0.199499,-0.711516,-0.277125,-0.501485,-0.321578,-0.165646,-0.142087,0.28962,-0.260504,-0.246595,0.10237,-0.227875
-16.3978,1.20399,0.0974719,0.426719,-0.687575,-0.198801,0.595228,0.0729555,0.32621,-0.260887,-0.179828,-0.08762,-0.197232,0.0486853,0.170233,0.250541,-0.613072,-0.693255,0.0551149,-0.116796
-15.7274,1.03136,0.136023,0.265178,-1.02857,0.00466162,0.439259,-0.440966,-0.19032,-0.156525,-0.0766609,-0.0919009,-0.17585,-0.332129,0.196126,0.355616,-0.156437,-0.447708,-0.139014,0.0862856
-15.6111,0.876129,-0.0118443,0.626538,-0.653842,-0.453814,0.123199,-0.550569,-0.217339,0.215153,0.231026,0.185226,-0.421635,-0.442139,0.130438,0.520144,-0.507013,-0.963555,-0.356217,0.185767
-15.4604,0.935662,0.413101,0.421059,-0.934458,-0.324254,0.520786,-0.174002,-0.240447,-0.262274,0.518914,0.394026,-0.356819,-0.549791,0.229878,0.441852,-0.775138,-1.10995,-0.0520562,0.311537
-15.8998,0.624157,-0.107159,0.256202,-0.657393,-0.0867331,0.230619,-0.437745,-0.283203,-0.17772,0.563262,0.481655,-0.126634,-0.561354,0.0869275,0.444519,-0.789901,-1.17985,-0.0692525,0.380678
-15.3269,1.2496,0.116969,0.847005,-0.396303,-0.141108,-0.191027,-0.532489,-0.0978182,0.0824339,0.523001,0.431458,-0.149311,-0.582549,0.168474,0.913499,-0.518342,-0.942693,-0.218358,0.492315
-15.5397,1.19731,0.00425607,0.604033,-0.665951,-0.0651388,0.169408,-0.299649,0.00950058,-0.0178491,0.673108,0.48756,-0.108198,-0.39129,0.1688,0.926808,-0.61127,-0.997099,-0.134406,0.37902
-15.6632,0.95182,0.0221608,0.245432,-0.980555,0.0654503,0.0729031,-0.522218,-0.0176964,0.184898,0.817591,0.531358,0.337566,-0.371401,0.117692,0.931174,-0.513181,-1.04458,-0.286648,0.477291
-15.6317,1.03515,0.140374,0.580818,-0.861039,0.0244622,0.0825992,-0.701343,-0.247161,0.263555,0.596791,0.366075,-0.0507485,-0.361743,-0.196769,0.469969,-0.637986,-0.92567,-0.389579,0.506574
-15.9552,0.674819,0.000825726,0.762809,-0.870462,-0.135397,-0.138112,-0.798324,-0.276113,0.238666,1.00589,0.66101,0.0210501,-0.497739,-0.291131,0.696904,-0.64824,-0.87078,-0.419159,0.508583
-15.6846,0.701441,-0.446871,0.680374,-0.927916,-0.105183,-0.0415339,-0.682528,-0.379647,0.014027,0.973528,0.830821,0.258883,-0.20696,0.0970521,0.977416,-0.661594,-1.11998,-0.392197,0.766229
-15.4197,0.789654,-0.282436,0.627977,-1.05247,-0.0459051,0.119659,-0.811624,-0.7549,-0.263693,0.696934,0.694215,0.0640904,-0.283487,0.0279255,0.923822,-1.06205,-1.50946,-0.533143,0.675564
-15.1704,1.1252,-0.366146,0.834116,-1.00713,-0.33306,0.0939809,-0.798566,-0.486064,-0.398358,0.630955,0.528823,0.0257076,-0.162646,0.0607954,0.934053,-0.819495,-1.24957,-0.67412,0.770532
-15.4427,0.543211,-0.124204,0.418709,-1.09258,-0.206127,0.208761,-0.533929,-0.279386,-0.187013,0.652836,0.40428,-0.0161196,-0.23108,-0.0991634,0.609607,-0.843522,-1.59921,-0.567442,0.765083
-15.634,0.45281,-0.331131,0.621724,-0.955283,-0.151724,0.203653,-0.464194,-0.357474,-0.243957,0.849506,0.370761,-0.14879,-0.490251,0.377342,0.728106,-0.699983,-1.19496,-0.30873,0.700975
-15.8064,0.183909,-0.313416,0.666401,-0.766794,-0.232512,-0.117542,-0.876851,-0.599984,-0.516552,0.895297,0.60737,-0.152117,-0.671061,0.198998,0.908327,-0.58146,-1.36368,-0.376989,0.758768
-15.4411,0.734147,-0.20197,0.720291,-0.973838,-0.335751,0.359136,-0.53434,-0.269463,-0.21895,0.830674,0.330709,-0.201619,-0.433838,-0.00811874,0.764613,-0.723959,-1.32374,-0.550505,0.633364
-15.3355,0.604189,-0.0133045,0.779294,-0.83169,-0.195645,0.0485182,-0.76832,-0.111921,-0.0692067,0.529555,0.345743,0.0290116,-0.239471,-0.106995,0.753731,-0.670509,-1.35279,-0.569096,0.734707
-15.4065,0.469439,0.186708,0.939186,-0.880507,-0.286388,-0.240564,-0.448121,-0.198545,0.0491474,0.6283,0.259952,-0.20184,-0.256758,-0.0249955,0.621971,-0.61079,-1.06494,-0.415182,0.815135
-15.4048,0.195489,0.00594002,0.756017,-0.833333,0.0697152,-0.201653,-0.418213,-0.3992,-0.255716,0.793939,0.341119,-0.441814,-0.725132,-0.0811274,0.742611,-0.585538,-1.02374,-0.395313,0.739154
-15.5497,0.255586,-0.300407,0.3036,-0.921595,0.144834,-0.22851,-0.686315,-0.418037,-0.285531,0.76449,0.255425,-0.344293,-0.727063,-0.117808,0.80286,-0.458069,-1.17458,-0.54071,0.870977
-15.2401,0.449026,-0.245386,0.519495,-0.872587,0.190703,-0.199425,-0.700771,-0.338907,-0.130895,1.1124,0.408592,-0.0987235,-0.425222,-0.0417767,0.762479,-0.249783,-1.06566,-0.539648,0.848299
-15.4181,0.281856,-0.123869,0.911584,-0.900412,-0.0773536,-0.281038,-0.90663,-0.425234,-0.0169234,1.22721,0.529785,-0.0181935,-0.597032,-0.18179,0.691702,-0.468218,-1.08542,-0.645285,0.702815
-15.6588,0.383727,0.29147,0.864776,-1.13098,-0.264776,-0.426094,-0.882905,-0.451817,0.0887258,0.94553,0.586168,-0.0247091,-0.767948,-0.207847,0.920573,-0.420087,-0.92671,-0.403501,0.790421
-15.5446,0.321417,0.0168218,0.885736,-1.15482,-0.248336,-0.589153,-0.895489,-0.34033,0.12109,1.00877,0.325685,-0.199639,-0.714954,-0.100041,0.705206,-0.519406,-0.984105,-0.583482,0.838461
-15.2006,0.385443,-0.0385119,0.408895,-1.32842,-0.079671,-0.355845,-0.587784,-0.509827,0.0139721,1.07267,0.503453,-0.110187,-0.543265,0.114767,0.791503,-0.495917,-0.985657,-0.422512,0.704984
-15.2921,0.102325,-0.171544,0.576506,-1.19299,-0.315964,-0.50631,-0.733873,-0.402791,0.152882,1.17096,0.507767,-0.125578,-0.504114,0.202335,0.955815,-0.394984,-1.05427,-0.402372,0.807343
-15.4978,-0.00253314,0.165666,0.853341,-1.09313,-0.314656,-0.691786,-0.854883,-0.649695,0.21064,1.38624,0.63776,-0.254744,-0.593174,-0.0027583,0.810457,-0.203988,-1.19774,-0.343364,0.717737
-15.4583,0.106599,0.384284,0.805311,-1.30725,-0.279392,-0.194504,-1.00184,-0.689639,0.0766481,1.14432,0.532519,0.0220873,-0.758481,-0.0663954,0.779368,-0.719633,-1.50237,-0.326907,0.712905
-14.9641,-0.154798,-0.110656,0.689814,-0.980549,-0.199312,-0.351547,-0.884479,-0.664644,0.134361,1.2112,0.643758,0.367925,-0.684521,0.0231865,0.627165,-0.843053,-1.13015,-0.304149,0.727718
-14.3756,-0.270374,-0.271793,0.473213,-1.0424,-0.307591,-0.448748,-0.583243,-0.588351,0.157433,0.990549,0.436916,0.441737,-0.702845,0.506691,0.615724,-1.03095,-0.764548,-0.134376,0.733644
-13.9096,0.55657,-0.406608,0.409814,-1.08115,-0.590427,-0.377068,-0.276367,-0.685132,0.0897911,0.0897618,0.479122,0.410549,-0.490822,0.709783,0.40239,-1.23204,-0.670249,-0.00773974,0.540545
-14.5424,1.00705,-0.279104,0.412608,-1.16135,-0.58386,-0.518783,-0.32591,-0.887658,-0.412352,0.310134,0.829612,0.495927,-0.615152,0.571773,0.254065,-1.1251,-0.558816,0.0598237,0.174456
-14.8416,0.986811,0.00743431,0.118036,-1.38527,-0.607279,-0.135938,0.350742,-0.515107,-0.551724,0.446022,0.805753,0.810973,-0.169311,0.696697,0.0515199,-1.55379,-0.470646,-0.0992382,0.439426
-14.6087,1.50376,0.209721,-0.242277,-1.39763,-0.332349,-0.393608,-0.000606024,-0.732376,-0.622051,0.314174,0.572246,0.289594,-0.381315,0.80766,-0.0894702,-1.31373,-0.195621,-0.0558548,0.335647
-14.4726,1.40438,0.0340341,0.0733399,-1.07525,-0.327599,-0.729106,-0.200935,-0.479569,-0.21197,0.187577,0.517446,0.507122,-0.0839119,0.969487,-0.168873,-0.924586,0.02565,-0.237198,0.137346
-14.1806,1.43128,0.106087,0.515648,-1.27755,-0.870494,-0.451059,0.175134,-0.425937,-0.404902,0.168737,0.459196,0.671117,-0.0955096,0.786384,-0.108999,-0.733571,-0.0728182,-0.354265,0.0919555
-13.5634,1.46502,0.0727345,0.561601,-1.11056,-0.775385,-0.598576,0.119829,-0.452255,-0.462671,0.030571,0.339815,0.906405,0.105646,0.411053,-0.185491,-0.691404,0.0756267,-0.117754,0.0464363
-13.3138,1.6198,0.041497,0.343407,-0.990633,-0.580375,-0.735704,-0.0237958,-0.338799,-0.462937,-0.0288275,0.0562073,0.521446,0.0243024,0.47505,-0.00583183,-0.823558,0.0430736,-0.136585,0.0597831
-13.3247,1.68168,0.0212876,0.195192,-0.982143,-0.316675,-0.538587,-0.12505,-0.304244,-0.46254,0.00594059,0.196538,0.315482,-0.198815,0.627954,0.307343,-0.747377,0.0596039,-0.200598,0.139574
-13.5738,1.78547,0.230928,0.134176,-0.913682,-0.502167,-0.500773,-0.0047148,-0.301164,-0.512562,-0.0206953,0.468848,0.166657,-0.375404,0.727665,0.162957,-0.94445,0.0792011,-0.0423032,-0.083075
-13.6361,1.61227,0.10757,0.127483,-0.87319,-0.602981,-0.557092,0.279166,-0.158414,-0.479827,-0.246036,0.440678,0.285539,-0.0807483,0.671963,-0.0136977,-0.900459,0.261652,-0.0253595,-0.305946
-14.1295,1.5264,0.460635,0.352272,-0.940973,-0.635944,-0.537798,0.493917,-0.170673,-0.485175,-0.51067,0.0721217,0.326148,0.00449659,0.711749,-0.0677202,-1.02013,0.562943,-0.00491453,-0.236942
-14.1946,1.43701,0.296862,0.11578,-1.01697,-0.685054,-0.355526,0.413916,-0.304469,-0.660506,-0.0206108,0.275568,0.166224,-0.323753,0.795249,0.492883,-0.956028,0.352928,-0.104667,-0.274453
-14.0297,1.38636,0.130711,-0.161236,-1.242,-0.462173,-0.400675,0.423063,-0.625185,-0.671546,-0.199189,0.419511,0.138543,-0.394591,0.855408,0.102678,-0.878257,0.335293,-0.280053,-0.202726
-14.2268,1.63075,0.243976,-0.152958,-0.956323,-0.26209,-0.472753,0.0343661,-0.47632,-0.607235,-0.0591182,0.551137,0.309327,-0.457114,1.01004,-0.00931501,-1.12293,0.44227,-0.205834,0.0946033
-14.6947,1.13093,0.465398,-0.390604,-1.12871,-0.587875,-0.344998,0.455945,-0.619813,-0.586576,-0.0286109,0.64912,0.644862,-0.357366,0.954328,0.0106909,-1.32213,0.155879,-0.149737,0.441792
-14.7902,1.2083,0.383033,-0.418121,-1.44412,-0.298098,-0.25785,0.547516,-0.560716,-0.586024,0.134809,0.632917,0.653894,-0.207899,0.922883,-0.100248,-1.06725,0.267657,-0.216934,0.52249
-14.9585,1.14669,0.432811,-0.534033,-1.14949,-0.548468,-0.309739,0.681831,-0.535242,-0.725847,-0.143808,0.548943,0.547569,-0.372589,0.866561,-0.214016,-1.22272,0.407826,-0.393945,0.239803
-15.0929,1.01694,0.279493,-0.293869,-1.18285,-0.375966,-0.24832,0.334042,-0.553696,-0.924486,-0.0241203,0.428081,0.687027,-0.202986,1.13346,-0.201453,-1.46505,0.602562,-0.153678,0.102576
-14.9973,0.980243,0.330224,-0.349211,-1.23158,-0.346694,-0.185911,0.562535,-0.5558,-0.926304,-0.24099,0.679873,0.698776,-0.418119,1.0355,-0.0364995,-1.16205,0.600596,-0.167219,0.277093
-15.4746,0.784085,0.194066,-0.438473,-1.23313,-0.402966,-0.193237,0.52343,-0.52236,-0.971487,-0.10665,0.486095,0.583062,-0.256379,1.27395,-0.0841495,-1.59186,0.485607,-0.0846371,0.466115
-15.7248,0.745485,0.261456,-0.720519,-1.09915,-0.358023,0.122565,0.870626,-0.654138,-0.977698,-0.125115,0.538388,0.445058,-0.364258,1.19754,-0.273752,-1.47772,0.384411,-0.449696,0.390009
-15.6737,0.785325,-0.0614254,-0.826357,-1.19345,-0.136911,0.00860703,0.762297,-0.661164,-1.0946,-0.17921,0.474175,0.563807,-0.190669,1.32301,-0.256054,-1.71193,0.424591,-0.16476,0.407712
-15.4309,0.998877,-0.102515,-0.572338,-1.15311,-0.250768,0.0669409,0.725964,-0.37827,-0.964868,-0.324922,0.160827,0.646685,-0.0437406,1.29629,-0.213763,-1.62837,0.682364,0.0930397,0.465758
-15.5283,1.19237,0.127165,-0.677965,-1.17283,-0.100758,0.128429,1.08251,-0.521484,-0.910837,-0.194338,0.487219,0.92231,0.0355075,1.61894,-0.266185,-1.72758,0.654132,0.047639,0.280035
-15.6132,0.940004,-0.00451452,-0.629018,-1.31214,-0.55277,0.00501089,1.01329,-0.807783,-1.06193,-0.344582,0.488693,0.910604,0.116464,1.44892,-0.334125,-1.84497,0.435438,-0.0321833,0.381514
-15.5354,1.10256,0.0713594,-0.476817,-1.18544,-0.299193,-0.00697106,1.13767,-0.781144,-1.17532,-0.453652,0.407188,1.02676,0.190375,1.45711,-0.287619,-1.80654,0.431492,0.0680424,0.321206
-15.5994,0.950553,-0.0688403,-0.452646,-1.31674,-0.599651,-0.0411612,1.2331,-0.43198,-1.35375,-0.660904,0.615454,1.07389,0.0334076,1.50778,-0.391173,-1.54818,0.64296,-0.056391,0.527511
-15.1577,1.10541,-0.415928,-0.476673,-1.346,-0.442815,0.156705,0.83649,-0.460805,-1.18033,-0.697721,0.505057,0.757386,0.116797,1.45836,-0.242619,-1.52862,0.605476,-0.326506,0.472239
-14.8131,1.12276,-0.225923,-0.347509,-1.03462,-0.294262,0.53882,0.658579,-0.595822,-1.23258,-0.878718,0.157186,0.326197,0.201988,1.49847,-0.285528,-1.32064,0.716825,-0.27912,0.441937
-14.4257,1.31348,-0.491081,-0.472859,-1.01423,-0.472315,0.444671,0.702445,-0.528619,-1.10977,-0.745745,0.0137029,0.438691,0.0128365,1.47337,-0.38528,-1.09637,0.786742,-0.355607,0.293673
-13.9777,1.6595,-0.376288,-0.542107,-1.09155,-0.779733,-0.107028,0.437366,-0.146782,-1.04148,-0.752673,-0.0058445,0.437184,0.194701,1.27054,-0.317992,-1.20669,1.08734,-0.129077,0.368912
-13.7444,1.77846,-0.43379,-0.266326,-1.14644,-0.532849,0.182133,0.689234,-0.229089,-1.11075,-0.461533,0.0113173,0.333307,-0.109024,0.854765,-0.278527,-0.957094,0.79195,-0.340726,0.281465
-13.6239,2.00078,-0.580044,-0.159347,-1.09746,-0.238828,-0.0797887,0.619244,-0.111007,-1.28338,-0.538762,0.270498,0.196902,-0.175213,0.790867,-0.222038,-1.10963,0.554319,-0.358777,0.29366
-13.9929,1.54203,-0.53783,0.0765986,-1.00695,-0.180324,-0.155445,0.620912,-0.405603,-1.21941,-1.04805,0.334109,0.499641,0.149802,1.01637,-0.310148,-1.09881,0.571864,-0.140748,0.429407
-13.6882,1.34538,-0.264638,-0.370124,-1.14291,-0.345781,0.068902,0.655769,-0.462511,-0.883984,-0.89092,0.311246,0.504433,-0.0394007,1.12979,-0.276872,-1.14084,0.842818,-0.223406,0.193056
-13.2094,1.53576,-0.181544,-0.0929942,-1.27114,-0.35181,-0.272578,0.384317,-0.254204,-0.944809,-0.605921,0.495723,0.789917,0.0795738,0.930035,-0.39354,-0.893002,0.774512,-0.225584,0.282828
-13.0628,1.91241,-0.190025,0.147854,-1.64126,-0.368592,-0.431489,0.255426,-0.132116,-0.781028,-0.580898,0.111929,0.613697,0.121885,0.642017,-0.437614,-0.682558,0.617045,-0.292545,0.284574
-13.0344,2.18411,-0.111322,0.33827,-1.7389,-0.337997,-0.259792,0.107334,-0.270518,-0.795381,-0.631715,0.378639,0.62229,0.117323,0.690951,-0.0416454,-0.796214,0.599578,-0.22029,0.207365
-13.3409,2.10849,-0.27082,0.110052,-1.51823,-0.411315,-0.385584,0.0785765,-0.436384,-0.717467,-0.680127,0.165789,0.47366,0.110105,1.03279,-0.238113,-1.13645,0.943762,-0.258288,0.126765
-13.3465,2.11788,-0.194105,0.120958,-1.39754,-0.458288,-0.370223,0.238602,-0.176737,-0.887664,-0.521374,0.0857391,0.484353,0.0505855,0.843015,-0.332146,-1.13343,1.00244,-0.333727,0.217628
-13.8903,2.2613,0.0504755,-0.0294679,-1.32713,-0.382264,-0.142896,0.238943,-0.223409,-0.696921,-0.617209,0.123806,0.624402,-0.196803,0.929734,-0.432192,-1.22186,1.04515,-0.167206,0.410394
-14.0972,2.00015,-0.0344402,-0.166774,-1.25191,-0.389443,-0.119165,0.517808,-0.198658,-0.682473,-0.880765,0.226018,0.534424,-0.335592,0.827834,-0.423094,-1.12528,1.0164,-0.348217,0.420993
-14.4242,1.5885,0.0018378,-0.152342,-1.22695,-0.370244,0.0514065,0.779278,0.0790141,-0.435381,-0.889394,0.078628,0.634921,-0.138266,0.564396,-0.43246,-1.15776,0.980825,-0.307147,0.318308
-14.7984,1.2735,0.00440985,-0.459751,-1.42656,-0.222343,0.040045,0.96906,0.370711,-0.418598,-0.555901,0.229186,0.37703,-0.137667,0.854878,-0.409673,-1.34054,0.92062,-0.0870014,0.367211
-14.9824,1.38077,-0.318749,-0.156099,-1.51177,-0.587524,0.128054,1.10133,0.201534,-0.877544,-0.715416,0.172604,0.548618,-0.24489,0.521226,-0.379442,-1.07125,1.1585,-0.260597,0.160379
-15.1507,1.63019,-0.149824,-0.37731,-1.30977,-0.44974,-0.12484,0.92871,-0.288865,-0.901592,-0.615664,0.349879,0.442524,0.0292593,1.12066,-0.211279,-1.22062,0.953001,-0.321513,0.257131
-15.2765,1.40538,-0.0959043,-0.122192,-1.1735,-0.463707,0.190871,0.796595,-0.348182,-1.18932,-0.584721,0.241095,0.593544,0.329762,1.25194,0.135699,-1.27082,1.0126,-0.27335,0.194737
-15.6826,1.77578,-0.195803,-0.19014,-0.970862,-0.56673,0.209194,0.661909,-0.248129,-1.13284,-0.493644,0.0559822,0.534203,0.335047,1.2225,0.0386821,-1.23598,1.14418,-0.310436,0.321216
-16.1446,1.82454,-0.126729,-0.357025,-0.957627,-0.539774,0.0562642,0.871991,-0.377874,-1.3093,-0.347071,-0.0616462,0.268462,0.392172,1.19419,0.0517088,-1.33496,0.879195,-0.207586,0.344083
-15.8542,1.8576,-0.13503,-0.444871,-0.782945,-0.3368,0.0987097,0.885723,-0.214086,-1.10031,-0.500036,0.124483,0.466054,0.199538,0.970612,0.0586308,-1.2432,0.977796,-0.263118,0.275012
-16.2755,1.66791,-0.195796,0.0355992,-0.787644,-0.326671,0.435539,0.983617,-0.206062,-1.17719,-0.814665,-0.113195,0.469715,0.286967,0.737878,-0.349246,-1.14969,1.01255,-0.303351,0.291698
-16.6402,1.79946,0.212757,-0.0811474,-0.713799,-0.110215,0.00486554,1.14985,-0.536896,-0.880047,-0.588416,0.27793,0.446267,0.513114,0.733696,-0.414265,-1.28762,0.744158,0.0372772,0.107299
-16.5106,1.57266,-0.0279431,0.0583633,-0.98368,-0.369265,0.0343929,0.756273,-0.170227,-1.01503,-0.756493,0.459157,0.449764,0.312674,0.895313,-0.0801542,-1.23002,0.913421,0.365345,0.331332
-16.5329,1.65342,-0.0856914,0.110801,-1.20785,-0.394252,-0.331307,0.527007,-0.313508,-1.1887,-0.842029,0.414926,0.537989,0.0808885,1.04365,-0.133039,-1.31718,0.541872,0.166745,0.177104
-16.4265,1.58482,-0.15284,0.195498,-1.18317,-0.483403,-0.125444,0.710321,-0.240904,-1.00704,-0.65958,0.528716,0.502046,0.242077,1.3186,0.0457142,-1.01068,0.658828,0.398776,0.36482
-16.4507,1.33788,0.161827,0.402789,-1.22851,-0.339729,-0.165875,1.01143,-0.0595695,-1.08985,-1.08913,0.734065,0.322611,0.125115,1.31227,-0.119807,-1.2221,0.457764,0.59102,-0.147899
-16.3261,1.28106,-0.0505684,0.260477,-1.56806,-0.32934,-0.0302222,1.04842,-0.270992,-1.31559,-0.749544,0.779132,0.239791,0.0317538,1.45038,0.0745602,-1.11941,0.298149,0.390691,-0.326799
-15.6331,0.912698,-0.00435652,0.168289,-1.24838,-0.115917,0.0558384,0.908548,-0.171063,-1.04055,-0.816778,0.739602,0.431112,0.147368,1.275,0.287714,-1.24166,0.427381,0.522801,-0.24634
-15.5207,0.929107,-0.177059,0.266633,-1.32636,-0.0698642,-0.188123,1.03022,0.044208,-1.05702,-1.30038,0.569943,0.309306,-0.0377696,0.90916,0.100117,-1.14235,0.232519,0.473746,-0.331832
-14.2827,1.18385,-0.101691,0.00394762,-1.12055,-0.216928,-0.00412656,0.525885,-0.276384,-0.727107,-0.764649,0.385886,0.305431,-0.00132486,0.554087,0.0804082,-1.09765,-0.012229,0.232341,-0.129837
-14.8194,1.13658,-0.289734,-0.19803,-1.23951,0.214328,-0.028767,0.755026,-0.228077,-0.755014,-0.878771,0.0569854,-0.0601897,-0.0245482,1.02332,0.321301,-0.879286,0.272775,0.569024,-0.0465365
-14.7893,1.00647,-0.255947,-0.264243,-0.868863,0.331402,0.167265,0.930819,0.00728566,-0.572242,-1.05863,0.152,0.15266,-0.309997,0.591479,0.351858,-0.932169,0.249381,0.470455,-0.0976615
-14.7638,1.52035,-0.0811727,-0.162959,-1.31526,-0.00143822,-0.0857915,0.628917,-0.3676,-0.754889,-1.01797,-0.0831364,0.134261,0.0324065,0.942021,0.425723,-0.82685,0.263868,0.477996,-0.245322
-14.594,1.77997,0.159406,0.223175,-1.42957,-0.108003,-0.294353,0.438476,-0.398294,-0.773076,-1.07399,0.0459963,0.484491,0.307363,1.07781,0.394917,-0.682519,0.330956,0.49303,-0.285401
-14.6758,1.52299,-0.233799,0.149235,-1.53091,-0.558966,-0.44631,0.482994,-0.37866,-0.720268,-1.07659,0.0183962,0.654977,0.173089,0.771026,0.399109,-0.613309,0.529075,0.550523,-0.182784
-14.475,1.74873,-0.370983,-0.0300011,-1.09434,-0.131123,-0.310381,0.554741,-0.341688,-0.759522,-0.991741,0.146883,0.424423,-0.127443,0.506206,0.658498,-0.592197,0.0834432,0.276439,-0.33791
-14.5865,1.73372,-0.242421,0.287353,-1.37049,-0.467313,-0.260145,0.531337,-0.34577,-0.761962,-0.800084,0.27265,0.270691,-0.114127,0.712745,0.567394,-0.716857,-0.209455,-0.0478307,-0.448939
-14.6129,1.6488,-0.306488,0.0536683,-1.29148,-0.369498,-0.259166,0.854063,-0.0493087,-0.57331,-0.894154,0.404431,0.418,-0.211878,0.683489,0.38385,-0.796627,0.134739,0.177843,-0.469154
-14.4908,1.7562,-0.14079,0.111899,-1.48517,-0.481211,-0.206422,0.726304,-0.0361145,-0.579624,-0.850141,0.344766,0.248961,-0.148885,0.715309,0.242573,-0.694092,0.0783797,0.0566364,-0.766909
-14.3639,1.61774,-0.441492,0.157897,-1.42187,-0.474309,0.0389692,0.751711,-0.209153,-0.372168,-0.638862,0.16211,0.131923,-0.10259,0.836752,0.317004,-0.708776,-0.0825037,0.0592037,-0.387659
-14.4055,1.84438,-0.35582,0.081608,-1.15482,-0.590275,0.161916,0.623228,-0.325954,-0.417198,-0.708497,0.233201,0.00380659,-0.302799,0.788848,0.494645,-0.640433,-0.0335491,-0.0481868,-0.334083
-14.5224,2.08695,-0.33492,0.0539708,-1.09882,-0.808526,-0.104448,0.479353,-0.0595383,-0.177837,-0.78278,0.137108,0.0466489,-0.193682,0.778637,0.241804,-0.635947,-0.045828,-0.0366094,-0.315223
-14.902,2.08712,-0.39587,-0.0218939,-1.2744,-0.589735,-0.231098,0.491997,-0.183623,-0.258593,-0.427734,0.230328,-0.141605,-0.100018,0.820494,0.576831,-0.830853,-0.1104,-0.030655,-0.431516
-15.0908,2.09088,-0.1326,0.13493,-1.22696,-0.455524,-0.528175,0.634107,-0.00966516,-0.33263,-0.310329,0.273088,-0.0825757,-0.0151746,0.585558,0.606932,-0.77507,-0.171713,-0.157714,-0.361213
-15.2921,2.14732,-0.469021,0.460162,-1.03675,-0.464793,-0.164514,0.336656,-0.0582237,-0.189901,-0.340361,0.0198986,0.208516,-0.131875,0.585113,0.567388,-0.517085,-0.327973,-0.0800028,-0.198959
-15.8736,2.33189,-0.529703,0.417604,-1.23553,-0.479822,-0.473945,0.469613,-0.0011967,-0.325613,-0.401476,0.146765,0.285905,-0.00453971,0.622689,0.463342,-0.684125,-0.248746,0.281992,-0.0781921
-15.7487,2.09316,-0.570453,0.525187,-0.916843,-0.267415,-0.576265,0.158633,0.344858,-0.615505,-0.480712,0.145717,0.412439,0.0373452,0.279993,0.424403,-0.680421,0.000725211,-0.0302092,-0.101866
-15.7759,1.88556,-0.585062,0.556516,-0.876181,0.205318,-0.344504,0.150236,0.305453,-0.666079,-0.737614,-0.184498,0.365539,0.106086,0.360522,0.467655,-0.485173,0.0428621,0.0961732,0.0864649
-15.773,2.02167,-0.230694,0.82924,-1.13734,-0.149753,-0.377557,0.127823,0.00670201,-0.728876,-0.835597,-0.234696,0.47686,0.303234,0.444331,0.34963,-0.229836,-0.0659479,-0.165407,0.0271951
-15.5674,2.11481,-0.299129,0.728954,-1.35246,-0.196073,-0.224145,0.226815,0.125759,-0.276681,-0.494183,-0.428438,0.373502,0.115122,0.276427,0.583477,0.0160855,-0.0613436,-0.106282,0.0244903
-15.9239,2.19634,-0.427106,0.580075,-1.51129,-0.679431,-0.344288,0.148756,0.0828909,-0.396894,-0.290072,-0.515653,0.0508713,-0.0739057,0.278678,0.775107,-0.105901,-0.0752496,-0.145534,-0.11487
-15.7868,2.22364,-0.618686,0.510554,-1.38416,-0.753586,-0.295922,0.206939,0.318948,-0.342942,-0.383006,-0.541513,0.378041,0.0370167,0.157611,0.662045,0.00795423,-0.161759,-0.183249,-0.0910847
-15.8853,2.02803,-0.479841,0.643753,-1.29663,-0.552441,-0.38192,0.267997,0.607302,-0.0848798,-0.359001,-0.603802,0.416615,0.219515,0.146571,0.579156,-0.11743,-0.242186,-0.185185,-0.0664874
-16.0659,2.01517,-0.211742,0.839059,-1.38054,-0.630124,-0.355921,0.355255,0.331992,0.00828752,-0.602782,-0.574277,0.419321,0.0653353,-0.160413,0.186582,0.304477,-0.230474,-0.0120108,0.141458
-16.0559,1.91283,-0.513961,0.631809,-1.29172,-0.83004,-0.272822,0.219401,0.211236,-0.100329,-0.725046,-0.414701,0.427488,-0.07668,-0.214159,0.163325,0.369968,-0.272965,-0.132052,0.140334
-16.3387,1.79856,-0.544158,0.959648,-1.18619,-0.716891,-0.17394,0.257283,0.453991,0.220928,-0.484971,-0.424218,0.172246,-0.153643,-0.0489097,0.507277,0.618876,-0.342851,-0.258989,0.121263
-16.4302,1.55882,-0.505667,0.826514,-1.30374,-0.4526,0.00191852,0.433331,0.628195,0.322618,-0.555291,-0.549244,0.34485,0.0359635,-0.278027,0.439603,0.385804,-0.109481,-0.123643,0.0913622
-16.4635,1.84428,-0.443357,0.90582,-1.18587,-0.586605,-0.215123,0.338728,0.557413,-0.145459,-0.627636,-0.573675,0.457293,-0.0439292,-0.225666,0.491696,0.385514,-0.224716,0.0703903,0.223084
-16.5766,1.67588,-0.708743,0.775064,-0.882834,-0.530868,-0.124515,0.290031,0.41415,0.0379469,-0.685338,-0.404992,0.301584,-0.107566,-0.104963,0.570925,0.470083,-0.354877,-0.205143,0.203963
-16.6816,1.49012,-0.416136,0.792672,-0.882467,-0.489944,-0.25318,0.401914,0.480895,-0.00603771,-0.764079,-0.6398,0.331424,0.175987,-0.187918,0.59706,0.499471,-0.359454,-0.0369286,0.210731
-16.9027,1.60309,-0.257051,0.854993,-0.980998,-0.479646,-0.0841356,0.499741,0.275936,-0.0224453,-0.620411,-0.622066,0.44344,0.216455,-0.31867,0.529986,0.808855,-0.3778,-0.284444,0.287948
-17.0891,1.26792,-0.524743,0.750872,-0.984747,-0.217019,0.0221723,0.627019,0.47074,0.0668358,-0.660238,-0.421355,0.466496,0.154784,-0.35145,0.53507,0.60338,-0.337495,-0.0899899,0.263736
-17.0103,1.38286,-0.398786,0.873236,-0.669531,-0.107126,0.00101442,0.575112,0.419792,0.166316,-0.614615,-0.259358,0.428032,0.210799,-0.169418,0.679352,0.551274,-0.561103,-0.198199,0.178413
-16.7654,1.16611,-0.516845,0.686661,-0.808323,-0.12346,0.0774541,0.466174,0.382583,0.143388,-0.572812,-0.367898,0.538786,0.137294,-0.330355,0.391433,0.444224,-0.434892,-0.129741,0.12555
-16.3214,1.16001,-0.370935,0.588606,-0.724329,-0.175542,0.011057,0.369173,0.298437,0.293253,-0.511995,-0.373829,0.235653,0.234349,-0.224427,0.654042,0.575888,-0.487651,-0.235541,0.248866
-15.8697,1.08985,-0.458452,0.589403,-0.673803,-0.196678,0.0214577,0.30027,0.259257,0.435694,-0.171121,-0.420845,0.131774,0.0888475,-0.132723,0.636259,0.767806,-0.574056,-0.386028,0.0530761
-15.9758,1.17356,-0.254044,0.756878,-0.655796,-0.379159,-0.0721651,0.199139,0.269694,0.174498,-0.44665,-0.50127,0.0816474,-0.0293123,0.0204985,0.884185,0.875309,-0.534022,-0.297654,0.0981161
-16.04,0.923979,-0.275358,0.686522,-0.666684,-0.454215,-0.0539802,0.426546,0.39213,0.074316,-0.487245,-0.47617,0.291747,0.346787,-0.0393486,0.567023,0.591704,-0.260851,0.0163493,0.170347
-16.3149,0.784425,-0.259557,0.65938,-0.68683,-0.255867,-0.105454,0.515211,0.353805,0.138397,-0.52803,-0.502097,0.197545,0.168358,-0.285758,0.634002,0.694191,-0.488938,-0.336905,-0.0369836
-16.1316,0.763791,-0.350068,0.750312,-0.467629,-0.142367,-0.0371608,0.23869,0.441189,0.317927,-0.594357,-0.764817,0.129403,0.151817,-0.204449,0.467199,0.623516,-0.454844,-0.101983,0.131542
-16.3881,0.846157,-0.264143,0.292454,-0.730001,-0.229915,0.11982,0.601757,0.637117,0.438381,-0.317158,-0.251928,0.405269,0.292526,-0.194904,0.387246,0.748098,-0.555054,-0.249989,0.230195
-16.8018,1.31891,0.081157,0.916912,-0.701519,-0.223028,0.258251,0.68487,0.4665,0.212705,-0.444478,-0.375982,0.298703,0.0809259,-0.176221,0.822297,0.929293,-0.639424,-0.45297,0.347406
-16.9979,1.11218,-0.214533,1.02594,-0.362309,-0.254056,0.0811002,0.471042,0.659155,0.291646,-0.33624,-0.466726,0.100425,0.0415158,-0.38319,0.538247,0.639153,-0.564991,-0.205335,0.158044
-17.427,0.958918,-0.330404,0.985381,-0.149913,-0.27826,0.0472931,0.516158,0.870088,0.46919,-0.170587,-0.361091,0.190017,0.397808,-0.408831,0.478383,0.666675,-0.557433,-0.127223,0.142254
-17.4303,1.2361,-0.156528,1.03579,-0.232414,-0.270964,0.0607492,0.388566,0.756275,0.25295,-0.644497,-0.729052,0.219113,0.34407,-0.265703,0.575355,0.689349,-0.439393,-0.0894234,0.125847
-17.0573,1.22009,0.0380076,1.00039,-0.240448,-0.301137,-0.30079,0.523921,0.658138,0.48909,-0.466122,-0.610186,0.214864,0.118208,-0.193253,0.753884,0.632201,-0.539236,-0.409229,0.193356
-17.3403,1.49835,-0.270832,0.809072,-0.287067,-0.191231,0.0274654,0.845286,0.563464,0.340946,-0.83774,-0.500188,0.328215,0.119817,-0.293021,0.40453,0.530921,-0.221144,-0.139107,0.0757786
-17.4361,1.61521,-0.0866786,0.77263,-0.21331,-0.248337,-0.042973,0.416759,0.417701,0.254424,-0.418478,-0.382878,0.606456,0.312631,0.0788516,0.702512,0.7003,-0.349254,-0.359727,0.212301
-17.3531,1.64049,-0.0368891,1.04031,-0.0517939,-0.0389332,0.0470476,0.665301,0.369454,0.150297,-0.537763,-0.631099,0.108319,0.140737,-0.268885,0.42091,0.527909,-0.374175,-0.0981763,0.276384
-17.7303,1.50233,-0.0211266,0.581509,-0.353302,-0.0971639,-0.00934636,0.323747,0.51024,0.368491,-0.44119,-0.233947,0.30511,-0.0240792,-0.415499,0.541444,0.64674,-0.410168,-0.261818,0.388984
-17.6999,1.7599,0.0192797,0.624155,-0.136773,-0.0668961,0.0124341,0.107025,0.537772,0.367843,-0.581093,-0.413225,0.287451,0.316792,-0.282194,0.496462,0.575286,-0.447021,-0.10776,0.0871786
-17.9201,1.4381,0.156661,0.930768,-0.131104,-0.154038,-0.0621557,0.425842,0.475419,0.274376,-0.251237,-0.31599,0.159127,0.00222122,-0.431389,0.128626,0.455183,-0.551139,-0.377427,-0.0237907
-18.5244,1.35172,-0.366187,0.555354,-0.313983,0.104932,0.194612,0.503614,0.390323,-0.0733297,-0.606961,-0.514898,0.31717,0.271141,-0.213661,0.639453,0.615926,-0.0839511,-0.0662299,0.234503
-18.4588,1.36352,-0.251694,0.543432,-0.325285,0.159005,0.160156,0.577432,0.6834,0.0985861,-0.598661,-0.460472,0.32354,0.252654,-0.455937,0.294417,0.392473,-0.497623,-0.181332,0.0620751
-18.3377,1.4118,0.00866581,0.689186,-0.0376959,-0.082579,0.343346,0.201128,0.296029,0.260962,-0.408655,-0.280655,0.476292,0.165576,-0.232951,0.441151,0.840135,-0.212972,-0.121237,0.287257
-17.9314,1.12695,-0.253807,0.757907,0.164184,0.10312,0.0441996,0.0240413,0.143823,0.038486,-0.0852161,-0.085265,0.403455,0.161186,-0.115429,0.32489,0.494418,-0.372415,-0.161369,0.341045
-17.3308,1.57983,0.0359995,0.629901,-0.0863763,0.071371,-0.144582,-0.176274,-0.0697201,0.106689,-0.24471,-0.269307,0.276512,0.185247,-0.112032,0.330726,0.482595,-0.292242,-0.363729,-0.0678907
-17.1846,1.79835,0.424067,0.660987,0.010163,-0.228057,0.0980188,0.213253,0.148125,0.150455,-0.351024,-0.525073,0.127046,0.0928707,-0.279895,0.375053,0.121498,-0.541074,-0.457385,-0.0763313
-17.0584,1.53924,0.258133,0.452312,-0.00532265,-0.155641,0.474045,0.0770814,0.026417,0.263263,-0.510088,-0.398804,0.0552493,0.0396308,-0.266756,0.210451,-0.0409173,-0.346512,-0.250021,0.0448235
-16.2906,1.60395,0.232021,0.428576,-0.265567,-0.0255597,0.388268,0.119916,-0.0066061,0.154891,-0.218831,-0.052674,0.0333854,0.0411416,-0.184475,-0.104274,-0.0462292,-0.232282,-0.0243866,-0.0589777
-16.6208,1.66341,-0.0489243,0.392769,-0.13591,0.0776693,0.261173,0.186818,-0.116183,0.27039,-0.059323,0.11634,0.0616293,-0.0362846,-0.0516939,0.251226,0.210301,-0.00477988,0.11151,-0.0240688
-17.8355,1.48782,-0.0960003,0.794339,0.174511,0.114121,-0.103499,-0.292729,-0.0452014,-0.133602,-0.110533,-0.0904449,-0.0499334,0.0185913,-0.338594,0.0757307,0.326945,0.00940727,-0.0575841,-0.118764
-15.871,1.76451,-0.41119,0.907052,-0.454945,-0.127097,-0.259917,-0.000547494,-0.0530906,-0.218014,-0.344095,-0.108106,-0.30634,0.0333262,0.0289002,-0.302634,0.0268676,0.350919,0.345478,0.548724
-12.4249,2.00016,-0.949778,0.723666,-0.81865,-0.32117,-0.428154,0.173421,-0.109521,-0.564502,-0.190551,0.0202323,-0.221304,0.0157522,-0.154198,-0.121642,0.593938,0.466174,-0.114362,0.0505577
-10.1063,1.72593,-1.29014,0.683623,-0.556595,-0.106476,-0.206835,0.0627627,-0.217325,-0.39135,-0.311754,-0.258517,-0.431724,0.143667,0.0748699,0.279642,0.601845,0.549523,-0.0542198,-0.100554
-8.92192,2.3881,-0.451017,1.16826,-0.633245,-0.0570459,0.225115,0.15377,-0.306929,-0.235813,-0.0677408,-0.0991796,-0.365685,0.20989,0.109625,-0.106851,0.177803,0.199154,0.0416358,-0.179611
-8.65335,3.36536,-0.505336,1.2306,-0.679364,-0.0600477,0.226045,0.264233,-0.167195,-0.229696,-0.206338,0.124944,-0.219594,0.146671,0.016111,-0.00927785,-0.0678645,-0.0830951,-0.00356243,0.0687051
-9.33624,3.84446,-0.531426,0.98303,-0.194161,0.408046,0.447347,0.451268,-0.0708168,-0.00511314,-0.394392,0.0741556,-0.253354,-0.156227,-0.206422,0.198898,0.230884,-0.13537,-0.070463,0.251285
-9.73187,3.8367,-0.425488,0.998288,-0.069997,0.240677,0.111446,0.522618,-0.246769,0.146515,-0.232766,-0.261098,-0.141497,-0.223277,0.036568,0.13105,0.136223,0.156673,0.0650184,-0.0294568
-9.48146,3.88878,-0.714723,1.01045,-0.0401864,0.404463,-0.090079,0.32265,-0.14976,0.697432,-0.0797892,-0.184489,-0.271263,0.030774,0.0194151,-0.127116,-0.0602701,0.0759135,-0.0791453,0.0865391
-9.86485,4.23129,-0.438314,1.01247,-0.203063,0.31196,0.0419912,0.221193,-0.431895,0.366307,0.155584,-0.0585888,-0.0446894,-0.0108051,0.252189,-0.223616,-0.300041,0.069153,-0.0736235,0.0823468
-10.1707,4.22493,-0.370767,0.966299,-0.381108,0.372689,-0.00608259,0.530654,-0.252244,0.222363,0.313653,-0.189426,-0.157783,-0.0811697,0.0698748,-0.0616146,0.0397613,-0.0896119,-0.0611472,0.0520224
-10.6829,4.056,-0.465283,1.05173,-0.433962,0.198275,-0.0154725,0.751952,0.244156,0.778841,0.335264,-0.0532863,-0.403429,0.0183478,0.139535,-0.0594765,0.0171849,-0.0229816,-0.414902,-0.354964
-11.1152,4.0949,-0.419626,1.32666,-0.511433,0.142062,0.179005,0.589901,0.197157,-0.0190784,0.126697,-0.176756,-0.31187,-0.00996685,0.225204,-0.082978,0.0249502,0.340551,-0.119279,-0.200765
-10.133,3.48934,-0.416488,0.688228,-0.274344,-0.0847462,-0.096769,0.344077,0.0642988,0.196457,-0.150092,0.131778,-0.137775,0.0379281,0.103566,-0.0729252,0.116627,0.155621,-0.340494,-0.184853
-9.18437,2.59542,-0.347985,0.818387,-0.557594,0.219763,0.280243,0.369359,-0.143122,0.124662,-0.172498,0.0127992,-0.0305314,0.0606873,0.0100049,-0.138011,0.153456,0.201453,-0.084155,-0.101229
-8.00587,2.88939,-0.727925,0.95599,-0.365496,0.167054,-0.10077,0.235063,-0.294235,-0.098993,-0.0671135,0.242952,-0.0430279,0.137153,0.312322,-0.233733,0.143047,0.0778222,0.0419909,0.0104176
-7.93003,2.86608,-0.561584,0.949794,-0.163212,0.25243,-0.127966,0.416622,-0.233001,-0.05664,0.20459,0.366629,0.168403,0.0505368,-0.174419,-0.0906916,-0.0565878,-0.038467,0.0225364,0.0367346
-7.34724,2.95282,-0.944963,0.865875,-0.342598,0.180065,0.13269,0.368631,0.0721866,-0.200549,-0.236249,0.178857,-0.0549532,0.126717,-0.203385,-0.135243,-0.0225165,0.135571,-0.00624205,0.0206517
-7.31734,3.60941,-0.535661,0.851207,-0.517305,0.105751,0.128514,0.432672,0.00344769,0.149572,-0.135928,0.158072,0.2541,0.278266,-0.128757,-0.141834,0.0384391,0.263879,0.101644,-0.0430949
-7.56079,3.22242,-0.620016,1.28436,-0.16587,0.537001,0.251382,0.510822,-0.242877,-0.337642,-0.0937199,0.0122875,0.303246,0.400071,0.174217,-0.248381,-0.13568,0.130692,0.112889,0.24986
-6.98477,3.07243,-0.405929,1.23073,-0.206116,0.344322,-0.105107,0.456616,0.148508,-0.102887,-0.530728,0.126905,0.398729,0.341695,0.156585,0.0627727,-0.29338,0.0673539,-0.000687877,-0.158154
-6.97948,3.05462,-0.101943,1.06084,-0.142497,0.608251,0.0574417,0.295193,-0.0349244,0.164417,-0.152923,-0.207381,0.144135,0.339224,-0.1653,-0.486256,-0.232094,0.0653018,-0.143529,0.0673142
-7.195,3.34804,-0.23461,0.809045,-0.471155,0.22866,-0.0520524,0.222346,0.0418221,0.232906,-0.168775,0.151547,0.267073,0.29315,0.0821116,-0.329857,-0.299427,0.0408461,-0.05337,-0.0331554
-7.29342,3.03885,-0.495993,0.954997,-0.55067,0.359007,-0.0115718,0.159133,0.0328267,0.145866,-0.196001,-0.074334,0.0269326,0.387518,0.151609,-0.170306,-0.120361,0.239943,-0.0208187,-0.00656873
-6.94382,2.79376,-0.246059,1.0088,-0.267363,0.343831,0.198561,0.154417,-0.000675734,0.160065,-0.341511,0.0999158,0.117604,0.267054,-0.0110369,-0.0325252,-0.183009,0.0893541,-0.0404032,-0.20558
-6.97145,2.72223,-0.00591063,1.05031,-0.430049,0.416551,0.236701,-0.00347852,0.0941936,0.359208,-0.176788,0.136049,0.124971,0.0240948,-0.0657479,0.00536817,-0.0433701,-0.0487868,-0.0586376,0.0316492
-6.83027,2.98981,-0.293466,0.979154,-0.3584,0.36263,0.20293,0.036474,-0.0236359,0.0303276,-0.0769845,0.193826,0.0657259,0.225794,0.116005,-0.0393613,0.0180459,0.046335,0.0418263,-0.0555165
-7.05395,3.05071,-0.580765,0.884618,-0.350842,-0.0751332,-0.368571,0.232483,0.124736,0.275231,0.147262,-0.177343,-0.196725,-0.00287413,-0.251699,0.178389,0.150324,0.19872,0.239148,-0.00281579
-6.88006,3.26568,-0.58872,0.938192,-0.481787,-0.00914156,-0.10596,0.239357,-0.115544,0.261685,-0.260733,0.176493,-0.00681911,-0.220159,0.0460621,-0.321838,0.252897,0.229422,0.117065,0.0107884
-6.70587,2.98269,-0.373062,0.912081,-0.507504,0.20291,0.025207,0.451182,-0.103201,-0.0238463,-0.274233,0.0455103,0.123145,-0.0058083,-0.282116,-0.101345,0.260119,-0.00387744,-0.0352755,-0.0617717
-6.78075,3.13989,-0.387934,0.626773,-0.483971,0.0302927,-0.0198056,0.159541,0.0928595,0.283329,-0.175711,-0.211873,0.04474,0.124155,-0.11353,0.0136967,-0.0462152,0.148526,0.242519,0.00305316
-6.98689,3.1979,-0.462393,0.629269,-0.296784,0.391275,-0.362684,-0.0702929,-0.0570024,0.248068,0.0521188,0.119011,0.0486705,0.00832232,-0.204881,-0.262743,-0.186345,-0.00457283,0.14267,0.198615
-6.73133,3.34924,-0.458821,1.00645,-0.37478,0.205013,0.0234474,0.21034,-0.10659,0.289635,-0.0776349,0.121262,-0.193355,0.0346116,-0.0678338,-0.261612,-0.00874583,0.161163,0.0966384,-0.0468475
-6.53462,2.96594,-0.367245,0.968967,-0.154181,0.266658,-0.0468607,0.215552,-0.00488217,0.438916,0.0290575,0.0343953,-0.221424,0.15767,0.148356,-0.186212,0.0247896,0.0776757,-0.0492412,-0.199238
-6.54333,2.90981,-0.242022,0.894196,-0.125941,0.462832,-0.0679465,0.266633,0.102155,0.213319,-0.34253,-0.0159073,-0.0342498,0.0193377,-0.138992,-0.16647,0.212109,0.285883,-0.019856,0.0761873
-6.9447,2.53741,-0.49293,1.01499,-0.073011,0.462084,-0.11887,0.183002,0.00699331,-0.0965603,-0.1871,-0.15788,0.101016,0.0979454,-0.231509,0.173349,-0.00152476,0.205218,0.0188605,0.00414409
-6.9446,2.90894,-0.368802,0.994002,-0.0659013,0.0827339,-0.236787,0.23208,-0.00650995,0.162184,-0.224198,0.0646751,0.149358,0.146854,-0.09785,-0.00841672,0.285897,0.230063,0.049915,-0.0402473
-6.61545,2.94922,-0.473371,0.907363,-0.230466,0.0688696,-0.22256,0.33752,-0.0389287,0.182544,-0.0790664,0.183893,0.255305,0.452806,0.0727643,-0.112979,0.187421,0.315339,-0.14043,-0.0775236
-6.60495,3.06757,-0.0120204,1.07863,-0.344738,0.0974355,0.0529779,0.377745,0.212074,0.245594,-0.285748,0.326263,0.0806872,0.0744089,0.111078,0.0952482,-0.115546,-0.0423045,-0.188263,0.0303282
-6.56321,2.97791,-0.320916,0.865128,-0.336207,0.118958,-0.00121985,0.443095,0.0365417,0.229304,-0.139037,-0.135424,0.157677,0.258231,0.0184902,0.0352299,-0.190786,0.0358378,-0.116262,-0.0490958
-6.73099,2.98962,-0.439816,0.861404,-0.664407,-0.0910843,-0.157032,0.302244,0.0794008,0.231804,0.0537069,0.0362511,0.131416,0.365975,-0.211678,-0.317404,-0.0780049,-0.107528,-0.468895,0.0199051
-6.20201,2.9643,-0.837567,0.677145,-0.41997,-0.201182,-0.352017,0.214326,-0.113272,0.209675,-0.211487,0.19192,0.286042,0.404154,0.0783959,-0.0524023,0.0488937,-0.0945615,-0.17154,-0.0768562
-6.46197,2.76,-0.602894,0.805359,-0.0934338,0.443727,-0.0178767,0.128292,-0.241463,0.162284,-0.156694,0.270461,0.191246,0.0782434,-0.0596736,-0.136182,-0.0657195,-0.0093506,-0.0617891,0.00952086
-6.45778,2.61868,-0.659818,0.58793,-0.104038,0.405506,-0.317866,0.201711,0.116097,0.27262,-0.231978,-0.0399348,0.324899,0.332292,0.11953,-0.0196685,-0.315096,-0.184294,-0.111206,0.0433705
-6.15906,2.73034,-0.700027,0.669371,-0.160588,0.0868042,0.0112918,0.318691,0.0880077,0.144745,-0.0484281,-0.0422124,0.151246,0.290597,-0.234326,-0.439486,-0.40972,-0.0576288,-0.165382,0.154788
-6.54411,3.0636,0.00777236,1.10142,-0.23705,-0.0662483,-0.197955,0.405663,0.060849,-0.0450409,-0.149284,0.255961,0.210675,0.100048,-0.479946,-0.212116,0.0273053,0.231569,-0.178931,-0.0975724
-6.654,3.38179,0.230954,0.972999,-0.345613,0.000856838,0.100989,0.291796,0.0126998,0.111591,-0.118152,0.208298,0.0374736,0.0768713,-0.130331,-0.281531,0.0634185,0.126471,-0.240981,-0.0546494
-6.70319,3.21777,-0.210446,1.16178,-0.16039,0.171108,-0.290749,0.180817,0.177201,0.166283,-0.0932021,0.0576339,0.190304,0.314321,0.0126565,-0.33608,-0.280781,0.0688806,-0.0701395,-0.18719
-6.46165,2.59748,-0.628374,1.14083,-0.119948,0.336687,-0.0230031,0.191531,0.0648579,0.137426,-0.0815149,0.12532,0.286488,0.191762,0.115246,-0.149781,-0.0587606,0.17783,-0.151016,-0.097014
-6.62391,2.86572,-0.565817,0.950178,0.108036,0.401479,0.0707171,0.456299,0.233078,0.400352,0.0775162,0.30212,-0.136732,0.233046,0.0305749,-0.0514595,-0.151161,0.10761,-0.123114,-0.131132
-6.45495,3.1102,-0.427431,1.07397,-0.0675143,0.513864,-0.100243,0.235036,-0.0890986,0.0524676,-0.030703,0.189736,0.00122312,0.332438,0.0479711,-0.170635,-0.0817574,-0.0865888,-0.0980369,-0.137699
-6.32488,3.16267,-0.127542,1.00056,-0.446371,0.0252493,-0.259767,-0.0178,-0.0667157,0.123743,0.0198767,-0.0625001,-0.15133,0.397476,-0.00310476,-0.235186,0.283812,0.199591,-0.0485687,-0.102478
-6.11179,2.76234,-0.494272,0.736015,-0.656076,0.0232898,-0.262689,0.0510774,0.266663,0.307983,-0.0921253,0.010175,0.0007871,0.207892,-0.174718,-0.211448,0.00997212,0.183604,0.0536509,0.162969
-6.31728,2.91291,-0.456237,0.81127,-0.308051,0.122893,-0.0452571,0.346151,0.0751232,0.264222,0.020114,-0.0302799,-0.0732955,0.322195,0.00382793,-0.188702,-0.114869,0.0111973,0.1171,0.0677901
-6.32677,3.14231,-0.250965,0.905756,-0.263268,0.209157,-0.106256,0.332744,-0.0741901,0.0543843,-0.287412,0.0013115,0.0997045,0.155669,-0.0639204,-0.22863,-0.209263,0.0744507,0.162521,0.154997
-6.44324,2.94422,-0.199364,0.823964,-0.210831,0.43886,-0.182322,0.134052,-0.357739,0.142071,-0.0335042,-0.14338,0.0702443,0.187975,0.170095,-0.0971699,-0.224008,0.314573,-0.006575,0.0707718
-6.5134,2.69855,-0.16069,0.62814,-0.578913,0.289487,-0.139743,0.308457,0.132876,0.306765,-0.0389982,-0.182223,0.288149,0.259622,0.127324,-0.130841,-0.275954,0.093319,-0.0187343,-0.0689031
-6.62764,2.94743,-0.071676,0.982884,-0.237072,0.287773,0.011742,0.308897,-0.0828328,-0.0268736,-0.161346,0.029204,0.0968581,0.379963,0.0457333,-0.191261,-0.0279175,0.0328843,-0.0413057,0.240279
-6.52095,3.31276,-0.176677,0.750664,-0.414635,0.279835,-0.0303244,0.38294,-0.104646,0.148232,-0.307018,-0.0728663,0.208108,0.424858,-0.0109467,-0.184798,-0.102244,0.268556,0.172467,-0.0606701
-6.26738,3.02081,-0.395361,1.00458,-0.451296,0.297238,-0.180256,-0.0668131,-0.0743947,0.0810955,-0.411792,-0.176145,0.0296333,0.357919,0.284899,0.00946246,-0.241478,0.198486,-0.128005,-0.0228278
-6.19414,2.91521,-0.208515,0.944516,-0.353292,0.257015,-0.0908045,-0.0938341,-0.0955334,0.0932895,-0.248366,0.0150128,0.0260064,0.284822,0.0022285,-0.211766,-0.157909,0.0167086,-0.183658,0.0566108
-6.65434,2.88589,-0.412171,0.786533,-0.268878,0.0988566,-0.17673,0.0748207,-0.249198,0.240615,-0.101839,-0.184434,0.320543,0.427343,-0.229706,-0.367286,-0.255439,0.177217,-0.0840068,0.0463549
-6.77922,3.09625,-0.230947,1.17273,0.0136931,0.287926,-0.131268,0.125929,-0.213011,0.0931911,-0.187134,-0.0739311,-0.190708,0.116189,-0.0304119,-0.178246,-0.00458547,0.505677,0.14983,-0.0338729
-6.24434,2.98815,-0.135317,1.48408,-0.280746,0.0170213,-0.217142,0.335826,-0.281462,0.0264623,0.125457,0.220758,0.0458545,0.324338,-0.0350938,-0.0818621,-0.0623731,0.0105974,0.148928,0.14212
-6.13318,2.81211,-0.176168,0.915801,-0.538282,0.0811121,-0.227724,0.4262,0.0607706,0.195799,-0.00756256,0.0514982,-0.0169324,0.420783,-0.144372,-0.0867691,0.0867555,0.378824,0.0440323,0.00338629
-6.68318,2.82847,-0.255996,0.990242,-0.654578,-0.252953,-0.314501,0.149816,0.253235,0.341233,0.0488196,-0.029572,-0.33502,0.237235,0.16819,0.0920188,0.132561,0.296855,-0.0331667,-0.0105284
-7.02913,3.12261,-0.245021,1.03928,-0.394432,0.266316,-0.0124402,0.702796,-0.137938,-0.0255846,0.0655828,-0.095004,-0.130711,0.184867,-0.0647377,-0.234369,-0.0570869,0.1574,-0.216917,-0.10089
-6.65893,3.09966,-0.661265,0.76781,-0.63873,0.109863,-0.0589247,-0.0834664,-0.429382,-0.0213549,0.0384536,-0.0400046,-0.109435,0.101666,-0.0899546,-0.105677,-0.0478499,0.110339,-0.144428,0.0510235
-6.63198,2.24698,-0.700404,0.797078,-0.414047,0.104929,-0.262911,0.191772,-0.217883,0.0456829,-0.0123763,0.0281361,-0.0541794,0.0703903,0.0671619,-0.268945,0.0332102,0.143132,-0.303443,0.283053
-6.92422,2.44161,-0.648436,0.841465,-0.300377,0.477936,-0.0258248,0.288609,0.135619,0.117472,-0.232622,-0.123095,0.0107248,0.124703,-0.0597997,0.174804,0.290223,0.107187,-0.338971,0.191241
-7.25088,2.48261,-0.564014,0.895173,-0.248367,0.324746,-0.269032,0.369339,0.0135906,0.284241,-0.202912,0.0300717,0.148287,0.0365715,-0.103892,0.0268856,0.13708,0.111703,-0.0242298,0.125977
-7.16117,2.67242,-0.35151,0.8796,-0.132082,0.0849107,0.0271437,0.432588,-0.0910348,0.114214,0.0718555,0.257561,0.296506,0.296116,0.139024,-0.0460486,-0.0976287,0.12231,0.0561952,0.280098
-7.05691,2.4681,-0.0112766,1.08059,-0.0447056,0.329835,0.438971,0.360522,0.0271663,-0.00414371,-0.277767,-0.143288,-0.129183,4.7136e-05,0.170512,0.124275,0.234987,0.639286,0.257383,0.355976
-7.11163,2.55552,-0.32464,1.09001,-0.117829,0.389439,-0.20383,0.259058,-0.0530395,0.178036,-0.151007,-0.277335,-0.436828,0.0877439,0.267752,0.171347,0.389977,0.356173,0.266752,0.323082
-7.15958,2.91045,-0.73662,0.950195,-0.337979,0.259327,-0.0488515,0.0318637,0.170857,0.483711,0.0366074,0.189582,0.117076,0.211989,0.124902,0.211034,0.147093,-0.144334,-0.269436,-0.014757
-7.26312,2.93177,-0.472677,1.05191,-0.0765021,0.182269,-0.268675,0.0421189,-0.284781,0.192172,-0.129386,0.153097,0.357691,0.338482,0.0692583,-0.155011,-0.0992973,0.236257,0.0779089,-0.153018
-6.56772,2.71815,-0.331003,1.31464,0.0207757,0.55305,0.183242,0.13351,-0.267478,0.0756107,-0.0598279,0.262374,0.427099,0.22429,-0.138355,-0.10844,0.134271,0.167803,-0.140592,-0.0880867
-6.43923,2.60325,-0.192874,1.23831,0.020552,0.397804,0.324301,0.472635,0.0193845,0.229163,-0.0174466,0.370013,0.342542,0.165566,-0.107764,0.131241,0.19237,0.0434755,-0.295106,0.21952
-6.65306,2.67797,-0.352277,0.971966,-0.0151245,0.601265,0.342683,0.613494,0.126394,0.0513968,-0.250827,0.166871,0.550784,0.458685,-0.313941,-0.0857695,-0.0779455,0.112705,-0.0143853,0.25879
-6.70941,3.23945,-0.559692,0.76596,-0.304697,0.455001,-0.0970684,0.287985,0.124035,0.304093,-0.107471,0.185551,0.496582,0.270252,-0.206805,-0.198631,-0.231834,0.243406,0.140194,0.246397
-6.55176,3.5402,-0.644718,0.893231,-0.276273,0.211536,-0.210037,0.451539,0.202206,0.22557,-0.178719,0.178884,0.300525,0.268862,-0.0812951,-0.0462878,-0.155054,0.256748,-0.122122,-0.14027
-7.04592,3.55671,-0.781161,0.983122,-0.153161,0.251729,0.0222887,0.38444,0.28185,0.479165,-0.115875,0.0394596,0.28096,0.0355189,-0.1673,-0.218458,-0.201449,0.206216,-0.0904012,-0.163563
-7.31035,3.99279,-0.545923,1.31189,-0.113182,0.131235,0.0156041,0.141005,0.147471,0.208392,0.012714,0.0570165,0.105235,0.0213264,-0.296298,0.0402003,0.0644531,-0.068424,-0.042823,-0.0724515
-7.62825,4.02062,-0.205002,1.17842,-0.253232,0.126047,-0.134796,0.531069,0.0364305,0.188448,-0.0846788,0.15259,0.29985,-0.186707,-0.156087,0.113245,0.164358,0.156884,-0.0807022,0.023148
-7.97087,4.31292,-0.267361,1.23249,-0.192895,0.249343,0.177544,0.469548,-0.0474214,0.169944,-0.117781,0.152129,0.174861,0.00797022,-0.301308,-0.0634824,-0.0474421,0.0166916,-0.0741855,0.0676604
-8.29764,4.23137,-0.254434,1.1621,-0.0803553,0.353653,0.452494,0.37614,-0.232879,0.0539306,-0.0117724,0.156612,0.191994,0.0490531,-0.0470359,-0.045113,-0.272724,0.0672588,-0.101299,0.118351
-8.58255,4.31782,-0.0863751,1.0929,-0.101503,0.189664,0.124617,0.52943,0.00523437,0.277463,0.0911717,0.0873066,-0.132178,-0.111942,-0.0696019,0.0157436,0.136084,0.0129729,-0.282724,0.122234
-8.87229,4.35682,-0.169632,1.22207,-0.0507519,0.303515,0.0561227,0.417356,0.0723001,0.310413,-0.188111,-0.172706,-0.032422,0.153852,0.0757434,-0.00814856,-0.10912,0.18147,0.152374,0.188043
-8.96859,4.41113,-0.200392,1.00798,-0.189454,0.48792,0.136869,0.418424,-0.0828763,0.00847934,-0.132343,-0.0536768,-0.0259209,0.327393,-0.047938,0.0452986,0.0301764,0.280541,0.0719998,0.190355
-9.40799,4.15028,-0.396381,0.93119,-0.0150356,0.51231,-0.0697588,0.560694,0.198159,0.0480054,-0.366357,0.174636,0.211333,0.137658,0.0599016,0.145952,0.0757846,0.344014,0.279728,0.123592
-9.72506,3.89731,-0.221613,1.1051,-0.227067,0.700306,0.285685,0.619535,0.122662,0.181476,-0.115422,0.237526,0.0996782,-0.1113,0.0383973,0.256207,0.257183,0.278643,0.30992,0.0828064
-9.77365,4.20805,-0.540048,1.28215,-0.163392,0.563899,-0.0248641,0.332727,0.0819995,0.72285,0.129214,0.161024,0.268721,0.216847,0.0311127,0.0350076,-0.0154065,0.430691,0.106095,-0.0350238
-10.0045,4.39651,-0.346602,1.32806,-0.00456437,0.230612,-0.109926,0.257371,-0.0554486,0.547336,0.29176,0.192619,0.156497,0.0942383,0.0854815,0.170196,-0.103841,0.128031,-0.0993989,0.376962
-10.1052,4.2325,-0.447394,1.08704,-0.266679,0.252989,0.112432,0.284542,0.135452,0.50775,-0.209982,0.205997,0.183609,-0.043789,-0.20323,0.0572481,-0.0227954,0.125205,0.0563035,0.222314
-10.6559,4.05862,-0.46968,1.36108,-0.245801,0.252701,-0.0803245,0.38795,-0.100667,0.0532864,-0.17691,0.295043,0.420831,0.294226,-0.241509,-0.230496,-0.153041,0.197108,0.0804165,-0.00113305
-10.9365,4.38984,-0.486425,1.41755,0.131423,0.343185,-0.114309,0.146632,-0.32878,0.304672,0.00430896,0.333048,0.443403,0.303199,-0.0427306,-0.0158043,-0.266439,0.0998756,-0.175346,0.121863
-11.2168,4.12252,-0.391125,1.27526,0.172055,0.351007,0.165153,0.274795,-0.0965756,0.467098,0.0525364,0.712031,0.118529,0.0695404,0.044069,0.0675016,0.145874,-0.010561,-0.274382,-0.0626923
-11.4953,4.37952,-0.519655,1.29714,0.267787,0.542795,0.00768674,0.151604,-0.0812666,0.385961,0.265192,0.206613,-0.120518,0.0278583,0.28355,0.0670805,0.160489,0.0999513,-0.145535,0.0960698
-11.2824,4.62597,-0.345745,1.3395,0.0742339,0.316926,-0.186686,-0.0529077,-0.0490084,0.418989,0.318391,0.0183566,-0.273395,0.0398762,0.225306,-0.0290943,0.0190212,0.227502,0.0346892,0.160677
-11.7349,4.54797,-0.261504,1.32179,0.0678924,0.449427,-0.254879,0.441934,-0.0981805,0.415816,0.0371564,0.0307693,0.156473,0.278888,-0.213215,-0.164093,-0.138771,0.271359,0.167597,0.262286
-11.7825,4.57766,-0.290134,1.046,-0.0433592,0.691448,0.0470174,0.354355,0.186616,0.368257,0.00789924,0.00437071,-0.127817,0.0644098,-0.00943193,-0.116434,-0.0491309,0.0928009,0.162164,0.0748444
-11.9491,4.4684,-0.391668,1.21631,-0.17409,0.402573,-0.0769536,0.678018,0.365791,0.246701,-0.0405298,0.296447,0.0992386,0.0922989,-0.28273,-0.264359,-0.172312,0.231798,0.0661886,-0.240115
-12.0429,4.51756,-0.430967,1.24852,-0.0285038,0.395088,-0.0377906,0.256648,0.259644,0.409211,0.111923,-0.0197622,0.0979603,-0.110806,-0.222086,-0.0522598,-0.131458,-0.0475144,-0.00428765,-0.00546669
-12.8408,4.08398,-0.642013,1.53383,0.150072,0.454901,0.049115,0.220599,-0.0397576,0.485514,0.0458714,-0.189933,-0.13971,-0.155221,-0.0551673,0.104154,0.145399,0.099813,0.0287217,-0.0135379
-12.8578,4.36861,-0.514467,1.4577,0.0885059,0.429313,0.225429,0.369763,-0.00712939,0.434492,-0.0613433,0.126093,0.0887003,-0.144163,-0.147313,-0.268621,-0.11165,0.225676,-0.184107,-0.0389356
-12.956,4.61142,-0.589909,1.22718,0.172119,0.619091,0.308806,0.382879,0.186466,0.375767,-0.0634718,-0.0899,0.116471,-0.279794,-0.150685,-0.0178131,0.148349,0.184918,0.00420087,-0.0352552
-13.0458,4.64804,-0.429039,1.2731,0.187674,0.748658,0.245473,0.296025,0.0304243,0.117044,-0.429892,0.0612685,0.110739,-0.0303545,0.0115604,-0.0381505,0.129935,0.26894,0.162164,0.028141
-13.3145,4.45385,-0.463348,1.44485,0.284648,0.881745,0.477928,0.139407,-0.478422,-0.0154125,-0.102477,-0.158077,-0.0240029,0.168728,0.183814,0.00471005,-0.0242557,0.261297,0.0368174,-0.10405
-13.6439,4.38667,-0.223038,1.35116,0.294131,0.725976,0.323985,0.202291,0.0108293,0.18802,0.177498,-0.167618,-0.109712,0.0120969,0.0530413,-0.08524,0.0127567,-0.00709575,0.0528629,-0.0926702
-13.6783,4.51096,-0.365624,1.30823,0.389164,0.826038,0.279146,0.229073,-0.329556,-0.0306465,0.0542329,0.100112,0.29295,-0.216292,-0.010176,-0.197872,-0.225614,0.195404,0.281879,0.120902
-13.8523,4.49281,0.134169,1.36852,0.0308691,0.531762,0.532691,0.189151,-0.144942,0.157741,0.147681,0.16055,0.319631,0.10114,-0.191201,-0.250098,-0.413831,-0.0750527,-0.00461595,0.295694
-13.3535,4.25876,0.144927,1.37831,0.216405,0.180018,0.346705,0.0911525,0.320276,-0.155426,0.057945,0.268872,0.224846,0.239296,-0.176003,-0.254573,-0.0961049,-0.13559,-0.175131,0.0878127
-13.346,4.34643,-0.361992,1.60785,0.209936,0.286108,0.208528,0.0361355,0.336031,0.298471,0.0449934,0.0765082,0.0814139,0.44325,-0.255577,-0.182127,0.0247653,-0.142623,-0.235865,0.0222799
-14.3536,4.65678,-0.12827,1.33898,0.168445,0.299588,0.231437,0.294096,0.135507,0.565775,0.0426316,-0.22885,0.383366,0.480808,-0.13562,-0.16749,-0.194921,-0.095692,-0.160281,-0.0507085
-14.3363,4.5307,0.0981945,1.46807,-0.0349733,0.35519,0.216508,-0.0176756,0.198804,0.244527,0.0645592,0.0561047,0.290189,0.318349,-0.142947,-0.350026,-0.0703833,0.142424,-0.0674859,-0.108794
-14.9352,4.68103,0.0722032,1.15441,0.19279,0.501926,0.257044,-0.0378562,-0.197514,0.154871,-0.0281142,0.0729978,0.116552,-0.0471105,-0.0211225,-0.0767796,-0.0666,0.299375,0.00704487,0.0759402
-14.8538,4.57426,-0.17677,1.24281,-0.0677879,-0.00537339,-0.000791473,-0.107138,0.293927,0.498506,0.0994907,0.105221,0.0340004,-0.319314,0.00820064,0.0890611,0.0349813,0.219499,0.0269744,0.125188
-15.0519,4.74093,-0.191168,0.968085,-0.108178,0.0925088,0.285597,0.170169,0.176867,0.41955,0.167329,0.140681,0.174349,-0.276098,-0.0724223,0.0107526,0.00422953,-0.0830964,0.00460979,0.187643
-15.3471,4.64463,-0.341865,0.901467,0.253532,0.286047,0.173704,0.200924,0.0630129,0.290183,0.278155,0.118858,0.205394,-0.0932593,-0.140199,-0.30552,0.0303795,0.0793848,0.0344546,0.163084
-15.6626,4.69192,-0.185251,0.87848,0.0425383,0.0778053,0.0989782,0.344073,0.316717,0.266851,0.257644,0.246279,-0.130178,0.14888,0.0269701,-0.227364,0.0286943,0.156425,0.0115027,0.0211654
-16.213,4.21858,0.235321,1.09383,0.049108,0.159713,0.0911001,0.211697,0.448068,0.213651,0.0101262,0.194483,0.114579,-0.132044,0.0220699,0.0956076,0.0871392,0.171002,0.0172271,-0.0387454
-16.1784,4.23284,-0.200186,1.10932,-0.00749372,0.309825,0.426252,0.113995,0.292034,0.427353,0.157168,-0.137743,-0.193858,0.0504941,-0.0918704,-0.0492345,0.13866,0.186418,0.00120329,-0.15725
-16.2322,3.87867,-0.390627,0.989613,0.428242,0.707253,0.297459,-0.087399,0.0867204,0.340628,0.185825,-0.042915,-0.0163545,-0.188809,-0.245878,-0.0377417,0.186424,0.0649646,-0.119915,0.182903
-16.435,4.11122,-0.113604,0.918697,0.314417,0.330809,0.494664,0.18002,-0.0705996,0.158081,-0.186767,0.183692,-0.0137495,-0.121631,-0.156535,-0.129651,-0.0764624,0.075428,0.197787,0.254252
-16.5908,4.33168,0.137287,0.703663,0.134057,0.347894,0.871304,0.420255,0.299256,-0.00758776,-0.302334,0.0174993,-0.0230378,-0.411782,-0.0413484,-0.107247,-0.110439,0.0821099,0.0773029,0.18028
-16.7169,4.23642,0.0977337,0.812603,0.273774,0.871811,0.708704,0.143465,0.193979,0.175227,-0.124283,0.0425668,0.207597,-0.118406,-0.137901,-0.32262,-0.239444,0.0147735,-0.0849765,-0.139681
-16.7174,4.39825,0.279996,0.964845,0.33161,0.354561,0.377124,0.537417,0.137114,0.144803,-0.0600207,0.0578677,0.081566,0.0143112,-0.210315,-0.303376,-0.167419,-0.316963,-0.061905,0.111724
-16.9076,4.39195,0.38683,1.17535,0.1108,0.0644144,0.572888,0.323518,0.255262,0.194685,0.378261,0.16983,-0.19714,-0.0609547,-0.239763,-0.410867,-0.0752434,-0.0768717,-0.275257,0.0486877
-17.1627,4.21513,0.281119,1.14935,0.33491,0.351487,0.401795,0.241872,0.0847372,0.311318,0.199224,0.15486,0.0478013,-0.270773,-0.385982,-0.524428,0.00031268,-0.0959402,-0.497704,0.218662
-17.3683,4.17927,0.337594,0.928457,0.46227,0.16244,0.125421,0.142613,0.0965473,0.517039,0.246563,0.107271,0.262905,-0.0346585,-0.204301,-0.215661,-0.0390287,-0.0837247,-0.0462234,0.0380739
-17.5991,4.20007,0.302434,0.87469,0.489152,0.219384,0.330369,0.226629,0.193524,0.314924,0.30834,0.0170181,-0.243522,0.0983875,-0.0247743,-0.180668,0.000892591,0.00422101,-0.0615985,0.0261252
-17.6839,3.94483,0.185562,0.671513,0.338774,0.492512,0.357917,0.202232,0.316443,0.428927,0.183528,0.0950475,0.0411786,-0.0029225,-0.0749504,-0.0264146,0.0198262,-0.146068,-0.338907,0.125693
-17.7013,3.96571,0.205672,0.835937,0.346004,0.29338,0.216734,0.111737,0.145855,0.175225,0.249867,0.12897,0.148297,-0.0609914,-0.162402,0.0964045,-0.0414773,-0.175219,-0.252564,0.147553
-17.9053,4.03739,-0.0815924,0.673431,0.172907,0.229858,0.461168,0.235366,0.0428746,0.0604649,0.111673,0.269731,-0.0857708,-0.206405,-0.160273,-0.176273,-0.114201,-0.103412,-0.130966,0.267316
-17.9307,4.00355,0.0590627,0.514505,0.424124,0.140827,0.294866,0.520706,0.274865,-0.0590806,-0.0645114,-0.00186326,-0.0523176,-0.0303727,-0.231803,-0.171865,-0.200805,-0.0569539,0.0462846,0.202403
-18.0318,4.16625,0.25171,0.538573,0.493925,0.409431,0.431327,0.366147,-0.110339,-0.250103,0.0608288,-0.123401,-0.118759,-0.0631984,0.142296,-0.197569,-0.0830803,-0.0316366,-0.0265681,0.20665
-18.1928,3.91892,0.47366,0.553306,0.359993,0.377208,0.5843,0.264276,0.198445,0.00678019,-0.239121,-0.101371,-0.040798,-0.215285,-0.146144,-0.242875,0.0310519,0.0174324,0.00289339,-0.111453
-18.2436,3.93353,0.653619,0.898572,0.279968,0.238889,0.269917,-0.0411822,-0.109056,0.215573,0.121094,-0.18066,-0.159556,-0.0389895,-0.243293,0.0785771,0.182819,0.158738,-0.266988,-0.0662392
-18.2681,3.89788,0.455776,1.07966,0.481026,0.194377,0.0387911,0.0809615,-0.112375,0.0206376,0.150954,0.0779984,-0.0159142,-0.211752,-0.0960653,0.000651211,-0.027354,0.137965,-0.239415,0.00475025
-18.3632,4.14389,0.405015,0.755671,0.286232,0.189721,0.0767189,0.0490737,0.033159,0.157227,0.145829,-0.0364544,-0.0987122,0.139799,-0.139687,-0.073201,-0.0179896,0.109466,-0.0599155,-0.171125
-18.4872,3.7136,0.568932,0.707631,0.443779,0.113099,0.202598,0.23011,0.0735114,0.03353,-0.0740061,-0.0288904,-0.0143228,-0.0358977,-0.0584241,-0.265708,-0.160249,0.13863,-0.0760718,-0.245916
-18.897,3.58106,0.548376,0.767757,0.503113,0.247923,0.367376,0.21741,-0.113594,-0.0803601,-0.0712631,-0.0496918,0.105327,0.174574,0.0695772,-0.275501,-0.258273,0.0536304,0.0732188,-0.0998371
-18.8998,3.6613,0.688685,0.709383,0.27799,0.0715496,0.264461,0.435468,0.154223,-0.0697304,-0.1815,-0.0850638,0.095695,0.151101,-0.314155,-0.220024,-0.168009,-0.0140645,0.0489841,-0.0711633
-18.8969,3.30718,0.749943,0.616794,0.486996,0.475987,0.268135,0.459481,0.215961,0.119402,-0.352876,-0.22618,0.105086,-0.126736,-0.277629,-0.197963,-0.127001,-0.20854,0.0265986,0.0216141
-19.1782,3.40515,0.896361,0.967436,0.591974,0.313154,0.340683,0.357389,0.222227,0.130587,-0.223663,-0.361298,-0.240921,-0.185826,-0.386876,-0.10031,0.146515,0.0247443,0.12158,0.0204344
-19.5536,2.8599,0.96787,1.14498,0.755425,0.822138,0.755163,0.179038,0.109108,0.00522522,-0.190367,-0.070143,-0.210057,-0.45417,-0.298911,-0.232853,-0.19519,0.028908,0.0482857,0.201362
-19.2171,3.15295,0.986231,1.10197,0.807859,0.360642,0.139637,-0.071078,0.0409,0.219514,0.103557,-0.126874,-0.404771,-0.285956,-0.143522,-0.167616,-0.332116,-0.106542,-0.0510321,-0.038768
-19.4085,3.04911,1.09557,1.10141,0.658764,0.250129,0.211438,0.347527,-0.190026,-0.119806,-0.143188,-0.184037,-0.0898357,0.0143324,-0.0333387,-0.228592,-0.15701,-0.172774,-0.20183,-0.190119
-19.2974,3.16855,0.889787,0.881204,0.7626,0.611133,0.196264,0.0646566,-0.0771157,0.18303,-0.208067,-0.180444,0.0605246,0.161728,-0.193395,-0.427875,-0.238261,-0.230912,0.076767,0.0570839
-19.0644,2.89322,0.834372,0.957764,0.375087,0.618307,0.293224,0.271676,0.0565837,0.0199751,-0.280031,-0.309684,-0.16604,0.0132262,0.0207736,-0.0276315,-0.16121,-0.223964,-0.123833,-0.10659
-19.1793,3.02228,0.890334,0.806902,0.338309,0.341176,0.0486986,-0.12308,0.187062,0.363317,-0.106758,-0.180466,-0.158812,-0.0438325,-0.170172,-0.126925,-0.257129,-0.179848,-0.0650776,-0.0231468
-19.2777,2.97022,1.15273,1.03079,0.761168,0.22075,-0.150717,0.149746,0.123466,-0.0608731,0.210948,0.0671756,0.107314,0.037187,-0.234917,-0.0794327,-0.217814,-0.288394,-0.244982,0.0745953
-19.0773,2.87099,0.662977,0.907345,0.440023,0.352737,0.132825,0.157997,0.0959797,0.313469,0.269827,0.0755728,0.134465,0.0904709,-0.090975,0.0182452,-0.0888284,-0.10314,-0.207075,-0.191966
-19.0502,2.93773,0.932617,0.802388,0.39878,0.228415,0.390946,0.32185,-0.0767923,0.166275,-0.127738,-0.187321,0.190612,-0.0356869,-0.0889006,-0.00357733,-0.0995436,-0.159813,-0.0310513,-0.0558095
-19.2546,2.91298,0.762132,0.857999,0.742314,0.452439,0.153333,-0.0184975,-0.100435,0.09458,-0.00137551,0.0477441,0.0328006,-0.0224091,-0.0740915,-0.140075,-0.213749,-0.113528,-0.163706,-0.081817
-19.3386,2.64974,0.814555,0.935805,0.624826,0.623225,0.204322,0.0958746,-0.0901918,0.0804181,0.0878707,-0.205372,-0.254546,-0.098991,0.130123,0.0843704,-0.00420766,0.101759,-0.0999515,-0.248305
-19.5802,2.70207,0.891658,0.858449,0.808585,0.338417,0.181101,0.259815,0.109482,-0.0134328,0.0555825,-0.0205371,-0.0786372,-0.0573494,-0.132019,-0.0494374,-0.37269,-0.297253,0.162287,0.0751706
-19.7074,2.62436,0.821791,0.576248,0.379883,0.491567,0.302509,0.15602,0.267985,0.112356,-0.115867,-0.221277,-0.094039,0.138164,0.08168,0.0501462,-0.0966249,-0.308401,0.0737125,0.0556889
-19.8672,2.56893,1.25373,0.997387,0.337133,0.339275,0.268697,0.14414,0.266797,0.0233519,-0.0644827,-0.217246,0.0600062,0.220186,-0.10601,0.0622043,-0.00498404,-0.365109,-0.430324,-0.164352
-19.7257,2.49616,1.05204,0.718561,0.0690222,0.296496,0.570098,0.344127,0.280608,-0.11652,-0.0342656,-0.224555,0.374389,0.115091,0.0873798,0.0145947,-0.301241,-0.271379,-0.158357,-0.181996
-19.8177,2.4748,0.620354,0.59431,0.518951,0.564044,0.270777,0.103686,0.139992,0.135032,0.202242,0.0709346,-0.0615049,-0.00961153,0.102244,-0.120031,-0.175099,-0.163748,-0.139662,-0.016877
-19.8676,2.60598,0.692591,0.563128,0.267467,0.571758,0.331551,0.496117,0.107836,-0.287966,-0.16567,0.170742,0.306602,0.153065,-0.105764,-0.276298,-0.021003,-0.0822534,-0.144887,-0.0929561
-19.9744,2.35564,0.63337,0.257337,0.38217,0.644394,0.421343,0.299148,-0.154228,-0.17112,0.124495,0.0617969,0.274226,0.401323,0.201348,-0.052699,-0.046664,0.038508,0.00357955,-0.0135849
-19.9104,2.21611,0.943761,0.479903,0.0898191,0.558951,0.261059,0.207217,0.107549,-0.241723,-0.119639,-0.194539,0.0779233,0.156125,0.411009,0.0376573,-0.173947,-0.124176,0.0260074,-0.136839
-19.6926,2.56431,0.943993,0.31971,-0.133287,0.400126,0.161674,0.315313,0.142667,-0.0521567,0.043113,-0.0231734,0.320103,-0.0652782,-0.115684,0.141998,0.060858,-0.0790388,0.0561167,-0.145261
-19.7728,2.19718,0.762783,0.146991,-0.00541371,0.411402,0.329635,0.510153,0.330909,-0.00781638,0.267238,-0.249857,-0.138713,-0.0102058,0.0172998,-0.0450946,-0.0507358,-0.201215,0.0237461,0.123933
-20.1524,1.79542,0.85238,0.531282,0.0485343,0.559787,0.269859,0.0318668,0.115155,0.0893069,0.295407,0.0490838,0.261208,0.0225603,0.117113,-0.136137,-0.188171,-0.416395,-0.148442,0.0749667
-20.0875,1.9881,1.13289,0.525099,-0.127743,0.278668,0.106896,0.122096,0.310655,-0.0320962,0.160133,-0.146516,-0.00922632,0.0460146,0.194533,0.110908,0.00660853,-0.202964,-0.0858383,-0.0163325
-20.2252,1.75254,1.13422,0.898076,-0.135283,0.276386,0.221175,0.247383,0.0924268,-0.0510128,-0.0732994,-0.0856985,0.113001,-0.187385,0.043841,0.0995908,0.0672603,0.0872571,0.224872,-0.040627
-19.9095,1.74571,0.89311,0.44301,0.021301,0.467954,0.426003,0.275844,0.00305084,-0.138053,0.139513,-0.298609,-0.122117,-0.318349,-0.0243882,0.04106,0.120701,-0.21776,0.00866103,0.121279
-19.7827,1.60066,1.36307,0.591542,-0.0141359,0.413061,0.164818,0.16169,0.00936959,-0.149997,-0.0472808,-0.0570761,0.144537,-0.0107824,-0.0597806,0.233076,0.282741,-0.16433,0.170165,0.0018557
-19.5966,1.87547,1.15015,0.446998,0.237826,0.617575,0.266387,0.10734,-0.0759045,0.170436,-0.160449,-0.30435,-0.0212608,-0.0402427,0.173363,-0.1875,0.127727,-0.106953,0.107265,-0.172214
-19.7515,1.19713,0.860963,0.947278,0.257278,0.439208,-0.0225726,0.140949,0.138616,-0.138052,-0.21189,-0.167206,-0.109059,-0.22228,-0.0206603,-0.170461,-0.080634,-0.131253,-0.100545,-0.0600528
-19.7468,1.22934,1.27778,0.911551,-0.0509413,0.475996,0.32199,0.351958,0.0933226,0.197286,-0.0388788,-0.388587,-0.0927917,-0.267475,0.093258,-0.225638,0.0691609,-0.0702121,-0.0554274,-0.103646
-19.9134,1.1579,1.14122,0.636042,-0.112765,0.329589,-0.113933,-0.217526,-0.343508,-0.0458648,0.0511976,-0.211909,-0.0159029,-0.273948,0.0843881,-0.224879,-0.0463689,-0.107459,-0.00395407,-0.0917913
-19.8269,1.27324,1.15368,0.490437,0.120869,0.313287,0.194035,0.216667,0.000238909,-0.0204378,-0.0750732,-0.0536241,-0.250784,-0.282131,0.236911,0.00731395,0.144592,-0.294967,-0.0832088,-0.106867
-19.5882,1.32799,0.894048,0.404406,0.149208,0.556186,0.456685,0.177298,0.257666,-0.00984671,0.31055,-0.340325,-0.14581,-0.152842,-0.191107,-0.151868,0.15351,-0.230762,-0.0448714,-0.0425075
-19.8071,1.29737,0.951513,0.367493,0.17783,0.494699,0.00648024,-0.11728,0.301378,0.217247,0.363063,-0.131604,-0.362598,-0.421803,0.172198,-0.242722,-0.331817,-0.347993,0.0837083,0.122102
-19.6195,1.14874,0.797813,0.481245,-0.039424,0.056957,0.0781738,0.0292221,0.198658,0.212721,0.0314377,-0.339103,-0.195088,0.0370354,0.316393,-0.106144,0.096089,-0.170282,0.31609,0.0719265
-19.7953,1.08716,0.58617,0.195669,0.029869,0.649834,0.509626,0.0768592,0.183675,0.0161858,0.19721,-0.573009,-0.0720208,-0.0211393,-0.0105903,-0.0746029,0.0431912,-0.0347669,0.225462,-0.0118597
-20.1203,0.447237,0.719886,0.279539,0.0465926,0.554774,0.456896,0.187736,-0.0332942,-0.248103,-0.0141638,-0.190209,0.319525,-0.0908713,-0.118138,-0.12118,0.0329067,-0.301923,-0.0801132,-0.0958959
-19.7013,0.894068,0.961195,0.343143,0.0692055,0.405853,0.21172,0.115182,-0.170101,-0.354234,0.150307,-0.377467,0.199546,-0.0133132,0.0360096,-0.138439,0.0398039,-0.153939,0.106854,-0.0463856
-19.4536,1.06577,0.862645,0.0624713,-0.286645,0.088848,0.0323716,0.0686067,0.175476,-0.148252,0.099607,-0.297945,0.0677695,-0.115473,0.281339,0.08401,-0.00380407,-0.0921134,0.271364,-0.0317757
-19.5339,0.980752,0.771969,0.208938,-0.213919,0.232772,0.0775022,-0.0559494,0.319923,0.205989,0.246919,-0.351628,0.144901,-0.0823408,0.13053,-0.278244,0.0391707,-0.0906714,0.0551001,0.0610152
-19.7737,0.594074,0.803201,0.254663,-0.11199,0.215645,-0.0236713,0.151391,0.20855,-0.0435449,0.283593,-0.0488261,0.0378268,0.0465152,0.190699,0.00691596,0.218039,-0.117736,0.0723124,-0.0458484
-19.867,0.866047,0.913493,0.507083,0.166407,0.513031,0.304267,-0.0460935,0.0536231,-0.111829,0.205518,-0.101743,0.0370785,0.010612,0.358832,0.105138,0.46259,0.00760873,-0.0354016,-0.0767617
-20.1847,0.75662,0.695427,0.507538,-0.225607,-0.036859,-0.0236542,-0.127,0.295086,-0.0269184,0.0479206,-0.327238,0.0155551,0.0442542,0.364048,0.214516,-0.0388158,0.0225107,-0.0219358,-0.169862
-19.8538,0.72017,0.476523,0.356918,-0.242604,0.230787,-0.0329157,0.00795679,0.0905681,-0.0501275,0.198244,-0.0577498,0.170093,-0.0174454,0.19864,0.0761926,0.0259704,-0.300723,0.0139853,-0.0742676
-19.9085,0.568127,0.825534,0.558023,0.249074,0.346708,0.0711915,-0.159703,-0.282743,-0.383385,0.212675,-0.0997215,0.112627,-0.0396784,0.0534436,-0.000704602,-0.0844973,-0.131632,-0.0630819,-0.289297
-19.8085,1.00099,1.10489,0.503772,-0.284852,0.218595,0.427481,0.0424017,-0.274368,0.00093171,0.341681,-0.292511,-0.0724665,-0.314418,0.0949953,-0.0449827,0.0459618,0.173859,0.0972565,-0.219412
-20.0393,0.849663,1.09426,0.272444,-0.126532,0.363683,0.217831,-0.257839,-0.0959445,0.0548141,0.270655,-0.351985,0.120613,-0.0514549,0.0674659,-0.00579329,0.110939,-0.0875188,-0.0568485,-0.0861097
-19.7485,1.03739,1.23383,0.437552,-0.133115,0.170572,0.114268,0.0729652,0.0601019,0.0686267,0.168135,-0.432849,0.0105214,0.104238,0.0908874,-0.127904,-0.0446208,-0.0437169,-0.0127659,-0.116723
-19.4206,1.14957,0.891529,0.249501,-0.270987,0.0810048,0.184934,0.165296,-0.243715,-0.134046,0.237326,-0.281398,0.14528,-0.0447118,0.102092,-0.0667825,0.0642904,-0.11534,0.00624456,-0.205995
-19.589,0.83387,0.697552,0.590769,0.21193,0.229018,-0.0247262,-0.156725,-0.0672161,0.133688,0.348596,-0.315342,0.0517857,0.0859767,0.123622,-0.310688,0.0284851,-0.392478,-0.10287,-0.104199
-19.5762,1.143,0.638537,0.377436,0.0786974,0.116487,-0.0902434,-0.260111,-0.0890818,0.092572,0.435413,0.117699,0.348557,0.00308331,0.160031,-0.294131,0.143008,-0.206129,0.0492346,-0.237752
-19.6338,0.810951,0.903266,0.307586,-0.228615,-0.0309989,-0.0206179,-0.060797,0.097758,-0.0716514,0.47184,-0.0723806,0.281124,-0.225137,-0.0138944,0.0490031,0.286934,0.0523626,-0.0458895,-0.322634
-19.2597,1.12415,0.842338,0.502231,-0.0114568,0.106465,0.0346322,-0.361163,-0.0170586,-0.469605,0.133365,-0.00361192,0.232497,-0.0269132,0.0220432,-0.200032,0.139193,-0.0749217,-0.178747,-0.29947
-19.0493,1.27778,0.552837,0.507813,0.0756695,0.0942225,0.130226,-0.0575764,0.00418213,-0.111284,-0.173411,-0.687966,0.179166,-0.0520367,-0.143136,-0.273881,-0.0818645,-0.264502,-0.293533,-0.460764
-19.0278,1.53277,0.329767,0.375236,0.0745063,-0.234242,0.152347,0.0355861,0.228813,0.0553799,-0.185348,-0.45656,0.232533,-0.0521765,-0.552875,0.205067,0.493422,-0.434342,-0.283934,-0.27595
-18.3335,1.86769,0.255475,0.467202,-0.289511,-0.406267,0.00669883,0.0728327,0.478132,0.242732,-0.0704039,-0.54723,0.0728775,-0.0987583,-0.475153,0.218241,0.684719,-0.545954,-0.57519,-0.443664
-17.9011,1.72605,0.229294,0.662627,-0.614294,-0.521706,0.0169142,-0.0925291,0.263927,0.334524,-0.245603,-0.258618,0.198145,-0.486784,-0.396103,0.496446,0.357666,-0.412127,-0.600506,-0.277159
-17.1663,1.59915,-0.126825,0.732565,-0.9926,-0.661847,-0.366957,0.104306,0.497606,0.0990487,-0.313504,-0.5417,0.082484,-0.540534,-0.523978,0.469799,0.145122,-0.539089,-0.66159,-0.223909
-16.7419,1.72477,-0.172739,0.733504,-1.2235,-0.653275,-0.387395,0.304145,0.583641,0.18179,-0.484019,-0.383738,0.113674,-0.514103,-0.506839,0.416008,-0.09046,-0.755417,-0.52845,-0.0214311
-16.4336,1.90076,-0.0850928,0.949804,-1.28576,-0.671238,-0.450012,0.0589684,0.958481,0.0494094,-0.688525,-0.612931,-0.0132044,-0.722191,-0.537123,0.189713,-0.337385,-0.925063,-0.734926,-0.0319365
-16.1918,1.87181,-0.254743,0.751334,-1.43667,-0.641012,-0.121511,0.249055,0.517672,-0.241496,-0.888792,-0.526702,-0.0566164,-0.547918,-0.784758,-0.316985,-0.287438,-0.596689,-0.794119,-0.115817
-16.1202,2.02601,0.0147849,0.789029,-1.20118,-0.536001,0.0523592,0.511695,0.459191,-0.289099,-0.8083,-0.663951,0.0933139,-0.278965,-0.723912,-0.343986,-0.129045,-0.459478,-0.756732,-0.0340933
-16.1048,2.28385,0.327048,0.879614,-1.24341,-0.856054,-0.300741,0.522091,0.434295,-0.279006,-0.954943,-0.651342,-0.0439275,-0.101681,-0.426858,-0.153792,-0.370169,-0.768687,-0.543367,0.101388
-15.842,2.38846,-0.0424941,0.520368,-1.03838,-0.410901,-0.140321,0.422644,0.400999,-0.164983,-0.860977,-0.888919,-0.18238,-0.00368543,-0.338844,0.00335882,-0.239298,-0.78825,-0.566286,0.258319
-15.6957,2.16522,0.13721,0.751372,-1.33664,-0.45596,0.124891,0.605606,0.433514,-0.0834962,-0.881953,-0.623316,-0.0966112,0.0565497,-0.264952,-0.197727,-0.0859916,-0.824916,-0.744864,0.0732533
-15.9276,2.36928,0.0629806,0.45567,-1.29144,-0.540647,0.065889,0.334301,0.176842,-0.203503,-0.771438,-0.68409,-0.128002,-0.284218,-0.460028,-0.145893,-0.0154665,-0.919338,-0.933041,0.103855
-16.0223,2.37757,0.225784,0.423437,-1.52744,-0.675112,-0.166074,0.547881,0.475456,-0.0473736,-0.899717,-0.719065,0.173773,-0.103024,-0.491833,-0.197436,-0.235162,-0.909301,-0.756677,0.0792379
-16.2605,2.27186,0.105235,0.511486,-1.15558,-0.661535,0.0413185,0.892488,0.586736,-0.177353,-1.23657,-0.749266,0.253803,-0.0477387,-0.559134,0.107683,0.107454,-0.706981,-0.59294,0.0632764
-16.3031,2.29742,-0.0718158,0.386998,-1.20381,-0.640996,-0.087284,0.576693,0.575819,-0.137605,-0.966315,-0.790569,0.215249,-0.0585376,-0.552127,0.296984,0.171225,-0.712219,-0.600666,0.120612
-16.41,2.0456,-0.205343,0.421354,-1.2861,-0.775813,-0.0370631,0.667473,0.548921,-0.127239,-0.808939,-0.691947,0.0748368,-0.204161,-0.514057,0.301417,0.23349,-0.924039,-0.843014,0.232289
-16.4299,1.8558,-0.566561,0.688107,-1.03572,-0.542713,0.0200647,0.70783,0.485577,-0.0586752,-0.859882,-0.990631,-0.227366,-0.120479,-0.262187,0.395971,0.448751,-0.882246,-0.788083,0.337206
-16.5689,2.13224,-0.105459,0.695891,-0.986182,-0.853083,-0.271934,0.641346,0.631617,-0.0141668,-0.671101,-0.992253,0.0197327,0.0602554,-0.64207,0.265356,0.336989,-1.08208,-0.683971,0.549921
-16.5988,2.14197,0.0259331,0.523655,-1.12253,-0.82741,-0.216043,0.529061,0.567718,0.00391986,-0.758448,-0.918582,0.209142,-0.0401962,-0.764508,0.239229,0.464334,-1.30552,-0.672058,0.352818
-17.0064,2.06388,-0.0401534,0.370293,-1.0693,-0.759719,-0.206176,0.649599,0.489194,0.216136,-0.832656,-1.21324,-0.0746714,0.228968,-0.830168,0.379215,0.797208,-1.17995,-0.785862,0.583077
-16.6092,2.28095,-0.277177,0.274053,-0.940131,-0.69907,-0.075084,0.610944,0.49315,0.11054,-0.842314,-0.851696,0.201002,0.237725,-0.815764,0.118485,0.641261,-0.838597,-0.520348,0.49076
-17.3135,1.9917,0.253748,0.452505,-1.16018,-0.583583,-0.192014,0.569617,0.657498,0.342274,-0.821802,-1.10337,0.167768,0.0290281,-0.832827,0.282623,0.735199,-1.139,-0.532549,0.680138
-17.1285,1.78879,0.166128,0.655429,-0.98876,-0.685912,-0.259493,0.450517,0.74233,0.274509,-0.615423,-1.09977,0.162607,0.0282637,-0.774798,0.348879,1.01646,-0.841371,-0.671383,0.669037
-17.3643,1.61229,0.519614,0.616669,-1.22493,-0.552113,0.00734314,0.647622,0.712325,0.369776,-0.833789,-1.20717,0.0718364,-0.0222214,-0.852028,0.249675,1.01833,-0.983936,-0.763802,0.661149
-17.3129,1.57472,0.299246,1.03923,-1.1643,-0.700535,-0.451341,0.435998,0.6491,0.458369,-0.558034,-1.34058,-0.234699,-0.113763,-0.62782,0.391165,0.904481,-1.19414,-0.895771,0.532923
-17.0907,1.65234,0.259722,0.518753,-1.21796,-0.62547,-0.088387,0.510311,0.455601,0.235951,-0.746467,-1.21689,-0.205406,0.0405173,-0.814908,0.101154,0.805135,-1.00037,-0.772997,0.657869
-16.8754,2.04717,0.437917,0.653629,-1.06628,-0.808667,-0.456509,0.206516,0.500217,0.316479,-0.725717,-1.04737,-0.179525,0.0517056,-0.768138,-0.0342874,0.761697,-1.12619,-0.67684,0.534943
-16.9441,1.81546,0.544163,0.719975,-1.17709,-0.559362,-0.510296,0.238996,0.493,0.441017,-1.11436,-1.07305,-0.170367,-0.319551,-0.572775,0.315233,0.845604,-0.840652,-0.664188,0.301468
-16.0912,1.93504,0.039055,0.609633,-1.18399,-0.550752,-0.218384,0.283603,0.169971,0.540316,-0.602069,-0.676131,0.0377252,-0.293823,-0.501332,0.27616,0.776131,-0.880007,-0.842797,0.237037
-15.4313,2.02289,-0.477294,0.595464,-1.26891,-0.39246,-0.321596,0.114729,0.227698,0.309555,-0.511133,-0.966598,-0.0261388,-0.347829,-0.63416,0.0767908,0.380941,-0.92786,-0.782653,0.130507
-15.6269,1.67758,-0.130503,0.913845,-1.22479,-0.637028,-0.223044,0.599872,0.398937,0.204075,-0.469081,-0.931285,-0.1229,-0.322854,-0.459381,0.149474,0.383115,-0.844197,-0.680497,0.218683
-15.1943,1.87937,-0.416746,0.496059,-1.18022,-0.324121,-0.344201,0.365986,0.301438,0.0902517,-0.390713,-0.57156,-0.157684,-0.224052,-0.480898,0.155325,0.274514,-0.667111,-0.572243,-0.152756
-15.1216,2.33151,0.0285739,0.675181,-1.17503,-0.152329,-0.365289,0.0918405,-0.0746021,0.115111,-0.548275,-0.496037,-0.201965,-0.444234,-0.66367,0.181181,0.452651,-0.53799,-0.615836,-0.2692
-14.258,1.88323,-0.396164,0.72038,-1.51831,-0.239493,-0.0743971,0.478544,0.0492063,-0.249669,-0.816486,-0.40942,0.0232636,-0.341905,-0.390439,0.322129,0.220162,-0.651399,-0.669296,-0.152737
-14.3246,2.05637,-0.108893,0.831362,-1.31743,-0.507901,-0.529794,0.467932,0.21699,-0.235893,-0.830302,-0.754833,-0.179336,-0.385825,-0.495742,-0.097265,0.0229223,-0.928092,-0.725209,0.0371982
-14.5343,2.10541,-0.112152,0.738105,-1.15319,-0.222659,-0.0804514,0.686451,0.175647,-0.203143,-0.750294,-0.635959,-0.217818,-0.496811,-0.717964,-0.108919,0.200862,-0.890157,-0.893725,0.119888
-14.1002,1.96886,0.109737,0.682998,-0.954799,-0.0735845,-0.375464,0.244955,0.0732013,-0.131271,-0.681227,-0.88508,-0.576858,-0.570142,-0.585584,0.147571,0.429259,-0.715894,-0.682144,0.0743515
-14.1914,2.04021,-0.000136825,0.711525,-0.87643,-0.370656,-0.498653,0.220226,-0.0194317,-0.0248673,-0.417175,-0.588087,-0.727533,-0.544285,-0.400289,0.0568828,0.381282,-0.796619,-0.736661,-0.0984026
-13.9147,2.2387,-0.103886,0.534965,-0.944685,-0.573336,-0.510007,0.360784,0.0279468,0.0976544,-0.501999,-0.64991,-0.485845,-0.299153,-0.586626,-0.193507,0.276511,-0.946822,-0.770639,-0.0293575
-14.0731,2.27735,-0.0221422,0.534342,-1.22158,-0.627674,-0.519684,0.54604,0.046796,-0.145738,-0.44774,-0.477528,-0.314493,-0.130024,-0.40103,-0.148034,0.110837,-1.18545,-0.73981,0.0538569
-14.2598,2.21519,-0.0087325,0.516275,-1.41571,-0.721051,-0.635438,0.114983,0.0191881,0.00743179,-0.47896,-0.449858,-0.358873,-0.353529,-0.529285,-0.128956,0.145919,-1.06844,-0.852427,-0.0915811
-14.3575,2.12156,0.230213,0.301693,-1.44883,-0.554613,-0.726194,0.250461,-0.0302535,-0.161866,-0.40722,-0.553413,-0.325895,-0.286223,-0.642548,0.0347321,0.332827,-1.01169,-0.727889,-0.0511202
-14.5295,2.24632,-0.0422298,0.369078,-1.37693,-0.468471,-0.628261,0.305839,0.278938,0.111453,-0.565448,-0.622358,-0.268491,0.00349245,-0.490726,-0.108647,0.13404,-1.18583,-0.836172,0.123271
-14.6011,2.22722,0.009834,0.384313,-1.24397,-0.688145,-0.523929,0.273806,0.377681,0.374499,-0.593889,-0.518835,-0.226345,0.0440295,-0.501889,-0.203346,0.363921,-1.02677,-0.930379,0.139353
-14.744,2.06183,0.104198,0.393586,-1.32023,-0.955173,-0.387649,0.532739,0.331464,0.166226,-0.606419,-0.554518,-0.0769556,-0.0224354,-0.572012,-0.197624,0.56801,-1.07289,-0.879126,0.101231
-14.9475,1.89416,-0.135778,0.341647,-1.11833,-0.907422,-0.465924,0.392925,0.484366,0.31262,-0.66503,-0.714179,-0.292183,-0.155357,-0.547566,-0.0595901,0.54298,-1.2681,-0.782234,0.257775
-15.1566,1.66653,-0.25219,0.0875451,-1.25346,-0.686815,-0.692493,0.180576,0.253113,0.026832,-0.913231,-0.654265,-0.326264,-0.166389,-0.406106,0.203206,0.838968,-1.11743,-0.892723,0.190677
-15.3148,1.59208,0.0345102,0.373793,-1.03894,-0.599963,-0.594435,0.48006,0.556807,0.264892,-0.683294,-0.649538,-0.160751,-0.146299,-0.328707,0.515429,0.784193,-1.09589,-0.944115,0.324504
-15.2006,1.72305,0.294907,0.441545,-1.14771,-0.66929,-0.51737,0.381922,0.426114,0.25883,-0.915118,-0.95482,0.114409,-0.184665,-0.483473,0.256109,0.631005,-1.06172,-0.996973,0.438186
-15.5063,1.72993,0.455167,0.714278,-1.26651,-0.816199,-0.407212,0.685296,0.603456,0.376138,-0.821074,-0.919783,0.250294,-0.0807058,-0.774994,0.0891484,0.893865,-1.07563,-1.00221,0.249965
-15.5824,1.9643,0.213632,0.344099,-1.159,-0.415966,-0.360642,0.348399,0.475833,0.334162,-0.640579,-0.8758,0.11628,-0.201561,-0.499316,0.176063,0.949845,-1.29316,-0.836037,0.401034
-16.0605,1.48301,0.40623,0.315215,-0.955821,-0.472944,-0.541446,0.705456,0.741764,0.323249,-0.637468,-0.893205,-0.20447,0.0231297,-0.526026,0.203986,1.03427,-1.14018,-0.679471,0.503157
-15.8916,1.3101,0.329274,0.267255,-0.956826,-0.264459,-0.293379,0.73077,0.752565,0.090142,-0.997859,-0.901541,-0.336806,-0.105226,-0.525104,0.378687,1.03099,-0.91682,-0.553347,0.411201
-16.0285,1.23732,0.176915,0.620191,-1.09737,-0.537757,-0.158696,0.793512,0.93674,0.26806,-0.668164,-0.989696,-0.0642835,-0.17009,-0.524534,0.394183,1.19893,-0.980631,-0.804664,0.36994
-16.0535,1.18513,0.056612,0.320321,-1.3513,-0.92281,-0.497595,0.723184,0.920904,0.51144,-0.426603,-1.03056,0.091652,0.154777,-0.540173,0.575847,1.28978,-1.14804,-0.810779,0.607769
-16.1709,1.34898,0.35572,0.337495,-1.41496,-0.789745,-0.690452,0.863154,1.10844,0.603409,-0.392959,-1.08585,0.292888,0.409686,-0.725742,0.367094,1.25765,-1.13168,-0.731537,0.473593
-16.0636,1.16093,0.204654,0.422962,-1.28176,-0.687193,-0.616542,0.798026,0.948411,0.480878,-0.379409,-1.2015,0.0496234,0.315463,-0.722648,0.294048,1.3583,-0.923231,-0.796669,0.44593
-15.975,0.853406,0.246807,0.403474,-1.23143,-0.447708,-0.428277,0.601142,0.808798,0.360344,-0.738108,-1.2168,-0.0662562,0.00766725,-0.937944,0.488284,1.43649,-1.02394,-0.975172,0.564746
-15.8487,1.15241,0.0781637,0.325671,-0.905086,-0.614162,-0.603503,0.990558,0.864852,0.391077,-0.753332,-1.06785,0.0326854,-0.0390604,-1.08169,0.419016,1.23082,-1.0373,-0.657282,0.531385
-15.4865,1.40225,0.0146299,0.335553,-1.06058,-0.724808,-0.214523,0.729176,0.442954,0.286802,-0.4584,-0.881991,-0.268167,0.178891,-0.867989,0.378133,1.1846,-1.24396,-0.727106,0.359999
-15.2472,1.43581,0.00662713,0.199244,-1.09377,-0.655608,-0.488227,0.625858,0.571167,0.480701,-0.372347,-0.689722,-0.230323,-0.0106688,-0.573722,0.287034,1.04728,-1.30814,-0.761025,0.342324
-14.8397,1.66673,0.145335,0.605182,-1.43255,-0.846493,-0.513352,0.401267,0.45406,0.170206,-0.594388,-0.660234,-0.133952,-0.285705,-0.475201,0.0829941,0.751219,-1.13371,-1.01628,0.166732
-14.4153,1.61061,0.137379,0.731882,-1.26796,-0.651504,-0.194507,0.442099,0.574481,0.439899,-0.506078,-0.490962,-0.307195,-0.519157,-0.638121,0.150606,0.509953,-1.29802,-0.937643,0.145416
-14.0416,1.69958,0.135403,0.751539,-1.39944,-0.778291,-0.253204,0.488544,0.415099,-0.10208,-0.911424,-0.944546,-0.248407,-0.520247,-0.606402,0.146647,0.214436,-1.04086,-0.705775,-0.0651866
-13.973,1.9396,0.0653887,0.844412,-1.27717,-0.804822,-0.39514,0.381047,0.36185,-0.0431033,-0.903877,-1.0518,-0.272928,-0.30167,-0.521049,-0.110341,0.544347,-0.897687,-0.91747,0.140492
-13.9111,1.95358,0.138356,0.713981,-1.1717,-0.633511,-0.491896,0.312314,0.514168,0.509277,-0.496044,-0.862659,0.0331941,-0.140912,-0.780998,0.0727678,0.847286,-0.997014,-1.07046,0.253511
-14.0285,1.40374,-0.289815,0.640691,-1.03847,-0.928022,-0.549992,0.464858,0.455199,0.377502,-0.31963,-0.469852,0.167057,-0.0153489,-0.875118,0.0905291,0.780411,-0.827297,-1.07935,-0.0226382
-13.8471,1.639,-0.0711736,0.860684,-0.870346,-0.689082,-0.527233,0.325611,0.34501,0.325105,-0.350683,-0.848376,-0.0435453,-0.161623,-0.585453,0.419152,0.762698,-0.690086,-0.925343,-0.0407579
-13.9038,1.78545,0.027494,0.992124,-1.24702,-0.570451,-0.185466,0.259678,0.397356,0.127307,-0.487304,-1.01958,-0.168359,-0.422334,-0.371812,0.261691,0.457162,-0.71557,-0.759047,0.201229
-13.8212,1.79832,0.0823699,0.745413,-0.885317,-0.441612,-0.145211,0.644422,0.507123,0.0983736,-0.588988,-0.943599,-0.268801,-0.441589,-0.617519,0.0655262,0.401775,-0.781016,-0.488118,0.246182
-13.6978,2.20028,0.224665,0.756546,-1.04938,-0.404667,-0.243291,0.585663,0.252757,-0.0611624,-0.557862,-0.747496,-0.277482,-0.39481,-0.506969,0.111253,0.390746,-0.776122,-0.555855,0.0838137
-13.4976,1.98742,0.195171,1.11875,-1.0427,-0.508108,-0.342897,0.428776,0.334741,0.236488,-0.330236,-0.732675,-0.578153,-0.28343,-0.322586,0.272954,0.545638,-0.98816,-0.650342,-0.104262
-13.357,1.90898,0.24213,0.551885,-0.918042,-0.684931,-0.221656,0.548008,0.0886821,0.311372,-0.613676,-0.828413,-0.418881,-0.275877,-0.719054,0.171413,0.610043,-0.835956,-0.681168,-0.147937
-13.6681,2.16798,0.105709,0.596407,-1.21417,-0.834302,-0.262172,0.536774,0.34617,0.0200401,-0.639463,-0.874475,-0.296841,-0.43346,-0.817039,0.0152292,0.706868,-1.11707,-0.941269,0.196198
-13.8094,2.06886,0.111123,0.821326,-0.874472,-0.924876,-0.265547,0.264177,0.320976,0.0261244,-0.787648,-0.873482,0.0517758,-0.361049,-0.91776,0.267785,0.87896,-0.852235,-0.970967,0.212336
-14.0824,1.98839,0.223183,0.931007,-1.04217,-0.920127,-0.470232,0.253164,0.287867,-9.84477e-05,-0.667833,-1.08462,0.0856738,-0.19019,-0.92195,0.184144,1.02518,-0.790238,-0.912129,0.160419
-14.1313,1.96176,0.28046,0.552834,-1.23315,-0.827931,-0.24413,0.259379,0.25286,-0.17763,-0.774302,-0.934348,-0.10756,-0.15455,-0.784586,0.166783,0.642487,-0.84262,-0.668598,0.0961256
-14.3539,1.75107,0.329579,0.824093,-0.83897,-0.616496,-0.448757,0.436042,0.552349,-0.171458,-0.997821,-1.13994,-0.176205,-0.119525,-0.325924,0.169273,0.614369,-0.855265,-0.530363,0.225247
-14.4178,1.93042,0.324771,0.467208,-0.830875,-0.799786,-0.109048,0.483471,0.202079,-0.121054,-0.957238,-1.03497,-0.342377,-0.117172,-0.586442,0.487593,0.761604,-1.40533,-0.679804,0.0839039
-14.4205,2.13268,0.1068,0.368506,-0.902345,-0.727003,-0.0853705,0.672403,0.485957,0.315643,-0.883147,-0.929704,-0.176248,-0.168815,-1.01331,0.340786,0.718658,-1.24916,-0.668152,-0.0275113
-14.2013,1.72706,0.0422279,0.163415,-1.01491,-0.59892,-0.0688103,0.493655,0.495054,0.160738,-1.14097,-0.995729,-0.336124,-0.23648,-0.770661,0.0926238,0.736801,-1.31194,-0.708592,0.114468
-14.6056,1.79244,0.331865,0.374706,-1.08707,-0.746203,0.203291,0.85836,0.449319,0.226758,-0.901829,-0.851674,-0.275292,-0.118283,-0.510502,0.0299312,0.650005,-0.816814,-0.435352,0.0738226
-14.9646,1.72941,0.382633,0.684132,-0.900426,-0.848971,0.0721385,0.699356,0.433578,0.336291,-0.90498,-0.934061,0.0698018,-0.127659,-0.831029,0.0976452,0.812357,-0.742156,-0.550084,0.191414
-14.7712,1.89118,0.42128,0.385327,-0.887257,-0.615078,0.18522,0.826795,0.449591,0.143036,-0.70142,-0.981615,-0.1706,-0.0769493,-0.735968,0.393202,0.922915,-0.808714,-0.409027,0.312738
-15.1018,2.10308,0.674071,0.45935,-1.11958,-0.728394,0.0583964,0.603608,0.561658,0.173329,-0.705025,-0.969545,-0.340003,0.222574,-0.686382,0.240373,0.76635,-0.751888,-0.268114,0.142363
-15.0706,1.80823,0.668236,0.597438,-0.995491,-0.480872,-0.14812,0.795479,0.50707,0.477882,-0.552808,-0.874174,-0.350978,-0.157854,-0.569445,0.306449,0.601445,-1.02899,-0.63813,0.0744444
-14.8986,1.95447,0.721968,0.580854,-0.670017,-0.878214,-0.289338,0.620163,0.630413,0.348463,-0.818713,-0.79752,-0.209043,0.0309359,-0.618382,0.23316,0.742228,-1.12,-0.575434,-0.0322477
-14.7421,1.8102,0.682918,0.185713,-0.590926,-0.780882,-0.345867,0.878878,0.604688,0.509858,-0.557817,-0.884056,-0.213781,-0.133838,-0.890451,0.188418,0.898383,-1.05058,-0.695697,0.161185
-15.3406,1.86271,0.458735,0.289276,-0.997762,-1.11731,-0.290363,0.641636,0.611494,0.333366,-0.827176,-1.00947,-0.261118,0.0486898,-1.15804,0.220589,1.2519,-1.08863,-0.717067,0.299965
-15.3398,1.43272,0.294522,0.256697,-0.950598,-0.861939,-0.364464,0.897175,0.627287,0.631311,-0.474601,-1.05668,-0.0174732,0.341168,-1.01563,0.239622,1.27011,-1.06488,-0.487095,0.334199
-15.6219,1.47107,0.455788,0.0569575,-0.856081,-0.84269,-0.132785,1.02908,0.698897,0.863521,-0.500921,-0.681373,0.084878,0.175721,-0.915806,0.443441,1.22842,-0.95194,-0.461133,0.0483443
-15.688,1.71143,0.718594,0.0553242,-1.19172,-0.967318,-0.188325,0.815248,0.460809,0.664023,-0.782843,-0.92738,-0.174605,0.355023,-0.954211,0.40629,1.19804,-1.00708,-0.395617,0.0252852
-15.8972,1.65822,0.42108,-0.0825228,-1.10826,-1.17386,0.0275008,0.913537,0.626607,0.765421,-0.713785,-0.831714,-0.0064196,0.483408,-0.889974,0.615503,1.11496,-1.31059,-0.385183,0.088469
-15.9616,1.54534,0.111816,0.0613004,-0.66053,-1.03028,0.00397943,1.12342,0.651327,0.818728,-0.633514,-0.797632,-0.281325,0.364722,-0.637332,0.923677,1.51985,-1.00845,-0.294583,0.159469
-16.0881,1.57386,0.30732,-0.0872521,-0.812383,-1.02526,-0.204864,1.14135,0.320242,0.690646,-0.860528,-1.06796,-0.336665,0.172063,-0.667603,0.687839,1.45337,-1.14273,-0.444635,0.143906
-16.1365,1.29689,0.346866,0.0583292,-0.804324,-0.770201,-0.126548,1.32352,0.343103,0.914247,-0.796172,-1.18377,0.0940815,-0.0407931,-0.862573,0.886154,1.65491,-1.23233,-0.598955,0.180581
-16.248,1.35376,0.472559,0.185553,-0.963857,-0.679446,-0.230626,0.962376,0.666479,0.905363,-1.24205,-1.18055,0.128394,-0.0362381,-1.02351,0.79092,1.52874,-1.13168,-0.438262,0.135523
-15.893,1.23358,0.344135,0.0541016,-1.05363,-0.861434,-0.161099,1.02108,0.397185,0.985738,-0.938196,-1.13507,-0.200479,-0.0186913,-1.00026,0.815669,1.26036,-1.14289,-0.577136,0.0680144
-16.1142,1.26141,0.358828,-0.0115667,-1.06092,-0.932007,-0.138621,1.15328,0.265377,0.873847,-0.912635,-1.32928,-0.205209,0.076737,-0.612406,0.732417,1.19397,-1.11412,-0.297521,0.152284
-16.3346,1.07585,0.665711,0.0348515,-1.49015,-0.829968,-0.0116133,0.962668,0.270851,1.33622,-0.514979,-1.15364,-0.147694,0.0476388,-0.443271,0.667015,0.923659,-1.18778,-0.451147,-0.0352158
-15.0898,0.545708,-0.020857,0.47585,-1.89927,-0.320901,-0.0287089,0.993953,0.455152,0.732215,-0.549995,-0.496552,0.0303724,-0.0722034,-0.514715,0.527564,0.669231,-0.64557,-0.208786,-0.291192
-14.8283,0.784281,-0.0987375,1.00425,-1.23518,-0.14887,-0.174417,0.477371,0.407548,0.094357,-0.599411,-0.428619,0.13193,-0.252592,-0.145378,0.62804,0.310971,-0.5024,-0.10431,0.193594
-14.8614,0.762958,0.233845,0.721567,-1.45727,-0.585293,0.2861,0.960407,0.489557,-0.490036,-0.88679,-0.193034,0.127313,-0.0296845,0.00148167,0.284132,-0.144812,-0.395444,-0.178926,0.205437
-14.958,1.15254,-0.467163,0.472629,-1.51603,-0.340502,0.289652,0.997572,0.725462,-0.820511,-0.936933,-0.351647,-0.154882,-0.0808039,0.27333,0.0276398,-0.183691,0.0265605,-0.254338,0.0301515
-14.8102,1.19267,-0.277237,0.529421,-1.24705,-0.242515,0.355938,1.27003,1.09449,-0.454452,-0.987698,-0.386493,-0.156163,-0.0694784,0.283764,0.243659,0.0764238,-0.162083,-0.323772,0.283352
-15.415,1.12001,-0.256597,0.677233,-1.31072,-0.286287,0.151904,1.16014,1.03177,-0.245743,-1.02143,-0.337901,-0.185084,-0.0676974,0.286388,0.211729,0.312782,-0.0490646,-0.556405,-0.128934
-15.7009,1.14695,-0.531114,0.37687,-1.31891,-0.455199,0.147072,1.31748,0.998291,-0.589038,-0.90722,-0.715919,-0.260576,0.0903609,0.321162,0.0258645,0.0791427,0.0940122,-0.311774,0.180599
-15.5679,1.33178,-0.348176,0.174119,-1.47316,-0.61718,0.123855,1.32792,0.702906,-0.658339,-0.996382,-0.465619,0.0825938,0.139753,0.490836,0.0497109,-0.157845,0.166032,-0.281516,0.26776
-15.6646,1.16292,-0.295624,0.012177,-1.90911,-0.426243,0.154422,1.27888,0.622699,-0.888667,-1.05957,-0.228103,0.127947,0.00326286,0.459245,-0.0652349,-0.238868,0.260909,-0.391065,0.0645259
-15.5726,1.28486,-0.0512256,0.0562993,-1.80377,-0.0779469,0.322021,1.41855,0.736311,-0.916387,-0.515368,-0.0475207,-0.0874326,0.113221,0.686494,-0.209068,-0.356863,0.38489,-0.431453,0.217579
-15.5114,1.05742,-0.273193,0.203486,-1.54776,-0.0245171,0.227408,1.41604,0.589393,-0.955423,-0.854674,-0.236965,-0.0990496,-0.104544,0.681995,-0.119104,-0.199536,0.46873,-0.334728,0.100126
-15.4692,0.918878,-0.594513,0.26334,-1.76777,-0.351704,0.328145,1.49634,0.46059,-0.68067,-0.708558,-0.432362,-0.121412,-0.108647,0.564612,-0.179786,-0.389159,0.360177,-0.3728,-0.00210926
-15.2874,1.11041,-0.187209,0.270459,-1.78954,-0.216344,0.534313,1.24525,0.159675,-0.871833,-0.748996,-0.486287,-0.288525,0.176071,0.760636,-0.214649,-0.570277,0.519722,-0.0327037,-0.0258003
-15.3439,0.911086,-0.171926,0.210503,-1.89695,-0.348587,0.757464,1.3481,0.4238,-0.87798,-0.84243,-0.29092,-0.154249,0.105115,0.791031,-0.368208,-0.700989,0.402829,-0.32688,0.217205
-15.5586,0.641426,-0.725111,-0.0578561,-1.62153,-0.318251,0.68354,1.46413,0.7025,-0.882734,-0.713055,-0.220553,0.108109,0.14159,0.741064,-0.408067,-0.784285,0.567311,-0.411778,0.235438
-15.8327,0.493471,-0.393385,0.128289,-1.62124,-0.467741,0.941337,1.65865,0.549508,-1.02966,-0.82805,-0.375705,0.0523414,0.00899452,0.956005,-0.413063,-0.643735,0.854866,-0.210541,0.350791
-15.8341,0.369992,-0.172496,0.403301,-1.48654,-0.456867,0.820512,1.58414,0.80184,-1.13063,-0.943908,-0.151624,0.0961727,0.00450567,1.04041,-0.454015,-0.697836,0.483462,-0.220027,0.370275
-15.9445,0.320866,-0.22599,0.60334,-1.80255,-0.554773,0.825408,1.69449,0.825409,-1.38765,-0.775814,0.211581,0.271689,0.228611,0.762256,-0.478862,-0.570686,0.420382,-0.185997,0.116894
-16.0299,0.132965,-0.288542,0.221923,-1.75277,-0.531314,0.590542,1.55532,0.725313,-1.4195,-1.06149,0.177431,0.415511,0.347479,0.867138,-0.564655,-0.777725,0.820696,0.0504528,0.12383
-15.9967,0.0619212,-0.368185,-0.00220093,-1.73758,-0.378367,0.817001,1.66853,0.568366,-1.47029,-0.922719,0.0647757,0.276237,0.307438,0.896293,-0.539376,-0.856666,0.799549,-0.298702,0.220287
-15.9377,-0.0258651,-0.576288,0.0119219,-1.81701,-0.516881,0.689419,1.66435,0.672118,-1.40917,-0.924344,0.156995,0.459193,0.0957282,0.953859,-0.600871,-0.809489,0.757781,-0.240172,0.428142
-16.0103,0.16154,-0.151492,0.144537,-1.40648,-0.56179,0.781115,1.56624,0.492616,-1.65082,-1.17039,0.15904,0.37151,0.0571456,1.03578,-0.819064,-0.800053,0.807832,-0.258843,0.474578
-16.3051,-0.0234412,-0.138842,0.0133701,-1.24781,-0.462973,0.739534,1.50801,0.410348,-1.88058,-1.40005,0.101942,0.0107339,0.0589788,1.21807,-0.932433,-0.671852,0.837135,-0.176158,0.186981
-16.0174,0.155725,-0.278651,0.0668965,-1.43785,-0.425597,1.13167,1.64279,0.341345,-1.2454,-0.910989,0.544787,0.179756,-0.191305,1.18172,-0.906334,-0.828648,0.534659,-0.106185,0.325698
-16.1395,0.125398,-0.310851,-0.0836449,-1.48298,-0.380981,1.36516,1.62612,0.390771,-1.16195,-0.96458,0.622366,0.131577,0.0879966,1.10771,-0.726852,-0.871686,0.521382,-0.035176,0.268594
-15.8874,0.0463142,-0.445073,-0.148616,-1.47796,-0.38787,0.99825,1.68117,0.519471,-1.24628,-1.24412,0.370143,0.320962,0.135668,1.00948,-0.647644,-0.8059,0.722298,-0.116593,0.241188
-15.8537,0.23793,-0.171134,-0.0985357,-1.47618,-0.0726303,1.05594,1.73432,0.496634,-1.38286,-1.04958,0.445672,0.316342,0.0945124,1.26049,-0.584641,-0.77394,0.753689,-0.0465909,0.23069
-16.0336,0.066595,-0.203588,-0.158289,-1.71668,-0.111405,1.07941,1.84046,0.548243,-1.33853,-0.941323,0.429085,0.106887,0.0741748,1.17136,-0.509385,-0.677313,0.786233,-0.047224,0.315841
-16.012,0.167545,-0.223571,-0.248277,-1.57037,0.0722632,0.983475,1.74065,0.409399,-1.24892,-0.980422,0.431814,0.064048,0.020476,1.29864,-0.353835,-0.863447,0.956465,-0.0782942,0.263254
-16.2718,0.182989,0.152602,-0.239397,-1.78952,0.268193,0.992116,1.67994,-0.217242,-1.33381,-1.17148,0.24548,0.149978,0.135467,1.46718,-0.443695,-0.9636,0.998439,-0.186077,0.148741
-16.2403,0.0976001,0.174927,0.193779,-1.3306,0.0144851,1.1284,1.98371,0.137638,-1.56718,-1.43041,0.016024,0.493966,0.162004,1.23563,-0.612085,-1.13996,1.08803,-0.330146,0.374502
-16.1266,0.187646,-0.0787992,-0.00241332,-1.27172,0.0760814,0.990016,1.85194,0.0544533,-1.63289,-1.1823,0.234976,0.550587,0.0112749,1.19779,-0.486609,-0.95493,1.03142,-0.591044,0.250521
-16.4452,0.142155,0.0343103,-0.288333,-1.27132,-0.226333,0.936537,1.68855,0.433045,-1.57941,-0.801924,0.237868,0.29762,0.20043,1.31859,-0.828217,-1.14159,1.03147,-0.367632,0.389473
-16.1783,0.483191,0.00336003,-0.485833,-1.24616,-0.383255,1.0081,1.26627,0.103844,-1.69027,-0.519973,0.421112,0.0450829,0.0881486,1.29872,-0.668559,-1.0907,0.795047,-0.460068,0.136555
-15.6946,0.862677,-0.183443,-0.0227529,-0.941905,-0.512624,0.918485,1.14275,0.184185,-1.48217,-0.592237,0.467011,0.304311,0.266814,1.47621,-0.548331,-0.866652,0.653856,-0.23302,0.317157
-15.3703,0.941139,-0.386727,-0.172663,-1.11206,-0.744092,0.700168,0.886461,-0.04728,-1.34453,-0.686207,0.284106,0.372238,0.327622,1.22299,-0.511711,-1.07009,0.527812,-0.489547,-0.0842697
-14.9711,1.09816,-0.323339,-0.191305,-1.05961,-0.617096,0.572579,0.660455,-0.455958,-1.41693,-0.512569,0.306724,0.358016,0.349192,1.08451,-0.642752,-1.06745,0.385606,-0.479855,-0.0252366
-14.4998,1.43874,-0.130257,-0.0875178,-1.27336,-0.588629,0.475536,0.458994,-0.44132,-1.55632,-0.333459,0.306004,0.223543,0.185334,0.635578,-0.714463,-1.1854,0.1872,-0.576021,-0.0850106
-14.2472,1.56575,0.208325,0.220884,-1.03796,-0.456855,0.177022,0.686583,-0.0955864,-1.26379,-0.331895,0.17611,0.475054,0.241125,0.478465,-0.625658,-1.31035,0.333919,-0.4848,0.0230183
-13.9211,1.71663,-0.0647398,0.187625,-0.685802,-0.23412,0.131138,0.775651,-0.111056,-1.14788,-0.342952,0.0562237,0.499064,0.199542,0.399038,-0.622493,-1.33116,0.466383,-0.524975,-0.0120783
-14.0098,1.69007,-0.150633,0.120198,-0.947707,-0.29431,-0.0895101,0.637775,-0.37914,-1.22347,-0.391526,-0.0372725,0.418649,0.00644943,0.310086,-0.845919,-1.63579,0.297481,-0.461569,0.059506
-14.0867,1.83319,0.101361,0.212658,-1.15462,-0.376744,0.272751,0.92742,-0.543577,-1.30059,-0.105979,0.133382,0.281256,-0.0868041,0.493459,-0.745769,-1.72573,0.366412,-0.55315,0.188852
-14.3254,1.64732,-0.111815,0.17411,-0.800002,-0.092671,0.241279,0.964073,-0.298798,-1.17432,-0.173707,0.078735,0.317274,-0.00136043,0.591632,-0.828668,-1.87609,0.259046,-0.39179,0.194509
-14.9058,1.20093,-0.0542611,0.354582,-0.450369,-0.138648,-0.11087,0.947984,-0.454438,-1.03162,-0.228679,0.128433,0.300595,0.145929,0.444857,-0.79702,-1.97406,0.0254856,-0.143118,0.0318549
-14.4183,0.837776,-0.137207,0.142544,-0.992608,-0.192912,0.11626,0.926277,-0.308702,-1.2306,-0.92143,0.182404,-0.178484,-0.17557,0.439239,-0.389997,-1.79633,0.282944,-0.24419,-0.161425
-13.9527,0.468686,0.0816848,0.236625,-0.950158,-0.0270945,0.632069,1.09892,-0.250767,-1.50659,-1.06237,0.603328,0.0353354,-0.113086,0.942876,-0.118787,-1.71063,0.0288076,-0.0977973,-0.0979673
-14.0264,0.706759,-0.0499233,0.25457,-1.02075,-0.13152,0.48999,0.760776,0.0167706,-1.28967,-1.02325,0.700912,0.0492154,0.0886426,0.736033,-0.47374,-1.90426,-0.125677,0.0716617,-0.149297
-14.6128,0.653025,0.341599,0.231517,-1.2799,-0.306714,0.584471,0.95323,-0.0823553,-1.28658,-0.751349,0.731731,-0.0700743,-0.000757855,1.22314,-0.232444,-1.95064,-0.28091,0.245727,-0.0781114
-14.7928,0.149825,0.0922402,0.0772036,-0.849495,-0.249939,-0.0189825,0.821424,0.173272,-0.962954,-0.884494,0.367161,-0.215384,-0.369351,0.880836,-0.0238431,-1.61407,-0.169569,-0.14046,-0.324857
-14.9942,0.240515,0.379535,-0.110158,-1.11332,-0.0618398,0.0352262,0.839852,0.29384,-1.03624,-1.12306,0.74101,0.248126,-0.262542,0.824421,-0.101552,-1.82544,-0.157198,-0.140715,-0.405749
-14.93,0.401991,0.377274,-0.121849,-1.07261,-0.0716931,0.26431,0.692097,0.363572,-1.06038,-1.42132,0.447131,0.369352,-0.369496,0.633083,-0.130504,-1.80927,-0.057997,0.00258081,-0.206788
-14.9275,0.528921,0.478539,0.111602,-1.22905,-0.179806,0.370562,0.50204,-0.114408,-0.95597,-1.24354,0.321073,0.364225,-0.160434,0.818008,-0.029327,-1.44817,-0.326856,-0.141617,0.0724004
-15.3117,0.441958,0.336081,0.102954,-1.11709,-0.139394,0.26179,0.919629,0.221259,-0.928978,-1.13365,0.0480955,0.148668,-0.250911,0.887253,-0.147089,-1.52027,-0.145729,-0.382319,-0.3328
-15.6141,0.25717,0.189317,0.0853834,-0.959725,-0.0899697,0.722475,1.1241,0.223748,-1.06196,-1.1816,0.246655,0.083301,-0.418225,0.870255,-0.0197339,-1.66095,-0.0305027,0.150627,-0.164862
-15.4409,0.447262,0.535218,0.168531,-0.88996,-0.17027,0.456448,1.14431,-0.00552087,-1.37225,-1.31383,0.323027,0.282835,-0.112396,1.17222,-0.0616367,-2.07808,-0.0186031,0.340428,-0.0980927
-15.3158,0.237745,0.215255,-0.147683,-1.08458,-0.180088,0.524887,1.35505,0.299509,-1.21614,-0.94983,0.467646,0.351355,-0.306301,1.08973,0.0389901,-2.06494,0.0222135,0.299516,0.0213291
-15.297,0.177687,0.277277,-0.072911,-0.953101,-0.0721947,0.646613,1.25934,0.140807,-1.23981,-0.77104,0.422536,0.330766,-0.212184,1.25218,0.0984556,-2.18376,-0.0584744,0.215899,-0.0678169
-15.4827,0.13516,0.481528,-0.0679539,-0.794121,-0.247553,0.279678,1.41335,0.451898,-1.29424,-1.08859,0.606792,0.644001,-0.0903877,1.33176,0.419337,-2.06071,-0.0535699,-0.0137838,-0.480051
-15.6136,0.105563,0.531414,-0.154096,-0.964351,-0.316377,0.328611,1.29401,0.129794,-1.34774,-0.98625,0.470095,0.41191,-0.195262,1.191,0.147764,-2.21376,-0.146869,0.199639,-0.106747
-15.6719,0.230876,0.719122,0.0989046,-0.788704,-0.267755,0.483777,1.30001,0.108574,-1.41219,-1.12746,0.280918,0.323216,-0.176676,1.08167,0.268486,-1.9963,-0.0345328,0.174548,-0.0502022
-16.0935,0.0283987,0.435481,-0.133206,-0.744428,-0.185086,0.600554,1.30545,0.290421,-1.51804,-1.16321,0.458894,0.552799,-0.0344701,1.17751,0.61972,-1.84677,0.0730562,0.147972,-0.276662
-15.6658,0.478858,0.311232,-0.133827,-0.639963,-0.287975,0.673763,1.10492,0.346842,-1.07729,-0.958817,0.308218,0.535061,-0.33644,0.722919,0.464542,-2.14426,-0.142434,0.135627,-0.117101
-15.5454,0.565926,0.191683,-0.200031,-0.906033,-0.305909,0.650617,0.661538,0.145021,-1.21769,-0.965782,0.501441,0.599832,-0.0798745,0.871256,0.627792,-1.77111,-0.135999,0.148625,-0.298195
-14.7434,1.04577,0.284828,0.0259307,-0.735117,-0.50838,0.364938,0.958534,0.444376,-1.14871,-1.17221,0.106237,0.558951,-0.084212,0.603936,0.503698,-1.47771,-0.125906,-0.0990109,-0.42994
-14.5783,0.83964,-0.125613,-0.217247,-0.94681,-0.57544,0.174554,0.819812,0.53896,-0.905363,-0.938348,0.287988,0.703578,-0.215279,0.619561,0.490872,-1.69109,-0.201387,-0.211483,-0.379066
-14.3834,0.910255,-0.0142283,-0.111109,-1.10784,-0.676792,0.0776179,0.466154,0.00972127,-1.29953,-1.07758,0.170273,0.610945,-0.26179,0.730105,0.473182,-1.69689,-0.194017,-0.317296,-0.800524
-14.4775,0.623741,-0.227161,-0.0455527,-0.691656,-0.268186,0.107792,0.343755,-0.00603587,-1.22424,-1.00797,0.124332,0.690593,-0.146258,0.837576,0.636818,-1.67546,-0.184703,-0.17407,-0.646258
-14.5643,0.399433,-0.114234,0.254853,-0.679785,-0.209827,0.322878,0.555408,0.281133,-1.06814,-0.943143,0.0502734,0.601974,-0.284341,0.659519,0.435138,-1.6562,-0.0989321,-0.288025,-0.426704
-14.6813,0.711003,0.355362,0.358788,-0.991374,-0.474858,0.0532283,0.497594,0.464595,-0.869886,-0.804895,0.00752325,0.195285,-0.362414,0.816981,0.41884,-2.00427,-0.178287,-0.333421,-0.517684
-14.435,0.55493,0.142166,0.575525,-0.935724,-0.372547,0.156394,0.463096,0.408498,-0.59776,-0.814956,0.0473609,0.398177,-0.175021,0.655206,0.63919,-1.48753,-0.0753701,-0.353173,-0.644116
-14.1609,1.11296,0.268334,0.439785,-0.924751,-0.354837,0.115009,0.29202,0.147438,-0.625513,-0.624917,0.0249567,0.296399,-0.355363,0.489593,0.497676,-1.43494,-0.0823043,-0.383808,-0.806829
-14.5783,1.1327,0.118441,0.460443,-0.822822,-0.821784,-0.0768694,0.03311,-0.310901,-0.699896,-0.445751,0.315001,0.485506,-0.464668,0.447961,0.734093,-1.49718,-0.358144,-0.385952,-1.05464
-14.2031,1.02769,0.357208,0.770112,-0.611108,-0.849405,-0.145914,0.0236598,-0.388623,-0.688738,-0.400421,0.292317,0.491258,-0.416125,0.300764,0.455379,-1.61156,-0.27187,-0.110352,-0.720207
-13.8399,1.02521,0.391137,0.792909,-0.728049,-0.610758,-0.117864,0.24723,-0.188798,-0.61913,-0.599567,0.179467,0.627396,-0.470736,-0.0224451,0.536426,-1.55401,-0.430634,0.0443053,-0.473
-13.892,1.34098,0.451663,0.658279,-0.758193,-0.458202,-0.371877,0.233405,0.14451,-0.60924,-0.93953,0.170899,0.557587,-0.703963,0.130368,0.309873,-1.58497,-0.625065,-0.0186742,-0.54863
-13.5143,1.15503,0.414493,0.754282,-0.838111,-0.761399,-0.193491,0.19378,0.146649,-0.819608,-0.883402,0.230804,0.396369,-0.486985,0.045068,-0.0657722,-1.44428,-0.673047,-0.273925,-0.44324
-13.6806,1.33408,0.237843,0.56534,-0.638532,-0.658202,0.122428,0.186926,0.0548151,-0.657421,-0.80956,0.335913,0.472063,-0.407109,-0.0171879,0.0465353,-1.6856,-0.382521,-0.296269,-0.344796
-14.1574,1.35037,0.239883,0.689009,-0.803445,-0.447029,0.057839,0.125681,-0.014547,-0.766036,-0.713471,0.149148,0.332343,-0.54351,0.216248,0.46281,-1.68095,-0.447286,-0.0908353,-0.39224
-14.515,1.00164,0.0536034,0.749618,-0.863946,-0.628554,-0.166574,0.113269,0.224413,-0.766519,-1.03751,0.306477,0.580493,-0.487278,0.154053,0.479126,-1.52369,-0.720893,-0.0310181,-0.447935
-14.5685,1.09074,0.194959,0.654472,-0.526761,-0.533383,0.141779,0.418879,0.53703,-0.693986,-1.19323,0.13592,0.48302,-0.339743,0.524854,0.859053,-1.76721,-0.684576,0.120805,-0.254676
-14.8918,0.736062,0.323829,0.277394,-0.565002,-0.56583,0.372353,0.820631,0.624281,-0.504854,-1.18333,0.0898925,0.519161,-0.344298,0.682123,0.741448,-1.70567,-0.767494,0.16567,-0.346159
-14.5507,0.957144,0.229916,0.0418135,-0.54853,-0.156095,0.425864,0.560088,0.21266,-0.825024,-0.958927,0.213167,0.830278,-0.237444,0.466085,0.808516,-1.562,-0.60882,0.0374229,-0.5203
-14.9023,0.988786,0.16235,0.211294,-0.575125,-0.441219,0.372167,0.358999,0.287756,-0.988743,-0.980572,0.341653,0.529105,-0.297225,0.881003,0.547182,-1.79165,-0.750616,0.168784,-0.465976
-15.2336,0.825455,0.45751,0.32899,-0.527381,-0.622049,0.324269,0.626823,0.573924,-0.571464,-0.87402,0.141656,0.626561,-0.0857683,1.08596,0.548492,-2.13028,-0.768789,0.205553,-0.345823
-15.3867,0.977233,0.484191,0.168051,-0.753087,-0.501402,0.506624,0.541402,0.271627,-0.914757,-1.057,0.626661,0.455099,-0.230928,0.874081,0.380809,-2.07293,-0.53938,0.145583,-0.339163
-15.7876,0.715649,0.2443,0.130686,-0.670562,-0.579151,0.694907,0.470542,0.701611,-0.592876,-1.16338,0.630979,0.213698,-0.400554,0.90546,0.734523,-2.04858,-0.338271,0.098253,-0.0750748
-15.7336,0.765179,0.251097,0.395087,-0.537017,-0.538718,0.835795,0.413396,0.372912,-0.730751,-0.947554,0.49068,0.0475114,-0.70096,0.820482,0.475106,-2.24248,-0.245105,0.155025,-0.100419
-15.3813,0.84622,0.148026,0.0720079,-0.700266,-0.488009,0.605039,0.576073,0.642505,-0.758119,-1.34491,0.268802,0.0456737,-0.79471,0.791196,0.596017,-2.06274,-0.448079,0.114621,-0.228343
-15.0228,0.637043,0.129442,-0.0542226,-0.689917,-0.611496,0.331933,0.613855,0.461215,-0.808537,-1.31437,0.298113,0.331542,-0.661402,0.818587,0.37334,-1.96971,-0.428752,0.294414,-0.31675
-15.4111,0.39128,0.361952,0.287493,-0.852007,-0.910806,0.228235,0.904372,0.622388,-1.02659,-1.23331,0.0742246,0.325386,-0.229151,0.625948,0.550615,-1.92107,-0.812381,0.282329,-0.220983
-15.5622,0.358845,0.403099,0.0139827,-0.528558,-0.479746,0.239515,0.940052,0.349728,-1.15378,-1.39113,0.371993,0.219388,-0.567171,0.778296,0.578405,-1.91758,-0.687327,0.358998,-0.19996
-15.5298,0.625535,0.490843,0.234465,-0.461588,-0.372424,0.262404,0.718258,0.383083,-0.928742,-1.31924,0.09232,0.129845,-0.293215,1.10874,0.448441,-1.91486,-0.599753,0.378068,-0.485232
-14.8425,0.846591,0.321111,0.381662,-0.700353,-0.723134,0.0705346,0.613482,0.597675,-0.996197,-1.54241,0.32944,0.645314,-0.0411928,0.863504,0.616402,-1.84351,-0.409096,-0.0809774,-0.87824
-15.0922,0.901486,0.234748,0.380341,-0.461891,-0.758844,0.157313,0.391497,0.5424,-0.742268,-1.31351,0.62627,0.509773,-0.129152,0.770599,0.869172,-1.84556,-0.303338,-0.491184,-0.937578
-14.8718,1.20417,0.28249,0.223912,-0.682312,-0.837925,0.375344,0.280644,0.124998,-0.712972,-1.36545,0.370314,0.504117,-0.343893,0.840008,0.681201,-1.90594,-0.510735,-0.253485,-0.620409
-14.3884,1.497,0.161062,0.103931,-0.705109,-0.917301,0.444582,0.427919,0.238018,-0.721396,-1.12665,0.49158,0.514667,-0.0864478,0.97015,0.874112,-1.62189,-0.422747,-0.215714,-0.839284
-14.0635,1.02201,0.279589,0.0804959,-0.70669,-0.830409,0.204959,0.579123,0.0314772,-0.735569,-0.939494,0.572354,0.593404,-0.213433,0.984879,0.762407,-1.56716,-0.500967,-0.286183,-0.937909
-13.617,1.39659,0.264743,0.193792,-0.41741,-0.684774,-0.0791674,0.252559,-0.0989568,-0.818871,-0.736536,0.247864,0.349922,-0.503118,0.365088,0.726631,-1.40688,-0.565444,0.111492,-0.633045
-13.4647,1.59097,0.317964,0.523807,0.0187132,-0.560966,-0.137028,0.59749,-0.027949,-0.677139,-0.581693,0.363768,0.500243,-0.389209,0.475704,0.662266,-1.21896,-0.432627,-0.0558619,-0.701783
-14.3769,1.01573,0.387652,0.317126,-0.56341,-0.440135,0.0248459,0.618406,0.357045,-0.684777,-1.13653,0.466335,0.298449,-0.447141,1.03532,0.555327,-1.85609,-0.675626,-0.195314,-0.81861
-13.9776,1.04986,0.398365,0.284957,-0.725861,-0.705146,-0.130166,0.62267,0.291217,-0.567942,-1.0487,0.213091,0.386987,-0.486693,0.700689,0.719556,-1.89971,-0.313376,-0.352389,-0.66635
-13.5095,1.22525,0.119849,0.0232343,-0.788621,-0.784637,0.055186,0.442771,-0.00610589,-0.3979,-1.21739,0.174857,0.294953,-0.415892,0.48855,0.612071,-1.39657,-0.0686472,-0.221088,-0.316316
-13.8277,1.19569,0.0284899,-0.0975242,-1.06167,-0.962217,0.0395217,0.33971,0.0930647,-0.416699,-1.34844,0.0657834,0.351243,-0.17923,0.464221,0.638854,-1.50824,-0.30132,-0.449499,-0.367275
-13.6491,1.35555,-0.165799,-0.131596,-0.974448,-0.773418,0.127911,0.539023,0.0371996,-0.441663,-1.0514,-0.213728,0.173792,-0.609816,0.364528,0.408109,-1.69833,-0.520653,-0.166076,-0.28282
-13.6128,1.02704,0.246039,-0.0702457,-0.822629,-0.521497,-0.1019,0.663656,0.130912,-0.284132,-0.447659,-0.0491789,0.247441,-0.508738,0.358818,0.941174,-1.51852,-0.642686,0.0644646,-0.0971403
-13.6185,0.999951,-0.0181069,0.383076,-0.464325,-0.459886,-0.307569,0.280281,-0.250547,-0.714144,-0.849165,0.1907,0.220888,-0.585514,0.133155,0.644202,-1.47815,-0.544214,-0.0408329,-0.363646
-13.6233,0.97366,-0.140209,0.28594,-0.596965,-0.62421,0.0373423,0.562494,-0.0928582,-0.572608,-1.01555,0.216148,0.474887,-0.442778,0.0874807,0.37395,-1.11012,-0.424327,-0.067395,-0.411993
-13.7462,1.04808,-0.126253,0.499603,-0.835823,-0.857003,0.0716843,0.422316,-0.0360649,-0.486143,-1.0055,0.424164,0.302407,-0.262457,0.466978,0.3324,-1.54447,-0.543358,0.0190691,-0.113189
-13.8003,0.962043,0.296102,0.614022,-1.0135,-0.80131,0.199333,0.555364,-0.0237942,-0.282659,-0.836232,0.420324,0.293036,-0.377052,0.298913,0.451337,-1.38476,-0.459542,-0.298748,-0.419796
-14.324,1.09682,0.0223119,0.280222,-1.19548,-0.816302,0.0214506,0.718672,0.264268,-0.567872,-1.41531,0.0334613,0.281038,-0.381772,0.379398,0.557813,-1.55722,-0.476686,-0.228852,-0.310337
-14.2913,0.800384,-0.222948,0.305548,-1.03449,-0.868367,0.266856,0.554929,0.00493903,-0.943635,-1.38835,0.00501666,0.152326,-0.506294,0.416487,0.195192,-1.70216,-0.626735,-0.148016,-0.297638
-14.0496,0.725469,-0.00382339,0.271582,-0.442945,-0.55739,0.177667,0.393416,0.178588,-0.786129,-0.935689,0.247243,0.48839,-0.184848,0.58284,0.504917,-1.69757,-0.84224,-0.0686517,-0.46117
-14.3639,0.823572,0.292562,0.227568,-0.49941,-0.696668,-0.172758,0.499739,0.232845,-0.547867,-0.791878,0.555135,0.340143,-0.437727,0.361061,0.565141,-1.59991,-0.619144,0.0763327,-0.25049
-14.5544,0.957404,0.361894,0.127279,-0.711638,-0.868113,-0.137941,0.563428,-0.101752,-0.662298,-0.637494,0.539848,0.300852,-1.0633,0.349953,0.441863,-1.49317,-0.533246,-0.115029,-0.310027
-14.7911,1.05589,-0.252526,-0.0982969,-0.837772,-0.799974,-0.0783729,0.198374,0.224552,-0.657649,-1.04328,0.257299,0.340722,-0.531764,0.683628,0.568629,-1.6665,-0.379008,0.111925,-0.268476
-14.5187,0.930523,-0.155112,-0.0134769,-0.852242,-0.566882,0.131681,0.50674,0.291155,-0.485505,-0.633415,0.498582,0.461374,-0.279942,0.717359,0.873063,-1.75389,-0.314749,0.141753,-0.441305
-15.0365,1.12573,-0.0112349,0.00101518,-1.02654,-0.565338,0.0137552,0.567538,-0.0519743,-0.729079,-0.827501,0.512327,0.529408,-0.447721,0.738903,0.854057,-1.72392,-0.495575,0.187264,-0.417348
-14.9414,1.30332,0.0528252,-0.0159089,-0.852681,-0.638563,0.291586,0.614603,0.0854755,-1.02668,-1.03146,0.438873,0.516927,-0.694131,0.603982,0.322985,-1.88077,-0.603675,0.00772721,-0.275368
-14.9796,0.752857,0.319665,0.0368707,-0.902576,-1.27761,0.00354967,0.588542,0.133306,-0.909486,-1.10035,0.399197,0.554343,-0.409866,0.924191,0.40981,-1.77585,-0.478861,0.21827,-0.0949679
-14.8507,0.852167,0.642402,0.085725,-0.645144,-0.783189,0.200398,0.321203,0.168526,-0.624492,-0.647365,0.783408,0.0790407,-0.690633,0.771358,0.552806,-1.9685,-0.788357,0.289716,-0.369166
-14.8256,0.464064,0.0808701,-0.135722,-0.77111,-0.587468,0.132715,0.417415,0.282035,-0.527943,-0.538376,0.509944,0.439913,-0.537722,0.781738,0.540702,-1.97311,-0.678776,0.170657,-0.373898
-15.1265,0.291811,0.0660685,-0.210148,-0.795668,-0.541624,0.123709,0.435552,0.22336,-0.940917,-0.802256,0.521023,0.422046,-0.302684,0.995847,0.475514,-1.88429,-0.582063,0.429508,-0.152892
-15.1178,0.55391,0.248055,-0.0314747,-0.538534,-0.656871,0.213862,0.471906,0.184931,-1.06668,-1.28426,0.401905,0.608868,-0.268114,0.875447,0.666958,-1.78978,-0.607038,0.457846,-0.167302
-15.2408,0.425817,0.0165898,-0.108809,-0.476633,-0.660946,0.217515,0.527045,0.303113,-1.0591,-1.38132,0.529482,0.618253,-0.333738,1.10793,0.8185,-1.68167,-0.533056,0.304401,-0.382044
-15.358,0.117374,0.240299,-0.166544,-0.244791,-0.602572,0.248654,0.657303,0.478558,-1.00219,-1.38294,0.619787,0.358431,-0.675665,1.35086,0.98529,-2.06754,-0.502077,0.330412,-0.344372
-15.4375,0.198876,0.322211,-0.0664171,-0.399338,-0.749405,0.168421,0.880062,0.632784,-0.995562,-1.18186,0.490038,0.233658,-0.766773,1.24947,0.959396,-2.10105,-0.612602,0.227733,-0.459592
-15.5283,0.489274,0.190562,-0.212994,-0.14779,-1.15204,0.838649,1.0277,0.511906,-0.798647,-1.65688,0.496781,0.360001,-0.939948,0.99222,0.803943,-1.72129,-0.461378,0.287597,-0.188731
-15.1435,0.0772702,0.394033,-0.32795,-0.51458,-0.720289,0.498605,0.747514,0.431772,-1.16235,-1.65578,0.537319,0.238508,-0.548475,1.05685,0.553647,-2.2339,-0.585998,0.276283,-0.393174
-13.8476,-0.285792,0.228343,0.225963,-0.983012,-0.455926,0.654141,1.10058,0.43088,-1.11384,-1.2127,0.629692,0.271739,-0.180954,1.01091,0.428149,-1.50323,-0.288403,0.0521978,-0.0495982
-12.8742,0.268336,-0.519064,0.231309,-1.08237,-0.211188,0.806668,1.32996,-0.0481669,-1.33637,-0.762753,0.669568,0.013857,0.215367,0.513789,-0.0355019,-0.545943,0.0482064,-0.258183,0.065949
-13.1303,-0.0648744,-0.789576,-0.101412,-1.04236,-0.33048,0.82855,1.07671,-0.332795,-1.69423,-0.417511,0.750538,0.083789,0.354181,0.333971,-0.219478,-0.0957181,0.0605151,-0.181564,-0.0564503
-13.5232,0.166917,-0.861309,0.191502,-1.05871,0.543737,1.17219,1.04338,-0.438112,-1.79101,-0.204546,0.678591,-0.14502,0.587135,0.118768,0.110411,-0.259268,-0.190365,-0.283226,0.176967
-14.2955,0.69479,-0.309534,-0.0667387,-1.37251,0.485557,1.26113,1.14538,-0.486677,-1.75962,-0.103352,0.374536,-0.428389,0.573002,-0.0399806,-0.161364,-0.160725,-0.285215,-0.677507,0.166142
-14.3508,0.546309,-0.280126,-0.0732438,-1.33735,0.203565,1.42029,1.38454,-0.633553,-1.94453,-0.0554756,0.684741,-0.316,0.520729,0.204341,-0.212332,-0.0701343,-0.405714,-0.538381,0.176708
-14.3858,0.257866,-0.443769,-0.20079,-1.28724,0.38947,1.45083,1.38943,-0.811465,-1.69393,-0.0379815,0.826343,-0.343509,0.712034,0.147698,-0.217818,0.0458778,-0.527955,-0.681316,0.232611
-14.4602,-0.0630963,-0.571329,-0.128558,-1.5599,0.132775,1.75317,0.940617,-0.966097,-1.50714,-0.177192,0.774955,-0.482558,0.670554,0.0477577,-0.292983,0.294306,-0.399964,-0.503679,0.26304
-14.5069,-0.357995,-0.321103,-0.0263133,-1.69656,0.298276,1.712,0.69979,-0.903532,-1.31843,-0.0270496,0.657897,-0.233728,0.644499,-0.143064,-0.394266,0.415774,-0.063579,-0.582151,0.141294
-14.4788,-0.271681,-0.0861623,0.279852,-1.53945,0.385941,1.53488,0.624473,-0.822902,-1.58169,0.09032,0.592564,-0.425056,0.266265,-0.0274005,-0.497865,0.233492,0.372566,-0.514546,0.0972283
-14.1991,-0.407708,-0.442099,0.191954,-1.24502,0.560592,1.54248,0.988656,-0.77278,-1.94568,0.191604,0.926752,-0.0336607,0.275964,0.0368805,-0.42439,0.30176,0.128533,-0.671496,0.262151
-14.5407,-0.475083,-0.212578,-0.0231716,-1.69907,0.337179,1.80941,0.860113,-1.33208,-1.99243,0.401237,1.19876,-0.385833,0.0490803,0.155345,-0.633179,0.241038,0.232164,-0.672295,0.32113
-14.1873,-0.407677,-0.90265,-0.232845,-1.22911,0.53976,1.75049,0.678082,-0.889499,-1.65386,0.165475,1.04948,-0.577999,0.310478,-0.148319,-0.852238,0.189604,0.0766089,-0.726146,0.325722
-14.1334,-0.301895,-0.499285,0.108522,-1.17236,0.49029,1.86362,0.984427,-1.17519,-1.9322,0.128276,0.967183,-0.525037,0.500603,-0.141629,-0.44144,0.325435,-0.254355,-0.782764,0.205821
-14.4522,-0.304744,-0.404385,-0.0342967,-0.82135,0.288003,1.53939,1.05458,-1.37601,-1.55092,0.258338,0.832613,-0.347589,0.794681,-0.328506,-0.371361,0.336491,-0.463371,-0.671131,0.276362
-14.2431,-0.399027,-0.868822,-0.275225,-1.12015,0.207764,1.64198,0.914956,-1.47873,-1.59576,0.181297,0.79332,-0.584115,0.546016,-0.207297,-0.470314,0.440112,-0.202136,-0.538366,0.419593
-14.2806,-0.641719,-0.675609,-0.211642,-0.914378,0.402217,1.47829,0.954523,-1.31078,-1.98907,0.285814,1.02049,-0.286415,0.663793,-0.450857,-0.560999,0.481045,-0.0582022,-0.591005,0.396683
-14.4318,-0.954991,-0.568705,0.153442,-0.945499,0.397881,1.5795,0.695054,-1.17376,-2.07108,0.295258,1.2042,-0.213384,0.232086,-0.394849,-0.681489,0.486931,0.248948,-0.536054,0.49006
-14.3125,-0.881459,-0.397547,0.152415,-1.27993,0.454912,1.52673,0.407335,-1.41261,-2.2183,0.644953,1.21339,-0.247468,0.273561,0.0256388,-0.680522,0.24982,0.179392,-0.613513,0.316466
-14.3494,-1.01432,-0.748093,-0.195053,-1.23873,0.306565,1.99229,0.874758,-1.22353,-1.59222,0.542334,1.2414,-0.377506,0.511816,-0.201492,-0.579589,0.717456,0.031741,-0.703988,0.429891
-14.365,-0.588015,-0.263553,0.094337,-1.17671,0.392738,1.94908,0.829142,-1.34,-1.56457,0.461636,1.0038,-0.503965,0.632392,-0.496861,-0.636981,0.985982,0.087282,-0.58739,0.646342
-14.5543,-0.586426,-0.188402,0.170085,-0.94672,0.345292,1.5189,0.850245,-1.16577,-1.18812,0.512468,1.11176,-0.410481,0.66095,-0.651733,-0.65473,0.995066,0.0252756,-0.693284,0.611131
-14.658,-0.689832,-0.216729,0.298894,-0.657371,0.43508,1.57296,0.734867,-1.67729,-1.35275,0.537415,1.27894,-0.395871,0.791115,-0.649956,-0.618632,0.862515,-0.0264947,-0.694953,0.498107
-14.429,-0.77281,-0.438924,-0.0602751,-0.861785,0.343176,1.75267,0.970224,-1.45563,-1.37218,0.611128,1.17056,-0.475181,0.399295,-0.51539,-0.37808,1.15608,0.181384,-0.59241,0.564737
-14.4694,-0.799638,-0.432566,-0.23967,-0.835206,0.105328,1.31094,0.700267,-1.5151,-1.52508,0.591572,1.21413,-0.497455,0.365945,-0.411272,-0.613911,1.03417,0.0545979,-0.524677,0.584898
-14.4813,-0.857925,-0.504231,-0.172863,-0.798245,0.131125,1.53569,0.674908,-1.1693,-1.45174,0.310089,1.18876,-0.567259,0.402193,-0.347629,-0.800697,1.04176,-0.0118063,-0.771254,0.418211
-14.6764,-0.627961,-0.0106537,0.0786129,-0.757845,-0.110683,1.57385,0.384053,-1.36816,-1.41393,0.499682,1.12457,-0.727995,0.527169,-0.308684,-0.83528,1.1567,0.162851,-0.509128,0.765896
-15.0978,-0.648362,0.163564,0.0722878,-0.823896,-0.0160319,1.67687,0.584496,-1.29837,-1.17078,0.395409,1.16825,-0.651238,0.780317,-0.188413,-1.00047,1.2305,-0.165408,-0.816574,0.556187
-15.1818,-0.798987,0.0501664,-0.0872565,-0.807655,0.0361991,1.5648,0.402942,-1.61862,-1.2318,0.394939,1.20271,-0.600954,0.631166,-0.344983,-0.750132,1.18084,-0.11125,-0.656867,0.521017
-15.1171,-0.563755,-0.0675234,-0.426983,-0.955423,-0.0514268,1.77357,0.780166,-1.50413,-1.25356,0.391325,1.27382,-0.397548,0.85212,-0.504098,-0.794932,1.18007,-0.340693,-0.878325,0.401606
-14.9852,-0.524017,-0.17777,-0.305492,-0.366261,0.361645,2.05171,0.708751,-1.91057,-1.12748,0.226876,1.04965,-0.471799,1.03742,-0.459248,-0.506541,1.22259,-0.0851321,-0.606321,0.54883
-15.016,-0.469692,0.1172,-0.112171,-0.755354,0.167416,1.98837,0.537928,-1.76043,-1.34117,0.272067,0.957288,-0.478036,1.09272,-0.560272,-0.571523,1.57192,0.0220206,-0.605382,0.484797
-15.2159,-0.744993,-0.0843615,-0.0320759,-0.731432,0.145663,1.73935,0.265046,-1.73559,-1.22675,0.373205,1.07525,-0.464503,1.05967,-0.834368,-0.779456,1.25761,-0.214407,-0.76652,0.334117
-15.1778,-0.582031,-0.0132337,-0.285888,-0.86406,0.378709,1.74006,0.3506,-1.46888,-1.26717,0.322485,0.937825,-0.668847,1.18731,-0.580628,-0.788708,1.6211,-0.0142649,-0.627465,0.42547
-15.4101,-0.520725,0.165608,-0.13236,-0.878357,0.413189,1.91734,0.559366,-1.43461,-1.19782,0.488202,0.989041,-0.429756,1.07763,-0.62798,-0.755487,1.67542,0.117263,-0.738856,0.466139
-15.8128,-0.844382,0.239256,0.0408372,-0.788205,0.298381,1.73366,0.50094,-1.80625,-1.34203,0.639588,1.0427,-0.743277,0.814972,-0.69334,-0.711669,1.5154,0.243055,-0.581659,0.318391
-15.8378,-0.488688,0.405409,-0.136276,-0.945915,-0.0504277,1.71221,0.416159,-1.75928,-1.29765,0.403406,0.918648,-0.558555,0.78455,-0.555334,-0.718255,1.62371,0.285473,-0.785374,0.375217
-15.4479,-0.57428,0.0897895,-0.139244,-0.600609,0.290716,1.61686,0.0843376,-1.45951,-0.863174,0.511739,0.766537,-0.594154,0.603351,-0.639929,-0.785444,1.24746,0.218489,-0.766141,0.521223
-15.3537,-0.0223928,0.27981,-0.0899719,-0.607577,0.0778128,1.5005,0.0909206,-1.57079,-1.24124,0.349353,0.743604,-0.46063,0.816016,-0.464077,-0.845856,1.36722,0.229025,-0.756286,0.610032
-14.8647,0.310864,-0.152873,-0.521521,-0.47617,0.00970509,1.21038,0.0190953,-1.50569,-0.885867,0.462724,0.669476,-0.477668,0.93236,-0.315733,-1.21755,1.07391,0.0861756,-0.438255,0.647447
-14.6332,0.313368,0.297742,-0.0929585,-0.803664,-0.18938,1.03657,-0.0289804,-1.34113,-1.27097,0.243278,0.774997,-0.622646,0.608968,-0.552481,-0.930563,1.56974,0.530701,-0.419634,0.795038
-14.3988,0.454871,0.37132,0.141858,-0.304622,0.0244485,0.635008,-0.393708,-1.11221,-1.03525,0.0553918,0.711643,-0.626047,0.721417,-0.592515,-1.20473,1.15688,0.617654,-0.15775,0.784231
-13.6565,0.828153,-0.0383473,-0.0354962,-0.810184,0.112349,0.335049,-0.13411,-0.832853,-1.05521,-0.00468933,0.175563,-0.6167,0.566783,-0.456904,-0.841343,1.18202,0.895533,-0.105592,0.404926
-12.6064,0.809387,-0.517256,0.093169,-0.648553,0.355957,0.188015,-0.471425,-1.11115,-0.947647,0.229122,0.325609,-0.402869,0.0194746,-0.801611,-0.730437,0.682341,0.766177,0.210777,0.310727
-12.1639,0.971518,-0.492855,-0.164545,-0.713239,0.173997,-0.155685,-0.386695,-1.09214,-0.766986,0.502533,0.252085,-0.28773,-0.202118,-0.656909,-0.506502,0.141473,0.734658,0.504034,0.0826131
-12.0907,0.74349,-0.603564,-0.244896,-0.640834,0.48111,-0.407969,-0.062796,-1.11639,-0.469302,0.744016,0.154326,-0.684624,-0.351336,-0.425279,-0.59815,0.0383258,0.668957,0.325481,0.360722
-12.3515,0.538039,-0.400322,0.0803397,-0.643219,0.323837,-0.430983,-0.233283,-1.14542,-0.0181964,0.625032,0.135572,-0.175234,-0.355728,-0.47256,-0.575453,-0.0497593,0.725578,0.76982,0.235963
-12.6062,0.748706,-0.37835,0.0782,-0.49848,0.179452,-0.648521,-0.376088,-1.08602,-0.259343,0.641899,0.154395,-0.35986,-0.163564,-0.161212,-0.638062,-0.448887,0.7485,0.713383,0.223159
-12.7056,0.92794,-0.572189,0.286067,-0.40482,0.0435931,-0.616387,-0.315954,-1.39667,-0.0964918,0.549247,0.039475,-0.0524525,-0.107563,-0.226486,-0.692882,-0.239724,0.682902,0.613877,0.267695
-12.8491,0.787781,-0.445361,0.204971,-0.635825,-0.152928,-0.705756,-0.440698,-1.35993,0.0253161,0.631081,-0.028431,-0.449209,-0.327511,-0.323075,-0.764858,-0.242263,0.71355,0.535677,0.0749091
-12.8584,0.92604,-0.391243,0.214859,-0.557754,-0.0784402,-0.665824,-0.369172,-1.17488,0.231783,0.660517,-0.106982,-0.395334,-0.217209,-0.329686,-0.730477,-0.215184,0.627994,0.560807,0.276394
-12.9655,0.704086,-0.384813,0.386618,-0.554769,-0.00853343,-0.757097,-0.443867,-0.976209,0.428556,0.870129,0.0764397,-0.603051,-0.473801,-0.358811,-1.05403,-0.318663,0.564159,0.564748,0.433004
-12.8264,0.982907,-0.521134,0.288761,-0.608242,-0.201347,-0.640765,-0.365056,-0.779043,0.390839,0.890218,0.256709,-0.592266,-0.529271,-0.196837,-0.846489,-0.36518,0.555372,0.564401,0.427007
-13.0972,0.941774,-0.389181,0.259375,-0.608728,-0.226735,-0.88918,-0.482836,-0.984827,0.280766,1.21546,0.374474,-0.544609,-0.501026,-0.148084,-0.872616,-0.195269,0.728266,0.835291,0.44307
-13.3347,0.742296,-0.227112,0.0983975,-0.854791,-0.0396974,-0.84765,-0.350613,-0.853295,0.357017,1.27586,0.455442,-0.595371,-0.555492,-0.113311,-0.838469,-0.255491,0.652105,0.864308,0.372639
-13.3492,0.481318,-0.501799,0.154811,-0.728038,-0.0445904,-0.95832,-0.253436,-0.971317,0.396837,1.23681,0.427496,-0.792308,-0.744775,-0.235567,-0.913983,-0.484572,0.414513,0.609419,0.38592
-13.3597,0.32989,-0.223044,0.426287,-0.774485,-0.0339001,-1.04178,-0.600689,-1.10409,0.37649,1.14057,0.288642,-0.705254,-0.468007,0.0973653,-0.865912,-0.627932,0.389031,0.708501,0.443085
-13.5302,0.226308,-0.242664,0.443214,-0.726289,0.0206357,-0.829435,-0.668934,-1.29482,0.292529,0.982625,0.185548,-0.519199,-0.37258,0.0273819,-0.89937,-0.703554,0.205184,0.65963,0.494809
-13.5376,0.208298,-0.0416718,0.399637,-0.857555,-0.116813,-0.612163,-0.456104,-1.0345,0.454249,0.951832,0.370793,-0.296939,-0.48822,-0.13637,-0.902591,-0.818878,0.170618,0.616089,0.493892
-13.7745,0.228542,0.228309,0.0899349,-1.16117,-0.344167,-0.376677,-0.118618,-1.11231,0.313856,0.857143,0.318843,-0.506373,-0.670474,-0.15221,-0.587421,-0.705457,0.218626,0.602001,0.444108
-13.9674,-0.294423,0.328537,0.230605,-1.04359,-0.281504,-0.472376,-0.196156,-1.05171,0.174385,0.959313,0.858479,-0.286667,-0.614338,-0.0521824,-0.481656,-0.448901,0.489896,0.892924,0.297823
-13.6346,-0.0998071,0.171758,0.239757,-1.09518,-0.126826,-0.142466,-0.174207,-1.64912,0.0528556,1.20771,0.692399,-0.339632,-0.429872,0.22944,-0.219777,-0.707336,0.194008,1.03613,0.466172
-13.3279,-0.112304,0.215504,0.249171,-1.2787,-0.0344398,-0.0751058,-0.269274,-1.49649,0.449082,1.44849,0.672272,-0.522161,-0.499056,0.209077,-0.307796,-0.731699,0.0740068,0.790002,0.648552
-13.6135,-0.338372,-0.160206,-0.0581955,-1.10952,-0.271259,-0.275178,-0.19702,-1.28776,0.61595,1.57737,0.596449,-0.605502,-0.549799,-0.0450266,-0.732186,-0.834776,0.265198,0.815033,0.284577
-13.7399,-0.168498,-0.254971,0.0571811,-1.05135,-0.120747,-0.290204,-0.216113,-0.91644,0.614362,1.45372,0.666805,-0.486352,-0.489219,-0.278493,-0.838511,-0.611713,0.404077,0.709646,0.306222
-13.7479,-0.221689,-0.317522,0.215173,-1.03758,-0.227774,-0.526164,-0.398557,-1.03604,0.447097,1.28054,0.71154,-0.275451,-0.408869,-0.221615,-0.69143,-0.682593,0.480363,1.00719,0.351991
-13.6741,-0.105772,-0.00199631,0.291029,-1.1793,-0.228072,-0.785252,-0.765513,-1.00635,0.372355,1.3177,0.787714,-0.201787,-0.41974,0.00316462,-0.607139,-0.811437,0.387505,1.0078,0.340162
-13.3263,-0.422331,-0.231691,-0.0226751,-0.972123,-0.418882,-0.782127,-0.448645,-0.919711,0.575923,1.26998,0.856567,-0.115566,-0.349896,0.151897,-0.692621,-1.11699,0.265563,0.769071,0.389106
-13.0236,0.0293834,-0.107182,0.330744,-0.765239,-0.245264,-0.721789,-0.613091,-0.998082,0.28507,1.21288,0.685486,-0.30057,-0.415591,0.214645,-0.0166956,-0.8465,0.330298,0.918545,0.45442
-12.8044,0.191848,-0.512755,0.192405,-0.942361,-0.377117,-0.612148,-0.519684,-0.928781,-0.00655662,0.690468,0.528761,-0.432988,-0.242187,0.410393,-0.0114038,-1.02279,0.149738,0.703136,0.166923
-12.2844,0.272532,-0.339695,0.181616,-0.804645,0.101017,-0.76615,-0.502887,-1.06677,0.17988,0.662195,0.534837,-0.357716,-0.465483,0.16904,-0.184061,-0.889375,0.179939,0.779046,0.316388
-12.7577,0.296946,0.00122843,0.522018,-0.972165,-0.268172,-1.06547,-0.469002,-0.953135,0.0505988,0.565947,0.773279,-0.242953,-0.801266,-0.0277949,-0.527669,-0.952213,0.244378,0.501383,0.157977
-12.8137,0.469026,-0.165997,0.404124,-1.19118,-0.258383,-0.918607,-0.22213,-0.835828,0.298572,0.639171,0.731127,-0.376674,-0.878985,-0.190818,-0.373263,-1.02189,0.150886,0.574502,0.0750559
-12.8896,0.54263,-0.0232152,0.211216,-1.15656,-0.101021,-0.912767,-0.561948,-0.767784,0.465789,0.504118,0.395954,-0.166283,-0.579264,-0.317463,-0.352188,-0.441104,0.329841,0.782169,0.552218
-12.3963,0.535236,-0.117262,0.278949,-1.05621,-0.318716,-1.12708,-0.415609,-0.590674,0.447056,0.36185,0.321839,-0.461371,-0.806334,-0.135103,-0.388992,-0.838494,0.353357,1.1643,0.286796
-12.0014,0.380912,-0.265613,0.0805879,-0.924252,-0.251689,-1.23709,-0.324083,-0.616667,0.143033,0.528507,0.223306,-0.876043,-0.681397,0.186634,-0.327662,-1.01987,0.143335,1.05614,0.47031
-11.9921,0.263066,-0.314576,0.311532,-0.7666,-0.148695,-1.1458,-0.717919,-0.793456,0.0608401,0.364545,0.43741,-0.710052,-0.902173,0.0815592,-0.250577,-0.681123,0.44219,0.965692,0.393352
-11.956,0.122189,-0.608361,0.13697,-0.973923,0.0398394,-0.959498,-0.482834,-0.84522,0.0434567,0.0224781,0.0416425,-0.582615,-0.677836,0.154237,-0.197773,-0.724944,0.385314,1.00696,0.481487
-12.1237,0.780074,-0.318648,0.276101,-0.68634,0.0778498,-1.06728,-0.586389,-0.742694,0.181268,0.105031,-0.0600312,-0.487584,-0.409261,0.299176,-0.258603,-0.849323,0.242583,0.88585,0.436671
-12.1966,0.991979,-0.143333,0.470162,-0.997984,-0.0819934,-0.964697,-0.492885,-0.700884,0.398289,0.197089,0.108551,-0.412034,-0.62407,0.136952,-0.115924,-0.667661,0.272795,0.723748,0.50213
-12.8931,0.966713,-0.0580365,0.703434,-0.79552,-0.280867,-1.07596,-0.415731,-0.656775,0.28724,0.262431,0.230601,-0.389584,-1.00984,0.0645019,-0.277896,-0.801957,0.212943,1.03918,0.548133
-12.7446,0.825094,-0.0638615,0.494484,-0.754171,-0.289165,-1.00954,-0.479531,-0.843464,0.313511,0.291929,0.321381,-0.370505,-0.782203,0.0218491,-0.632902,-1.01788,0.124665,0.944355,0.338546
-12.5402,0.37203,-0.134709,0.252231,-0.845795,0.00112478,-0.875538,-0.266947,-0.830777,0.199147,0.570068,0.376673,-0.755495,-0.761788,-0.0954534,-0.865168,-0.865574,0.0589399,0.715697,0.55254
-12.8656,0.454987,0.129378,0.463293,-0.883236,-0.0440807,-0.69336,-0.145934,-0.909188,0.0793074,0.41606,0.272597,-0.797101,-0.886645,0.0239232,-0.356493,-0.950269,0.125548,1.04189,0.543673
-13.0483,0.452989,-0.142221,0.488521,-0.910825,0.366294,-0.660815,-0.355993,-0.908056,0.293283,0.497592,-0.0365866,-0.838128,-0.65956,0.322316,-0.529078,-0.935569,0.378485,1.09909,0.291896
-13.7511,0.482398,-0.0174667,0.392766,-0.772249,0.391127,-0.899298,-0.565009,-0.966295,0.205523,0.446584,0.0202744,-0.815051,-0.70933,0.251607,-0.486008,-0.762645,-0.0164684,0.785653,0.596689
-13.7154,0.394129,-0.0174158,0.509831,-1.06905,0.220273,-1.08082,-0.643753,-0.629975,0.315629,0.499364,0.204828,-0.773833,-0.800376,0.0177346,-0.360396,-0.71672,0.103673,0.821578,0.679249
-13.8591,0.256608,-0.24956,0.373329,-1.03385,0.0187381,-0.733419,-0.476138,-0.453858,0.585735,0.459891,0.105629,-0.454914,-0.483682,0.167364,-0.243312,-0.794291,0.0848191,0.876771,0.610816
-13.9937,0.405445,-0.485297,0.212071,-1.02607,0.064231,-0.984768,-0.472056,-0.477137,0.459797,0.789487,0.242625,-0.282002,-0.30631,0.340746,-0.449632,-1.06168,-0.0497625,0.701323,0.294305
-14.1479,0.611986,0.103937,-0.064469,-1.31854,-0.0473053,-1.00157,-0.233886,-0.721096,0.0957954,1.12806,0.385393,-0.715539,-0.240789,0.69172,-0.445539,-0.80484,0.260475,0.878216,0.568062
-14.2092,0.599862,0.0164314,0.172982,-0.874709,0.0620467,-1.03016,-0.475911,-0.72108,0.465809,0.702377,0.0582343,-0.490939,-0.525292,0.466045,-0.222779,-0.808113,0.37577,1.0168,0.487869
-14.5388,0.21457,-0.218484,0.551376,-0.847906,0.136727,-0.765835,-0.383162,-0.903829,0.0183438,0.488001,-0.201602,-0.645546,-0.759903,0.457938,-0.449657,-0.837785,0.2954,1.07336,0.389031
-14.6796,0.278113,-0.18312,0.292518,-0.730036,0.417225,-0.581439,-0.779013,-0.978725,0.14952,0.335705,-0.121625,-0.633323,-0.625418,0.50496,-0.245074,-0.646585,0.271925,1.05802,0.487329
-14.5055,0.766668,-0.216505,0.477643,-0.859756,0.431171,-0.635378,-0.507206,-0.747124,0.207877,0.545622,0.0942609,-0.299489,-0.574717,0.311399,-0.379327,-0.658016,0.220238,0.885199,0.47198
-15.0624,0.903268,-0.0770938,0.399472,-0.825518,0.49934,-0.631137,-0.625823,-0.446886,0.346859,0.333648,-0.0559424,-0.0588623,-0.533254,-0.095946,-0.410116,-0.785805,0.227552,0.799586,0.354936
-15.1508,0.830226,-0.18099,0.205893,-1.14,0.306148,-0.679451,-0.634235,-0.673083,0.222596,0.633292,0.106166,-0.268973,-0.794094,0.186593,-0.227043,-0.821978,0.359742,1.19092,0.656673
-14.905,1.05186,-0.185808,0.298678,-0.923629,0.0203903,-0.88055,-0.604155,-0.710076,0.0379108,0.765617,0.180621,-0.403518,-0.788873,0.297234,-0.353321,-0.661335,0.383512,0.843817,0.34897
-15.3265,0.741786,-0.164843,0.215906,-0.970966,0.0564564,-0.722671,-0.646076,-0.748447,0.231345,0.992819,0.0817029,-0.563893,-0.419625,0.387264,-0.390808,-0.966753,-0.106965,0.924731,0.518954
-15.4074,0.461498,0.060784,0.537831,-0.910362,-0.175797,-1.18516,-0.622703,-0.48885,0.317467,0.757758,-0.048801,-0.611862,-0.716117,0.421039,-0.191458,-0.904339,0.0397549,0.947959,0.500737
-15.0477,0.930433,-0.183189,0.43884,-0.949432,-0.160327,-0.982816,-0.400992,-0.775379,-0.0826894,0.329621,-0.1974,-0.50094,-0.406406,0.584114,-0.264701,-1.03579,0.0595844,0.602608,0.331513
-15.2502,1.15021,-0.242047,0.786455,-0.403038,0.0314219,-0.875279,-0.731624,-0.652695,0.0657532,0.0838775,-0.346239,-0.347273,-0.188156,0.386672,0.162346,-0.38738,0.188329,0.585272,0.286639
-14.6551,1.21486,-0.272774,0.700695,-0.655101,0.491461,-0.532529,-0.490051,-0.898476,-0.322446,0.163427,-0.184718,-0.423843,-0.211067,0.237347,-0.0724813,-0.376335,0.255724,0.512536,0.194035
-14.3429,1.06298,-0.76694,0.695261,-0.473022,0.507751,-0.55102,-0.491676,-1.00127,-0.102081,0.353501,-0.00855995,-0.527102,-0.386684,0.0862682,-0.0741737,-0.225114,0.123398,0.441699,0.227884
-14.2767,1.29806,-0.649009,0.671898,-0.800611,0.0801554,-0.565592,-0.243584,-0.78595,0.112486,0.520861,0.27079,-0.475024,-0.579728,0.139364,0.105408,-0.00649224,0.250992,0.618696,0.2923
-14.1858,1.73731,-0.47248,0.500081,-0.816183,0.105651,-0.575312,-0.285398,-0.711348,0.106663,0.378676,0.11563,-0.399781,-0.423398,-0.056778,-0.226872,-0.243241,0.369144,0.505075,0.328106
-14.1568,1.40866,-0.800504,0.470539,-0.645782,0.0594963,-1.06031,-0.251687,-0.304847,-0.203657,0.357326,0.23312,-0.583651,-0.653508,-0.315359,-0.463809,-0.264581,0.19,0.492971,0.173992
-14.2636,1.84729,-0.443821,0.558355,-0.842311,-0.133738,-0.858436,-0.730929,-0.562397,0.0759333,0.0709792,0.148028,-0.65359,-0.541301,0.0582076,-0.287219,-0.0106319,0.114738,0.57446,0.13236
-14.4949,1.95065,-0.244526,0.484782,-0.781765,0.0585764,-0.570411,-0.543175,-0.686999,0.140858,0.254134,0.0677947,-0.484782,-0.405042,0.226936,-0.175605,-0.0873729,0.262924,0.776082,0.185268
-14.5156,1.49252,-0.615273,0.777065,-0.947636,-0.167521,-0.722454,-0.273599,-0.66226,-0.261004,0.311743,0.28272,-0.459779,-0.388457,-0.0929225,-0.22342,-0.0309453,0.0109117,0.535143,0.146792
-14.5486,1.78025,-0.639098,0.803634,-0.772825,0.0565482,-0.846159,-0.253457,-0.68798,-0.00728186,0.42689,0.0749432,-0.652705,-0.51475,0.0520445,-0.316284,-0.236408,0.17452,0.603268,0.0463964
-14.7042,1.89687,-0.7399,0.553907,-0.837988,0.193857,-0.679451,-0.347103,-0.619629,-0.126795,0.24517,0.0189873,-0.55934,-0.341366,0.0139141,-0.505903,-0.338557,0.186529,0.782439,0.240073
-14.6702,1.91861,-0.45318,0.518649,-0.821909,0.0218341,-1.20004,-0.561804,-0.451209,-0.159402,0.250645,0.0595919,-0.459585,-0.591037,-0.258804,-0.421848,-0.107371,0.313984,0.647536,0.204165
-14.777,1.8585,-0.54192,0.822491,-0.967952,-0.067276,-0.968214,-0.287648,-0.522446,-0.313368,0.199814,0.280639,-0.236169,-0.486623,-0.21907,-0.419662,-0.38507,0.372927,0.519269,0.099359
-15.2484,1.60986,-0.620607,0.78681,-0.84563,0.18574,-0.81316,-0.138639,-0.636047,-0.27266,0.190784,0.385639,-0.168376,-0.597996,-0.423675,-0.496799,-0.440183,0.252114,0.724644,0.0889887
-15.4468,1.90941,-0.729013,0.631681,-0.867629,-0.0409959,-0.496626,-0.274449,-0.529052,-0.253247,0.109491,0.251516,-0.388564,-0.536351,-0.0605523,-0.436279,-0.377117,0.331862,0.805501,0.194389
-15.4928,1.6593,-0.697696,0.659651,-0.658652,0.288778,-0.932184,-0.409873,-0.589271,0.0134869,0.424676,0.36258,-0.25908,-0.303239,-0.110332,-0.195426,-0.138665,0.470165,0.769118,0.106889
-15.465,1.93029,-0.665697,0.60943,-0.946658,-0.145937,-0.809585,-0.182747,-0.571457,-0.188752,0.183678,0.152935,-0.0328074,-0.240535,-0.298622,-0.442921,-0.243029,0.218847,0.55409,0.219837
-15.6702,1.78811,-0.355284,0.904215,-0.938693,-0.0443398,-0.772349,-0.374853,-0.677174,0.221121,0.362712,0.286037,-0.42277,-0.377469,-0.182423,-0.307232,-0.132392,0.368637,0.904715,0.253886
-15.8855,1.98982,-0.254683,0.85305,-0.702257,-0.0092311,-0.631092,-0.156839,-0.457824,0.065292,0.132224,-0.141277,-0.6319,-0.475239,0.0837293,-0.24027,-0.340446,0.158377,0.650124,0.432392
-15.8075,1.89845,-0.387666,0.819812,-0.484058,0.161265,-1.06913,-0.535719,-0.339959,0.11655,0.114028,-0.136068,-0.505424,-0.50909,-0.0492987,-0.258543,-0.142155,0.271002,0.832273,0.387501
-15.9453,2.14589,-0.27401,0.849503,-0.524389,0.034501,-1.07661,-0.449343,-0.436845,0.184823,0.0725768,-0.211235,-0.524761,-0.308457,-0.0178133,-0.22412,-0.211882,0.200698,0.723072,0.441243
-16.0401,1.90367,-0.091994,0.818807,-0.906155,0.137877,-0.643765,-0.363109,-0.743189,0.198794,0.151081,-0.243488,-0.482803,-0.437487,0.121993,0.0138766,-0.171338,0.172421,0.752891,0.492592
-16.1061,2.02378,-0.0662156,0.715598,-0.652153,0.343333,-0.637653,-0.311003,-0.872369,0.155172,0.418845,-0.218393,-0.372532,-0.155996,-0.0376536,-0.437081,-0.0690978,0.203841,0.521481,0.22684
-16.5568,1.83473,-0.154813,0.712274,-0.48183,0.274091,-0.605305,0.0290265,-0.658432,-0.080375,0.163903,0.00531465,-0.157837,-0.232071,-0.00867226,-0.270749,-0.369441,0.118706,0.231474,0.186198
-16.6133,2.16146,-0.146843,0.602137,-0.410975,0.235283,-0.792949,0.0157712,-0.660802,0.324358,0.321204,0.0216556,-0.044232,-0.297881,-0.06714,-0.0119587,-0.14385,0.034687,0.5867,0.454199
-16.3575,1.90217,-0.0581672,0.643931,-0.553166,0.248532,-0.74778,-0.0361361,-0.57771,0.0981556,0.196069,0.0190221,-0.120031,-0.335102,-0.00943481,-0.0371409,-0.188867,0.287199,0.531515,0.211874
-16.9564,1.71726,0.108295,0.615087,-0.61745,0.494531,-0.57527,-0.0891859,-0.411204,0.299424,0.366151,0.0093603,-0.0832835,-0.510291,-0.248261,-0.287973,-0.152127,0.472686,0.798955,-0.0249327
-17.2537,1.63857,-0.0659515,0.672169,-0.366356,0.432135,-0.4834,-0.211689,-0.742391,0.122149,0.38285,0.126335,0.252589,-0.567466,-0.385313,-0.485642,-0.0684401,0.460449,0.675675,-0.0484555
-17.1183,1.37443,-0.397572,0.439941,-0.641136,0.190524,-0.682499,-0.133615,-0.473334,-0.0122972,0.232093,0.335013,0.159528,-0.460379,-0.248441,-0.279312,0.00519112,0.554469,0.807722,0.248388
-17.3806,1.4109,-0.0462594,0.538844,-0.781444,0.0485555,-0.96665,-0.087053,-0.572809,-0.114918,0.318777,0.236342,0.136082,-0.398574,0.0390886,-0.0933151,-0.113833,0.402669,0.676234,0.0328251
-17.3826,1.56386,-0.238792,0.684738,-0.617818,0.109397,-0.77313,-0.36873,-0.688323,-0.0245562,0.158894,0.0124811,0.112615,-0.362679,0.028567,-0.345779,-0.326544,0.311118,0.736114,0.231028
-17.4352,1.62879,-0.251274,0.455075,-0.763716,0.283646,-0.464269,-0.324039,-1.04765,-0.297554,0.358964,0.0847857,-0.0750024,-0.34086,0.189622,-0.232258,-0.331706,0.28065,0.83238,0.17103
-17.5038,1.53044,-0.0605911,0.509394,-0.394608,0.0455415,-0.741432,-0.249934,-0.726881,0.111413,0.257963,0.306866,0.15077,-0.36812,0.0318436,-0.111454,-0.137222,0.669126,0.709654,0.117883
-17.6325,1.59117,0.0883886,0.703512,-0.779021,-0.158891,-0.600875,-0.265002,-0.962831,-0.09351,0.378105,0.0186668,-0.135857,-0.335504,0.264806,-0.117919,-0.194739,0.160214,0.590159,0.278513
-17.6758,1.58642,0.156,0.783009,-0.770185,-0.182915,-0.646434,-0.115081,-0.689278,0.307519,0.493327,0.0741059,0.0591183,-0.340809,0.138753,-0.172522,-0.487405,0.159911,0.556868,0.0874927
-17.8195,1.47253,0.37019,0.885016,-0.650317,-0.259765,-0.756415,-0.290258,-0.626035,0.315404,0.639775,0.0872563,-0.165222,-0.460792,0.107214,-0.26926,-0.419232,0.106694,0.804314,0.169151
-17.967,1.50437,0.0514986,0.923076,-0.46398,-0.372665,-0.912286,-0.22634,-0.718389,0.299509,0.550006,0.0868053,0.0670096,-0.490357,-0.057943,-0.230846,-0.350501,-0.0780761,0.690724,0.161649
-17.9169,1.17309,0.147693,0.772313,-0.748304,-0.387188,-0.865065,-0.388245,-0.864365,0.270253,0.618224,0.423109,-0.0502845,-0.584972,0.336311,-0.0787441,-0.30439,0.248941,0.621954,0.0946407
-17.7161,1.14218,0.13373,0.845859,-0.585275,0.0294253,-0.764906,-0.168959,-0.464247,0.263299,0.748215,0.544822,-0.331866,-0.429548,-0.00332791,-0.280659,-0.448069,0.187519,0.864225,0.282457
-17.7009,1.62531,0.112527,0.316053,-0.536525,-0.0690745,-0.874051,-0.520666,-0.474338,0.0707086,0.783292,0.304167,-0.214324,-0.242794,0.0528054,-0.181728,-0.16559,0.0943726,0.511615,0.41986
-16.625,1.60116,-0.137937,0.329556,-0.610321,-0.00619882,-1.20214,-0.571769,-1.02428,0.0833318,0.540489,0.41021,0.579369,0.104435,-0.0362057,-0.291912,0.0130184,0.247677,-0.101154,0.0232191
-15.3939,1.24481,-0.470827,0.516872,-0.763367,-0.111169,-0.807621,-0.982022,-1.09354,-0.324585,0.308527,0.945485,0.880877,0.324407,-0.178483,-0.319752,0.371979,0.314199,-0.535239,0.031665
-15.1742,1.05104,-0.877214,0.745234,-0.508806,-0.230095,-0.825291,-1.04602,-1.36319,-0.235024,0.408718,1.13288,0.862232,0.204921,-0.153579,-0.0395507,0.257561,0.375309,-0.713576,0.00464996
-16.02,1.05699,-0.811301,0.820754,-0.27368,-0.206618,-1.09342,-0.85082,-1.06149,0.204695,0.624059,0.930449,0.697548,-0.178049,-0.243669,0.400987,0.0207875,-0.279274,-0.398093,0.216958
-16.1163,1.04095,-0.634864,0.694922,-0.415537,-0.353064,-1.06933,-0.949668,-0.949331,-0.130336,0.789454,1.0573,0.784009,-0.16442,-0.467995,0.63112,0.0568262,-0.445366,-0.081298,0.497255
-16.212,1.08414,-0.643587,0.53048,-0.280828,-0.254063,-0.621084,-0.923186,-1.11032,-0.0562754,0.789778,1.04343,0.750944,-0.18688,-0.417081,0.641439,-0.191506,-0.97859,-0.224465,0.435302
-16.1763,0.993166,-1.02148,0.561909,-0.499312,-0.282159,-0.636056,-0.792342,-1.11948,0.262074,1.05309,1.02834,0.603562,-0.0134286,-0.213808,0.649812,-0.385186,-1.00149,-0.137813,0.197386
-14.7653,0.76236,-0.542233,0.629779,-0.708863,-0.369999,-0.76174,-0.807227,-1.41647,0.0851479,1.26522,0.757352,0.0093837,-0.598234,-0.372441,0.49115,-0.402942,-0.812237,0.374329,0.396412
-15.2424,1.25703,-0.645123,0.742306,-0.746588,-0.256307,-1.15262,-0.620351,-1.52121,0.265627,1.13049,0.91067,0.254649,-0.434013,0.0276908,0.402222,-0.896819,-0.821143,0.229687,0.142268
-15.4481,0.958131,-0.445065,0.386555,-0.582469,-0.0688484,-0.81977,-0.246289,-1.4228,0.627925,1.48758,0.980058,0.263814,-0.540004,0.146351,0.309488,-0.831514,-0.90448,-0.00446198,-0.0470445
-15.6791,0.750575,-0.596279,-0.000142189,-0.619778,-0.484806,-1.00168,-0.296007,-1.33519,0.0717729,1.24484,1.02472,0.256781,-0.658213,0.0593575,0.248345,-0.809734,-0.467128,0.204247,0.218074
-15.9854,0.799402,-0.749805,0.381787,-0.530854,-0.303185,-0.830803,-0.216723,-1.43039,0.377384,1.40449,0.712359,0.202114,-0.586475,0.182906,0.207338,-0.911031,-0.294377,0.486351,0.271947
-15.4653,0.724791,-1.10759,0.117065,-0.602047,-0.291328,-0.074269,-0.446305,-1.37773,-0.313169,1.4567,0.837483,-0.0669283,0.0156788,-0.200466,-0.136106,-0.315179,-0.243553,0.218966,0.459005
-15.2687,0.81641,-0.558524,-0.228753,-0.771703,0.0636758,0.140688,-0.468941,-1.44356,-0.390814,1.60244,1.42127,-0.0389055,0.121645,-0.615722,-0.499788,-0.143382,-0.243357,-0.0450093,0.628025
-15.8733,0.488679,-0.673863,-0.233927,-0.59312,0.0515524,-0.115067,-0.499337,-1.22045,-0.331672,1.55809,1.36351,-0.223443,-0.164831,-0.656421,-0.516807,-0.0778075,-0.0893588,-6.19932e-05,0.739329
-15.7038,0.498671,-0.710693,-0.322099,-0.773494,-0.475126,-0.0702938,-0.396359,-1.37123,-0.371899,1.54268,1.49595,-0.232707,0.13048,-0.47994,-0.585059,-0.0439659,-0.0142487,0.0851332,0.334938
-15.5721,0.83785,-0.458219,-0.300049,-0.459913,-0.0873906,0.0636976,-0.167837,-1.53405,-0.568593,1.85154,1.47067,-0.245085,0.186667,-0.460013,-0.661068,0.055621,0.013698,-0.0191434,0.531188
-15.4491,0.77363,-0.683847,-0.201854,-0.599529,-0.522303,0.265305,-0.24001,-1.66368,-0.679866,1.41129,1.67375,0.066253,0.174322,-0.286341,-0.631235,0.392728,0.0073529,-0.0182755,0.583436
-15.8003,0.139235,-0.818667,-0.10281,-0.383819,0.0909238,0.361953,-0.422468,-1.7118,-1.06266,1.07607,1.3328,0.111469,0.248761,-0.48542,-0.711092,0.412853,0.206912,-0.205045,0.488236
-15.8471,0.281122,-0.514273,-0.476408,-0.575083,0.101859,0.698249,-0.256536,-1.51773,-0.751383,1.33716,1.53022,-0.0467629,0.447927,-0.451296,-0.926118,0.402265,0.0811729,-0.399531,0.47933
-15.6685,0.529332,-0.823417,-0.538462,-0.536242,0.0455013,0.582097,-0.439343,-1.59339,-0.656709,1.09978,1.36886,-0.275376,0.597113,-0.476029,-0.757586,0.4354,0.324785,-0.258535,0.399397
-15.877,0.642747,-0.930941,-0.435989,-0.531308,0.285866,0.606158,-0.518467,-1.46847,-0.720286,1.24689,1.2848,-0.228951,0.605993,-0.593055,-0.800037,0.366659,0.345015,-0.267418,0.481874
-15.9352,0.49618,-0.729626,-0.544621,-0.63384,0.233229,0.417232,-0.400364,-1.62255,-1.16401,1.47321,1.31732,-0.510691,0.660667,-0.667863,-0.813324,0.315824,0.0847182,-0.260437,0.514538
-15.9884,0.594512,-0.539299,-0.590805,-0.597365,0.136204,0.638553,-0.213015,-1.37655,-0.845086,1.55953,1.59353,-0.431784,0.590653,-0.588556,-1.1203,0.469545,0.0701435,-0.401237,0.530306
-15.9732,0.542956,-0.439089,-0.248872,-0.782499,-0.0461359,0.976078,0.0100295,-1.49833,-1.09739,1.26028,1.5647,-0.350988,0.593774,-0.569879,-0.777105,0.721853,0.405463,-0.307267,0.620765
-16.2763,0.522443,-0.450978,-0.272326,-0.85411,-0.150445,0.915904,-0.0261246,-1.60241,-0.877964,1.5295,1.67537,-0.308703,0.524107,-0.867027,-1.07401,0.458352,0.351033,-0.457719,0.388559
-16.7614,0.492494,-0.575287,-0.322456,-0.748156,-0.0308977,0.955669,-0.0914487,-1.771,-1.39552,1.60708,1.90604,-0.211012,0.70162,-0.52661,-0.815831,0.478941,0.26675,-0.480598,0.559796
-16.8179,0.640219,-0.336368,-0.431818,-0.792512,0.0244576,1.23781,0.0934411,-1.61383,-0.965869,1.66792,1.86532,-0.411524,0.631355,-0.769105,-1.0109,0.834313,0.279509,-0.551185,0.681777
-16.5004,0.621369,-0.369753,-0.437292,-0.760756,-0.0646587,0.906544,0.0838216,-1.5437,-1.15894,1.52249,1.80033,-0.229414,0.646035,-0.689925,-0.933243,0.820329,0.218598,-0.681981,0.563605
-16.5386,0.773078,-0.451614,-0.559485,-0.550366,0.229555,0.94364,0.0278811,-1.6376,-1.00497,1.53768,1.50174,-0.318878,0.889259,-0.611106,-0.986073,0.840811,0.232878,-0.603155,0.741025
-16.9704,0.230058,-0.441769,-0.257776,-0.651024,0.0495904,1.07448,-0.266887,-1.68276,-1.20482,1.23708,1.66618,-0.0965638,0.792867,-0.723048,-0.773485,1.0027,0.340162,-0.508928,0.607852
-17.2272,0.319376,-0.463818,-0.0990389,-0.605376,0.397558,1.28489,-0.31012,-1.65212,-0.881169,1.41339,1.84747,-0.311913,0.566057,-0.507428,-0.744144,0.484515,0.0342972,-0.35486,0.328861
-17.584,0.624185,-0.29373,-0.440935,-0.800599,0.376706,0.96677,-0.0702101,-1.38679,-0.775112,1.22043,1.61019,-0.338439,0.12213,-0.822886,-0.887921,0.424458,0.265717,-0.300301,0.393809
-17.6373,0.805149,-0.461336,-0.512691,-0.613783,0.226946,0.982591,0.014649,-1.13894,-1.0195,1.18839,1.48809,-0.553482,-0.122062,-0.781631,-0.780929,0.453699,-0.0165289,-0.277433,0.447758
-17.7986,1.12934,-0.475883,-0.288564,-0.475444,-0.00150956,0.903799,-0.00131092,-1.26277,-0.819401,1.16207,1.696,-0.501504,0.386754,-0.51316,-0.753645,0.749086,0.244561,-0.00728777,0.492429
-17.6945,0.970041,-0.27247,0.130278,-0.492587,0.271409,0.816472,-0.00812116,-1.13501,-0.85045,1.07484,1.40371,-0.330513,0.275303,-0.664437,-1.01055,0.745717,0.325762,-0.289384,0.451164
-17.6896,1.18167,-0.193755,-0.0242907,-0.52804,0.304048,0.650896,-0.332557,-0.958724,-0.740287,0.875333,1.05533,-0.362313,0.321838,-0.843445,-0.995683,0.605329,0.193083,-0.287869,0.628625
-17.9417,1.2299,-0.220937,0.0554574,-0.530566,0.25053,0.486121,-0.309662,-1.10862,-0.793338,0.942159,0.893009,-0.315629,0.69289,-0.533552,-0.912218,0.335166,0.227261,-0.268053,0.534887
-17.5617,1.50631,-0.464669,0.298975,-0.552736,0.208921,0.245863,-0.183745,-1.28291,-0.254053,0.821615,0.740523,-0.336248,0.265552,-0.426261,-0.498912,0.295785,0.185034,0.10468,0.333838
-17.0602,1.73079,-0.373118,0.336371,-0.381028,0.25279,-0.0537445,0.0554642,-1.36806,-0.276912,0.371278,0.213348,-0.29688,-0.362632,-0.697522,-0.504306,-0.0148831,0.309136,0.165414,0.323807
-15.7654,1.54351,-0.588882,0.636463,-0.380729,0.0741697,-0.401297,-0.179537,-1.24706,-0.445264,0.246695,0.391913,-0.275063,-0.296637,-0.488981,-0.413744,-0.0679729,0.514139,0.279466,0.239422
-15.4258,1.14138,-0.41587,0.761927,-0.635303,0.199461,-0.207261,0.0414149,-1.24096,-0.502289,0.192628,0.413275,-0.203267,-0.355688,-0.152149,-0.326774,-0.231693,0.550106,0.491319,0.133997
-14.6569,1.07227,-0.499094,0.671605,-0.588135,0.195518,-0.433358,-0.248732,-1.24518,-0.436221,0.232006,0.404134,-0.0660924,-0.481856,-0.165464,-0.1531,-0.634625,0.41768,0.521395,0.276062
-14.403,1.49918,-0.581044,0.413134,-0.528093,-0.0479063,-0.424492,-0.148315,-1.22119,-0.28624,0.402322,0.511941,-0.200702,-0.233272,-0.225367,-0.356041,-0.433528,0.421734,0.627491,0.230638
-14.3735,1.6913,-0.395924,0.196595,-0.730472,0.0957072,-0.426303,-0.198039,-1.30045,-0.225229,0.542444,0.683814,-0.0507874,-0.344163,-0.0280401,-0.41641,-0.73182,0.531166,0.712795,0.0649644
-14.355,1.90899,-0.467709,0.0324025,-0.713257,0.11941,-0.422871,-0.258448,-1.25656,-0.217153,0.44375,0.664841,0.0449207,-0.356961,0.148259,-0.404636,-0.916639,0.43436,0.774673,-0.137696
-14.4298,1.81353,-0.65283,-0.0129815,-0.841959,0.235537,-0.355975,-0.166375,-1.14852,0.0101731,0.60971,0.735114,0.157886,-0.29948,0.226715,-0.440971,-0.99165,0.37549,0.777731,-0.0344194
-14.783,1.52195,-0.781373,0.0857269,-0.881217,0.00132033,-0.643925,-0.351572,-1.08634,-0.0141155,0.422778,0.684737,0.0581501,-0.2845,0.0618382,-0.429023,-0.598965,0.193771,0.803772,0.301028
-14.9907,1.85238,-0.814235,0.0474091,-0.891714,0.159667,-0.750614,-0.205117,-0.867049,-0.119104,0.388085,0.52309,-0.0211213,-0.157664,0.0809128,-0.283618,-0.365661,0.105904,0.508146,0.281889
-15.4219,2.194,-0.825886,0.199675,-0.702189,-0.0258694,-0.554456,-0.194138,-0.70434,-0.167984,0.399461,0.293611,-0.00246039,-0.303271,-0.133654,-0.343465,-0.381157,0.478879,0.495159,0.388058
-15.746,2.24639,-1.00936,-0.0265125,-0.65873,0.0740099,-0.422502,-0.49101,-0.807867,0.124173,0.711801,0.402263,0.0505613,-0.448527,-0.0767213,-0.298987,-0.0668709,0.16809,0.627837,0.540179
-15.6772,2.09566,-0.902007,0.425726,-0.678819,-0.0845216,-0.0674439,-0.559785,-0.934878,0.0232326,0.748108,0.180912,-0.0425576,-0.548501,-0.529929,-0.148847,-0.25188,-0.13165,0.683927,0.602785
-15.5792,1.75818,-0.750474,0.649383,-0.267229,-0.0950224,-0.410594,-0.747556,-1.09902,-0.0706304,0.752636,0.245001,-0.109596,-0.61217,-0.760649,0.0354505,-0.0365142,-0.0981408,0.778,0.262585
-15.0387,1.44216,-0.7704,0.704675,-0.593128,-0.00590076,-0.339271,-0.804224,-0.946076,-0.237503,0.743899,0.454013,0.148999,-0.573581,-0.380393,0.102995,-0.240928,-0.140583,0.341523,0.325448
-15.2286,1.54769,-0.757173,0.380483,-0.681138,0.113964,-0.454576,-0.730715,-1.04726,-0.135683,0.763437,0.32899,-0.07038,-0.32246,-0.152141,0.176806,-0.0924446,-0.139484,0.30951,0.432383
-15.4948,1.66252,-0.839907,0.538778,-0.641419,0.119916,-0.255166,-0.616548,-1.09724,-0.264226,0.751682,0.390358,0.156064,-0.255068,-0.173312,0.0362887,-0.135315,-0.113685,0.777214,0.600623
-15.6776,1.68507,-0.952256,0.21788,-0.541525,0.203374,-0.186154,-0.593761,-1.46914,-0.299057,0.890296,0.398429,-0.0993772,-0.541577,-0.26625,-0.147918,-0.345576,-0.23108,0.69737,0.60815
-15.5659,2.17522,-0.718344,0.143263,-0.537013,0.0732647,-0.471871,-0.912847,-1.21847,-0.278084,1.0119,0.523549,0.142922,-0.69299,-0.360211,0.0345008,-0.338921,-0.24768,0.6371,0.5375
-15.9283,2.31963,-0.933473,0.112608,-0.657235,0.107895,-0.210439,-0.660256,-1.21974,-0.336065,0.723414,0.487104,0.0410474,-0.672415,-0.245467,0.132775,-0.438244,-0.529726,0.577619,0.588797
-16.0006,2.21992,-0.781914,0.292384,-0.645845,-0.155786,-0.0231847,-0.859736,-1.3936,-0.394924,0.901828,0.644461,-0.00379057,-0.695234,-0.381037,0.0324441,-0.54192,-0.505366,0.654777,0.585897
-16.149,1.9981,-0.62456,0.398764,-0.670386,0.0130492,-0.169746,-0.857497,-1.41525,-0.255753,1.14791,0.769925,0.0569506,-0.712258,-0.322279,-0.00724861,-0.235558,-0.513889,0.67606,0.53034
-16.2485,1.50448,-0.618572,0.585249,-0.585589,-0.00150425,-0.352911,-0.989953,-1.39789,-0.406906,0.92413,0.66352,0.0429619,-0.62564,-0.63459,0.0505069,-0.218739,-0.250303,0.262789,0.406894
-16.0465,1.69741,-0.270276,0.311914,-0.626811,-0.180525,-0.151168,-0.828216,-1.25222,-0.351711,0.873099,0.634449,0.0601912,-0.230087,-0.29412,0.00465433,-0.223195,-0.391836,0.507507,0.64213
-16.1098,1.60981,-0.459261,0.507231,-0.57566,-0.227181,-0.223378,-1.13517,-1.2339,-0.492725,0.917815,0.543458,-0.00916882,-0.401387,-0.323752,0.128193,-0.476807,-0.382372,0.490185,0.497535
-16.0148,2.02344,-0.400325,0.628076,-0.392283,-0.0985517,-0.0934495,-0.831266,-1.05425,-0.408072,0.942224,0.686058,0.342792,-0.555359,-0.580851,0.256306,-0.459981,-0.509739,0.392105,0.546795
-16.4266,1.99722,-0.483854,0.455773,-0.494779,-0.129585,0.0278807,-0.778357,-0.883434,-0.217072,1.01647,0.764222,0.322791,-0.859449,-0.594288,0.340793,-0.517573,-0.656588,0.369394,0.470236
-16.124,1.92033,-0.474472,0.477784,-0.312294,-0.161751,-0.000691471,-0.706383,-0.908174,-0.103523,1.00933,0.585281,0.309909,-0.613601,-0.258598,0.439762,-0.337351,-0.585124,0.265761,0.466582
-15.673,1.90963,-0.523108,0.398606,-0.511786,-0.24437,-0.413161,-0.540522,-0.730439,-0.243735,0.887043,0.583376,0.244887,-0.499502,-0.525938,0.14976,-0.390816,-0.62898,0.299265,0.428267
-15.3088,2.14639,-0.266417,0.429958,-0.694592,-0.272113,-0.445082,-0.43268,-0.716523,-0.468325,0.618285,0.616479,0.262731,-0.544326,-0.492137,0.240254,-0.253135,-0.520365,0.254109,0.358343
-15.3233,1.91918,-0.637957,0.550332,-0.672423,-0.258629,-0.392753,-0.705212,-0.870395,-0.573361,0.578648,0.714693,0.389341,-0.519968,-0.39359,0.178363,-0.109571,-0.56507,0.453569,0.391162
-15.7849,1.744,-0.596196,0.625008,-0.716286,-0.456499,-0.460949,-0.648972,-1.11895,-0.67007,0.518746,0.705855,0.188896,-0.60464,-0.183037,0.0982313,0.0143741,-0.755212,0.416952,0.454882
-15.5984,2.00463,-0.431381,0.615666,-0.754877,-0.64157,-0.396552,-0.591998,-0.990296,-0.382612,0.321711,0.268372,0.0911612,-0.69499,-0.317956,0.260788,-0.015158,-0.44638,0.364531,0.00401776
-15.5769,2.06829,-0.403872,0.559443,-0.599534,-0.539986,-0.598381,-0.49507,-0.775077,-0.28135,0.221815,0.306554,0.492133,-0.300984,-0.0763663,0.332824,-0.270118,-0.453548,0.587942,0.382205
-14.9161,1.85075,-0.867929,0.326538,-0.47725,-0.37363,-0.403915,-0.403666,-0.861436,-0.168999,0.287898,0.361608,0.306575,-0.419527,-0.0842305,0.250381,-0.0430131,-0.306512,0.330636,0.121286
-14.8545,1.78505,-0.822804,0.592524,-0.592023,0.128876,-0.0761029,-0.541449,-1.12429,-0.376804,0.201251,0.243972,0.113832,-0.461258,-0.0722572,0.457405,-0.067361,-0.363097,0.313302,0.0581541
-14.9613,2.01079,-0.93193,0.574691,-0.761692,-0.0203331,0.163541,-0.394546,-0.842356,-0.639302,0.249441,0.350664,0.0361561,-0.462304,-0.220558,0.532028,0.0741581,-0.381285,0.468272,0.123854
-14.9361,2.19167,-1.01954,0.524094,-0.360964,0.150718,0.0984079,-0.153041,-0.837125,-0.647028,0.162491,0.0962587,0.0375843,-0.42008,-0.240047,0.21014,0.0651868,-0.18816,0.485309,-0.0632172
-15.0115,1.80405,-1.1068,0.272506,-0.445244,0.0281197,0.185209,0.21691,-0.77295,-0.325028,0.0945806,0.0912728,-0.0994088,-0.78134,-0.214696,0.17339,0.151665,0.0661797,0.54058,0.29752
-15.0624,1.85162,-1.06532,0.514297,-0.655162,-0.121141,0.125765,0.0606056,-0.805602,-0.534825,0.31371,0.172496,0.138642,-0.631316,-0.269243,0.0791611,0.0484757,-0.252518,0.451843,0.214832
-15.2541,1.8293,-0.944419,0.595638,-0.639341,-0.0132716,0.075137,0.0617468,-0.806121,-0.449328,0.477552,0.277258,0.200872,-0.451358,-0.30823,0.186851,-0.107559,-0.378081,0.367252,0.269651
-15.6356,1.72479,-0.857928,0.465818,-0.925415,-0.270902,-0.151176,-0.0290646,-0.905441,-0.472107,0.73589,0.426131,0.340599,-0.607463,-0.360426,0.395082,-0.226966,-0.425695,0.321518,0.132544
-15.7425,1.74349,-0.853659,0.59763,-0.703922,-0.160281,-0.264866,-0.269138,-0.805304,-0.601227,0.576671,0.237884,0.366365,-0.330318,-0.355335,0.253129,-0.112599,-0.4019,0.354444,0.244789
-15.8132,1.57506,-0.448207,0.893277,-0.57802,-0.114639,-0.492575,-0.732146,-0.740149,-0.155829,0.548857,0.128088,-0.0651617,-0.459219,-0.429485,0.265449,-0.312301,-0.359567,0.289995,0.117019
-15.9107,1.90724,-0.637099,0.356336,-0.593225,-0.171547,-0.28381,-0.778366,-0.835856,-0.128314,0.478177,0.27758,0.313637,-0.241181,-0.36475,0.347476,-0.200586,-0.486308,0.394072,0.305565
-16.0233,2.02643,-0.643351,0.394883,-0.625841,-0.313945,-0.309203,-0.774144,-0.866689,0.0830186,0.601219,0.171323,0.25351,-0.229133,-0.522006,0.143713,-0.332618,-0.505191,0.401833,0.277124
-16.1496,1.95415,-0.418038,0.336749,-0.73611,-0.258302,-0.59283,-0.932103,-0.840634,0.300975,0.55701,0.118973,0.350824,-0.289486,-0.291822,0.24049,-0.14745,-0.436965,0.388151,0.27435
-16.3099,1.91437,-0.371375,0.565549,-0.550765,-0.388324,-0.477365,-1.01092,-1.14949,0.153672,0.568531,0.486693,0.296385,-0.333001,-0.356049,-0.067776,-0.0293804,-0.36585,0.138222,0.303209
-16.2344,1.89605,-0.305398,0.601984,-0.659161,-0.193298,-0.439831,-0.749101,-1.15572,-0.0509019,0.788714,0.617027,0.420781,-0.372103,-0.268955,-0.0239936,0.00775965,-0.182182,0.261279,0.351645
-16.5666,1.90417,-0.323498,0.510426,-0.916744,-0.113944,-0.296007,-0.646117,-1.10634,-0.0722324,0.81308,0.521482,0.525742,-0.643916,-0.43372,0.0980853,-0.263909,-0.643335,0.2789,0.371842
-16.7196,1.87869,-0.242006,0.413929,-0.863465,-0.214458,-0.403837,-0.564644,-0.953136,-0.133028,0.761512,0.574309,0.802448,-0.36461,-0.258094,0.50334,-0.220595,-0.641939,0.396628,0.257253
-16.839,1.91251,-0.141645,0.8366,-0.775475,-0.457408,-0.655471,-0.992136,-0.95365,-0.150185,0.678726,0.580557,0.392336,-0.535487,-0.330014,0.32238,-0.101755,-0.489551,0.197675,0.330397
-17.1053,1.9141,0.0705911,0.648623,-0.972552,-0.428535,-0.807559,-0.934591,-0.87304,-0.128852,0.697504,0.195106,0.34402,-0.279135,-0.193305,0.213425,-0.148606,-0.562088,0.285573,0.429087
-17.1653,1.99045,0.0555515,0.889566,-0.990905,-0.513432,-0.796501,-0.81648,-0.753988,-0.164978,0.684936,0.102626,0.357601,-0.500496,-0.208634,0.173031,-0.221591,-0.453334,0.189448,0.247829
-17.2214,1.96532,0.0556959,0.801083,-0.940396,-0.260366,-0.626871,-0.681673,-1.06698,-0.185509,0.853126,0.387271,0.459608,-0.364024,-0.303969,-0.0276567,-0.104535,-0.396158,0.203154,0.426663
-17.2799,2.07365,-0.271347,0.404486,-0.866178,-0.268258,-0.599775,-0.610737,-0.918246,0.0952978,0.840944,0.285234,0.339849,-0.389793,-0.356066,0.122206,-0.0344439,-0.530322,0.119108,0.238958
-17.4626,1.98715,-0.278302,0.507623,-0.949704,-0.378792,-0.712977,-0.948567,-0.926152,-0.0534447,0.900151,0.33658,0.316371,-0.406738,-0.301686,0.0373448,-0.302778,-0.764906,0.147146,0.315876
-17.0119,2.26436,-0.228893,0.231236,-0.706723,-0.36251,-0.603375,-0.773051,-0.905615,-0.0157088,0.721151,0.330832,0.557921,-0.223694,-0.273218,0.345648,-0.206227,-0.536423,0.313139,0.155702
-16.946,2.10901,-0.562961,0.300884,-0.968342,-0.835279,-0.729297,-0.533687,-0.710583,-0.414392,0.633623,0.51647,0.575546,-0.278672,-0.0239691,0.452778,-0.0458284,-0.476881,0.200055,0.742089
-17.1407,2.26447,-0.427665,0.392112,-0.810046,-0.454507,-0.981747,-0.757375,-0.765659,-0.356219,0.676206,0.455294,0.545923,-0.203068,-0.00651719,0.382372,-0.0771532,-0.565737,0.336838,0.415045
-16.8926,2.04735,-0.789068,0.438995,-0.638696,-0.47505,-0.853238,-0.489986,-0.426194,-0.0719464,0.734986,0.519345,0.433618,-0.00140718,0.01096,0.412465,-0.238514,-0.598106,0.104679,0.25
-16.7532,2.33401,-0.608788,0.422562,-0.671245,-0.284375,-0.744192,-0.756135,-0.633359,-0.0129386,0.542452,0.339483,0.235133,-0.377453,-0.288125,0.203427,-0.303689,-0.689219,0.195606,0.186145
-16.6742,2.22151,-0.542179,0.78293,-0.610686,-0.145999,-0.538507,-0.599395,-0.743978,0.247663,0.544169,0.543939,0.229445,-0.231942,-0.257164,-0.03165,-0.354005,-0.429227,0.229179,0.18966
-16.2558,2.50805,-0.525373,0.765922,-0.975284,-0.199282,-0.179481,-0.309271,-0.530068,0.245013,0.474048,0.307596,-0.0817773,-0.511739,-0.184936,0.0833391,-0.243279,-0.3761,0.149681,0.213882
-15.6419,2.2627,-0.609963,0.594074,-0.714546,-0.137008,-0.690625,-0.384637,-0.993517,-0.00486067,0.470637,0.589405,0.0241699,-0.615881,-0.326851,-0.193794,0.0281224,-0.00540536,0.256869,0.079177
-15.2062,2.30357,-0.996336,0.452601,-0.586376,-0.145739,-0.707353,-0.23172,-1.05094,-0.317908,0.226396,0.440459,0.0772503,-0.473162,-0.33895,-0.285654,-0.0563294,0.138982,0.16102,-0.0390847
-15.35,2.31034,-0.929336,0.520005,-1.00768,-0.351717,-0.360281,-0.0300414,-0.531116,0.0448547,0.199023,0.21874,0.0323599,-0.364331,-0.485016,-0.0677193,-0.269097,-0.0783215,0.0440734,0.108238
-15.3288,2.4304,-0.499571,0.409762,-0.944692,-0.211264,-0.274047,-0.201486,-0.691198,-0.237476,0.0761909,0.382707,-0.0524299,-0.450098,-0.400751,-0.0848596,-0.126141,-0.127934,0.123356,-0.056366
-15.3578,1.99001,-0.747389,0.740923,-0.910802,-0.126465,-0.561205,-0.143529,-1.01882,-0.475428,0.209498,0.420992,-0.0868452,-0.165519,-0.316393,-0.305227,-0.411271,-0.294516,0.0457256,-0.00405399
-15.7891,2.42339,-0.549589,0.540489,-1.09846,-0.149014,-0.352865,-0.0452574,-0.643335,-0.65829,0.251641,0.375847,0.0618485,-0.381365,-0.40812,-0.337279,-0.172659,-0.0727217,-0.029961,0.0121608
-15.6529,2.18402,-0.514135,0.791319,-0.994847,-0.203107,-0.519804,-0.0175164,-0.723247,-0.357961,-0.0570291,0.370705,0.0616308,-0.434895,-0.324023,0.0291752,-0.131154,-0.274378,0.112622,-0.0748942
-15.7627,2.22254,-0.542735,0.816261,-0.905348,-0.0429297,-0.511595,-0.464558,-0.553537,-0.359633,-0.062294,0.383185,0.223192,-0.248716,-0.450734,-0.132099,-0.053123,0.142585,0.0910637,-0.1982
-15.9383,2.2523,-0.672528,0.359578,-1.07216,-0.139987,-0.598756,-0.202022,-0.497519,-0.29268,0.175143,0.324963,0.295931,-0.439402,-0.600856,-0.170378,0.17555,0.225883,0.220788,-0.120271
-16.0826,1.97059,-0.783048,0.613633,-0.89628,-0.211913,-0.409643,-0.110522,-0.71717,-0.407133,0.268005,0.622368,0.360749,-0.784384,-0.748482,-0.125024,-0.0156026,0.118716,0.500908,0.0209861
-16.1844,2.16933,-0.662578,0.590418,-1.23054,-0.30403,-0.172913,0.0968712,-0.663323,-0.485468,-0.0538099,0.521068,0.151208,-0.708693,-0.600622,-0.318173,-0.0972036,0.223093,0.378824,0.273945
-16.4536,2.44898,-0.798359,0.398734,-1.11222,-0.14893,-0.301503,0.0493551,-0.63168,-0.590087,0.0117144,0.356486,-0.0722153,-0.733766,-0.511858,-0.181029,0.0500243,0.0959074,0.356369,0.285307
-16.6723,2.32052,-0.73427,0.407681,-0.668178,-0.0366399,-0.612006,-0.316699,-0.421669,-0.410801,0.109933,0.340688,0.132168,-0.474142,-0.537434,-0.0314866,0.192554,0.198635,0.568207,0.308416
-17.0007,2.219,-0.901677,0.500915,-0.689144,0.0750585,-0.208345,-0.191288,-0.402577,-0.196541,-0.0566976,0.0178463,-0.113384,-0.636329,-0.563009,-0.00352164,0.0973561,0.459133,0.549162,0.15134
-17.4395,1.96894,-0.424035,0.552709,-0.576736,0.246935,-0.351027,-0.209545,-0.462322,-0.324489,-0.194104,-0.173514,0.0129417,-0.670915,-0.814557,-0.0608984,0.319316,0.222959,0.432966,0.166345
-16.9882,2.19905,-0.430573,0.631718,-0.726854,-0.00510493,-0.380068,-0.122857,-0.693283,-0.335915,0.0583982,0.250695,-0.0549686,-0.678249,-0.375119,-0.0428608,0.106534,0.47065,0.399067,0.433696
-17.1568,2.42538,-0.40294,0.588908,-0.80178,-0.0657575,-0.317972,-0.179204,-0.212707,0.0523257,0.0762519,0.151808,0.0282259,-0.508904,-0.502598,0.0369428,-0.0446715,0.227741,0.449268,0.216402
-17.462,2.18419,-0.361681,0.556304,-0.90229,0.0078425,-0.63231,-0.648013,-0.188728,0.0971533,0.0355601,0.0187843,-0.145893,-0.197282,-0.334395,-0.029269,0.0756684,0.243619,0.305804,0.361317
-17.6441,2.2085,-0.438899,0.395111,-0.548991,-0.0604384,-0.632455,-0.794727,-0.706058,-0.050296,0.132056,0.238845,-0.252888,-0.317099,-0.258045,-0.0738876,0.228395,0.337504,0.282094,0.267869
-17.6542,2.49442,-0.265638,0.465076,-0.783608,-0.111243,-0.331735,-0.55988,-0.230569,-0.115704,0.0945881,0.16477,0.0555311,-0.210563,-0.36546,-0.0583051,0.159664,0.297795,0.218612,0.124251
-17.8487,2.37108,-0.363917,0.66196,-0.730028,-0.0423754,-0.354918,-0.60522,-0.396298,-0.10047,0.196869,0.332782,0.0562953,-0.280241,-0.436893,-0.183718,0.126631,0.35821,0.232267,0.0873753
-17.9143,2.23755,-0.336136,0.615634,-0.664604,-0.102058,-0.434416,-0.487763,-0.402005,-0.143265,0.12775,0.251398,-0.0339874,-0.234934,-0.2153,-0.175754,0.252318,0.176051,-0.0360638,0.286525
-17.9257,2.52451,-0.321041,0.326388,-0.769316,-0.198633,-0.354136,-0.615964,-0.423491,0.126896,0.221937,0.120055,0.146165,-0.31689,-0.366254,-0.0754603,0.0184133,0.406741,0.113405,0.423698
-18.0691,2.69021,-0.102469,0.41879,-0.743513,-0.00692231,-0.367322,-0.542565,-0.587515,-0.143622,-0.0378751,0.438613,0.225486,-0.388174,-0.255512,-0.320222,-0.00719952,0.235244,0.46486,0.177318
-18.314,2.54184,-0.181616,0.433999,-0.594733,0.081388,-0.327049,-0.508472,-0.476518,-0.47016,0.0177566,0.348075,0.108454,-0.190333,-0.341954,-0.299643,-0.0736839,0.294688,0.0847435,0.0625752
-18.2361,2.53464,-0.308778,0.179275,-0.639954,-0.150685,-0.541071,-0.579076,-0.494062,-0.158808,0.076788,0.201867,-0.0352914,-0.436349,-0.324218,-0.19603,0.0642226,0.47237,0.0724874,-0.0601709
-18.5201,2.52918,0.164202,0.488643,-0.355833,-0.146024,-0.639133,-0.600734,-0.333794,-0.256817,0.234384,0.200806,-0.0525974,-0.0273939,-0.270834,-0.0790358,-0.175341,0.090646,0.104949,0.238688
-19.0635,2.64105,0.35461,0.747543,-0.246586,-0.261899,-0.585912,-0.494821,-0.474406,-0.277403,0.181957,0.370355,0.086365,-0.247382,-0.159619,0.032256,-0.0189057,0.0200519,0.112948,0.304046
-19.1355,2.44893,0.346626,0.834376,-0.419281,-0.289579,-0.555911,-0.478953,-0.644081,-0.304676,0.272878,0.275741,-0.136947,-0.22121,0.150948,0.328896,-0.0825357,-0.309812,-0.0370334,0.228987
-19.176,2.36905,0.346282,0.781389,-0.524026,-0.0181665,-0.215934,-0.305093,-0.472802,-0.34115,0.297362,0.5481,-0.156698,-0.506797,-0.161438,0.0216182,-0.209951,0.0275845,0.329453,0.273143
-19.1978,2.59774,0.453488,0.716026,0.0756314,-0.00417261,-0.132778,-0.428131,-0.372669,0.130502,0.294429,0.123875,0.0192202,-0.518704,-0.461384,-0.194337,-0.0883101,-0.0149816,0.336878,0.175267
-19.2836,2.36028,0.464848,0.330629,0.0190153,-0.0110545,-0.364071,-0.574578,-0.419838,-0.0745806,0.338062,0.0538714,-0.221882,-0.251718,-0.323593,-0.280324,-0.0401004,0.0645948,0.0958546,0.291971
-19.3833,2.30756,0.519281,0.34534,-0.145796,0.249199,-0.273042,-0.511764,-0.54955,-0.299346,0.129751,0.319024,0.0649,-0.097691,-0.211268,-0.226611,-0.218866,0.124512,0.109249,0.140248
-19.0694,2.49162,0.277432,0.444002,-0.267159,0.0681608,-0.318607,-0.419346,-0.647753,-0.246488,0.24312,0.15778,0.0640568,-0.126333,-0.360454,-0.291854,-0.0781472,0.00659799,0.364646,0.0729403
-19.2207,2.45119,0.395355,0.34412,-0.128622,-0.297908,-0.283241,-0.392982,-0.539331,0.0471706,0.399533,0.22513,-0.075272,-0.413405,-0.496045,-0.0325787,0.108533,0.206575,0.0912101,0.0917437
-19.2815,2.17308,0.566183,0.402203,-0.131431,-0.37833,-0.289813,-0.35965,-0.598326,0.179385,0.448988,0.0287569,-0.0867663,-0.502721,-0.114941,-0.0569814,-0.287584,-0.141965,0.16084,0.402065
-19.2458,1.99025,0.523009,0.334625,-0.329102,0.151607,-0.168386,-0.266014,-0.444423,-0.0459643,0.219365,0.0882296,0.398552,-0.156313,-0.394403,-0.236371,-0.276696,-0.184351,0.137232,0.0898236
-18.7313,2.01307,0.522881,0.0381233,-0.100203,0.142799,-0.546583,-0.227658,-0.358454,0.163469,0.243768,0.142102,0.0444577,-0.263106,-0.254137,-0.00971655,-0.0355293,-0.190034,0.150393,0.154338
-18.7404,1.95434,0.520313,0.0378343,-0.0271735,0.337521,-0.271356,-0.721306,-0.654123,-0.188144,0.418732,0.142203,0.0992686,-0.0840466,-0.101617,0.135554,0.0447559,-0.344697,-0.0627102,0.136149
-19.1646,1.74418,0.521555,0.378732,0.247212,0.0594635,-0.568431,-0.671398,-0.466067,0.105686,0.296584,0.294283,0.121414,-0.0860901,-0.132541,0.0588633,0.0805222,-0.126344,-0.0479983,0.143063
-18.7418,1.73678,0.198552,0.00500178,0.00580029,0.170265,-0.642869,-0.402406,-0.745606,-0.0608526,0.347972,0.347833,0.0405826,-0.493476,-0.112752,-0.156906,-0.227453,-0.201615,0.0390549,0.166592
-18.7668,2.26479,0.295682,-0.0321532,-0.354245,-0.00531458,-0.385353,-0.340556,-0.448163,-0.338622,0.364491,0.158822,-0.0625946,-0.0939301,0.0937774,-0.0418511,0.0948488,-0.0518545,0.0214419,0.142229
-19.1042,1.84498,0.48244,0.164138,-0.345458,0.00739041,-0.519612,-0.444408,-0.68406,-0.0622494,0.292126,0.451733,-0.0427667,0.0298987,0.0545935,0.0506778,0.147914,0.0784052,-0.0326562,0.174267
-19.1153,2.13536,0.406507,-0.178519,-0.274399,0.14304,-0.283703,-0.368749,-0.30724,-0.00137877,0.0884805,0.0880654,-0.0915168,-0.226998,-0.0673927,0.046457,0.119761,0.10037,0.0787548,0.00658808
-19.2817,1.44708,0.620956,-0.305742,-0.308202,-0.138677,-0.208157,-0.255655,-0.733416,-0.340518,0.082867,0.104952,0.228282,-0.292907,-0.135034,-0.0739615,-0.0403871,0.0268256,-0.164186,0.248042
-19.0423,1.71708,0.658704,-0.046925,-0.464287,0.0650722,-0.190236,-0.199498,-0.470006,-0.149809,0.23201,0.149399,-0.123593,-0.201932,0.122644,0.0244218,0.0672969,-0.178796,-0.1546,-0.0465568
-18.6151,1.82015,0.507735,0.2382,-0.25982,0.0280047,-0.252001,0.177514,-0.156937,-0.0914346,0.0599586,0.216958,-0.088258,-0.0846613,0.0922045,0.000868491,-0.114112,-0.0787827,0.10358,0.18892
-19.3738,1.8003,0.607743,0.285029,0.0552095,0.0244363,0.124269,0.275238,-0.178706,-0.0196748,0.277304,0.149686,-0.159202,-0.0683563,0.326268,0.444702,-0.150706,-0.142605,0.00204366,0.0591748
-19.4667,1.51239,0.980278,0.30037,-0.180506,0.0264443,-0.336699,0.024949,-0.206568,-0.253979,0.11651,0.15213,0.0127138,-0.143416,0.152469,0.136116,0.246224,-0.107413,-0.0422083,0.19607
-19.4716,1.67009,0.741159,0.0479391,0.239265,0.213608,-0.252734,-0.180405,-0.245923,-0.161268,0.242083,0.280413,0.0449773,-0.394042,-0.0639931,0.373251,0.369845,0.0333015,-0.0113288,-0.0478658
-19.226,1.57071,0.927413,0.117205,-0.0611577,0.205549,-0.109375,0.0469141,-0.16068,-0.0365337,0.155365,0.267879,0.167067,-0.0648933,0.197114,0.299026,0.269939,-0.016472,0.105938,0.047408
-18.9652,1.30211,0.555484,0.449452,0.260979,0.541344,0.121122,-0.240593,-0.207704,-0.260952,0.205073,0.300802,0.0683755,0.170053,0.261573,0.277273,0.618438,0.0438902,-0.220517,-0.158874
-19.0695,1.53072,0.634275,0.0487052,0.313851,0.355972,0.0619732,0.319108,-0.109227,-0.175405,0.312801,-0.0476322,0.136546,0.149893,0.323315,0.366309,0.283325,-0.0489948,0.084454,0.0140542
-19.4359,1.33313,0.90979,0.455922,0.313627,0.352322,0.0261807,-0.14246,-0.566452,-0.335185,0.0270654,0.032215,0.0685015,0.217801,0.223999,0.212898,0.269818,-0.127678,-0.242913,0.0922164
-18.6079,1.73321,0.488676,0.430152,0.19853,0.116833,-0.32791,-0.232034,-0.229187,-0.415541,-0.202553,-0.470072,-0.0800331,0.414789,0.442583,0.100413,-0.0442349,0.162227,0.122778,-0.143855
-18.2256,1.37065,0.357427,0.335837,-0.190065,0.166695,-0.0186649,-0.39858,-0.638699,-0.629399,-0.125983,-0.214631,0.126637,0.250157,0.23957,-0.0377316,-0.0390581,-0.113918,-0.0194609,0.0448472
-17.8644,1.77474,0.367073,0.542562,-0.127239,0.337932,-0.0388642,-0.216092,-0.532096,-0.490816,-0.428577,-0.232056,0.416071,0.830004,0.347131,-0.142044,-0.152545,-0.0378297,0.124516,-0.0529538
-17.497,1.56867,-0.00835835,0.134039,-0.342296,0.569271,-0.00564497,-0.0744567,-0.0659362,-0.459416,-0.142892,-0.352398,0.509241,0.911864,0.100629,-0.534855,-0.443542,0.203155,0.360013,-0.0973201
-17.8208,1.37128,0.0244822,-0.0765512,-0.512139,0.77068,0.0621152,0.0369175,-0.146065,-0.560277,-0.472945,-0.444107,0.710003,1.04572,0.166013,-0.631631,-0.427202,0.250664,0.140726,-0.128255
-17.7876,1.30657,0.0175076,0.0760998,-0.499026,0.573372,-0.257314,-0.269045,-0.581939,-0.986187,-0.852456,-0.579919,0.609054,1.25367,0.150068,-0.776846,-0.422807,0.0832706,0.110059,-0.0583765
-17.4846,1.65701,0.281681,0.310246,-0.441855,0.596027,-0.126068,-0.121702,-0.329393,-0.852229,-0.489142,-0.388519,0.780643,1.30866,0.340462,-0.73593,-0.445745,0.369534,0.363997,-0.0242474
-17.4143,1.23558,-0.206932,0.314777,-0.370619,0.753148,-0.169048,-0.313351,-0.750896,-1.18265,-0.5381,-0.415881,0.91982,1.43336,0.626666,-0.558095,-0.627638,0.10232,0.14091,-0.201977
-17.3123,1.15216,-0.0443188,0.168034,-0.798981,0.505817,-0.344539,-0.180747,-0.559548,-0.955826,-0.575051,-0.537134,0.859174,1.58994,0.600592,-0.771169,-0.713817,0.369949,0.581389,-0.193739
-17.1111,1.13617,0.017448,0.110283,-1.02588,0.691025,-0.151146,-0.195796,-0.512225,-1.08885,-0.544396,-0.733699,0.808711,1.72461,0.854397,-0.694793,-0.42909,0.73168,0.615216,-0.337128
-16.8475,1.06133,0.0624122,0.249979,-0.796233,0.817886,-0.215956,-0.310949,-0.457483,-1.13466,-0.873341,-0.745584,0.856735,1.64564,1.04174,-0.398307,-0.573039,0.480433,0.602947,-0.181962
-16.4064,1.31527,-0.0928211,0.212382,-1.214,0.56112,-0.226639,-0.321498,-0.423053,-0.785753,-0.481107,-0.645844,0.850734,1.68774,0.993216,-0.486656,-0.448491,0.592403,0.525353,-0.255014
-16.2387,1.13536,-0.014957,0.62307,-1.08473,0.338953,-0.112689,-0.377147,-0.703676,-0.787003,-0.5453,-0.832888,0.791522,1.69612,1.07936,-0.701014,-0.638562,0.631536,0.600426,-0.209262
-16.0845,0.743527,-0.50102,0.477855,-0.843773,0.247898,-0.548965,-0.604699,-0.468728,-1.07571,-0.721963,-0.74426,0.989939,1.58381,0.94544,-0.46303,-0.450052,0.537203,0.431287,-0.0793017
-13.4931,1.90208,-0.718315,0.512235,-0.994784,-0.238968,-1.05022,-0.606128,-0.860566,-1.17221,-0.781498,-0.354719,1.03277,1.18125,0.255279,-0.720706,-0.204726,0.454515,0.0843607,-0.326097
-13.5036,2.36905,-0.855704,0.536252,-0.789541,-0.563767,-1.19473,-0.856869,-1.52485,-1.24926,-0.388078,0.107856,1.06998,0.697244,-0.104062,-0.451857,-0.0326298,0.278541,-0.806811,-0.713548
-13.5479,2.04255,-0.579183,0.677525,-0.835672,-0.392464,-1.03514,-0.365526,-1.74327,-1.29781,-0.272808,0.367144,1.39484,0.940646,-0.128459,-0.702006,0.0130381,0.0156631,-0.859847,-0.648448
-13.9199,1.81599,-0.39913,0.513366,-1.06315,-0.376527,-0.779958,-0.367372,-1.95727,-1.48857,-0.408827,0.592976,1.40342,0.893622,-0.207454,-0.832004,-0.253359,-0.147397,-0.766666,-0.80854
-13.9292,1.97746,-0.245337,0.527363,-0.895163,-0.180135,-0.643479,-0.251833,-1.28258,-1.26855,-0.645372,0.554367,1.41956,0.951075,-0.0868863,-0.551666,-0.193123,-0.0314437,-0.753555,-0.846753
-13.2252,1.35031,-0.680617,0.68877,-1.14325,-0.445238,-0.856398,-0.662239,-1.44843,-1.20566,-0.26579,0.786391,1.04107,0.536073,-0.738143,-0.404405,0.0649702,-0.302288,-0.824535,-0.386763
-12.7676,1.69334,-0.779305,0.503549,-1.05033,-0.453535,-1.13809,-0.493761,-1.38214,-1.11146,0.639153,0.989453,0.533337,-0.448634,-0.451874,0.357245,-0.149189,-0.928972,-0.57294,0.115067
-12.9134,1.97984,-1.0177,0.632605,-0.948985,-0.360242,-1.17235,-0.849914,-1.36208,-0.941849,0.930971,0.832257,0.681357,-0.374594,-0.230271,0.0721439,-0.527023,-1.00238,-0.441534,0.0142859
-12.9302,2.10621,-0.575885,0.668582,-1.19168,-0.196774,-0.97951,-1.00711,-1.46143,-0.75947,0.721694,0.982231,0.498897,-0.222513,-0.34008,0.117032,-0.729655,-1.01473,-0.284234,0.0072537
-12.7227,2.13031,-0.705731,0.934977,-0.943151,-0.0494614,-0.769868,-0.744182,-1.24228,-1.16284,0.578284,1.02703,0.638792,-0.323867,-0.242904,0.160745,-0.705772,-1.13878,-0.378867,0.350065
-11.9283,1.84213,-0.959294,0.849969,-0.800284,-0.135839,-0.609345,-0.940407,-1.29577,-0.961838,0.249513,0.605617,0.247852,-0.273581,-0.411237,-0.387957,-0.749927,-1.09571,-0.430852,0.415945
-11.9296,1.87918,-0.6468,0.945915,-0.634882,-0.143648,-0.782378,-0.324327,-1.32385,-0.442723,0.338526,0.833068,0.046175,-0.555761,-0.383068,-0.188003,-1.20487,-1.02183,-0.0410882,0.304311
-12.0508,1.81494,-0.809454,0.715674,-0.649777,0.0785179,-1.03741,-0.451134,-1.33846,-0.331009,0.289038,0.486466,-0.0471921,-0.569463,-0.0318693,-0.31233,-1.22719,-1.19622,0.260956,0.282154
-12.2201,1.88926,-0.879288,0.54305,-0.683322,0.0302999,-0.991828,-0.477175,-1.44445,-0.202197,0.502184,0.436906,-0.150627,-0.776473,-0.106442,-0.288531,-1.2526,-1.24877,0.212223,0.0851801
-12.3417,1.91751,-0.58717,0.535275,-0.885103,-0.0339848,-0.611611,-0.625261,-1.45658,-0.156512,0.494794,0.489887,-0.303822,-0.576846,0.234784,-0.467984,-1.36899,-1.21315,0.295388,0.0933486
-12.2771,1.72743,-0.861105,0.358539,-0.566884,0.00652433,-0.727008,-0.720328,-1.33852,-0.12551,0.369319,0.485458,-0.0620832,-0.704652,0.106442,-0.453366,-1.41346,-1.10598,0.355336,-0.0292055
-12.445,1.16822,-0.802555,0.62052,-0.545595,-0.177833,-0.747777,-0.893847,-1.47131,-0.0536039,0.527976,0.541719,-0.208931,-0.678478,-0.0442957,-0.370088,-1.40764,-1.14433,0.198314,-0.000219658
-12.1642,1.39347,-0.729386,0.497909,-0.651242,-0.364539,-0.805186,-0.933406,-1.33435,0.161676,0.531704,0.674591,-0.320269,-0.460466,0.117424,-0.274772,-1.29952,-1.08614,0.382456,0.128122
-12.5912,1.21892,-0.943001,0.669184,-0.596766,-0.493985,-0.616368,-0.847682,-1.23952,0.308277,0.427231,0.779715,-0.468417,-0.431881,0.258559,-0.415608,-1.32037,-1.30135,0.517653,0.346097
-12.6868,0.833371,-0.469602,0.491331,-0.721031,-0.258058,-0.744927,-0.81407,-1.06728,0.359884,0.692132,0.697739,-0.614668,-0.397224,0.322127,-0.242513,-1.56773,-1.0335,0.26039,0.161086
-12.3529,1.09113,-0.890802,0.139761,-0.567821,-0.376766,-0.59833,-0.770846,-0.715728,0.0610472,0.669928,0.181242,-0.821196,-0.194375,-0.00241824,-0.587632,-0.888291,-0.589819,0.0543112,0.0926849
-12.3134,1.27882,-0.960363,0.331085,-0.902437,-0.559192,-0.802349,-0.518416,-0.2452,0.315347,0.719155,0.0944607,-0.636107,0.0511751,-0.40583,-0.743455,-0.588347,0.0526476,0.201603,-0.0819069
-12.3862,1.17544,-1.05045,0.37521,-1.09727,-0.765509,-1.16854,-0.695065,-0.242009,0.290617,0.711342,0.0258812,-0.637513,-0.0163739,-0.617984,-0.705283,-0.552972,0.246036,0.140259,0.064785
-12.7876,1.3075,-0.901116,0.252602,-1.09167,-0.523818,-1.03837,-0.794334,-0.227632,0.36464,1.00119,0.211351,-0.461791,0.176752,-0.164413,-0.633187,-0.562054,-0.0308905,0.0679383,0.0154616
-13.1739,1.12537,-0.615946,0.0222821,-1.01867,-0.559617,-1.05559,-0.582013,-0.205627,0.707184,0.772569,0.208383,-0.375617,0.0394358,-0.1374,-0.650379,-0.559487,0.0630665,0.277907,-0.0728271
-12.9871,1.11768,-0.625414,0.24312,-1.07041,-0.284365,-0.864338,-0.459137,-0.119657,0.359967,0.706192,0.162138,-0.519287,-0.0860998,-0.392622,-0.646177,-0.501426,0.211916,0.153074,-0.14988
-13.2853,1.19267,-0.873362,0.469601,-0.94291,-0.264915,-0.675899,-0.53728,-0.285798,0.330685,0.674033,0.013775,-0.618268,0.145031,-0.512898,-0.666177,-0.83027,0.233987,0.229271,-0.0757827
-13.4529,1.09258,-0.729373,0.413958,-0.662485,-0.310447,-0.868217,-0.578449,-0.00453192,0.555088,0.536551,-0.0135635,-0.684518,0.149825,-0.594477,-0.639825,-0.581854,0.214793,-0.094628,-0.27044
-13.5696,1.29997,-0.591007,0.00881348,-0.752438,-0.210785,-1.04714,-0.478129,-0.142744,0.679915,0.781307,0.0735399,-0.754989,0.119013,-0.605088,-0.716431,-0.515112,0.342584,-0.172773,-0.245153
-13.4144,1.12778,-0.53696,0.105969,-0.719975,-0.321835,-0.75485,-0.411487,0.0304181,0.741996,0.690769,-0.329365,-0.726399,0.31547,-0.654177,-0.819743,-0.475542,0.371274,0.174935,-0.100182
-13.1632,1.18214,-0.642338,-0.134403,-0.730851,-0.374442,-0.813303,-0.719598,-0.330877,0.597237,0.73072,-0.336611,-0.769991,0.319258,-0.431515,-0.688105,-0.624586,0.154238,0.0393403,-0.220112
-13.1604,1.10379,-0.695075,-0.0614979,-0.538192,-0.575607,-0.918636,-0.566379,-0.0690486,0.600602,0.855526,-0.100479,-0.653466,0.422177,-0.411191,-0.616401,-0.478933,0.259248,0.0121744,-0.142741
-13.4853,0.758212,-0.628175,-0.0969339,-0.882321,-0.776373,-1.05341,-0.587252,0.189815,0.812281,0.91102,-0.203582,-0.654749,0.582697,-0.298506,-0.729911,-0.546664,0.487921,0.152031,-0.214709
-13.6122,0.962949,-0.445417,-0.145407,-0.638797,-0.563828,-1.39744,-0.555234,0.278268,0.565099,1.02645,-0.253577,-0.768744,0.5655,-0.223234,-0.599392,-0.427408,0.617273,0.076257,-0.172581
-13.4853,0.668056,-0.480274,0.188814,-0.771917,-0.619298,-1.23184,-0.710596,0.380133,0.478186,0.76932,-0.225165,-0.804539,0.278347,-0.506813,-0.913728,-0.429305,0.473693,-0.0241696,0.00438952
-13.1864,0.925958,-0.208676,0.466038,-0.743837,-0.438696,-0.91603,-0.510697,0.194797,0.553938,0.572731,-0.232852,-0.52372,0.135013,-0.330742,-0.697727,-0.279591,0.517781,0.207416,0.134306
-13.4003,0.700159,-0.330206,0.215463,-0.84442,-0.706127,-1.1595,-0.649275,0.087726,0.667556,0.54436,-0.344761,-0.27545,0.579789,0.0207662,-0.790651,-0.472848,0.78782,0.367253,0.153853
-13.1258,1.19361,-0.470976,-0.107059,-0.873073,-0.977737,-1.22691,-0.336636,-0.00917986,0.518747,0.537345,-0.220711,0.0435455,0.405058,-0.330537,-0.788591,-0.392588,0.579946,0.162455,-0.0580103
-13.1772,1.27111,-0.16079,0.0710231,-0.880689,-0.658891,-0.74607,-0.39211,0.167738,0.861509,0.69229,-0.566461,-0.446351,0.389837,-0.841463,-0.850072,-0.271493,0.450709,-0.11109,-0.176038
-12.5442,1.61212,0.117568,0.258243,-0.621473,-0.858424,-0.873451,-0.542078,-0.281975,0.409326,0.685998,-0.616806,-0.390154,0.292084,-0.87743,-0.838967,-0.431349,0.372892,-0.175909,-0.309285
-12.8785,1.16003,0.0378246,0.319029,-0.606061,-0.901605,-0.863088,-0.550794,-0.269661,0.492279,0.559769,-0.600423,-0.424292,0.30015,-0.678111,-0.417299,-0.074868,0.380269,-0.13491,-0.322659
-12.573,1.37852,0.0960789,0.611244,-0.489771,-0.612489,-1.02819,-0.596152,-0.172631,0.182647,0.635225,-0.571293,-0.594515,0.249552,-0.531464,-0.858671,-0.403069,0.531334,-0.373929,-0.400227
-12.1593,1.63347,-0.208173,0.480634,-0.820256,-0.389019,-0.779983,-0.646779,-0.067242,-0.0656296,0.187955,-0.603138,-0.657742,0.0271755,-0.473501,-1.03775,-0.724367,0.385454,-0.362348,-0.169417
-12.4353,1.60265,-0.0092785,0.822774,-0.815957,-0.248233,-0.713477,-0.312338,-0.153113,0.133643,0.204656,-0.763665,-0.667661,-0.126943,-0.360254,-1.03411,-0.799278,0.165595,-0.178715,0.0336416
-12.499,1.80421,-0.079736,0.593311,-0.60986,-0.556426,-0.757037,-0.223673,0.0904069,0.316554,0.040869,-0.627724,-0.244083,0.0158933,-0.411493,-0.863191,-0.918851,-0.2403,-0.173435,0.0410185
-12.8306,1.68561,0.315452,0.39218,-0.987321,-0.732151,-0.629559,-0.556521,0.0403636,0.433502,0.359622,-0.747294,-0.436526,0.385011,-0.424094,-0.788983,-0.693137,0.170364,-0.40714,0.135885
-12.6931,1.27828,0.233169,0.250519,-1.1067,-0.580532,-0.608459,-0.587308,0.0504353,0.557752,0.413033,-0.659582,-0.505767,0.566344,-0.629568,-0.754742,-0.27276,0.40384,-0.30211,0.135829
-12.61,1.02021,-0.255827,0.293247,-0.903585,-0.616981,-0.312399,-0.299733,0.297892,0.523177,0.287791,-0.779069,-0.486138,0.535525,-0.547134,-0.724888,-0.233648,0.63879,-0.217148,0.163062
-12.7487,1.19752,-0.0827035,0.376776,-1.0441,-0.582173,-0.419865,-0.379681,0.292389,0.715156,0.381629,-0.791392,-0.606306,0.423836,-0.67388,-0.948331,-0.476151,0.567182,-0.329426,0.0472949
-12.842,1.44925,0.030904,0.502047,-0.954202,-0.489957,-0.545904,-0.436799,0.142652,0.757196,0.677321,-0.555911,-0.70364,0.16013,-0.524188,-0.870982,-0.884088,0.48027,-0.143432,0.0711752
-13.1428,1.58086,0.106009,0.78372,-1.07119,-0.525485,-0.807899,-0.402702,0.222796,0.942611,0.592378,-0.786992,-0.590818,0.0968747,-0.234555,-1.19403,-0.849787,0.612855,-0.32885,-0.0358047
-13.721,1.26284,0.250805,0.562435,-1.05659,0.00164223,-0.377574,-0.394138,-0.0929104,0.912292,0.493081,-0.849265,-0.614957,0.167427,-0.154131,-0.990831,-0.50286,0.995182,-0.344049,-0.0893121
-13.286,1.10914,0.164311,0.536717,-0.761216,-0.553498,-0.4364,-0.587068,0.320249,0.867319,0.750028,-0.513245,-0.536356,0.303627,-0.412857,-0.710379,-0.468637,0.824849,-0.182873,-0.124379
-13.2483,0.96193,0.154697,0.547428,-0.785261,-0.633135,-0.37181,-0.526388,0.419735,0.745557,0.760803,-0.836612,-0.748439,0.393517,-0.495321,-0.704513,-0.165054,0.624397,-0.546765,0.0776945
-13.4091,0.860464,0.296508,0.765817,-0.822041,-0.775628,-0.46265,-0.478111,0.411979,0.88645,0.827487,-1.07088,-0.755518,0.316386,-0.576674,-0.787548,-0.245444,0.663598,-0.5531,-0.0324856
-13.6724,0.553057,-0.0854104,0.859842,-0.626259,-0.314727,-0.280597,-0.291213,0.402882,0.739065,0.724245,-0.831235,-0.701786,0.402468,-0.299631,-0.753799,-0.262981,0.612706,-0.45236,0.0186523
-13.7484,0.790787,-0.335016,0.178071,-0.909727,-0.586384,-0.678009,-0.453596,0.287893,0.784539,0.766031,-0.481273,-0.61696,0.575899,-0.303185,-0.810453,-0.606578,0.929339,-0.0891036,-0.0692735
-13.7692,1.01665,0.05709,0.435411,-0.983655,-0.570416,-0.748954,-0.42901,0.275582,1.02788,0.627346,-0.581667,-0.651353,0.358479,-0.0698213,-0.861669,-0.472248,1.22704,0.0992388,0.0370696
-14.1151,0.913131,0.215795,0.698172,-1.22489,-0.657991,-0.703123,-0.283795,0.153678,0.856492,0.680365,-0.375229,-0.605285,0.440761,-0.0626672,-0.896013,-0.39446,1.02804,-0.0707981,-0.106552
-14.4634,1.15639,0.531664,0.620444,-1.1866,-0.694258,-0.458167,-0.449181,0.163534,0.37185,0.729227,-0.242885,-0.624558,0.475558,-0.37471,-0.609771,-0.529752,0.81186,-0.192302,-0.128887
-14.0358,1.15135,0.343253,0.405902,-1.16939,-0.8091,-0.388171,-0.508884,0.341238,0.520494,0.723792,-0.661146,-0.486391,0.475582,-0.523874,-0.927961,-0.115913,0.855697,-0.491663,-0.0404829
-13.9352,1.05664,0.350864,0.563758,-1.233,-0.939453,-0.512282,-0.486757,0.528328,0.679892,0.676719,-0.892947,-0.423385,0.624927,-0.523449,-0.792028,0.0073275,0.856326,-0.360462,0.107114
-14.076,0.759425,0.180776,0.804933,-1.18999,-0.709088,-0.471527,-0.599689,0.615467,0.862795,0.886663,-0.81765,-0.356123,0.734928,-0.324506,-0.606322,0.143859,1.10729,-0.433339,-0.103534
-14.4879,0.629155,0.26721,0.855051,-0.898657,-0.653642,-0.527663,-0.56187,0.333317,0.910294,0.92051,-0.535822,-0.692615,0.791056,-0.374451,-1.0409,-0.082862,1.15407,-0.222474,0.0528387
-14.6294,0.74499,0.198094,0.658809,-1.20103,-0.625594,-0.75883,-0.410656,0.483428,1.04786,0.66759,-0.487911,-0.776058,0.537951,-0.308247,-0.770478,-0.46993,1.10502,-0.0304996,-0.0141052
-14.7315,1.00041,0.161413,0.493429,-1.02918,-0.529454,-0.534729,0.160101,0.171756,0.652976,0.683393,-0.520415,-0.777268,0.346479,-0.347115,-0.841696,-0.492382,1.09768,0.000452866,0.120805
-14.7194,1.23847,0.493818,0.730679,-0.900191,-0.695663,-0.844437,-0.0956608,0.129669,0.433278,0.352574,-0.743542,-0.676006,0.590869,-0.34725,-0.448203,-0.0779987,1.01631,-0.0983265,-0.145936
-14.0796,1.28393,0.240018,0.585705,-0.915638,-0.480679,-0.638426,-0.334177,0.088506,0.20854,0.376116,-0.508778,-0.478705,0.249808,-0.595964,-0.894814,-0.067128,0.545011,-0.352934,0.0414695
-14.0321,1.24089,-0.0104648,0.639425,-1.00554,-0.643556,-0.489702,-0.144304,0.369679,0.317561,0.460074,-0.875895,-0.503845,0.272549,-0.654869,-0.990597,-0.109566,0.716339,-0.280936,0.11093
-14.0223,1.36159,0.132666,0.727228,-1.38602,-0.834432,-0.468724,-0.25579,0.228533,0.0504546,0.398463,-0.568972,-0.495368,0.296247,-0.696128,-0.900717,-0.225846,0.343103,-0.480184,0.0237893
-13.7705,1.32432,0.424231,0.76233,-0.982292,-0.620934,-0.681752,-0.66463,-0.106969,0.527619,0.382467,-0.572899,-0.42371,0.41387,-0.496665,-0.981524,-0.225806,0.409661,-0.543812,-0.0441302
-13.7269,1.47011,0.133225,0.656711,-1.02808,-0.760791,-1.1382,-0.743457,-0.311573,0.227112,0.215765,-0.330495,-0.566702,0.350919,-0.474733,-0.737916,-0.539764,0.357481,-0.403332,-0.0274458
-13.3356,1.60411,0.0380498,0.592575,-1.14969,-0.455917,-0.549454,-0.150971,-0.336358,0.0210431,0.172623,-0.286404,-0.477182,0.141058,-0.548131,-0.795971,-0.418675,0.156203,-0.803799,-0.0219772
-13.2248,1.64794,-0.0120478,0.570424,-1.06098,-0.480478,-0.4305,-0.0214065,-0.119614,0.0760976,0.0881589,-0.664072,-0.714497,-0.0683672,-0.682144,-0.754047,-0.775057,0.237734,-0.452941,0.079629
-13.5103,1.6506,0.17997,0.677225,-0.994818,-0.452069,-0.316488,0.182962,0.173274,-0.0772693,0.0855194,-0.530919,-0.589777,-0.363834,-0.823496,-0.712082,-0.509101,-0.00348609,-0.344606,0.239115
-13.3066,1.76489,-0.0254119,0.743845,-0.846587,-0.536107,-0.542609,-0.146334,0.0147436,-0.113734,0.257524,-0.704628,-0.697531,-0.120815,-0.56223,-0.852741,-0.385718,0.562996,-0.243251,0.0176954
-13.2186,1.8898,0.162555,0.738983,-1.25995,-0.95256,-0.614076,0.00628368,-0.179523,-0.309429,0.382751,-0.48796,-0.338204,-0.194681,-0.566514,-0.758559,-0.368178,0.299864,-0.385437,-0.0176229
-13.5357,1.79477,0.0498391,0.657038,-1.11544,-0.858649,-0.626679,0.106573,-0.110472,-0.269397,0.238654,-0.160922,-0.298848,0.0154831,-0.354041,-0.649862,-0.654958,0.108834,-0.331356,0.223205
-13.1548,1.4742,-0.0821051,0.730852,-1.05603,-0.491912,-0.549876,-0.181133,0.0996816,-0.0785934,0.0217011,-0.248036,-0.502295,0.155905,-0.317043,-0.790291,-1.00186,0.304055,-0.183454,0.125543
-13.8962,1.47311,-0.0378619,0.617593,-1.12599,-0.540917,-0.671548,0.227938,0.0944449,0.125956,-0.126371,-0.443465,-0.581521,0.192008,-0.646764,-1.23009,-1.20517,0.335204,-0.370023,-0.141722
-13.8905,1.82658,0.0722868,0.575875,-0.939556,-0.550014,-0.902781,0.20726,-0.152141,0.0758978,0.273704,-0.393894,-0.645602,-0.00369054,-0.772925,-1.01335,-0.899169,0.134869,-0.324664,0.0586084
-13.4944,1.97965,0.112333,0.490525,-1.05005,-0.370346,-0.496076,-0.505398,-0.0941455,0.201994,0.254835,-0.253373,-0.494041,-0.183257,-0.569918,-0.944898,-0.850306,0.419338,-0.433025,0.031283
-13.5694,1.944,0.209672,0.674266,-0.931828,-0.768329,-0.439344,-0.224097,0.171624,0.215217,0.509093,-0.406485,-0.416828,-0.282998,-0.502149,-0.798464,-0.639486,0.144001,-0.495111,0.28738
-13.8711,2.06722,0.228401,0.823961,-1.22342,-0.803226,-0.334801,-0.0480524,0.478137,-0.00350055,0.463244,-0.617644,-0.508704,-0.099095,-0.691357,-0.907216,-0.46009,0.118264,-0.322565,0.114316
-13.6882,1.8139,0.087761,0.679802,-1.38119,-0.7003,-0.41414,-0.194272,0.053074,0.0532645,0.134409,-0.706222,-0.602161,-0.103033,-0.707891,-0.820137,-0.586355,0.271771,-0.331574,0.00704269
-14.0692,1.89324,0.177,0.821496,-1.2277,-0.557165,-0.610432,-0.382504,-0.0256211,0.214562,0.0361245,-0.550523,-0.723948,0.145014,-0.72091,-0.816437,-0.813747,0.535771,-0.231749,-0.0327465
-13.9927,1.82985,0.159145,0.783673,-0.912268,-0.413499,-0.940415,-0.641351,-0.117113,0.532242,0.263849,-0.463016,-0.826752,0.0652817,-0.685191,-0.93477,-0.671434,0.580657,-0.448649,-0.342232
-14.063,1.93455,0.448884,0.665595,-1.00411,-0.575084,-0.94214,-0.660597,-0.0358659,0.271708,0.133522,-0.469988,-0.721235,0.160766,-0.501496,-0.890408,-0.700332,0.606867,-0.537633,-0.306287
-14.0757,1.95034,0.332047,0.523796,-1.20604,-0.568933,-0.867272,-0.488799,0.174113,0.20608,0.153993,-0.300904,-0.780043,0.0425289,-0.304221,-0.64158,-0.627851,0.298523,-0.488492,-0.0452635
-14.2696,1.78054,0.405698,0.56991,-1.18824,-1.02721,-0.602507,-0.323398,0.36881,0.162115,0.281646,-0.595454,-0.496191,0.172826,-0.39496,-0.610186,-0.395326,0.267614,-0.373705,0.19056
-14.4526,1.39036,0.197753,0.274176,-1.29605,-0.830611,-0.444518,-0.194149,0.52338,0.465942,0.363246,-0.774658,-0.553249,0.247958,-0.558377,-0.724863,-0.218128,0.473961,-0.292382,-0.00715973
-14.56,1.38754,0.0110291,0.138757,-1.09871,-0.420248,-0.307182,-0.244355,0.335215,0.50336,0.687909,-0.744351,-0.772216,0.397371,-0.570424,-0.752387,-0.0851463,0.840336,-0.182727,0.0259036
-14.6028,1.5227,0.335149,0.378712,-0.855767,-0.358555,-0.546992,-0.460161,0.290138,0.512015,0.400435,-0.721311,-0.855829,0.367282,-0.718624,-0.87034,-0.096338,0.907845,-0.148667,-0.0268009
-14.8493,1.00193,0.348215,0.575331,-0.764011,-0.550025,-0.861467,-0.3423,0.832037,0.505831,0.1856,-0.532387,-0.603057,0.357163,-0.875031,-1.19398,-0.47699,0.945163,-0.128975,-0.226821
-14.7939,0.911422,0.0582962,0.0416652,-1.02677,-0.687926,-0.63942,-0.503659,0.621567,0.536215,0.421077,-0.793767,-0.705248,0.577213,-0.791285,-0.966724,-0.233516,0.754559,-0.270206,-0.0430809
-14.5405,1.17479,0.306574,0.0652833,-0.94903,-0.717036,-0.590337,-0.298839,0.41989,0.548254,0.462992,-0.859393,-0.633305,0.471104,-0.753639,-1.15297,0.00598226,0.647764,-0.553742,0.114217
-14.3849,1.02658,0.252517,0.44539,-0.703845,-0.470742,-0.727859,-0.0655886,0.57626,0.694172,0.373651,-1.02081,-0.822521,0.35003,-0.870911,-1.09511,0.080435,0.468995,-0.393989,0.152171
-14.4824,0.770746,0.288594,0.512353,-0.934483,-0.638763,-0.69486,0.0864301,0.553739,0.687504,0.241203,-0.952005,-0.866403,0.312755,-0.843738,-1.07686,-0.0579031,0.725959,-0.528775,0.083725
-14.4855,0.62035,0.167971,0.31444,-1.28298,-0.506449,-0.433366,0.446954,0.617142,0.756089,0.454282,-0.752589,-1.06287,0.310911,-1.05844,-1.02991,-0.0945492,0.588538,-0.39045,0.0594786
-14.5986,1.04459,0.702387,0.394294,-1.29182,-0.957397,-0.807498,0.24505,0.786213,0.979731,0.603236,-0.70605,-0.620316,0.818683,-0.74742,-0.873677,0.0721822,0.825671,-0.219904,-0.0203762
-14.5932,1.40814,0.488415,0.332514,-1.20507,-0.703663,-0.499138,0.214502,0.886332,0.972718,0.488996,-0.737281,-0.315231,0.415057,-0.272354,-0.937135,-0.276238,1.08668,-0.00875741,0.0164276
-13.9721,1.29995,-0.184498,-0.0689989,-1.34915,-0.328838,-0.214367,0.987571,0.613274,0.521201,0.167383,-0.55777,0.0795341,0.67791,-0.0957911,-1.40598,-0.749499,1.12497,-0.0837118,0.347106
-14.2293,1.3468,-0.177162,-0.0401241,-1.30923,-0.670534,-0.302154,1.49575,0.316598,0.203624,0.298911,-0.556776,0.234934,0.91985,-0.237397,-1.10978,-0.727477,1.33833,0.242877,0.381385
-14.8154,1.25835,-0.0214459,0.0796663,-1.44809,-0.483065,-0.127022,1.42677,0.127685,0.0731402,0.325052,-0.359318,0.0115782,0.527572,-0.329564,-1.22809,-0.523785,1.31152,0.331926,0.530852
-14.6996,1.17635,-0.0728479,0.169167,-1.36462,-0.363409,-0.111679,1.34199,-0.0224408,0.150411,0.275753,-0.208752,-0.215658,0.344946,-0.298073,-1.29459,-0.603078,1.27097,0.0760301,0.478966
-15.0082,0.567775,-0.469681,-0.0887633,-1.55906,-0.627801,0.0156,1.57076,0.209149,0.073932,0.250421,-0.420598,-0.384908,0.66318,-0.295865,-1.23437,-0.668375,1.20161,0.337371,0.499429
-14.5827,0.972131,-0.0534674,0.0687992,-1.41653,-0.485055,-0.149929,1.67431,0.207839,-0.192758,0.0717783,-0.432454,-0.206644,0.587745,-0.275052,-1.39091,-0.760521,1.08847,0.247388,0.480418
-14.3841,1.02464,-0.122339,-0.0486355,-1.55725,-0.0834631,0.349928,1.70971,0.0126412,-0.419934,-0.138115,-0.321926,-0.352759,0.378897,0.174528,-1.26845,-0.703171,1.4855,0.288529,0.629936
-14.5909,0.894698,-0.146991,0.190244,-1.48788,-0.338084,0.28933,1.67533,0.17301,-0.41473,-0.504312,-0.315311,-0.00194587,0.515203,0.244717,-1.17641,-1.08931,1.26396,0.334052,0.47861
-14.6488,0.552795,-0.379732,-0.0370106,-1.15537,0.217029,0.547078,1.40958,0.00540009,-0.712967,-0.423817,-0.150758,-0.0218927,0.594735,0.139213,-0.950568,-0.935576,0.963755,0.122104,0.459971
-14.5941,0.687349,0.0873353,-0.107768,-1.15633,0.279061,0.486575,1.56134,0.287282,-0.591897,-0.522003,-0.0737887,-0.0585352,0.575492,0.179142,-1.29385,-1.01483,1.12638,-0.126886,0.368322
-14.3922,0.657943,0.0350155,-0.117594,-1.28573,-0.0578924,0.413554,1.35635,0.00394132,-0.595576,-0.518521,0.165975,7.67056e-05,0.283831,0.271461,-1.28842,-1.25989,1.00398,-0.174958,0.475972
-14.1659,0.700585,-0.101298,-0.0362114,-1.34084,-0.0441648,0.147112,1.63078,0.0887075,-0.579739,-0.457475,-0.181938,-0.0248738,0.242373,0.33621,-1.4144,-1.45163,1.07069,0.0653601,0.387682
-14.3064,0.884035,0.128935,-0.202595,-1.25093,-0.42687,0.131841,1.72842,0.155936,-0.601369,-0.51006,-0.351688,-0.00712598,0.359128,0.348901,-1.19421,-1.35232,1.02835,0.34148,0.326078
-14.5074,0.744569,0.258612,-0.586235,-0.976349,-0.0350702,0.0241613,1.65473,0.460785,-0.613128,-0.598398,-0.259773,-0.0280237,0.179761,0.545572,-1.22641,-1.38002,1.20738,0.348071,0.336536
-14.3572,0.622586,0.130083,-0.362399,-1.27415,-0.0307414,0.319824,1.33701,0.359551,-0.839123,-0.735554,-0.0872461,0.0650793,0.303854,0.373164,-1.32944,-1.24857,1.25965,0.218562,0.413548
-14.2863,0.656443,0.501977,-0.158672,-1.32431,-0.336234,0.706452,1.43658,-0.0694422,-1.00151,-0.387217,0.223496,0.408545,-0.00478861,0.563022,-1.13563,-1.51565,1.03138,0.00211256,0.654947
-14.4887,0.502167,0.349653,-0.482514,-1.25166,-0.342005,0.555715,1.43245,0.13081,-1.09538,-0.513611,0.126454,0.22546,-0.0561289,0.425623,-1.54063,-1.23733,1.3371,0.0881131,0.365768
-14.8135,0.351294,0.378184,-0.397707,-1.12137,-0.481925,0.512546,1.36017,0.255303,-0.852906,-0.621284,-0.136627,0.46833,0.305318,0.557915,-1.3951,-1.38122,1.59907,0.0559283,0.156455
-14.732,0.137866,0.100959,0.00616885,-0.806917,-0.222674,0.589932,1.40811,-0.146773,-1.06999,-0.457216,-0.0839356,0.226047,0.433573,1.00743,-1.23906,-1.61889,1.32121,-0.181652,0.0021262
-12.6924,1.15681,-0.565614,-0.506668,-0.735125,-0.0279318,0.202818,0.611908,-0.683072,-0.648091,-0.0247072,-0.114003,0.329623,0.130612,0.455777,-0.935503,-1.27371,0.727567,0.166787,0.7378
-13.1746,1.01396,-0.422014,-0.660674,-0.981798,-0.137975,0.211124,0.616527,-0.313215,-0.796054,-0.0634118,0.296201,0.434933,0.0842171,0.543408,-1.22001,-1.40368,1.11598,0.0987697,0.867228
-14.2146,0.692573,0.0831163,-0.619091,-1.01771,0.0307413,0.431985,0.93978,0.0456059,-1.02457,-0.226607,0.24613,0.346787,0.00670787,0.611922,-1.16049,-1.57142,1.04702,-0.0911782,0.778315
-14.536,0.738945,0.281157,-0.600369,-0.973419,0.0900062,0.515895,1.16725,-0.0112535,-1.08521,-0.537352,-0.0318919,0.243926,0.0409876,0.640453,-1.06086,-1.57527,1.15589,0.0626769,0.570719
-14.5507,0.550044,0.23424,-0.922727,-0.903804,0.31278,0.444543,0.984397,-0.169857,-1.00739,-0.264163,0.178855,0.0913411,0.0727405,0.836163,-1.03722,-1.59039,1.28907,0.108281,0.298333
-15.0989,0.444902,0.413672,-0.744798,-0.517657,0.00531848,0.46991,1.43292,-0.450823,-0.926837,-0.153287,-0.0333825,0.0165402,0.402002,1.04179,-1.01519,-1.79029,1.25698,0.18878,0.34091
-14.6494,0.462776,0.168142,-0.46428,-0.917478,-0.150092,0.430545,1.48035,-0.420166,-1.1554,-0.525529,0.149506,-0.113685,0.216016,1.07342,-1.15934,-1.74704,1.34853,-0.0234373,0.224607
-14.5657,0.633615,-0.261692,-0.552991,-0.773549,-0.256497,0.7346,1.66456,-0.53244,-1.14513,-0.466177,0.261503,0.0702101,0.0824801,0.975931,-1.09292,-1.55744,1.40864,-0.0451712,0.421363
-14.8234,0.447173,0.36611,-0.206111,-1.16429,-0.397586,0.974398,1.73915,-0.719781,-1.20035,-0.495819,0.296748,0.0509473,0.261035,0.944354,-1.06214,-1.44628,1.19378,0.0972739,0.523153
-14.7523,0.361909,-0.0597246,-0.704437,-1.16155,-0.107301,0.427784,1.0452,-0.934484,-1.17602,-0.457916,0.113412,0.24537,0.508011,0.851924,-0.942018,-1.68755,1.00443,0.046575,0.336671
-14.6839,0.520201,0.25491,-0.370983,-1.22488,-0.0907754,0.536854,1.12412,-0.551584,-1.17028,-0.482027,0.276079,0.444862,0.38348,0.833965,-0.957957,-1.25707,1.25672,-0.211718,0.421134
-15.0493,0.32321,0.533785,-0.344646,-1.2419,-0.217767,0.555771,1.54613,-0.425469,-0.883199,-0.657554,0.141766,0.277979,0.159289,0.985648,-0.972826,-1.12491,1.61006,-0.241763,0.0291169
-15.377,0.216031,0.737838,-0.558403,-1.3536,-0.37137,0.239681,1.33967,-0.784772,-0.872825,-0.380942,0.0671382,-0.0723659,0.10438,1.02932,-0.879024,-1.30335,1.53351,-0.0492506,-0.0136846
-15.5918,0.358455,0.599815,-0.239116,-1.22678,-0.09885,0.594166,1.42585,-0.39254,-0.709104,-0.365321,0.408083,-0.0260197,0.297036,1.29326,-1.05219,-1.50345,1.51153,-0.0598671,0.472182
-15.4055,0.552508,0.255605,-0.263244,-0.895471,-0.0707623,0.820671,1.71122,-0.618562,-0.797501,-0.649139,0.338093,0.452714,0.112552,1.07961,-1.11249,-1.52936,1.2617,-0.248643,0.534826
-15.3595,0.608485,0.070515,-0.293901,-0.76664,0.155419,0.776326,1.6654,-0.181718,-1.32175,-0.655078,0.558444,0.373279,0.230875,1.11817,-1.4272,-1.78115,1.24724,-0.3802,0.136538
-14.8322,0.858046,0.0617228,-0.435943,-1.03411,0.0576906,0.511391,1.44322,-0.416116,-1.3361,-0.431512,0.321204,0.253174,0.0556626,1.13586,-1.11521,-1.45799,1.00841,-0.460482,0.261708
-15.2339,0.467945,0.254466,-0.481387,-1.08981,0.0590636,0.630689,1.21262,-0.55263,-1.16346,-0.297901,0.00930593,0.381542,0.183977,1.34831,-1.13154,-1.44918,1.33914,-0.15283,0.416297
-15.01,0.806899,0.524324,0.0881251,-1.04363,0.17163,0.272323,0.978788,-0.342584,-1.46449,-0.50578,-0.032556,0.514282,0.150506,0.851137,-0.985175,-1.46635,0.837444,-0.286159,0.225459
-13.879,1.11022,0.153819,0.230371,-1.02795,0.012078,-0.0772638,0.492813,-0.44018,-1.11921,-0.351579,0.233759,0.343558,-0.191153,0.451397,-0.856831,-1.29694,0.509652,-0.22678,0.302916
-12.8872,1.11527,-0.434943,0.590111,-0.748209,0.092417,0.0791449,0.672762,0.0018698,-0.705793,-0.769064,-0.407362,-0.148812,-0.163628,-0.337616,-0.592951,-0.397822,0.0664346,-0.353079,-0.014981
-12.2505,1.16218,-0.472518,0.535629,-1.23909,-0.249876,-0.133228,0.558704,0.265539,-0.672388,-0.966295,-0.630679,-0.155497,-0.17928,-0.333271,-0.431999,-0.097427,-0.181063,-0.264506,0.347096
-12.3622,1.49191,-0.369056,0.359392,-1.67339,-0.180574,0.17523,0.732678,0.49189,-0.506104,-1.08112,-0.93353,-0.0756658,-0.205416,-0.470394,-0.250238,-0.0132176,-0.459421,-0.222586,0.351424
-12.7222,1.58635,-0.375018,0.411298,-2.04908,-0.0379031,0.0494376,0.65263,0.504202,-0.483935,-0.946853,-0.871155,-0.0262842,-0.0969377,-0.0831126,-0.285168,-0.422299,-0.0611539,-0.185512,0.415773
-12.6354,1.72369,-0.729906,0.396851,-1.95842,-0.360245,-0.104341,0.42341,0.154704,-0.401284,-0.740194,-0.574796,0.00148835,-0.116388,0.0692794,-0.310893,-0.355603,-0.00454869,-0.310739,0.429398
-12.8452,1.4736,-0.932896,0.733628,-1.71133,-0.46039,-0.148764,0.310637,0.19777,-0.230477,-0.657585,-0.593277,-0.164672,-0.19856,0.460911,-0.192638,0.00349319,0.0893204,-0.206709,0.354482
-13.0132,1.18719,-0.774995,0.445542,-1.62456,-0.566361,-0.182252,0.263215,0.328863,-0.227391,-1.1193,-0.765283,-0.438686,-0.154774,-0.00414206,-0.0628984,0.0199185,-0.0910566,-0.306543,0.420895
-13.0523,1.30018,-0.467287,0.248854,-1.73953,-0.430188,-0.118114,0.337779,0.398062,-0.0616164,-1.11211,-0.757631,-0.318042,-0.310411,-0.309908,-0.199017,-0.0466178,-0.340114,-0.286519,0.541967
-13.101,1.53321,-0.582056,0.243561,-1.54754,-0.706536,-0.191486,0.718485,0.26662,-0.0920025,-0.884588,-0.573573,-0.432792,-0.276662,-0.342417,-0.339134,-0.166113,-0.434646,-0.0433209,0.362307
-13.3362,1.46709,-0.519854,0.339839,-1.62115,-0.725596,-0.265112,0.824192,0.226602,-0.124912,-0.680441,-0.586915,-0.513073,-0.05313,-0.29743,-0.254166,-0.0595483,-0.332636,-0.0326167,0.329222
-13.8118,1.50345,-0.156778,0.416561,-1.89139,-0.96107,-0.168449,0.817202,0.683736,-0.119642,-0.954386,-0.65297,-0.0389406,0.180084,-0.29751,-0.0987108,0.111053,-0.238195,0.207866,0.421687
-13.8374,1.30234,-0.560811,-0.131911,-2.13405,-0.757122,0.05507,0.288202,0.693396,0.109636,-0.693912,-0.569573,-0.0665747,-0.0753148,-0.551484,0.220584,0.352135,-0.327837,-0.0952419,0.385831
-13.9763,1.34601,-0.239057,0.26338,-1.81942,-0.859088,-0.16102,0.791815,0.753988,0.323598,-0.706788,-0.684534,-0.202029,-0.0718769,-0.459967,0.0639789,0.329288,-0.317168,-0.184031,0.281741
-14.1304,1.14767,-0.106341,0.367068,-1.70211,-0.953112,-0.359012,0.974873,0.787902,0.0793945,-0.668684,-0.760451,-0.349026,-0.123562,-0.348178,0.209252,0.422201,-0.290912,-0.349425,0.125012
-13.9973,0.996656,-0.616095,0.0630777,-1.16085,-0.70407,-0.116133,0.957298,0.604183,-0.0953127,-0.644597,-0.767943,-0.123536,0.133366,-0.208922,0.473063,0.64977,-0.24077,-0.200028,0.220554
-13.9974,1.02466,-0.699302,0.0721857,-1.36061,-0.921979,0.0666677,0.75221,0.736068,0.0243155,-0.835608,-0.730776,0.149428,0.142042,-0.381705,0.310914,0.696657,-0.0771055,-0.248966,0.466169
-13.8093,1.25327,-0.586906,0.0210598,-1.44607,-1.11327,0.0218323,0.883846,0.73799,0.0552594,-0.937605,-0.932498,0.137097,-0.142326,-0.508992,0.211349,0.616829,-0.256282,-0.573199,0.646028
-13.7545,0.825679,-0.764113,-0.0727868,-1.5827,-0.871581,0.386136,1.07964,0.928569,0.129963,-0.891665,-0.754246,0.103748,-0.161323,-0.679996,0.174159,0.489355,-0.310098,-0.543842,0.509673
-13.8936,1.05664,-0.520582,0.0719068,-1.59215,-0.818265,0.430113,0.835523,0.933183,0.317816,-0.771586,-0.5877,-0.10742,0.355834,-0.60263,0.0659099,0.857667,-0.569467,-0.346428,0.644419
-13.8501,0.780855,-0.214145,0.271536,-1.59746,-0.717655,0.14118,0.733737,0.644027,0.506636,-0.755868,-0.802381,-0.308944,0.201256,-0.504863,0.129391,0.665246,-0.783106,-0.351779,0.540793
-13.9022,0.841969,-0.434888,0.179292,-1.70378,-0.597214,0.0258755,0.787214,0.622421,0.00404844,-0.840868,-0.867192,-0.382675,0.131438,-0.566123,0.147207,0.744919,-0.624242,-0.406585,0.460369
-14.0895,0.922686,-0.503834,0.232316,-1.27137,-0.870131,0.11966,1.06722,0.645147,0.0488066,-0.928891,-0.616718,-0.200676,0.23245,-0.374503,0.243447,0.77278,-0.345926,-0.254873,0.395352
-14.0673,0.99302,-0.186435,0.26596,-1.1516,-0.799389,0.155941,0.792321,0.609498,0.00733855,-0.840651,-0.75213,0.0808641,0.021731,-0.49014,-0.0166592,0.610968,-0.260124,-0.24722,0.509608
-14.5201,0.548917,-0.545238,0.167761,-1.29068,-0.867232,0.263487,1.09935,0.953615,0.201336,-1.13105,-0.717391,0.0842586,0.0772902,-0.746526,-0.197159,0.50695,-0.450163,-0.146591,0.611778
-14.281,0.726905,-0.604312,0.107825,-1.44437,-0.922276,0.255499,1.20314,0.903625,-0.168233,-1.1183,-1.08288,-0.0309302,0.0812965,-0.85111,0.043746,0.62358,-0.481403,-0.270547,0.646523
-13.8627,1.22117,-0.341023,0.0575905,-1.51749,-0.92671,0.247365,0.982297,0.848698,0.0870074,-0.797139,-0.593898,-0.0418675,0.216575,-0.898672,-0.0484755,0.622495,-0.787182,-0.48762,0.47529
-13.7714,1.02911,-0.3127,0.0601991,-1.6539,-0.842008,0.377417,1.07793,0.486383,0.19694,-0.680675,-0.784584,-0.419383,0.0362634,-0.904881,-0.0416014,0.688168,-0.963439,-0.281304,0.678233
-13.2009,1.53307,-0.228511,-0.148347,-1.39181,-0.687731,-0.0948006,0.631836,0.22707,0.25773,-0.586037,-0.672966,-0.541981,0.100903,-0.776426,0.294809,0.896007,-0.964579,-0.131942,0.309285
-13.4689,1.25969,-0.220489,0.372731,-1.28142,-0.249006,-0.193432,0.748251,0.467208,0.550915,-0.826558,-1.1392,-0.495422,-0.368758,-0.814511,0.492927,0.679537,-0.946138,-0.368317,0.0357269
-13.2799,1.39017,-0.517714,0.474918,-1.28489,-0.41287,-0.0906257,0.665746,0.742018,0.285974,-0.969402,-0.872163,-0.435774,-0.123192,-0.618077,0.277928,0.657443,-0.765526,-0.460834,-0.112326
-13.1096,1.25015,-0.606994,-0.112231,-1.35184,-0.743944,-0.0791947,0.512673,0.575094,0.514207,-0.876601,-0.646495,0.100825,0.0279714,-0.850722,0.319403,0.545271,-0.590622,-0.434687,0.164266
-13.259,1.32986,-0.181512,0.0988474,-1.16779,-0.593572,-0.148001,0.465835,0.546323,0.700041,-0.879217,-0.637723,0.0257578,0.0494016,-0.879972,0.166493,0.537966,-0.561792,-0.407302,0.391425
-12.8026,1.29756,-0.313501,0.104556,-1.56964,-0.776349,-0.292486,0.458248,0.4041,0.577744,-0.664155,-0.923956,-0.0581374,-0.127255,-1.04367,0.0816863,0.542564,-0.744863,-0.430529,0.270448
-12.716,1.38157,-0.302639,0.382282,-1.39501,-0.873289,-0.233712,0.299214,0.340217,0.290411,-0.716336,-0.931079,-0.216258,-0.171242,-0.725893,0.177492,0.498292,-0.652946,-0.376468,0.256827
-12.6432,1.59423,-0.232083,0.614618,-1.48613,-0.60769,-0.101685,0.281671,0.0443685,0.200912,-0.92887,-0.897968,-0.461012,-0.0803057,-0.52032,0.16877,0.546533,-0.767069,-0.107743,0.145211
-12.6464,1.71179,-0.161466,0.681685,-1.54061,-0.870562,-0.413177,0.242935,0.238309,0.212983,-1.00203,-1.06026,-0.73947,-0.0442928,-0.796472,-0.0557067,0.229934,-0.860294,-0.323957,0.298969
-12.628,2.13997,-0.103718,0.515979,-1.3768,-0.697524,-0.474574,0.0669924,0.240047,0.337483,-0.816714,-0.787547,-0.519773,-0.215037,-0.845582,0.185208,0.469095,-0.875845,-0.266483,0.215946
-12.6376,2.1287,-0.216994,0.137533,-1.16782,-0.462468,-0.214473,0.116217,0.261684,0.179245,-0.709073,-0.721556,-0.558271,-0.0551386,-0.742525,0.0977627,0.325113,-0.802338,-0.245027,0.340507
-13.0803,1.82813,-0.144898,0.351507,-0.682634,-0.676242,-0.180289,0.115346,0.287377,0.246723,-0.678635,-0.952297,-0.263274,-0.192415,-0.637118,0.298802,0.378131,-0.68138,-0.651006,0.339571
-13.4995,1.67531,-0.298442,0.19726,-0.60952,-0.647135,-0.416012,0.0479894,0.0266328,0.293077,-0.766276,-0.858473,-0.0743322,-0.0666201,-0.83551,0.00383612,0.152501,-0.515408,-0.621834,0.305798
-13.5921,1.54053,-0.016464,0.317488,-1.19963,-0.812936,-0.274532,0.123086,0.575775,0.500828,-0.498541,-0.522534,-0.0521605,0.0419882,-0.572164,0.19551,0.949591,-0.573713,-0.394893,0.498479
-13.6852,1.45985,-0.160145,0.351038,-1.26597,-1.06227,-0.192761,0.356699,0.740073,0.499019,-0.684043,-0.573303,-0.344543,0.153289,-0.778126,0.0482424,0.881838,-0.82065,-0.282581,0.157674
-13.5862,1.40662,-0.0719362,0.271177,-1.39363,-0.921419,-0.314571,0.525164,0.591849,0.51837,-0.712941,-0.712478,-0.200228,0.185529,-0.554795,0.14987,0.696969,-0.760482,-0.384135,0.300431
-13.9148,1.51685,0.230169,0.445198,-1.44543,-0.923533,-0.197613,0.301881,0.389304,0.559349,-0.691944,-0.697664,-0.380565,0.0557379,-0.520999,0.391858,1.01313,-0.857436,-0.364206,0.341152
-14.3692,1.4574,0.112192,0.418418,-1.3836,-0.825631,-0.410047,0.282037,0.62646,0.590001,-0.952189,-1.04803,-0.317926,0.0726583,-1.00465,0.609759,1.05706,-1.01215,-0.384162,0.313578
-14.193,1.62312,0.239172,0.222933,-1.27548,-1.02058,-0.312307,0.486987,0.837731,0.614127,-0.656898,-0.783153,-0.37997,0.0848113,-0.912273,0.359232,0.763894,-1.01924,-0.310489,0.437609
-14.5162,1.46756,-0.188197,0.0673295,-1.12796,-0.956081,-0.13495,0.404057,0.825575,0.539141,-0.690757,-0.833108,-0.262613,0.0417071,-1.29465,0.0303052,0.69223,-1.01881,-0.36291,0.773889
-15.1974,1.17181,-0.0842858,0.596874,-0.822775,-0.949474,-0.435312,0.41798,0.93976,0.707867,-0.600606,-1.07801,-0.155965,-0.136288,-0.985111,0.293895,0.716456,-0.855241,-0.346668,0.785046
-15.2741,1.51019,-0.0671766,0.499864,-0.756012,-0.887861,-0.293423,0.384721,0.875643,0.922072,-0.74784,-1.02047,-0.113946,-0.0202157,-0.735497,0.52346,0.955175,-0.88409,-0.369473,0.651002
-15.3781,1.33147,0.122436,0.182116,-1.07083,-0.884966,-0.243726,0.684083,0.590435,0.66115,-0.622702,-0.737452,-0.035561,0.142505,-0.440558,0.435129,1.03081,-0.780866,-0.361451,0.826068
-15.743,1.26601,0.330184,0.308627,-1.1315,-0.89386,-0.312912,0.734781,0.912452,0.517629,-0.934967,-0.850835,-0.118999,0.356677,-0.65391,0.128126,0.757851,-0.984713,-0.232404,0.750343
-15.5767,1.4082,-0.0877775,0.0750802,-1.30856,-0.539159,-0.0989278,0.496552,0.588799,0.51412,-0.715402,-0.608425,0.0153915,-0.0582554,-0.865622,0.215389,0.685717,-0.770037,-0.286315,0.462078
-14.6994,1.06116,-0.166004,0.47259,-1.22985,-0.422307,-0.0816212,0.28281,0.493757,0.415654,-0.717367,-0.707085,0.160643,-0.0671296,-0.801958,0.418855,0.780413,-0.695098,-0.306097,0.421774
-14.4214,1.22803,-0.130937,0.801443,-1.03177,-0.83014,-0.0220774,0.154608,0.517383,0.0208401,-0.646846,-0.573855,0.194847,0.0101197,-0.756826,0.26565,0.736621,-0.5554,-0.254011,0.154185
-15.499,1.30558,0.105511,0.788133,-0.902373,-0.667065,0.0491008,0.0490436,0.450717,-0.0479263,-0.8186,-0.595976,-0.0253591,0.0262613,-0.708654,-0.136686,0.476692,-0.661613,-0.00363462,0.515609
-15.8527,1.42715,0.241613,0.776712,-0.687747,-0.661276,-0.223484,0.0279256,0.521461,0.280266,-0.868389,-0.6511,0.128778,0.0428743,-0.854337,0.225987,0.951643,-0.819776,-0.221639,0.487059
-15.9337,1.57476,-0.0268263,0.497193,-0.897791,-0.659681,-0.421608,0.0702894,0.478818,0.281323,-0.835351,-0.880337,-0.171916,0.0325981,-0.951265,0.109669,0.994754,-1.01353,-0.360797,0.559731
-15.3521,1.58148,0.00736845,0.424095,-1.28763,-0.378255,-0.0378276,0.499291,0.24989,0.0604693,-0.824883,-0.833702,-0.188121,-0.250258,-0.866814,-0.246533,0.906625,-0.703882,-0.67685,0.597575
-14.7853,1.83197,-0.0123886,0.627289,-0.93175,-0.4526,-0.328678,0.528686,0.314994,-0.0722569,-0.9469,-0.970348,-0.232758,-0.23786,-0.532483,-0.11343,0.51459,-0.358566,-0.5322,0.534201
-14.6354,2.02589,0.0276075,0.961245,-1.08753,-0.736092,-0.0463445,0.220445,-0.115965,-0.149848,-0.813301,-1.10862,-0.303124,-0.179883,-0.528522,0.0260188,0.437524,-0.47583,-0.147271,0.359458
-14.5905,1.89667,0.331691,1.16051,-0.98333,-0.334759,-0.284566,0.161375,-0.0618158,-0.0860915,-0.50803,-0.792189,-0.152623,-0.428537,-0.82661,-0.0724311,0.406401,-0.476511,-0.394284,0.273134
-14.6116,1.77746,0.221934,1.24779,-0.890557,-0.0919612,-0.527291,-0.27236,-0.0704845,-0.0322197,-0.513333,-1.04973,-0.00895015,-0.230044,-0.802686,-0.00177076,0.398667,-0.55186,-0.379089,0.230188
-14.6438,1.75619,0.00609171,0.677445,-1.10277,-0.24921,-0.14268,-0.2741,-0.0356682,0.181437,-0.516813,-1.17368,-0.372334,0.0943126,-0.63201,-0.161825,0.185294,-0.792192,-0.405885,0.294375
-14.7431,1.87899,-0.330574,0.588938,-0.890751,-0.426265,-0.354469,0.0669512,-0.0381425,0.150999,-0.549045,-0.921642,-0.17117,-0.161388,-0.453383,-0.102653,0.163476,-0.568422,-0.0396098,0.210172
-14.3255,2.1458,-0.170279,0.729564,-1.0791,-0.379914,-0.121447,0.248449,0.224066,0.307501,-0.359165,-0.778803,-0.0545947,-0.31703,-0.553969,-0.262691,0.119956,-0.481308,-0.23591,0.475303
-14.0137,2.0279,-0.218089,0.730759,-1.04667,-0.217928,-0.278527,0.00213829,0.13342,0.278417,-0.101532,-0.893705,-0.318552,-0.339259,-0.568757,0.18443,0.158977,-0.540179,-0.343948,0.246594
-14.1862,1.91163,-0.291796,0.773637,-1.19717,-0.586891,-0.350965,0.117347,0.11266,0.15429,-0.478599,-0.999766,-0.198159,-0.147347,-0.52296,-0.0117399,0.221666,-0.390951,-0.257651,0.302203
-14.071,1.85012,-0.380859,0.475046,-1.00187,-0.564246,-0.170116,-0.0553543,0.273773,0.0711145,-0.287647,-0.727205,-0.283666,-0.267079,-0.736558,-0.156448,0.0743665,-0.792687,-0.352469,0.184649
-14.5871,2.11294,-0.178145,0.938612,-1.06689,-0.714119,-0.545316,-0.112236,0.30998,0.201415,-0.191,-0.80912,-0.372275,-0.0725313,-0.664255,0.144776,0.290724,-0.633912,-0.373229,0.087055
-14.6326,2.06755,-0.35893,0.528008,-1.36325,-0.808476,-0.173768,0.0372076,0.0492908,-0.00468355,-0.495856,-0.775825,-0.174563,-0.0644813,-0.705336,0.22345,0.309947,-0.645635,-0.150382,0.176274
-14.8086,2.29806,-0.441407,0.46892,-1.27319,-0.86229,-0.476611,0.0554451,0.0915011,0.183544,-0.269898,-0.800589,-0.277624,0.0206922,-0.522057,0.389423,0.543179,-0.580481,-0.0751753,0.188882
-15.0027,2.29135,-0.386092,0.546286,-1.11944,-0.625093,-0.397707,-0.0935186,0.328964,0.403126,-0.20987,-0.89444,-0.405557,-0.0715833,-0.470681,0.477195,0.739467,-0.602334,-0.270711,0.251734
-14.9125,2.41587,-0.448676,0.114046,-1.15323,-0.425458,-0.244991,-0.0989362,0.216359,0.111085,-0.442724,-0.929752,-0.404838,-0.126889,-0.609119,0.135471,-0.0830866,-0.811598,-0.084935,0.0943716
-14.9638,2.04565,-0.036146,0.233849,-1.14589,-0.647711,-0.0635289,0.244089,0.190536,0.0290667,-0.498678,-0.6208,-0.00058238,-0.0282718,-0.631798,0.0283043,0.00712085,-0.536446,-0.0764654,0.252574
-15.6531,2.15097,-0.522529,0.531462,-0.891005,-0.561877,-0.439463,-0.141982,0.471744,0.133965,-0.464699,-0.557044,-0.338668,0.00181612,-0.581108,0.0951796,0.152606,-0.540871,-0.265133,-0.0357786
-15.613,2.28966,-0.53329,0.408043,-0.908131,-0.612043,-0.299408,0.222827,0.355367,0.00408431,-0.586445,-0.339976,-0.106648,0.0429238,-0.349953,-0.333947,-0.164551,-0.460783,-0.19233,0.113144
-15.8047,2.18995,-0.199476,0.749537,-0.466479,-0.502594,-0.445845,-0.0407203,0.307538,-0.223151,-0.554912,-0.197326,-0.200156,0.192444,-0.223842,-0.238867,-0.0291217,-0.324584,-0.212536,0.173122
-15.5998,2.07821,-0.386718,0.511342,-0.722728,-0.411673,-0.254818,-0.0182484,0.0731514,-0.479594,-0.629134,-0.0248354,-0.0268313,0.174226,-0.170751,-0.466107,-0.267155,-0.21143,-0.228359,0.201987
-15.5039,1.94384,-0.178996,0.708598,-0.950292,-0.553286,-0.163651,0.19591,0.289377,-0.314208,-0.997877,-0.34218,-0.176761,0.211927,-0.0694769,-0.483691,-0.152749,-0.314726,-0.114717,0.0854067
-15.5317,2.18349,-0.0695996,0.618481,-0.777063,-0.233886,-0.215184,0.280231,0.192527,-0.281673,-0.793052,-0.118736,-0.276541,-0.0340541,0.195028,-0.308664,0.00234153,-0.0553591,-0.155443,0.0533982
-15.6557,1.96571,-0.513702,0.432552,-1.0281,-0.201467,0.296576,0.0914418,0.179988,-0.271251,-0.604161,-0.317004,-0.417316,-0.05702,-0.0244579,-0.296116,-0.193827,-0.166633,0.0916386,0.0393894
-15.798,1.58367,-0.581578,0.458607,-0.66494,-0.231291,0.150081,0.274635,0.0873585,-0.253365,-0.78154,-0.336942,-0.382732,0.0852133,0.0509833,-0.464378,-0.360451,-0.0598653,-0.0877502,-0.0435842
-15.5811,1.87364,-0.440444,0.303861,-0.811803,-0.196644,0.0956858,0.511393,0.066086,-0.450035,-0.771289,-0.170663,-0.376271,-0.0736493,0.0287254,-0.542723,-0.311896,0.0173886,-0.144117,0.0457091
-15.5227,2.31347,-0.123069,0.409378,-1.05315,-0.443844,0.11588,0.592133,0.0151337,-0.558908,-0.801976,-0.169094,-0.307724,-0.0669244,0.198891,-0.48172,-0.22289,-0.0492458,0.00584987,-0.00273562
-15.6353,2.14119,-0.16107,0.244018,-1.03303,-0.57435,0.134316,0.729469,-0.0567171,-0.466656,-0.909917,-0.1768,-0.284772,-0.0807011,0.306935,-0.537092,-0.453363,0.0978078,0.0952011,-0.0579413
-15.8091,1.6848,-0.193705,0.444811,-1.05558,-0.54854,0.221857,0.834584,0.113055,-0.591706,-0.841085,-0.183527,-0.463886,-0.0236721,0.341787,-0.327545,-0.452588,0.0631696,0.125966,0.0191637
-15.685,1.80749,-0.257048,0.376723,-1.05633,-0.589327,0.130625,0.838524,0.156751,-0.509111,-0.743309,-0.0651415,-0.273669,0.172145,0.530126,-0.495632,-0.508429,0.345846,0.0777757,0.00286631
-15.821,1.3681,-0.650529,0.153115,-1.20951,-0.445394,0.31925,0.737368,0.186591,-0.498293,-0.669742,0.0282466,-0.331269,0.363524,0.681693,-0.421452,-0.531631,0.168523,0.140223,-0.056883
-16.2579,1.16323,-0.343946,0.191354,-1.32707,-0.348842,0.630796,1.13125,0.0708977,-0.72254,-0.673074,0.0371472,-0.412906,0.214099,0.803532,-0.441593,-0.535335,0.355326,0.140609,0.104964
-16.4418,1.19794,-0.495398,0.0517293,-1.3334,-0.549307,0.356252,1.02346,0.0390712,-0.850491,-0.735781,0.357646,-0.193956,0.154774,0.785107,-0.628821,-0.63655,0.382214,0.110019,0.046075
-16.5007,1.01614,-0.401775,0.434833,-1.18166,-0.48494,0.289751,1.27342,0.466805,-0.832886,-0.902303,0.135662,-0.258048,0.464375,0.777027,-0.578359,-0.624848,0.304358,0.117187,-0.0350834
-16.4389,1.1451,-0.343707,0.147268,-1.4132,-0.564701,0.313023,0.992333,0.171092,-0.958224,-0.826445,0.272,-0.37048,0.149372,0.880136,-0.494934,-0.604335,0.605939,0.136295,-0.121898
-16.2355,1.32993,-0.181062,0.275117,-1.30863,-0.669421,0.28672,1.16077,0.317141,-0.808748,-0.79892,0.449619,-0.338512,0.116416,0.863671,-0.29943,-0.590631,0.500808,0.00821054,0.162255
-16.4917,0.998361,-0.518865,0.0929759,-1.35421,-0.424472,0.317146,1.14925,0.207693,-0.814326,-0.713718,0.504764,-0.122577,0.156375,0.996888,-0.536956,-0.667255,0.468797,0.0150774,-0.0222439
-16.6066,1.0654,-0.487447,0.260638,-1.11894,-0.528192,0.529242,1.33909,0.409925,-0.751623,-0.772874,0.35502,-0.191089,0.289707,0.941407,-0.510334,-0.686628,0.664181,0.184033,0.267563
-15.9729,1.26305,-0.175864,0.153433,-0.936068,-0.588661,0.294016,0.793194,0.119913,-0.917646,-0.461459,0.195348,-0.0399197,0.0528788,0.814305,-0.396633,-0.735587,0.595168,-0.122667,0.0109584
-16.7691,1.08737,-0.456847,0.472572,-0.694278,-0.258808,0.202809,0.933877,0.182395,-0.71873,-0.764327,0.194165,-0.600982,0.0375855,0.662814,-0.688084,-0.694142,0.460182,-0.145228,0.0721986
-16.8419,0.841319,-0.332308,0.494108,-0.900479,-0.433617,0.156213,0.96832,0.0168518,-0.969189,-0.630345,0.479466,-0.164901,-0.00470765,0.846592,-0.382814,-0.555223,0.545149,-0.0763896,-0.105236
-16.9135,1.05691,-0.679987,0.327057,-0.808603,-0.361867,0.391718,0.841231,-0.186688,-0.80016,-0.504804,0.478678,-0.267968,-0.0025057,0.842313,-0.455722,-0.554768,0.39512,-0.0363542,-0.0444029
-17.2253,1.26941,-0.854556,0.204626,-0.451277,-0.146342,0.270486,0.926965,-0.0648668,-0.829832,-0.39162,0.479377,-0.0852162,0.232612,0.78067,-0.370792,-0.769538,0.271956,0.0157354,0.0092238
-17.1233,1.48356,-0.600899,0.149268,-0.991288,0.166426,0.643034,1.20982,0.402146,-0.630543,-0.627081,0.330483,-0.304882,0.166968,0.827819,-0.428252,-1.28001,0.231904,0.141634,0.289278
-16.8216,1.08853,-0.404652,0.37546,-1.18641,-0.0840731,0.538994,1.24779,0.200132,-0.965389,-0.898191,0.318364,-0.17686,0.216204,0.721008,-0.252084,-1.33969,0.533548,0.257441,0.0951532
-16.5329,0.280258,-0.241524,0.0629472,-1.33807,-0.254264,0.431978,1.37065,0.281745,-1.07334,-1.05088,0.486232,-0.0166219,0.00443453,0.830743,0.114749,-1.77951,0.109254,0.357718,-0.106167
-16.267,0.455964,0.00848047,-0.0625786,-1.28099,-0.0802426,0.504731,1.30747,0.284048,-1.14495,-0.959379,0.507552,-0.00558467,0.00992518,0.720543,0.25027,-1.71929,0.229054,0.462121,-0.0891836
-16.2011,0.358139,-0.167288,-0.00413306,-1.04879,-0.0294419,0.461022,1.0804,0.0715271,-0.977469,-1.00331,0.373628,0.126504,0.0523923,0.597249,0.36168,-1.73393,0.210319,0.316756,-0.241379
-16.4729,0.340765,0.175081,0.401022,-1.14323,-0.13078,0.726524,1.5231,0.467809,-1.35628,-1.50232,0.342435,0.421779,-0.0368123,0.587685,0.315991,-1.95385,0.302778,0.486236,-0.213152
-16.3419,0.306843,0.0982679,0.146247,-1.14591,0.11264,0.600905,1.18136,0.46329,-1.41597,-1.42135,0.563248,0.445569,0.0423104,0.83491,0.522732,-2.06887,0.0796932,0.738962,-0.108743
-16.1184,0.368286,0.160205,-0.12101,-1.33667,-0.378441,0.389878,1.25575,0.490336,-1.20506,-1.37139,0.594814,0.564027,-0.066398,0.81144,0.69574,-1.77983,0.0445011,0.902611,-0.134341
-15.7866,0.128412,0.176059,-0.0276521,-1.23344,-0.0949475,0.360297,1.22331,0.186332,-1.09866,-1.10279,0.562421,0.664038,0.0820068,0.928687,0.60383,-1.74409,-0.168371,0.831314,-0.344962
-15.6909,0.178011,0.270685,-0.0637076,-1.12595,-0.113986,0.00921138,1.17735,0.373765,-1.01303,-1.21867,0.451786,0.17428,0.190621,0.826358,0.65595,-1.72492,-0.267416,0.604451,-0.369649
-16.0316,0.123468,0.218431,0.225205,-1.2525,-0.0156766,0.522014,1.27438,0.262884,-1.03553,-1.19036,0.358125,0.525278,0.0982281,0.852465,0.742452,-1.55536,-0.255703,0.458871,-0.381587
-16.3958,-0.275117,-0.231718,0.124978,-1.29145,-0.14629,0.278845,1.36574,0.360132,-1.17209,-1.3082,0.393903,0.572296,-0.0674915,0.929232,0.706536,-1.74593,-0.308787,0.418124,-0.302029
-16.1424,0.00678925,-0.307141,-0.0539169,-1.16975,-0.206995,0.312871,1.58416,0.575828,-0.894225,-1.43594,0.402928,0.397571,-0.420857,0.722603,0.694736,-1.35874,-0.0240468,0.62951,-0.456824
-16.1294,0.0598723,-0.786081,-0.0372639,-1.095,-0.215828,0.795684,2.00422,0.642181,-1.2964,-1.13943,0.298167,0.367987,-0.383986,0.931795,0.770189,-1.89333,0.00213779,0.0102066,-0.446961
-16.805,0.463153,-0.497855,-0.0996722,-1.21121,-0.138927,0.432104,1.77816,0.403046,-1.34921,-1.13,0.261289,0.383446,-0.310494,1.04265,0.7137,-2.03819,0.317529,0.30373,-0.301824
-16.6472,0.325719,-0.386271,-0.380272,-1.21508,0.187237,0.0863078,1.94972,0.0296379,-1.60302,-1.15555,0.518996,0.26396,0.0364495,1.15595,0.497808,-1.78041,0.556925,0.324924,-0.28038
-16.412,-2.57788e-05,-0.279497,-0.084133,-1.12522,-0.104853,0.223262,1.80934,-0.204299,-1.65251,-1.3584,0.220285,0.209431,0.00175464,1.02141,0.170052,-2.04441,0.478243,0.190899,-0.165472
-16.0997,0.122204,-0.00919036,0.129457,-0.964805,-0.197869,0.486633,1.86269,-0.164283,-1.39502,-1.19466,0.257727,0.265112,-0.00572409,1.09512,0.108458,-1.75891,0.8392,0.370784,0.0652336
-16.5567,0.0434279,0.154598,-0.247687,-1.1937,-0.341142,0.187386,2.14166,0.277908,-1.60461,-0.860495,0.623964,0.292065,0.157866,1.35622,0.225443,-1.92664,0.801742,0.372123,-0.0937399
-16.3828,0.0281633,-0.0906839,0.177751,-1.11451,-0.0480396,0.29927,1.89229,0.131759,-1.52487,-0.968014,0.481072,0.344628,0.136979,1.40113,0.0790909,-1.78898,0.802765,0.344291,-0.194657
-16.7728,0.127845,-0.0182069,-0.27999,-1.00631,-0.10823,0.452593,1.92523,-0.0870023,-1.33522,-1.14776,0.351768,0.0615429,-0.0583719,1.6259,0.23881,-1.68776,0.878141,-0.0311939,0.00960421
-16.6564,0.0081073,0.0573251,-0.136252,-0.986235,-0.322982,0.344459,2.05705,0.110478,-1.40672,-1.29459,0.442188,0.473029,0.0469734,1.20743,-0.151018,-1.94519,0.830754,-0.0984382,-0.191143
-16.3596,-0.0519689,-0.196214,-0.490206,-1.1953,0.287576,0.67679,1.93679,-0.268477,-1.42368,-0.704634,0.751143,0.441685,0.0825373,1.39122,0.0221012,-1.84617,0.972669,0.178397,-0.0345949
-16.476,0.0834711,-0.215926,-0.383195,-1.15908,0.412657,0.715551,2.00327,-0.12124,-1.50221,-0.762444,0.506795,0.216288,-0.184507,1.39513,-0.0731677,-2.01472,0.771563,-0.136502,0.0289364
-16.5223,0.113599,-0.115432,-0.0786226,-1.41841,0.39754,1.07474,1.90617,-0.154497,-1.46952,-0.836391,0.279661,0.073971,-0.159362,1.31232,0.131658,-1.85566,0.742891,0.104145,0.168429
-15.327,0.00551802,-0.773323,0.149489,-1.30849,0.0684944,0.700232,0.932425,-0.317909,-1.36272,-0.435583,0.117778,0.407949,-0.0218012,0.828765,0.0115261,-1.30479,0.0834439,-0.328084,0.411397
-14.7634,0.240593,-0.220677,0.699612,-0.960632,-0.132236,0.669118,0.639311,-0.683162,-1.23357,-0.526959,0.562855,0.256012,-0.06704,0.528675,0.0432247,-1.07034,-0.319687,-0.484566,0.584165
-14.1337,0.643684,-0.370038,0.335651,-1.32335,-0.488795,0.447035,-0.224581,-0.762143,-0.642245,0.13938,0.688797,0.0381349,0.0669417,0.604429,0.229256,-1.21579,-0.913746,-0.501622,0.819684
-14.0597,0.778904,-0.395652,0.246453,-1.46522,-0.300981,0.237494,-0.285725,-0.865144,-0.716636,0.268079,0.680687,0.0893163,-0.0247548,0.145548,0.152939,-1.10746,-0.88299,-0.402415,0.546938
-13.8232,1.11174,-0.491266,-0.187679,-1.27238,-0.269814,0.0611657,0.0267423,-0.730515,-0.917862,0.000523933,0.607303,0.257286,-0.0449337,0.208818,-0.152314,-1.15229,-0.169437,-0.0893616,0.46674
-13.7644,1.03438,-0.735852,-0.12796,-1.44758,-0.131412,0.265182,0.18738,-0.839432,-0.970552,0.0836468,0.368725,0.148337,-0.10373,0.0947449,-0.230665,-0.864406,0.0711702,0.18477,0.368133
-13.5294,1.16605,-0.905851,0.0935516,-1.3154,-0.0975698,0.333061,0.214933,-0.783994,-0.52172,0.0306336,0.595186,0.165596,-0.271946,-0.0364661,-0.0259232,-0.931761,-0.0711127,-0.129509,0.393783
-13.2877,1.56465,-1.06766,-0.127892,-1.27042,-0.0797588,0.100137,-0.123217,-0.991224,-0.545035,-0.171366,0.516977,0.339449,-0.177481,-0.0525041,-0.134388,-0.763456,0.116703,-0.25234,0.389993
-12.9598,1.62668,-0.97979,-0.0987514,-1.43836,-0.108863,0.182844,-0.124373,-0.942132,-0.762421,-0.144862,0.572657,0.224001,-0.223136,-0.159998,-0.0840936,-0.86105,-0.0525466,-0.0647868,0.434831
-13.0678,1.29076,-0.90564,0.035901,-1.37671,-0.398768,0.117377,-0.183354,-1.0339,-0.742778,0.301609,1.04146,0.329058,-0.356865,-0.323219,0.086396,-0.701803,-0.270142,0.00932324,0.674478
-13.3866,1.56595,-0.756733,0.148077,-1.40423,-0.357035,-0.153959,-0.271964,-0.855004,-0.632445,0.253302,0.805636,-0.0858506,-0.34974,-0.135663,0.160521,-1.14974,-0.390968,-0.0106215,0.547769
-13.3406,1.56116,-0.578161,0.52276,-1.17208,0.0167956,-0.0753947,-0.503539,-0.754425,-0.412343,0.362086,0.862996,0.417667,-0.139002,-0.327682,0.226526,-0.939069,-0.265024,-0.0914885,0.476419
-13.3856,1.35044,-0.59173,0.370746,-1.19418,-0.193992,0.111995,-0.294069,-0.924555,-0.630494,0.344512,0.966521,0.625359,-0.252064,-0.415763,0.230343,-0.916784,-0.522342,-0.144687,0.402627
-13.032,1.37575,-0.724157,0.335303,-1.04972,-0.184147,0.0283919,-0.372739,-0.872941,-0.426318,0.336732,0.927433,0.474521,-0.177773,-0.325982,0.247426,-0.703687,-0.72926,-0.21311,0.542661
-13.408,1.32925,-0.729138,0.291273,-1.13287,-0.352935,-0.190842,-0.53722,-0.929296,-0.335578,0.614601,1.00335,0.512187,-0.421598,-0.518242,0.40408,-0.961207,-0.997277,-0.377794,0.624414
-13.5392,1.44364,-0.716944,0.234073,-1.42305,-0.767277,-0.119117,-0.629467,-1.01532,-0.283983,0.842877,0.914129,0.377489,-0.569918,-0.427987,0.500319,-0.911047,-0.960652,-0.370316,0.772617
-13.365,1.03864,-0.261355,0.331058,-1.4809,-0.482184,-0.373186,-0.921025,-0.949739,-0.180691,0.936715,1.04895,0.112869,-0.738093,-0.160902,0.613722,-1.08598,-1.23026,-0.296302,1.23185
-13.5239,1.12275,-0.109607,0.209396,-1.63912,-0.48351,0.144791,-0.893808,-0.795693,-0.265995,0.928441,1.0949,0.0517398,-0.558358,0.00322629,0.49795,-0.964872,-1.22715,0.0303948,1.09984
-14.0734,0.616145,-0.337886,0.174838,-1.2478,-0.303074,0.567167,-0.856534,-1.03745,-0.319114,0.953784,0.889287,-0.254623,-0.424993,0.0450314,0.483577,-0.904137,-1.15528,0.193722,0.968113
-13.4563,0.790584,-0.383005,0.171334,-1.10529,-0.140569,-0.147347,-0.795461,-1.06928,-0.446035,0.780581,0.842051,0.0811895,-0.279249,-0.147809,0.663765,-1.08793,-1.02647,-0.0902352,0.836409
-13.3277,0.921751,-0.265285,0.222057,-1.22053,-0.571479,-0.269643,-0.637773,-1.27931,-0.489985,0.873185,1.02418,0.331373,-0.427895,-0.252531,0.83244,-0.703568,-1.11156,-0.142027,0.806873
-13.6371,1.15226,-0.610704,-0.164151,-1.34418,-0.632522,-0.311405,-0.591754,-1.17693,-0.17273,0.870854,1.02953,0.461258,-0.648126,-0.264839,0.69848,-0.843628,-1.37863,-0.247049,0.843876
-13.4746,0.853229,-0.36283,0.248888,-1.19827,-0.70931,-0.596545,-0.710594,-1.04859,-0.0759064,0.977095,1.13934,0.406547,-0.610887,-0.137514,0.873787,-0.864737,-1.18555,-0.289249,1.08031
-13.784,0.637291,-0.510109,0.194275,-1.28158,-0.654823,-0.645852,-1.2419,-0.679198,0.0231304,1.24069,1.30168,0.372307,-0.337504,-0.300226,1.02655,-0.683866,-1.32907,-0.336001,1.02851
-13.853,0.665902,-0.464969,0.0879307,-1.41623,-0.600384,-0.292631,-1.02742,-0.936058,-0.161218,1.16779,1.29905,0.0750929,-0.365051,-0.0541573,0.709374,-0.874862,-1.34369,-0.143093,1.08078
-14.3075,0.504054,-0.348372,0.290399,-1.29661,-0.671048,-0.0369296,-0.926943,-0.737684,-0.151684,0.779468,0.81687,0.0481974,-0.409197,-0.00197904,0.524635,-0.848889,-1.10602,0.0618919,1.05561
-14.1667,0.548277,-0.069678,0.352907,-1.06702,-0.38589,-0.115871,-1.08352,-1.052,-0.326949,1.09591,1.14319,-0.179472,-0.690851,0.0395269,0.803978,-0.728846,-0.762714,-0.0794793,0.911308
-14.0022,0.407011,-0.0619736,0.54971,-0.863022,-0.478378,-0.442674,-1.15063,-1.33514,-0.14198,1.12548,1.25638,0.238843,-0.689752,-0.402688,0.568052,-0.60502,-0.99734,-0.161556,0.736325
-14.1512,1.02758,-0.336688,0.230905,-1.00578,-0.504048,-0.555412,-0.879244,-1.3147,-0.159837,0.797737,1.29443,0.450979,-0.679486,-0.20302,0.644195,-0.571588,-1.32892,-0.211944,1.10187
-13.4471,1.21545,-0.296316,0.241203,-1.06541,-0.472341,-0.518757,-0.79912,-1.09409,-0.280114,0.827461,1.29883,0.280038,-0.799641,-0.155027,0.543388,-0.591778,-1.42294,-0.383569,0.908877
-12.9649,1.18243,-0.209114,0.337019,-0.881957,-0.627465,-0.568975,-0.699957,-0.819451,-0.235543,0.752701,1.16645,0.245002,-0.348195,-0.0791537,0.423345,-0.802513,-1.35008,-0.278801,0.888021
-12.8314,1.33348,-0.631218,0.223782,-1.27401,-0.531077,-0.241615,-0.835252,-0.894104,-0.120847,0.849501,1.30438,0.214721,-0.741059,-0.250483,0.393617,-0.749304,-1.13411,-0.228803,0.759698
-12.8317,1.19053,-0.812397,0.298625,-1.05275,-0.542888,-0.281984,-0.634857,-0.760472,-0.0962106,0.654271,1.12181,0.17018,-0.602583,-0.43548,0.00580427,-0.49277,-0.621526,-0.214896,0.543279
-12.9667,1.03679,-0.682366,0.375343,-0.796422,-0.109152,-0.193134,-0.640818,-0.671465,-0.195232,0.600871,0.984532,0.148929,-0.849297,-0.560667,0.16776,-0.292122,-0.338256,-0.258556,0.480637
-13.5869,1.05576,-0.511369,0.230469,-1.31031,-0.465771,-0.0425592,-0.715171,-0.791284,-0.125874,0.707663,1.14818,0.194153,-0.451014,-0.685011,0.330836,-0.428951,-0.753351,-0.208691,0.257349
-13.3661,1.31387,-0.929005,0.294836,-1.12089,-0.358095,-0.320122,-0.287517,-0.821854,-0.205472,0.668979,1.03781,0.25576,-0.492103,-0.677077,0.31224,-0.5337,-0.732533,-0.0726001,0.296146
-12.9336,1.05858,-1.02934,0.371969,-0.912961,-0.254724,-0.342336,-0.620284,-1.08948,-0.364875,0.54098,0.808684,0.214338,-0.46104,-0.851725,0.185569,-0.413526,-0.364202,-0.125829,0.389336
-12.8119,1.51419,-0.9554,0.450871,-1.0547,-0.376408,-0.39399,-0.862035,-1.14163,-0.0544391,0.354345,0.337668,-0.0851348,-0.731736,-0.631002,0.0684384,-0.482018,-0.513769,0.0803828,0.322286
-13.283,1.79471,-0.460546,0.594215,-0.982629,-0.12074,-0.477372,-0.28064,-0.999278,0.0189747,0.454249,0.253424,-0.171208,-0.585809,-0.483589,0.000638809,-0.443458,-0.397214,-0.110352,0.375959
-13.6782,1.77226,-0.631326,0.756728,-0.555763,0.133592,-0.291163,-0.368319,-0.570501,-0.342531,0.265141,0.0694753,-0.0230623,-0.67113,-0.571427,0.205918,-0.266488,-0.33047,0.0608853,0.234982
-13.9423,2.05326,-0.620091,0.462924,-0.543789,-0.114628,-0.773107,-0.319898,-0.860765,-0.0856662,0.274916,-0.0650604,-0.254573,-0.54434,-0.640903,0.141705,-0.262062,-0.418042,-0.236178,0.269286
-13.4727,2.1924,-0.499927,0.519437,-0.534527,-0.347236,-0.438936,-0.34588,-0.851549,-0.178719,0.448914,0.331218,-0.0460132,-0.576645,-0.631701,0.18105,-0.375067,-0.566705,-0.0738089,0.44097
-13.9179,2.33441,-0.537404,0.509794,-0.961512,-0.158549,-0.400069,-0.496507,-0.840331,-0.060534,0.45625,0.424635,0.144952,-0.521697,-0.55503,-0.0220032,-0.313535,-0.569574,-0.11887,0.443286
-14.1718,1.9888,-0.568262,0.572513,-0.620247,-0.242579,-0.515223,-0.620306,-1.01663,-0.266452,0.219513,0.602778,0.342193,-0.360051,-0.599553,-0.0387672,-0.554349,-0.541222,-0.239962,0.279239
-14.5383,2.23769,-0.626267,0.866347,-0.977152,-0.128407,-0.361533,-0.499634,-0.962531,-0.030172,0.369924,0.63107,0.58468,-0.293014,-0.450225,-0.375178,-0.441057,-0.4968,-0.0515492,0.229632
-14.9073,2.36822,-0.5145,0.768862,-0.878369,-0.0973044,-0.486537,-0.494729,-0.612733,-0.209453,0.602826,0.859183,0.409894,-0.415662,-0.460898,-0.124879,-0.522785,-0.506405,-0.350529,0.274369
-15.0622,2.38012,-0.916498,0.409884,-0.833815,-0.168601,-0.605363,-0.421982,-0.739332,0.157057,0.895567,0.832329,0.288187,-0.574019,-0.142291,0.127132,-0.438195,-0.672799,-0.345065,0.472292
-15.4078,2.64233,-0.337368,0.38839,-0.756261,0.1266,-0.454762,-0.650612,-1.00599,-0.0514857,0.586231,0.532255,0.159905,-0.483948,-0.400822,0.175235,-0.411684,-0.615212,-0.276051,0.266527
-15.574,2.5399,-0.78456,0.394642,-0.551397,0.173126,-0.603176,-0.615005,-1.02061,-0.146256,0.465134,0.254139,0.238684,-0.512808,-0.574072,0.12461,-0.458518,-0.512252,-0.144439,0.290521
-15.9297,2.40609,-0.594881,0.602803,-0.848032,-0.0428857,-0.525885,-0.584067,-1.09542,-0.0153455,0.365699,0.383707,0.243317,-0.605693,-0.712002,0.127979,-0.0817879,-0.576343,-0.203944,0.58293
-15.9928,2.42238,-0.393431,0.668408,-0.72309,-0.395221,-0.620223,-0.770127,-1.03844,-0.170036,0.5986,0.483797,0.119752,-0.601531,-0.47836,-0.00524124,-0.470641,-0.406266,0.215083,0.454955
-16.1889,2.68117,-0.651152,0.512196,-0.634447,0.0067123,-0.925466,-0.878307,-0.901111,-0.162118,0.543072,0.378568,0.148133,-0.549617,0.0371183,0.0792093,-0.333805,-0.323804,-0.0681787,0.347108
-16.4166,2.8321,-0.616238,0.390953,-0.481446,-0.0870926,-0.700784,-1.16265,-1.1027,-0.158687,0.723186,0.361681,0.245484,-0.617287,-0.302718,0.375541,-0.016989,-0.404073,0.0418954,0.402586
-15.493,2.2102,-0.571972,0.352307,-0.820128,-0.00941768,-0.503441,-0.548163,-1.17338,-0.686865,0.417513,0.606793,0.112027,-0.338489,-0.411943,-0.0466178,-0.346613,-0.383936,0.268964,0.610243
-14.8629,2.28817,-0.59575,0.142223,-0.992471,0.108343,-0.178068,-0.366823,-1.08633,-0.673801,0.0872841,0.324641,0.160399,0.0892319,-0.335133,-0.227777,-0.388961,-0.112629,0.412622,0.296488
-14.7997,2.20042,-0.905861,0.365909,-1.20784,0.131189,-0.364951,-0.592098,-1.04167,-0.753646,0.035867,0.13235,0.5348,0.413306,-0.166894,-0.340441,-0.416049,-0.0858346,0.526207,0.405765
-14.7748,2.45623,-0.497026,0.230395,-1.15053,0.188678,-0.370637,-0.911042,-1.16502,-0.674985,-0.0627546,-0.000379617,0.675205,0.738627,-0.126144,-0.465131,-0.492287,-0.167422,0.302622,0.40806
-15.0237,2.25174,-0.525587,0.125512,-1.34456,0.146493,-0.603477,-0.800954,-1.21447,-0.864216,-0.0858544,0.0915761,0.918223,0.850142,0.0292629,-0.359437,-0.627322,-0.105184,0.497343,0.372394
-14.6597,2.50448,-0.75843,0.0789863,-1.00753,0.0619209,-0.706118,-0.658951,-1.06526,-0.977382,-0.0652216,0.174286,0.598317,0.579308,0.0337284,-0.292654,-0.739764,-0.260593,0.383759,0.141085
-14.1709,2.34939,-1.12809,0.162142,-0.890011,0.0699655,-0.60803,-0.788043,-1.04351,-0.905958,-0.111872,0.299253,0.603409,0.83521,0.0723003,-0.183756,-0.474573,-0.135507,0.428651,0.24666
-13.8289,2.58054,-0.995892,0.173524,-0.84733,-0.247199,-1.01939,-0.696301,-1.25493,-1.00653,0.00460072,0.735875,0.883017,0.550765,0.0299013,-0.171028,0.163417,-0.131977,0.00405907,-0.00902171
-13.8685,1.94135,-1.06849,0.513351,-0.709199,-0.275138,-0.725893,-0.65178,-1.31165,-0.957578,0.261028,0.875248,1.12653,0.492469,-0.318319,-0.578518,0.385158,-0.0803521,-0.507117,-0.422867
-13.2621,1.48342,-1.19336,0.774005,-0.897431,-0.338174,-1.0187,-0.694332,-1.40996,-0.6909,0.652174,0.88386,1.00394,0.420233,-0.554515,-0.157876,0.560448,-0.0768234,-0.372633,-0.266665
-13.262,2.00091,-0.98456,0.536227,-0.888938,-0.0716817,-0.908329,-0.520791,-1.1199,-0.395782,0.656371,0.728536,0.482176,-0.16701,-0.444892,0.0121919,-0.115693,-0.548007,-0.23618,0.0911302
-13.4559,1.79241,-0.603399,0.117685,-1.15814,-0.0377557,-0.619724,-0.356611,-0.970314,-0.408617,0.722751,0.818782,0.685515,-0.393696,-0.628374,-0.141132,-0.205758,-0.530059,-0.180144,-0.025244
-12.7421,1.61266,-0.703249,0.235617,-1.04428,-0.35351,-0.494902,-0.407353,-1.01674,-0.584119,0.614572,0.84386,0.815736,-0.298605,-0.539612,0.136173,-0.212505,-0.723983,-0.253881,0.0949066
-11.9785,1.75473,-1.06678,0.0593618,-0.880599,-0.302635,-0.662589,-0.607755,-1.22942,-1.17792,0.345331,0.98943,1.04625,0.0969402,-0.57646,-0.177833,0.256637,-0.252235,-0.534954,-0.120619
-12.408,1.9262,-1.14883,0.168825,-1.23229,-0.40028,-0.662213,-0.693671,-1.22073,-0.914542,0.384698,0.984437,1.16081,0.00722906,-0.482529,-0.246429,0.384502,-0.409311,-0.55601,-0.30468
-12.3308,1.74128,-0.788328,0.015536,-1.20923,-0.360691,-0.675156,-0.798475,-1.22871,-0.793571,0.277376,1.47932,1.20871,0.0353309,-0.34983,-0.348482,0.538729,-0.188189,-0.68337,-0.289503
-11.4386,0.841082,-0.980143,0.329986,-1.24264,-0.743365,-0.718556,-0.720655,-1.23881,-0.656806,0.453622,1.19845,1.11448,0.175485,-0.709846,-0.158783,0.490905,-0.156973,-0.606538,-0.342483
-11.8734,1.24212,-1.02157,0.338705,-0.830564,-0.455328,-0.913706,-0.600463,-1.3805,-0.648794,0.689921,0.868396,0.537694,-0.400086,-0.669552,0.386043,0.225533,-0.507976,-0.293655,0.275569
-12.0268,1.50192,-0.546871,-0.032646,-1.32244,-0.20975,-1.02596,-0.767054,-1.18046,-0.379019,0.463792,0.727876,0.408753,-0.225325,-0.478904,0.226731,0.0139161,-0.508259,-0.258611,0.297203
-11.7849,1.38628,-0.65469,0.40431,-1.02661,-0.528855,-0.898725,-0.697213,-1.23334,-0.522383,0.822803,0.714652,0.634106,-0.31786,-0.399959,0.313756,-0.151178,-0.670598,-0.365936,0.502918
-10.993,0.987599,-1.07782,0.536613,-0.95163,-0.660412,-1.05901,-0.812069,-1.42826,-0.949272,0.637965,1.25497,0.875901,-0.18396,-0.622566,0.28007,0.530549,-0.479609,-0.764409,-0.035585
-11.766,1.22563,-1.11951,0.428699,-1.28457,-0.576114,-1.04679,-1.10924,-1.43766,-0.642218,0.51633,1.04582,0.944305,-0.044184,-0.617631,0.136856,0.333982,-0.164952,-0.500755,-0.084322
-11.8415,1.29077,-0.724765,0.377355,-1.2087,-0.525472,-0.933237,-1.03874,-1.38233,-0.637939,0.411891,1.12264,0.843431,-0.0484405,-0.479134,0.229968,0.338735,-0.208518,-0.926625,-0.0507869
-11.2927,1.24076,-0.763383,0.613523,-0.967827,-0.566686,-0.914648,-1.0924,-1.31874,-0.444274,0.102644,0.917268,0.703302,0.0961449,-0.477765,-0.084739,0.152531,-0.230794,-0.755423,-0.0221744
-11.9575,1.20953,-1.1186,0.541824,-0.873735,-0.208325,-0.78912,-0.843835,-1.59964,-0.723896,0.474878,0.833492,0.625807,-0.368477,-0.314437,0.605688,0.0850337,-0.477947,-0.298575,0.38999
-12.6418,1.7402,-0.81711,0.642277,-0.994732,-0.244794,-0.946005,-0.853905,-1.53892,-0.579715,0.632095,0.61551,0.672138,-0.554578,-0.651127,0.362748,-0.206998,-0.508596,-0.332739,0.455693
-12.6552,1.37888,-0.776495,0.581017,-0.865199,-0.684933,-0.93596,-0.667664,-1.67944,-0.795439,0.615282,0.790416,0.535232,-0.21269,-0.639509,0.579639,-0.267183,-0.876932,-0.518915,0.765829
-12.0872,1.41326,-1.39979,0.33436,-0.952835,-0.351399,-0.922893,-0.783882,-1.69663,-1.17226,0.370471,0.995954,0.665805,-0.0378024,-0.615099,0.188821,0.12597,-0.516714,-0.580894,0.261272
-12.9228,1.2182,-1.28969,0.330578,-1.39536,-0.157934,-0.991997,-1.02616,-1.6913,-1.07745,0.312769,0.935043,0.759586,-0.0649751,-0.387437,0.102687,0.214476,-0.324046,-0.505695,0.266529
-13.1961,1.48514,-1.10748,0.453987,-1.04369,0.169044,-0.974854,-0.90258,-1.17835,-0.98929,0.319712,0.978216,0.855116,-0.0971823,-0.421971,0.260659,0.162197,-0.321529,-0.750497,0.139054
-13.157,0.98196,-1.0503,0.697687,-0.948045,0.0148594,-0.8358,-0.964761,-1.18118,-0.483668,0.460398,0.919318,0.922479,0.0411218,-0.478079,0.0797118,0.10894,-0.305815,-0.713812,0.236169
-13.4287,1.36377,-0.941113,0.386528,-0.725052,-0.112067,-0.90145,-0.814957,-0.907897,-0.498238,0.523581,0.84535,0.50585,-0.167443,-0.0397363,0.360785,-0.315128,-0.921904,-0.417111,0.147978
-13.8714,1.68131,-0.743231,0.791361,-0.816832,-0.187171,-0.967797,-0.959588,-1.25812,-0.549846,0.738043,0.509518,0.809029,-0.310533,-0.376955,0.417191,-0.00907138,-0.656982,-0.355517,0.220376
-14.2022,1.68076,-0.80879,0.49761,-0.766429,-0.340663,-1.08483,-0.861413,-1.36196,-0.609089,0.723679,0.514835,0.669065,-0.235693,-0.36972,0.512985,0.0198216,-0.633396,-0.438114,0.495143
-13.6404,1.28631,-0.916157,0.461428,-0.900891,0.00213052,-0.827362,-0.874097,-1.40834,-0.872863,0.532313,0.863034,0.779651,-0.121742,-0.458475,0.378962,0.405739,-0.222423,-0.487982,0.194966
-14.0213,1.5077,-0.794793,0.706398,-0.919236,-0.268233,-0.730199,-0.75039,-1.37317,-0.653086,0.450928,0.840923,0.830729,0.0198785,-0.519725,0.260139,0.355057,-0.246217,-0.496274,0.16778
-14.449,1.491,-0.535376,0.5915,-0.969198,-0.159022,-1.08655,-1.1724,-1.07148,-0.578527,0.504079,0.739969,0.612844,0.0398613,-0.533664,-0.0622093,0.154786,-0.0628353,-0.49775,0.117781
-14.3438,1.93378,-0.682172,1.00664,-1.0678,-0.18219,-0.749047,-1.19575,-1.48385,-0.551145,0.509757,0.556566,0.881324,0.102205,-0.398809,0.0857502,0.104323,-0.0717952,-0.421876,0.153699
-14.6378,1.92991,-0.917769,0.838717,-0.990713,-0.253819,-0.60455,-0.909002,-1.36875,-0.84702,0.237134,0.686146,0.846892,0.102494,-0.213284,0.168217,0.189376,-0.104809,-0.288439,0.024578
-15.2744,2.19679,-0.817915,0.55869,-0.899808,-0.332072,-0.550702,-0.815222,-1.36959,-1.04116,0.484497,0.812166,0.889888,0.163825,-0.350482,0.247975,0.257221,-0.312306,-0.0164421,0.366934
-15.3793,1.62919,-0.640631,0.802995,-0.569181,-0.403531,-0.659585,-0.6486,-1.26288,-0.835415,0.604035,0.722272,0.985589,0.24727,-0.280594,0.446988,0.212843,-0.532511,-0.176708,0.277568
-14.9007,1.29794,-0.955617,0.656268,-0.841735,-0.313191,-0.824945,-0.374151,-1.25898,-0.403239,0.188069,1.04488,1.27033,0.428295,-0.503116,0.262333,0.201873,-0.297011,-0.696882,-0.0586737
-15.2225,1.37268,-0.777898,0.697442,-0.9733,-0.482848,-0.823297,-0.735036,-1.15247,-0.81079,0.449382,1.19388,0.995668,-0.0497545,-0.469096,0.189249,0.435971,-0.0868868,-0.675064,0.0831841
-15.753,1.58018,-0.595115,0.603172,-0.960772,-0.320192,-0.863101,-1.00909,-0.999126,-0.621755,0.487026,0.774696,0.885633,0.142182,-0.46828,0.046729,0.186479,-0.0210767,-0.778663,-0.0213123
-15.5697,1.45456,-0.575471,0.671385,-0.538129,-0.142566,-0.742053,-0.750254,-0.701317,-0.333788,0.289203,0.691078,1.04702,0.203204,-0.276841,0.0570191,0.141378,-0.420331,-0.821743,-0.0470746
-15.3073,2.03516,-0.937209,0.359782,-0.517984,-0.0183964,-0.478125,-0.799306,-0.800093,-0.460123,0.498247,0.904228,0.859226,0.0331862,-0.312835,0.0801766,0.103802,-0.194289,-0.521921,0.0846427
-15.4508,1.81916,-0.741928,0.212428,-0.329786,0.0342818,-0.541992,-0.635781,-0.876624,-0.560811,0.508245,0.810857,0.680676,-0.32513,-0.556883,0.164695,-0.015315,-0.459834,-0.510627,0.0842336
-15.1772,1.53702,-0.714712,0.111046,-0.367742,-0.393252,-0.716441,-0.520085,-0.932355,-0.41074,0.442459,0.779938,0.468489,-0.294629,-0.570713,0.15852,-0.189541,-0.403298,-0.0989834,0.159241
-15.2036,1.72511,-0.384709,0.268729,-0.183593,-0.164824,-0.48107,-0.521103,-0.926652,-0.12127,0.378519,0.777013,0.486655,-0.0725242,-0.23633,0.286595,-0.0985845,-0.330839,0.0514077,-0.0115485
-15.3769,1.2585,-0.250597,0.339214,-0.0942725,-0.109261,-0.514214,-0.686163,-1.11222,-0.29878,0.142873,0.484237,0.347824,0.187228,-0.160144,0.0953131,0.0634219,-0.465942,-0.277006,-0.13121
-15.5844,1.3938,-0.159331,0.343194,-0.534924,0.393818,-0.56055,-1.05239,-0.848277,-0.0178186,0.442475,0.720255,0.532697,-0.123914,-0.237231,0.179893,0.0883654,-0.377241,-0.314816,-0.0139054
-15.6383,1.40944,-0.135421,0.602394,-0.367875,-0.0735232,-0.713218,-0.843998,-0.745645,-0.346512,0.0291268,0.378137,0.563858,0.556243,-0.0478655,0.243958,0.113513,-0.280188,-0.576973,-0.134574
-15.9955,1.02735,-0.269413,0.755802,-0.901222,-0.404989,-0.705207,-1.00293,-1.01507,-0.453749,0.239691,0.711602,0.74524,0.267449,-0.275136,0.0199744,0.323222,-0.0122421,-0.511145,-0.0704242
-16.0782,1.28336,-0.379846,0.815743,-0.667602,-0.516676,-0.548304,-0.790076,-0.894911,-0.584079,0.254732,0.456827,0.603546,-0.0196184,0.0287549,0.370569,0.334726,-0.432415,-0.28335,0.057836
-16.2494,1.37456,-0.628346,0.905369,-0.353022,-0.0212127,-0.455473,-0.644049,-0.650267,-0.0850946,0.324668,0.749545,0.630536,-0.214351,-0.231375,0.293205,0.0900964,-0.50913,-0.323843,0.352922
-16.5464,1.36631,-0.59993,0.799958,-0.685622,-0.247723,-0.558999,-0.913199,-0.873311,-0.629475,0.266918,0.723253,0.371983,-0.305542,-0.36945,0.429867,0.250878,-0.395011,-0.377131,0.173454
-16.159,1.54804,-0.590533,0.702917,-0.452238,-0.11638,-0.409061,-0.513889,-0.757955,-0.502094,0.332106,0.925078,0.392143,-0.162578,-0.315171,0.587613,0.160047,-0.514078,-0.321082,0.10132
-15.9945,1.59471,-0.390425,0.48638,-0.530718,0.189752,-0.517843,-0.76645,-0.83656,-0.500496,0.434543,0.877624,0.722916,0.272113,-0.123108,0.264039,0.214816,-0.124528,-0.55042,0.0291777
-16.4902,1.45408,-0.525534,0.340473,-0.612511,-0.0145133,-0.49913,-0.820181,-0.69808,-0.118645,0.477837,0.854122,0.602919,0.262632,-0.117193,0.210181,0.150277,-0.396287,-0.776908,-0.17427
-16.6396,1.53272,-0.405828,0.69257,-0.570219,-0.26678,-0.449395,-0.805382,-0.718011,-0.170492,0.391641,0.723671,0.996777,0.483063,-0.0467465,0.148008,0.398103,-0.0806631,-0.708946,-0.113649
-16.3857,1.69827,-0.479899,0.736544,-0.561582,-0.242915,-0.416581,-0.842126,-0.960869,-0.329162,0.194768,0.667063,0.708873,0.0711112,-0.179915,0.239321,0.278439,-0.360024,-0.621856,0.123089
-16.5137,1.56765,-0.472936,0.877776,-0.298087,-0.00968868,-0.349753,-0.59984,-0.635813,-0.00457339,0.39858,0.645254,0.274969,-0.396557,-0.00493052,0.606417,-0.112811,-0.588924,-0.238548,0.0639562
-16.9899,1.69634,-0.573825,0.952762,-0.116177,0.0449259,-0.442808,-0.881107,-0.694978,-0.00750233,0.550399,0.765643,0.416244,0.0306782,-0.0171884,0.531369,0.256511,-0.408939,-0.260042,0.214382
-16.957,1.51892,-0.192769,1.09033,0.0540331,-0.00291113,-0.136976,-0.501108,-0.574268,-0.252337,0.693868,0.969155,0.607484,0.0815661,-0.106692,0.455605,0.19881,-0.49863,-0.192304,0.231903
-16.2014,1.38039,-0.610093,0.773526,-0.171831,-0.241962,-0.498048,-0.796853,-0.988183,-0.476096,0.240922,0.935222,0.766123,0.165129,-0.00798023,0.303531,0.182314,-0.291373,-0.389657,0.136809
-15.9468,1.47806,-0.103351,0.841549,-0.414875,0.0801884,-0.353846,-0.753955,-0.93756,-0.707112,0.323034,1.05059,0.528779,0.167874,0.256268,0.367555,0.362321,-0.16197,-0.604766,-0.239734
-16.4582,1.42971,0.130296,0.749807,-0.704793,-0.293827,-0.366946,-0.799384,-0.836696,-0.585491,0.389628,1.04149,0.705661,0.399694,0.0862413,0.272791,0.40403,0.0010302,-0.662369,-0.253329
-16.215,1.48677,-0.118222,0.944237,-0.614986,-0.735939,-0.379618,-0.745151,-0.621988,-0.14548,0.215247,0.650914,0.591838,0.365578,-0.101285,0.0208447,0.150163,-0.0599311,-0.774122,-0.228477
-15.2632,2.18217,-0.444275,0.252049,-0.211233,-0.0629123,-0.231522,-0.0607348,-0.0474178,0.367005,0.304984,0.351401,0.146199,-0.0660047,0.11166,0.263033,0.128196,-0.382262,-0.271045,-0.0996563
-16.1566,1.92075,-0.470215,0.24855,-0.26319,-0.335848,-0.430865,-0.0142804,-0.401833,-0.0891901,0.369832,0.379111,0.373879,0.0292715,0.183844,0.345015,-0.24862,-0.549616,-0.185878,-0.0126193
-16.0414,1.77777,-0.375132,0.499742,-0.363571,-0.461573,-0.300504,-0.421134,-0.612451,-0.456687,0.493081,0.609599,0.622655,-0.181705,0.0771833,0.49393,-0.0570792,-0.669178,-0.10803,0.156118
-15.6562,1.75152,-0.417523,0.537704,-0.527097,-0.130865,-0.397349,-1.00283,-0.695243,-0.44012,0.350699,0.953261,0.642561,0.199171,-0.0319395,0.28147,0.127629,-0.164131,-0.599767,-0.00850946
-15.0829,2.18697,-0.175673,0.802955,-0.22955,0.0463397,-0.50635,-0.686287,-0.472011,-0.0428911,0.400434,0.793434,0.376851,0.10946,-0.324986,0.056615,0.0440354,0.0521261,-0.499508,-0.299692
-14.0252,2.38862,-0.0312857,0.855676,-0.212886,-0.240569,-0.179492,-0.337051,-0.475239,-0.347915,0.192175,0.476474,0.521915,0.33958,-0.104803,0.166238,0.202695,-0.142221,-0.423136,-0.39238
-12.1602,2.41618,-0.297874,0.48625,-0.594143,-0.136161,-0.251238,0.177905,-0.294782,-0.305803,-0.235336,0.514164,0.539352,0.186751,-0.0230561,-0.422123,-0.0835617,0.0393677,-0.0803322,-0.170044
-10.5125,2.47413,-0.559169,0.69933,-0.70395,-0.364466,-0.278844,0.272678,-0.110019,-0.470291,-0.3825,0.100994,0.184709,0.352178,-0.303783,-0.359727,0.078357,0.109114,0.0424159,-0.0306634
-9.24333,2.8592,-0.45915,1.13256,-0.580184,-0.0919934,-0.180313,-0.020753,-0.231876,-0.515647,-0.211548,0.218647,0.0488576,0.306106,0.11503,0.118063,0.536888,0.0754938,0.0296705,-0.000860011
-8.49751,3.17391,-0.43686,1.41406,-0.215991,0.0929122,-0.272006,-0.169857,-0.302471,-0.269818,0.00654944,0.246059,0.0627365,0.482871,0.364236,0.194866,0.0710784,0.140882,-0.00375432,0.175466
-8.83797,3.35489,-0.468053,1.38154,0.281618,0.484831,-0.219894,-0.0143377,-0.344382,-0.170335,-0.128704,-0.0227106,0.102017,0.435614,0.427449,0.418017,0.340864,-0.0393192,-0.140208,-0.188096
-9.33132,3.76886,-0.0999075,1.37953,-0.115815,0.651873,0.0348206,0.150126,-0.139268,0.0551865,-0.307462,-0.129948,-0.0105595,0.138849,0.428574,0.214319,0.183949,0.171489,0.197979,0.106966
-9.79276,3.98631,-0.189563,1.17582,0.0464028,0.539649,-0.031903,-0.0344537,-0.107944,0.093648,-0.064545,-0.00197883,-0.0604168,0.302531,0.291869,0.276613,0.211325,0.111113,0.0730646,0.169047
-10.4868,3.92174,0.140775,1.29797,-0.0288307,0.623648,-0.0412076,0.0609289,-0.101446,0.145022,-0.0562668,-0.244607,0.0611682,0.340983,0.166875,0.0973881,0.186992,-0.0298264,-0.090691,0.242392
-11.1749,3.61852,0.131699,1.24005,-0.0294909,0.22949,-0.0687665,0.286431,0.259662,0.00446764,-0.0596185,0.356189,0.376738,0.335708,-0.0815729,-0.0326347,-0.153344,0.0558405,0.137234,0.219873
-11.3251,3.64317,0.104298,1.30955,-0.0635612,0.301818,0.221282,0.046523,-0.168695,-0.123307,-0.427817,0.119379,0.261028,0.319112,0.336809,0.192254,-0.227352,0.0195185,0.00138132,0.0948102
-11.4441,3.30555,0.0602503,1.24767,-0.015866,0.126916,-0.149752,0.221315,-0.227114,0.0396055,-0.336939,-0.167007,0.149783,0.548514,0.259672,0.347093,-0.0625129,-0.214788,-0.160529,0.0888898
-10.3294,2.96278,0.135784,1.01233,-0.428284,-0.0637751,-0.104598,0.183386,-0.397555,-0.0321752,-0.216494,0.218517,0.269279,0.346062,0.162374,0.131815,0.0675658,0.13987,0.0383504,0.0241271
-9.53388,3.039,-0.153525,0.847404,-0.358012,0.10878,-0.365008,0.255477,-0.310475,0.072663,-0.187339,0.196311,0.237899,0.291031,0.153034,0.0703959,0.0745831,0.446384,0.387628,0.247185
-7.79215,2.96796,-0.440695,0.931616,-0.486064,0.358103,0.18927,-0.106453,-0.24335,-0.269103,-0.247183,0.282309,0.108091,0.33183,-0.0998909,-0.208969,0.143292,0.499426,0.144949,-0.135104
-7.48079,3.03384,-0.456617,0.853697,-0.12397,0.514129,0.0588713,0.185211,-0.351662,-0.371984,-0.358034,0.308098,0.229344,0.0597995,0.0700674,0.0693163,0.223407,0.224193,0.18574,0.286521
-7.67157,3.50714,-0.131874,1.10689,-0.172046,0.140094,-0.149038,0.107401,-0.148149,0.158588,-0.147843,0.0571511,-0.0213199,0.0668261,-0.0822798,-0.0325584,0.0827903,0.27933,0.396096,0.231696
-8.3576,3.62486,0.0547034,0.730182,-0.2393,0.154441,-0.312639,0.165545,-0.287476,0.189544,-0.0618978,-0.132057,0.107874,0.102047,-0.231013,-0.157988,0.045959,0.229786,0.422685,0.291361
-8.25801,3.13762,-0.589085,0.61999,-0.39641,0.0658059,-0.17884,0.227119,-0.300849,-0.219706,-0.0793053,0.0114329,-0.0475295,0.104615,-0.275573,-0.245674,0.241109,0.278622,0.168867,0.299323
-7.85014,2.94681,-0.212667,0.866092,-0.335876,0.00878964,-0.285398,-0.14249,-0.554315,0.0896171,0.246069,0.177568,-0.00922243,-0.0500184,-0.113561,0.00880724,0.334568,0.446123,0.298959,0.0751917
-7.32886,3.46856,-0.0732599,0.693363,-0.321696,0.436779,0.14743,-0.0245975,-0.570912,-0.000148228,-0.110525,0.114847,0.399426,0.130323,0.0352238,0.0695005,0.29558,0.241186,0.025102,0.108819
-7.2283,3.36651,-0.108365,0.795223,-0.277226,0.116759,-0.343924,0.310953,-0.275357,-0.158428,-0.266541,0.0724364,0.31001,0.209829,0.00342432,0.29783,0.176405,0.251423,0.27404,0.0248849
-7.70261,2.96677,-0.261706,0.981187,-0.03179,0.0778485,-0.377558,0.458988,0.200387,0.325939,-0.187981,0.0480441,0.0278459,0.178678,-0.127651,0.110352,-0.0235812,0.0941088,0.188559,0.135995
-7.02671,3.01546,-0.289007,1.14448,-0.140804,0.361705,-0.229579,0.236506,-0.017774,0.144312,-0.200575,0.141029,-0.0290443,0.434313,0.244473,0.0963078,0.281593,0.201884,0.13648,0.0527445
-7.03203,2.86642,-0.0937632,1.27666,-0.25836,0.236296,-0.304887,0.0505513,-0.188307,-0.0200811,0.156763,0.241726,0.237483,0.427247,-0.0575796,0.0628924,0.249175,0.15838,0.23551,0.0583916
-7.21944,3.38745,0.0722436,1.17983,-0.162715,0.103839,-0.450626,-0.0169442,-0.231258,-0.0028184,-0.028047,0.338471,-0.00448784,-0.0508773,-0.0955569,0.0199138,0.0352353,0.313243,0.0939194,0.217154
-7.60652,3.14046,-0.279816,0.974383,-0.132658,0.236226,-0.166776,0.215728,-0.270199,-0.174087,-0.115627,0.0752892,-0.0148461,0.283075,-0.164617,0.0395175,0.0608484,0.48238,0.46307,0.239846
-7.48062,3.2525,-0.464181,0.957459,-0.0966117,0.383207,0.0321888,0.119916,-0.386995,-0.11472,-0.255154,0.221342,-0.0152777,0.304354,0.165558,0.0267448,-0.256075,0.133811,0.0325062,-0.0752419
-7.10269,3.00376,-0.262226,1.2073,-0.141334,0.565006,-0.105391,0.319515,-0.240798,-0.187587,-0.237015,0.211443,0.0778882,0.339903,0.0131582,-0.112528,0.0386215,0.129988,-0.0302074,-0.000341585
-7.0696,3.09358,-0.148602,0.998057,-0.107591,0.28489,-0.0779363,0.281153,-0.267209,0.111813,0.0362248,0.0992029,0.141699,-0.0036158,-0.332382,0.0892691,0.383023,0.433644,0.293924,0.114357
-7.52931,3.05571,-0.15413,1.20649,0.00558765,0.324134,-0.0975859,0.087721,-0.218894,0.187413,-0.0397583,-0.133421,0.0428099,0.159685,-0.223174,0.0990691,0.149079,0.170566,0.185456,0.184144
-7.52606,3.30146,0.0495971,1.15918,-0.385131,0.0139259,-0.0873846,0.198088,-0.364845,0.196432,-0.140192,-0.103774,0.186455,0.49901,0.0124074,0.128469,-0.130035,0.258237,0.0696023,-0.190439
-7.59324,2.82864,-0.0739868,0.868247,-0.195889,0.0757331,-0.0229452,0.310757,-0.54394,-0.184947,0.00579775,0.281619,0.280849,0.308201,0.142174,0.132217,0.101053,0.274792,0.306039,0.0131244
-7.15932,3.15688,0.100933,0.960684,-0.375322,0.195918,-0.0666536,0.483012,-0.0446231,-0.0373977,-0.231802,0.0710007,0.225662,0.251055,-0.268425,0.0523268,0.340738,0.449279,0.0421211,0.0817819
-7.24747,3.23855,-0.207215,0.876018,-0.113997,-0.0790272,-0.200946,0.551832,0.0837127,-0.0241445,-0.161,-0.199632,-0.0126886,0.220809,0.0648942,-0.040837,0.0274936,0.324459,-0.0506881,0.0397269
-7.34991,3.12097,-0.228882,0.915355,-0.508767,-0.194336,-0.0928346,0.158408,-0.0448791,0.18271,-0.120273,-0.0334721,-0.0579101,0.2024,-0.0154625,-0.292432,-0.255159,0.309209,0.0932616,-0.0794011
-7.46646,2.84222,-0.138622,1.00369,-0.535227,0.138078,-0.0493679,0.351712,-0.301981,0.000685631,-0.0907983,0.0755574,0.0623267,0.0531051,0.153551,0.11473,0.0137302,0.260234,-0.0938581,-0.246741
-6.89361,2.67308,-0.542398,0.913571,-0.431507,0.295882,0.0503971,0.184611,-0.286857,-0.0570682,-0.0534259,-0.210187,-0.0712741,0.162065,-0.00101518,0.0307081,-0.00591038,0.117589,0.0995627,-0.240057
-6.87117,3.0721,-0.160451,0.956714,-0.139394,0.175004,-0.236186,0.0987931,-0.24714,0.0158528,-0.258047,-0.0361404,0.0340038,0.450973,0.266287,0.0375345,0.204154,0.0854476,-0.0128303,-0.118134
-7.05372,3.10113,0.0218322,1.07645,0.00558086,0.285359,-0.18058,0.105815,-0.279467,-0.189501,-0.425627,-0.203049,-0.0333366,0.519445,0.036668,0.224162,0.105053,0.191991,0.250108,0.16775
-7.18169,3.27955,-0.0120183,0.849367,-0.246908,0.248804,-0.164191,-0.021009,-0.612503,-0.0245219,-0.0894573,-0.179136,0.0540778,0.241438,-0.0840501,0.124811,0.158922,0.222638,0.0471375,0.0453288
-6.96108,2.94685,-0.0240894,1.23673,-0.303453,-0.0131443,0.0826481,0.198324,-0.296811,-0.414457,-0.414009,0.221577,0.185602,0.27385,-0.039563,0.0649056,0.112705,0.291107,0.163192,0.163229
-6.87623,2.86918,-0.209242,0.874564,-0.349908,-0.0687808,-0.170717,0.234981,-0.0763068,-0.133469,-0.252251,0.299448,0.520056,0.37384,0.0393551,-0.0842825,-0.120279,0.263024,0.0815831,-0.134296
-7.00947,2.97586,-0.160204,1.08419,0.00433448,0.310878,-0.119335,0.0622729,-0.393646,-0.0982189,-0.185363,-0.0984307,0.233584,0.459773,0.0894133,0.000895368,-0.0780921,0.0579439,0.147261,0.102109
-7.60228,2.66579,-0.617118,0.884041,-0.198198,0.105954,-0.242342,0.206224,-0.274401,-0.056398,-0.0828364,-0.17854,0.120007,0.426432,0.258297,0.0525502,0.334825,0.266085,-0.116604,0.0323198
-7.33786,2.51074,-0.565308,0.720345,-0.252892,0.0931363,-0.090605,0.167414,-0.392519,-0.018769,0.198038,-0.0896658,-0.15933,-0.0105757,-0.107367,0.161655,0.2365,0.400353,0.152498,0.140066
-6.9316,2.77463,-0.207017,1.26445,-0.0151866,-0.0192976,-0.264669,-0.147556,-0.587631,-0.0932001,0.047525,0.0843222,-0.0632362,0.0624273,0.132636,0.164815,0.256889,0.241577,0.280048,0.106476
-7.22193,2.99117,0.146344,1.172,-0.205675,-0.015443,-0.3021,-0.0796475,-0.558227,-0.214391,-0.0592395,0.0973083,0.2052,0.079848,-0.317718,0.243802,0.284234,0.188323,0.127463,0.0319954
-7.03792,3.13194,0.0501468,1.1353,-0.214522,-0.149269,-0.149797,0.195906,-0.184654,0.0949716,-0.213169,0.0511763,0.262684,0.198188,0.176546,0.41159,0.225513,0.0878953,-0.192413,0.0425691
-6.89229,3.55588,0.0189767,1.01261,-0.287944,0.253276,0.124273,0.299806,-0.0478713,0.0283753,-0.464147,0.0376607,-0.0494851,0.25729,-0.103432,0.131218,0.183233,0.148574,0.162499,0.020145
-6.69041,2.83506,0.0828066,1.17262,-0.367066,0.367674,0.138086,0.32399,-0.113372,-0.0760633,-0.415174,-0.0578406,-0.0149779,0.20146,-0.076007,-0.0869288,0.145381,0.236721,0.16342,0.0614559
-6.56677,2.93176,-0.182352,0.862224,-0.48168,0.194675,-0.356615,0.00359681,-0.600922,-0.288203,-0.40366,0.226981,0.127784,0.133776,-0.231913,0.0686586,0.457405,0.203813,0.242941,0.0123051
-7.15951,2.9214,-0.260115,0.610514,-0.446771,0.350501,0.0197911,0.227012,-0.663028,-0.00958026,0.0143903,-0.113911,0.127127,0.136293,-0.254851,-0.114922,0.156914,0.383771,0.346877,0.211923
-7.4417,2.90881,0.00306384,0.93202,-0.0986883,0.292676,-0.0140149,0.202727,-0.38976,0.19191,-0.237174,0.0881523,0.0343342,-0.0349567,-0.362926,-0.015819,0.151265,0.0945795,0.0752431,0.0462047
-7.15736,3.14842,0.0319039,0.898505,-0.00671168,0.216012,-0.184925,-0.00179375,-0.104273,-0.151508,-0.377604,0.322482,0.053602,0.175837,-0.00842469,0.00921446,0.355963,0.174998,0.123723,0.0696656
-6.91147,3.00655,0.0977765,0.875666,-0.46623,-0.145442,-0.211958,0.362263,-0.111463,-0.0156599,-0.172338,-0.0540183,-0.108318,0.254264,-0.0550876,0.0429188,0.222708,0.269892,0.302397,0.257938
-7.27624,3.01305,0.0375877,0.893132,-0.538086,-0.115487,-0.441358,0.0504288,-0.365094,-0.123024,-0.0492918,0.0850718,-0.137783,0.210016,-0.143816,0.0945474,0.494807,0.270849,0.0112673,0.199735
-6.9208,2.94412,-0.357898,0.859066,-0.15278,-0.124129,-0.259514,0.202429,-0.333947,-0.132239,-0.152549,0.239851,-0.197782,0.202967,0.279708,0.0674382,0.0628906,0.161211,0.195618,0.255226
-6.99292,3.11232,-0.228233,0.90312,-0.335236,0.157002,-0.0312442,0.549533,-0.223411,-0.210276,-0.180259,0.0863711,-0.127669,0.0552038,0.165756,-0.0217321,0.161124,0.034217,0.135017,0.219509
-6.8155,2.74329,-0.455196,0.82039,-0.389759,0.504853,-0.0904931,0.0207798,-0.454346,-0.188236,0.10178,0.228841,-0.090018,0.173528,0.0540217,-0.00769355,0.178683,0.209425,0.340848,0.2272
-6.76852,2.82803,-0.277748,0.891458,-0.248442,0.000660426,0.0473176,0.328926,-0.319785,-0.197932,-0.12179,0.146452,0.0165171,0.078795,-0.0103824,0.0674624,0.220652,0.464286,0.137071,-0.202031
-6.87888,3.0705,-0.393114,0.89008,-0.0663882,0.121125,-0.148747,0.495802,-0.0596699,-0.00759748,0.00454153,0.207794,-0.0568651,0.239682,0.113456,-0.211654,-0.075923,0.244601,0.0994198,-0.0248914
-6.77739,3.35321,-0.153006,1.03303,-0.0402544,0.28944,-0.0880746,0.211223,-0.164585,-0.0659427,-0.0952125,0.150347,0.203471,0.0336572,-0.058363,0.0570126,0.0671466,0.177657,-0.00641518,0.0204031
-6.97872,3.20384,0.189299,1.28076,0.053077,0.108707,-0.449335,-0.114063,-0.337967,-0.0103372,-0.000892773,0.166685,-0.00748994,0.300403,-0.00229001,0.14538,0.000182481,0.133198,0.121569,0.0687701
-7.01913,3.18143,-0.0321928,1.10237,-0.027558,-0.0123194,-0.277007,0.168819,-0.458745,-0.067873,-0.0103848,0.0561345,-0.331407,0.0457211,0.0848694,0.342757,0.129431,0.0393437,0.0993626,0.187172
-7.32232,3.06026,-0.186489,1.13301,-0.00953886,0.406323,-0.202517,-0.0464261,-0.419103,-0.0827967,-0.294278,0.0108413,0.0111314,0.378436,0.115028,0.0982974,0.153907,0.258132,0.0851702,0.162675
-7.24246,3.12819,0.011242,1.25498,0.122467,-0.06662,-0.340691,0.14684,-0.324229,-0.139848,-0.267814,-0.165498,-0.0935895,0.218708,0.0607087,-0.00993819,-0.0765872,-0.00818843,0.138746,0.186135
-6.97026,3.19798,-0.304099,0.825258,-0.308775,0.330311,-0.15612,-0.0613873,-0.285411,-0.339414,-0.386283,-0.20307,0.0721718,0.207156,-0.202272,-0.126559,0.157571,0.141711,0.192076,0.0206455
-7.17907,3.03137,-0.111899,0.720072,-0.363525,0.419791,0.118316,0.118089,-0.536307,-0.562463,-0.202443,0.00769835,0.135968,0.153042,0.0935827,0.293687,0.369586,0.280724,-0.242649,-0.322986
-6.95507,3.38221,-0.310509,0.720585,-0.274168,0.333704,-0.0452962,0.0658608,-0.346151,-0.0810623,-0.075449,0.209741,-0.00288728,-0.0730651,-0.162544,0.158779,0.244059,0.307495,-0.0215748,-0.0381604
-7.353,3.38354,-0.162234,0.987038,0.0157859,0.402485,0.0130361,0.451441,-0.342584,0.0655456,-0.0770461,0.111296,0.0213011,-0.0557774,-0.279582,0.0556112,0.130118,0.178508,0.247685,0.321747
-7.35911,2.99139,-0.0558182,0.885342,-0.344106,0.462717,0.0154496,0.110743,-0.489175,0.0235402,-0.0439245,0.201895,-0.049951,0.260854,0.0945052,0.148754,0.123946,0.16799,0.179235,0.418669
-6.99685,3.13166,-0.00772887,0.950992,-0.257127,0.201792,-0.305629,0.162627,-0.0412623,0.0175023,-0.162633,0.277849,-0.00777098,0.324471,0.0582583,0.202621,0.167069,0.00226459,0.162035,0.265459
-7.33602,2.97953,-0.180866,1.01893,-0.121555,0.239551,-0.435638,-0.0837934,-0.4156,-0.0563603,0.0309829,0.418857,-0.0715736,0.0461215,-0.108612,-0.105682,0.123993,0.292805,0.0344576,0.0210271
-7.64777,2.91633,-0.366635,0.79583,-0.143732,0.0813103,-0.281825,0.310429,-0.383678,-0.102389,0.0257127,0.344963,-0.203497,0.0597374,0.0415522,0.184724,0.174111,0.120418,0.101181,0.0135805
-7.6595,2.75678,-0.312477,1.26914,-0.190186,0.35574,0.106572,0.176924,-0.686987,-0.392449,-0.042485,0.0857264,0.170883,0.408044,0.408617,0.508055,0.25252,0.0915991,0.0865254,-0.0533031
-7.04068,3.2734,-0.184493,1.25812,-0.288181,-0.0099186,-0.164089,0.0481622,-0.576324,-0.28131,-0.183483,0.1153,0.323128,0.320854,0.349345,0.00521007,0.189117,0.465159,0.2376,0.0697515
-7.16101,3.42118,0.0336373,1.06961,-0.323689,0.0157941,-0.326134,0.070588,-0.459978,-0.0678578,-0.00141239,-0.00533105,0.341121,0.169561,0.231565,-0.0732089,0.214159,0.369594,0.332477,0.165753
-7.3739,3.30023,-0.304446,0.814008,-0.334534,0.0341346,-0.31074,0.229563,-0.15137,0.024009,-0.0191119,0.00465977,0.0254146,0.498432,0.18716,-0.046171,0.0811183,0.405158,0.468087,0.265129
-7.74745,3.43708,0.0177301,0.998599,-0.378488,0.0353738,0.0278615,0.220336,-0.159962,0.258892,-0.0265733,0.0582036,-0.106836,0.187875,-0.0753126,0.0659282,0.125925,0.116429,0.383321,0.243082
-7.76249,3.68108,-0.116176,1.11236,-0.197592,0.0255663,-0.182616,0.325277,-0.32728,0.0826491,0.0951578,0.109876,-0.113095,-0.0247008,-0.104822,0.0590034,0.302475,0.216909,0.283188,0.213098
-7.92594,3.77805,-0.12809,1.11191,-0.20389,0.263624,-0.257427,0.142722,-0.548407,0.160483,0.201261,0.183777,-0.236367,0.228582,-0.017616,0.15587,0.38243,0.243415,0.120861,0.192272
-8.20985,3.67081,0.28678,1.02356,-0.585238,0.128482,0.073499,0.251181,-0.516175,-0.158807,0.155348,0.309015,0.0944913,0.203719,0.102546,0.416493,0.183116,0.177276,0.0608816,0.219251
-8.71045,3.71916,0.257348,1.23329,-0.0952953,0.21242,-0.109905,0.127195,-0.426549,-0.207723,0.157922,0.0827383,0.0939501,0.389141,0.104534,0.218381,0.192478,0.276701,0.228783,0.0293663
-9.00306,3.89441,-0.152673,0.997181,-0.0710118,0.313229,-0.0254288,0.316353,-0.358898,-0.15124,-0.17248,0.311978,0.138675,0.353034,0.452748,0.263634,0.376381,-0.131625,-0.0795191,0.214575
-9.46188,3.9127,-0.160208,0.988722,-0.0786353,0.104429,0.275073,0.6695,-0.484048,-0.280342,0.0151336,0.338673,0.177983,0.109887,0.385465,0.555869,0.155488,0.00601019,0.0337886,0.145609
-9.82578,3.60789,-0.0190538,1.15207,-0.040229,0.403569,0.190086,0.567838,-0.40319,-0.188131,-0.264113,0.190434,-0.00544195,0.260439,0.229203,0.341598,0.262797,-0.183076,0.134399,0.306815
-9.91676,3.49281,-0.19296,1.12397,0.0576622,0.497013,0.312312,0.6978,-0.19853,0.152197,-0.174752,0.0681563,0.0889046,0.0586347,-0.0470288,0.178532,0.114887,0.121332,0.231681,0.351789
-9.98272,3.63611,-0.141231,1.54083,0.197325,0.528042,0.263998,0.176277,-0.389154,0.196798,-0.167237,-0.0237771,0.131907,0.132385,0.0200796,0.0156005,0.0556171,0.292282,0.136878,0.3981
-10.315,3.88634,-0.0484828,1.61947,0.212986,0.353373,0.0951472,0.417097,-0.524295,-0.0910629,0.110336,0.0782711,-0.0475848,-0.0560242,0.0173935,0.217082,0.240145,0.416109,0.115048,0.160118
-10.5051,3.97023,0.0502186,1.10503,0.14692,0.559399,0.210418,0.334402,-0.34234,-0.0481497,-0.159045,0.0478548,0.162929,0.179234,0.00395973,0.263686,0.189429,0.077903,0.286289,0.19328
-10.2856,4.02159,0.0412039,1.27377,-0.178352,0.478613,0.262937,0.484866,-0.359917,0.104151,-0.0153362,0.0546176,0.0780505,0.0711623,0.296953,0.109313,-0.0896271,-0.138394,0.100544,0.111192
-10.4611,4.22626,-0.109449,1.15739,-0.191104,0.710027,0.307885,0.629556,-0.134231,0.142431,-0.361677,0.106584,0.153663,-0.0533063,-0.199909,-0.0111309,-0.0885699,0.0201673,0.239243,0.202121
-10.8846,4.42729,0.121711,1.18329,-0.177804,0.771076,0.333262,0.449995,-0.312696,-0.090495,-0.356828,0.109422,0.160024,0.0625606,0.0163131,0.024468,-0.0744832,0.0915961,0.189261,-0.117625
-11.3701,4.21718,0.579387,1.62525,-0.08332,0.27778,0.0529729,0.224569,-0.456968,-0.245465,0.083677,0.214473,-0.0180927,0.0698383,0.125339,0.0701003,0.095585,0.127078,-0.0570354,-0.141469
-11.6254,4.24178,0.513428,1.37547,-0.343346,0.327185,0.0523206,0.244245,-0.395088,-0.0435732,0.00112241,0.493174,0.176389,0.0116716,0.214675,-0.158222,-0.242285,0.165718,0.445839,0.0190427
-12.0159,4.22338,0.283302,1.54191,-0.0513012,0.0613056,-0.222093,0.171001,-0.157289,0.324872,0.017195,0.299506,0.145513,0.116168,-0.154497,-0.134341,-0.0633469,0.436165,0.213536,-0.0734926
-12.3693,3.91574,0.112581,1.30464,-0.048548,0.176726,-0.295956,0.399704,0.119318,0.479879,0.170724,-0.0241586,-0.210206,0.147294,0.241337,-0.0711716,-0.215827,-0.0132327,0.210486,0.0352941
-12.4821,3.908,-0.134082,1.26604,-0.288864,0.0139251,-0.000328954,0.459611,-0.0692096,0.380271,0.0733688,0.0672858,0.0448868,0.157626,0.0776179,-0.124775,-0.258127,0.248233,0.194475,0.122307
-12.7815,3.91789,-0.355209,1.23184,-0.107864,-0.00270558,0.0668692,0.431822,-0.105121,0.265804,0.0904711,0.378581,0.425592,0.146187,-0.184192,-0.0777158,-0.0521598,0.118671,0.175206,-0.142925
-13.1812,3.75495,-0.427177,0.960069,-0.00982342,0.441498,0.150843,0.186141,0.208953,0.533972,0.286347,0.274985,0.365691,0.477694,-0.239815,-0.126344,-0.0268861,-0.204357,-0.046949,0.0511706
-12.9992,4.15354,-0.503204,1.11626,-0.0107334,0.43538,-0.0636922,0.0900263,0.0458348,0.187597,0.0798463,0.372925,0.217158,0.0689516,0.0024687,0.044883,-0.00586072,-0.0268005,-0.10116,-0.0164613
-13.3937,4.37759,-0.289354,1.04515,-0.187748,0.490888,0.215488,0.463363,-0.383701,0.0420074,-0.0932234,-0.0569484,0.0901966,0.0481351,0.0591425,-0.291169,-0.0551021,0.386179,-0.0722449,-0.118742
-13.5691,4.40232,-0.174573,1.28201,-0.207081,0.407846,0.00707287,0.404428,-0.00704771,-0.145425,-0.00170778,0.197673,-0.0443408,-0.140432,-0.181282,-0.227445,-0.0250055,0.165023,-0.00254625,-0.0616156
-13.5352,4.3015,0.0551123,1.30152,-0.0493134,0.141599,-0.28344,0.245706,-0.317342,-0.0234484,-0.196745,0.125115,-0.0389412,-0.0416351,-0.132304,-0.199318,-0.0331629,0.286569,0.233932,-0.164339
-13.9182,4.00229,-0.0871164,1.4049,-0.217465,0.142154,-0.127464,0.45356,-0.138208,-0.0188132,-0.40389,-0.223342,0.148588,0.00474097,-0.252866,-0.321831,-0.104864,0.334509,0.509667,0.0600706
-14.1291,4.24322,-0.162827,1.22868,-0.0364905,0.102214,0.0725206,0.68307,-0.0118626,-0.120107,-0.333019,0.0749242,-0.0318374,-0.253974,-0.252509,-0.206047,-0.317154,0.234092,0.424727,0.0409132
-14.535,4.04173,-0.304234,1.37153,0.265661,0.409515,-0.114553,0.470966,-0.157993,0.174918,-0.0892773,-0.10347,-0.217143,-0.480319,-0.244297,0.0359602,0.0693148,0.278815,0.242192,0.00973238
-14.6791,4.00981,-0.326708,1.21486,-0.0858406,0.405015,-0.191536,0.329233,0.0209205,-0.0967706,-0.138312,-0.11888,0.0996441,-0.0396156,-0.28207,-0.252521,0.0355268,0.119242,0.00150101,0.137848
-14.8638,4.0463,-0.411093,0.937806,0.171186,0.429474,0.0474357,0.0982706,-0.358842,-0.257689,-0.141528,-0.0439917,0.0157231,0.0260985,-0.0953013,-0.1102,0.0725729,0.131536,-0.00748293,-0.0700547
-15.1052,4.19557,-0.414594,0.903775,-0.304392,0.147461,-0.117986,0.175803,-0.280002,-0.37805,-0.293375,0.11318,0.142272,-0.15238,-0.326543,-0.149238,-0.00251656,0.166222,0.111914,-0.163435
-15.2137,4.1578,-0.504651,0.896172,-0.192946,0.0632307,-0.0434463,-0.0699914,-0.216163,-0.387452,-0.233199,0.165614,0.354864,-0.0529522,-0.304754,-0.319607,-0.152552,0.0965279,0.290818,-0.03822
-15.6942,4.14621,-0.426465,0.667854,-0.192126,0.350842,0.066038,-0.0289344,-0.432709,-0.365587,0.123427,0.033161,0.180915,0.303806,0.077716,-0.273633,0.0604515,0.236117,0.199224,-0.0758478
-15.8159,4.03415,-0.227353,0.725417,-0.380646,0.414975,0.143706,0.176964,-0.352317,-0.460954,-0.0928026,-0.0300212,0.237163,0.181063,-0.155525,-0.250315,0.235048,0.324298,0.257836,0.062647
-15.7655,4.05478,-0.262887,1.01705,0.0567707,0.271939,0.287722,-0.167683,-0.426436,-0.211222,0.0912727,0.112045,0.151916,-0.00923723,-0.326236,-0.21813,-0.0926716,0.306242,0.13373,-0.0937981
-16.0551,4.28932,0.116165,1.25654,-0.0304363,0.198252,-0.0458728,-0.114316,-0.361968,-0.292384,0.0755855,-0.0352214,0.21682,0.151165,-0.0816766,-0.264735,-0.271617,0.064253,-0.0722104,-0.0120721
-16.2043,4.21706,0.131946,1.187,0.0538805,0.139023,0.14762,-0.22658,-0.56749,-0.248388,0.144285,0.0777783,0.0914486,-0.0519659,-0.0890351,-0.055121,0.011289,-0.192417,-0.0643602,-0.218294
-16.5175,4.06652,-0.177671,0.864721,-0.15495,-0.107611,-0.019748,0.0936027,-0.436601,-0.277178,0.303871,0.185099,0.198434,-0.0777613,-0.0103692,-0.0511839,-0.092506,-0.0256119,0.182972,0.369232
-16.5373,4.12854,-0.18673,0.765141,-0.181032,-0.149639,-0.0520801,0.044134,-0.44591,-0.181778,0.268846,0.0547182,0.0722256,0.174978,0.148709,-0.150978,-0.0472286,0.148952,0.294684,0.457636
-16.7264,4.03069,-0.0674914,0.89531,-0.122834,-0.30452,-0.15185,0.169949,-0.19024,-0.10795,0.0781554,0.293543,0.262846,-0.0559635,0.02474,-0.0186336,0.0448467,0.0127986,0.185163,0.289751
-17.0493,3.96938,-0.170529,0.891848,0.049832,0.00850773,-0.0208236,-0.084187,-0.354421,0.0536441,0.202579,0.0340779,0.0289405,-0.0122968,0.0560715,-0.0724459,-0.0580409,0.0779766,0.0938419,0.120739
-16.8554,3.56593,-0.394706,1.0243,0.264289,-0.0762847,0.0897066,-0.0493693,-0.354336,-0.298386,-0.119986,0.32429,0.381488,0.0675785,-0.143446,-0.0727141,-0.0291818,0.0712029,0.135943,0.21223
-17.5528,3.76204,-0.0759174,1.09009,-0.132677,-0.241614,0.0605016,-0.142026,-0.218161,-0.299537,-0.161678,0.271346,0.438787,-0.0763941,-0.151873,0.15236,0.171416,0.26274,0.168413,0.246627
-17.3089,4.19357,0.257814,0.722509,-0.127065,-0.151779,0.339705,0.15336,-0.171271,-0.160657,-0.232775,0.132143,0.0761124,-0.00555389,0.0136896,0.0864152,0.223141,-0.105668,0.159106,0.316627
-17.3654,4.12161,0.220329,0.687354,-0.0118718,0.0173055,0.00669741,0.316388,0.0402056,-0.36861,0.00630978,0.0144145,0.0188908,0.175696,0.124631,0.188572,0.0885027,-0.0788224,0.0625001,0.16988
-17.6639,3.76477,0.420105,0.825305,0.133994,-0.199633,-0.00872962,0.18952,-0.0607642,-0.124068,0.108198,0.147619,-0.0476622,0.0996127,0.19812,0.383525,0.358631,-0.126649,-0.024696,0.085237
-17.566,3.58091,0.0880855,0.520967,0.0153761,0.197077,0.341519,0.363449,-0.102277,-0.194608,0.146026,0.0369326,0.0858528,-0.0200503,0.166137,0.149586,0.176271,-0.0940099,0.024217,0.0170213
-18.0446,3.70835,0.121536,0.54417,0.213575,0.079229,0.581182,0.783426,-0.219546,-0.163309,0.173094,0.194191,0.0986728,-0.387799,-0.0891699,-0.0135281,0.0221093,-0.168006,0.113496,0.298615
-18.3164,3.51697,0.215342,0.813858,0.330246,0.193017,0.673976,0.536204,-0.168217,-0.0294925,-0.117572,0.0134433,0.13892,-0.0685682,0.0244314,-0.0817297,-0.0594619,-0.224682,-0.164138,0.0433395
-18.3566,3.60554,0.338546,0.765717,0.267311,0.313882,0.374292,0.279165,0.050746,0.0331013,-0.399447,-0.129088,0.186688,-0.0349622,0.174333,-0.102589,-0.0259404,0.0577257,0.0640115,0.296503
-18.443,3.57753,0.526073,1.09117,0.166821,0.063993,0.332024,0.343124,-0.175408,-0.286443,-0.353269,0.113432,0.266502,0.00928791,-0.00929667,-0.0842454,0.0596669,0.196108,0.316411,0.232098
-18.4465,3.83346,0.660275,1.02665,0.19321,0.338588,0.311344,0.0195087,-0.256649,-0.203253,-0.146136,-0.0289416,0.072435,0.0736698,0.0508198,-0.0569384,0.292057,0.0429977,-0.00780204,0.17346
-18.3834,3.58248,0.413336,0.605557,0.189487,0.0439471,0.0698499,0.0438368,-0.0398133,0.0209799,0.0232889,0.0438991,-0.01236,-0.25174,-0.238736,0.177223,0.163054,0.166464,0.254595,0.293748
-18.6382,3.41121,0.483608,1.05832,0.315333,-0.204279,-0.0179761,0.21206,-0.0368728,0.0412259,0.306811,0.112282,-0.0787795,-0.314958,-0.157293,-0.288992,0.0225454,0.343763,0.236279,0.254287
-18.8108,3.53425,0.814028,1.06497,0.0954531,-0.0437248,0.0161806,-0.131167,-0.0525603,0.245941,0.144891,-0.116133,-0.276666,-0.0545211,0.0722168,-0.286184,0.106346,0.456769,0.146748,-0.016113
-18.778,3.43959,0.655145,0.64176,0.197039,0.070713,-0.248223,-0.288721,-0.197814,0.0900519,0.311848,0.0524204,-0.179117,-0.0532164,0.222219,0.227945,0.224129,0.157862,0.105036,0.159549
-18.9975,3.22598,0.756856,0.813588,0.123052,-0.0340388,0.00307793,0.134377,0.123688,-0.0935682,-0.16508,0.0965355,0.269228,0.215697,0.0138586,-0.0587464,0.099359,0.0311537,0.127469,-0.0424674
-19.2485,3.19117,0.556739,0.908489,0.587569,-0.0452555,0.113143,0.160569,0.0754021,0.0828641,-0.236912,-0.0839093,0.284974,0.00181834,0.00337751,0.0847204,-0.183918,-0.0610882,0.0744758,0.17497
-19.1073,3.20915,0.367083,0.646937,0.243944,0.326889,0.271663,-0.0855989,-0.205242,0.177729,0.219266,0.342429,0.196614,0.158627,0.058121,0.222983,0.130011,0.0353426,0.0382795,-0.072347
-19.7051,3.08368,0.538022,0.57811,0.263064,-0.0348328,-0.0610299,0.112751,0.245753,0.196437,0.0252558,0.306065,0.0494513,0.19432,0.368442,0.142784,0.216038,0.170976,0.109339,0.259527
-19.535,2.7042,0.251353,0.511254,0.168821,0.219334,0.183735,0.220577,0.256227,0.0370664,-6.88067e-05,0.353947,0.118992,0.0359803,0.171816,0.371265,-0.0896408,0.0429985,0.0476086,0.132086
-19.7532,2.63664,0.307311,0.626578,0.464304,0.459612,0.370257,0.206316,-0.0291786,0.123779,0.250418,0.212078,0.0550647,0.162818,0.273714,0.346955,0.141695,0.00975991,-0.0735971,0.0290996
-19.3686,2.57296,0.680528,0.596734,0.348684,0.34265,0.211673,0.112266,-0.183895,-0.101092,0.164006,0.196397,0.193575,0.191701,0.251842,0.318663,0.122667,0.117433,-0.00765679,-0.0165253
-19.7055,2.34096,0.732985,0.536602,0.125254,0.0495216,0.035884,0.0129625,-0.336117,-0.0586427,0.113757,0.278747,-0.00365292,0.395017,0.393507,0.256024,0.186924,0.298286,0.170092,0.269938
-19.5448,2.5707,0.931452,0.900807,0.193448,0.286783,0.208755,0.253975,-0.333643,-0.240531,0.141274,0.0766603,0.291647,0.115676,0.0812283,0.0136964,0.00995932,0.0911005,0.0499357,0.167441
-19.4486,2.68703,0.861943,1.20414,0.408092,0.388463,-0.0982047,-0.106275,-0.0384366,0.174028,0.165769,-0.190545,0.0305855,-0.0539651,0.135646,0.11172,0.0485755,0.145345,0.0229333,0.0343794
-19.3441,2.81587,0.759983,0.550024,0.252361,0.120759,-0.0359406,0.157625,-0.201441,-0.0924611,0.0140023,0.0737159,0.109346,-0.0117597,-0.0452552,0.0349028,-0.0470111,0.127487,0.00606292,0.0876228
-19.8737,2.44458,0.902887,0.721312,0.188133,0.0273565,0.0229796,0.304217,-0.202513,-0.157094,-0.180251,0.201937,0.224755,0.148818,-0.109719,-0.00817449,0.14314,0.231452,0.23803,-0.00541811
-19.8861,2.5738,0.998793,0.719516,0.413836,0.344579,-0.0679081,0.126409,-0.0453359,-0.147248,0.0278084,0.28069,0.0734499,0.0279169,-0.0685977,0.142324,0.188284,0.0573022,-0.106303,-0.215784
-19.7945,2.70666,0.951094,0.589148,0.250032,0.420526,-0.225081,0.022072,0.0220844,-0.164533,-0.0219682,0.0644456,0.0560802,0.206062,0.0406669,0.0643018,-0.0673912,-0.130049,-0.0414378,-0.117171
-20.3777,2.40919,1.08572,0.830634,0.206702,0.0599303,-0.124494,-0.0512022,-0.163103,-0.0919163,-0.0243379,-0.0277821,0.00881621,-0.00741435,0.0337578,0.441796,0.138904,0.221813,0.0998854,-0.182927
-19.8412,2.18511,0.687035,0.737885,0.175764,-0.0268859,-0.0453451,-0.0380756,0.0607643,-0.111827,-0.225226,-0.119247,-0.0711093,0.00691288,0.196526,0.27696,0.155211,0.120099,0.00680612,-0.0373493
-19.9553,2.3373,0.929103,0.359172,0.0994103,0.426971,0.0541249,0.14865,0.0916545,-0.207815,-0.112926,0.185407,0.0562746,0.246772,0.0737968,0.0890166,0.198707,-0.0388188,-0.033307,-0.0127998
-20.1776,2.05271,0.745082,0.675828,0.281,0.112385,0.130164,0.0855932,-0.287993,-0.060081,0.154376,0.0861545,0.110539,0.189407,0.225728,0.368845,0.00950475,-0.041904,0.00691516,0.334359
-19.7848,1.81787,0.701376,0.256507,0.122651,0.273331,0.0266751,0.100365,-0.191841,0.199445,0.387705,0.247895,0.152259,0.127598,0.143618,0.233149,0.18322,-0.052932,0.000122354,0.0808257
-20.0109,1.65554,0.737212,0.948489,0.351788,0.166175,0.104639,0.147093,0.116153,-0.0815021,-0.122601,-0.213885,0.119504,0.259736,0.269064,0.438472,-0.00901298,-0.257717,0.0320698,0.0186978
-19.5379,1.69094,0.465369,0.552836,0.256786,0.468751,0.329671,-0.00125892,-0.0954608,-0.200289,0.114484,-0.211016,-0.11346,0.176116,0.212989,0.0716546,0.14499,-0.0419968,0.186787,0.0726896
-19.6561,1.51599,0.582153,0.692057,0.369938,0.410201,0.19506,0.118884,-0.00619195,-0.0952525,0.224308,-0.0317869,-0.0580355,-0.125796,0.024501,0.123974,0.052813,-0.0771278,-0.0164786,0.0239822
-19.4654,1.52608,0.250459,0.417376,-0.0672595,0.248807,0.053823,0.138872,-0.0304389,0.310858,0.163944,-0.29699,0.114947,0.0240346,0.120997,0.107078,0.261068,0.00357244,-0.00184153,0.187662
-19.7281,1.15137,0.18037,0.277127,0.083926,0.45768,0.125064,0.0266899,-0.171984,0.0124286,0.249445,-0.0560983,0.152984,0.155037,0.161639,0.0836388,0.213741,0.182635,0.226055,0.0540268
-19.871,1.19652,0.378906,0.439019,-0.0121739,0.251983,0.281366,0.22571,0.119248,0.193055,0.224152,0.354727,0.461415,0.0808308,0.123732,-0.00823307,0.202966,0.279748,0.0118526,-0.289803
-19.5512,1.37891,0.100292,0.222476,0.244167,0.327108,-0.00423399,0.178772,0.0103081,-0.0100524,0.210824,-0.00421689,0.193109,-0.0215414,0.117044,-0.0914263,0.0585363,-0.357438,0.14598,-0.115875
-19.8128,1.62644,0.218931,-0.287098,-0.135168,0.210892,-0.0104767,0.0469295,-0.0366778,-0.209335,0.0963421,-0.135301,0.00695001,0.0722263,-0.00963341,0.13208,0.245924,-0.274972,0.191111,0.0830659
-19.8285,1.42443,0.286623,0.101754,-0.00094378,0.600639,0.18367,0.312695,0.166215,0.184219,0.151533,-0.0625475,0.208935,-0.138413,0.225628,0.0367222,0.03081,-0.330685,-0.142008,-0.0806015
-19.5741,1.41608,0.482286,0.498171,0.0718538,0.478222,0.0459213,0.235954,0.111601,0.19324,0.0925489,-0.148328,0.0527635,0.117764,0.114175,-0.180035,0.249274,-0.157326,-0.0357512,-0.0181861
-19.9429,1.22036,0.376651,0.153542,0.0533519,0.467859,-0.042668,0.213035,0.0278539,0.322455,-0.153194,-0.273491,0.0745161,0.0130235,0.061378,-0.271455,-0.0377729,-0.0531692,0.159768,-0.0732181
-19.8986,1.05889,0.470097,0.258028,-0.0284423,0.469019,-0.129171,0.306097,0.0331913,0.108646,0.137301,-0.122021,0.0897738,-0.114252,0.241353,-0.0398475,0.0572223,-0.367193,0.0303083,0.0311587
-19.8701,1.20737,0.487041,0.183104,0.101221,0.541126,0.0126024,0.125607,-0.104624,0.0242331,0.234801,0.012051,0.315511,0.14235,0.349884,0.065462,-0.143203,-0.492492,0.0674674,-0.272611
-19.4317,1.58535,0.603529,0.157015,-0.148574,0.0847619,0.146637,0.329244,0.0849853,0.380124,0.405787,0.12679,0.118215,0.36046,0.389037,-0.0352628,-0.0237785,-0.356908,0.0798906,-0.0553757
-19.6868,1.27406,0.742943,0.497896,0.0633615,0.228559,-0.00424442,0.0706492,-0.0437142,0.011469,0.101432,-0.0380425,0.0616031,-0.239639,0.131334,-0.0364938,-0.173193,-0.246976,0.18115,0.0817558
-19.6903,0.879068,0.457395,0.12649,-0.174054,0.403434,0.0401733,0.148698,-0.309109,0.0743772,0.156809,-0.0254407,0.0550124,-0.072842,0.374935,-0.146728,-0.0208517,-0.08264,0.139152,-0.0341881
-19.5029,1.19259,0.73007,0.313581,-0.176832,0.120148,-0.0876842,0.302667,-0.144584,0.138586,0.03744,-0.252886,0.0783491,-0.158243,0.295355,0.150465,0.19434,-0.143967,0.19272,-0.0190992
-19.7337,0.965078,0.605314,0.412917,0.0560814,0.349682,-0.12147,-0.010029,0.0273292,0.399302,0.230016,-0.105568,-0.0904623,-0.187073,0.0182989,-0.0426295,-0.0591616,-0.246622,0.0217694,0.0915795
-19.7493,0.885179,0.250736,0.160887,0.0295082,0.550526,-0.104636,-0.0647157,0.0308092,0.204932,0.269111,0.197924,0.0595438,-0.0788051,0.125961,-0.107178,0.156336,0.0654742,0.287191,0.202752
-19.9154,0.733142,0.180226,0.324209,0.11135,0.450086,-0.0680707,0.0799256,0.00140633,0.0426336,-0.105591,-0.0789142,0.0102458,-0.102039,0.210688,0.0119029,-0.0717221,-0.238071,0.150189,0.113582
-19.827,0.938524,0.406719,0.239748,0.105115,0.48585,0.158003,0.287718,0.151751,0.0570335,-0.108478,-0.0675244,0.246753,-0.0759669,-0.00261414,-0.0643229,0.00085577,-0.211832,-0.0886005,0.0184835
-19.6076,0.715181,0.373046,0.23714,0.0648586,0.371191,-0.22091,0.187717,0.0446957,0.0942831,0.0942223,-0.0583986,-0.115698,-0.0974823,0.205306,0.0324097,0.186609,-0.229012,-0.0375516,-0.101485
-19.5883,0.83206,0.330785,0.191373,-0.126482,0.581164,0.242809,0.0868495,-0.0868674,-0.142904,0.10563,0.17048,0.193,-0.221239,0.106831,0.0981466,0.0517358,-0.237496,0.198633,0.0367634
-19.4357,0.927843,0.261166,0.230615,0.128826,0.52786,-0.0316444,0.172782,-0.0896936,0.0492755,0.129065,-0.145954,0.0191009,-0.112214,-0.00264708,0.065681,0.377533,-0.0214158,0.0546627,0.013322
-19.586,0.803784,0.534639,0.630004,0.32401,0.485783,-0.0809217,0.356258,0.0442096,-0.000331439,-0.133472,-0.0942354,0.0429401,-0.390319,0.144556,0.0257875,0.230875,-0.0538007,0.137056,-0.00415539
-19.3039,0.879576,0.403732,0.328441,-0.193765,0.339034,-0.154492,0.246527,-0.0596683,-0.0536888,-0.162154,0.118947,0.0714169,-0.338463,0.248398,-0.0727804,-0.0948296,-0.504405,0.16782,0.0195815
-19.3296,0.888073,0.502956,0.21736,-0.0256395,0.525796,0.26847,0.59781,-0.00971878,-0.135259,0.166622,0.119769,0.283568,-0.161654,0.21177,-0.147606,0.246675,-0.180618,0.14093,-0.158616
-19.2751,0.871315,0.538568,0.173283,0.0642429,0.619832,0.134437,0.329105,0.123283,-0.0865516,-0.207578,-0.0582725,0.252954,0.0250603,0.00964335,-0.0749195,0.140979,0.0720211,-0.0101244,-0.112778
-19.5354,0.939762,0.804213,0.133054,0.0621183,0.326048,-0.113491,0.363181,-0.00848767,-0.143083,-0.0834665,0.0835534,0.28506,0.00753971,0.358492,0.0140474,-0.0646291,-0.167625,0.102609,-0.325235
-19.3571,1.08977,0.476639,0.358668,-0.140727,0.467529,0.0126016,0.36276,0.108212,-0.0850373,-0.0882696,0.0729947,0.108535,0.0334774,0.233787,-0.178436,0.13917,-0.112698,0.0402818,-0.0218727
-19.659,1.05398,0.339588,0.167038,-0.139648,0.0735068,-0.0145224,0.350473,-0.157879,-0.0107777,0.0476719,-0.300925,0.161646,0.0487667,0.230101,0.00314802,-0.0195246,-0.225174,0.0610116,0.0170812
-19.6435,0.963824,0.396858,0.284999,0.115228,0.411854,-0.0170416,0.379103,-0.279318,-0.146347,-0.117154,-0.164933,0.170887,-0.136101,0.196365,-0.129563,0.220772,-0.132614,-0.0474633,0.00280337
-19.6435,1.23485,0.543223,-0.0194546,0.0726548,0.497237,0.0220899,0.167752,-0.302896,-0.0825666,-0.121215,-0.202727,-0.138413,-0.0518332,0.334154,-0.0338744,0.209756,-0.00631161,0.0875141,-0.171316
-19.492,0.901163,0.175753,0.100963,-0.0901711,0.226482,-0.0145081,0.231816,-0.148187,0.242885,0.280903,0.0423958,0.0769562,0.00263209,0.210825,0.0818703,0.249301,0.0122836,0.118706,-0.180415
-19.5333,1.13579,0.31296,-0.15103,0.0231083,0.39513,0.0642126,0.298181,0.228474,0.129034,0.293935,0.307938,0.105665,-0.00589197,0.164638,-0.260275,-0.0982236,-0.138254,-0.0425054,-0.142066
-19.8613,0.793267,0.235327,0.0509667,-0.0694655,0.342808,-0.13394,0.541832,0.239299,0.361536,0.360221,0.215111,0.159294,-0.0621586,0.156358,0.12648,0.0481776,-0.232235,-0.0157096,-0.281106
-19.7646,0.809621,0.202085,0.118973,-0.00647427,0.315579,-0.134395,0.181679,0.0759957,0.0913419,0.263563,-0.0193225,0.102835,-0.00733722,0.331146,0.0093044,0.0632641,-0.0993404,0.127179,-0.0202927
-19.9486,1.24547,0.541709,0.0516334,-0.0590074,0.215602,-0.200988,0.423051,-0.0401169,-0.106639,0.0469731,-0.115675,0.239778,0.0614363,0.0711064,-0.122275,-0.174368,-0.225119,0.396983,0.0741403
-19.6806,1.01103,0.2054,0.331365,-0.0513932,0.0455275,-0.0358434,0.211632,0.023467,0.402908,0.26367,-0.107346,-0.0878235,0.20032,0.465612,-0.103471,0.256096,0.202418,0.39125,0.100111
-18.8192,0.946622,0.0652997,0.334101,-0.47099,-0.283948,-0.304776,-0.168123,0.52168,0.711925,0.296257,-0.451691,-0.299892,0.165556,-0.187817,-0.837907,-0.140891,0.504242,0.0648087,-0.0429247
-18.2066,1.14579,0.107086,0.345724,-0.614799,-0.189633,-0.81798,-0.12437,0.188197,0.582303,0.482185,-0.769713,-0.430595,-0.0640513,-0.361045,-0.642156,0.453404,1.00054,0.324615,0.101634
-17.598,1.81373,-0.052477,0.0750247,-0.830237,-0.381772,-0.738402,0.125867,0.418389,0.549136,0.482424,-0.59585,-0.082133,0.134533,-0.38006,-0.558471,0.288308,0.80591,0.0592573,-0.0175205
-18.5739,1.36441,0.0234531,0.32054,-0.659996,-0.493362,-0.704717,0.239875,0.557505,0.69811,0.786577,-0.513462,-0.156606,0.169327,-0.30154,-0.716561,0.246597,0.948358,0.260558,0.184473
-18.7178,1.174,0.0312406,0.394224,-0.585691,-0.380517,-0.667614,0.301905,0.497926,0.911597,0.828001,-0.775131,-0.293329,0.0477464,-0.723335,-0.82315,0.385512,1.13381,0.51232,0.141829
-18.1649,1.32736,0.170032,0.311589,-0.909501,-0.55374,-0.743722,0.089949,0.347853,0.68743,0.723921,-0.75483,-0.32304,0.335819,-0.400096,-0.671908,0.231954,1.13655,0.382097,-0.0840744
-18.1041,1.43358,0.265484,0.683287,-0.675742,-0.598248,-1.02226,-0.127255,0.334725,0.819142,0.878233,-0.675743,-0.487306,0.0745259,-0.671094,-0.746932,0.408601,1.31053,0.332463,-0.238791
-18.4106,1.24479,0.403444,0.38384,-0.913615,-0.754488,-0.900631,0.0279355,0.544451,0.707,0.561987,-0.820609,-0.30569,0.48009,-0.817527,-1.18226,-0.0438383,1.08837,0.344153,-0.0174448
-18.618,1.28168,0.301728,0.43792,-0.868561,-0.500368,-0.745909,0.05301,0.381574,1.20939,1.0422,-0.818276,-0.457578,0.222393,-0.660311,-0.850338,0.13917,1.23417,0.202737,-0.0772763
-18.2307,1.82276,0.13127,0.163789,-0.836975,-0.441706,-0.958839,-0.0546857,0.042086,0.722474,1.02813,-0.461702,-0.392515,0.283633,-0.604857,-0.601789,0.0877455,0.898153,0.183849,-0.260791
-17.3829,1.76788,0.394877,0.450571,-0.871063,-0.629664,-0.871272,0.0827187,0.175991,0.589746,0.585537,-0.664803,-0.44583,0.0323754,-0.616554,-0.97758,-0.451366,0.716172,0.0769444,-0.269469
-16.3588,1.98555,-0.0386364,0.288067,-0.9755,-0.414955,-0.674736,0.0205375,0.225868,0.390365,0.486564,-0.453412,-0.534815,-0.120919,-0.584503,-0.745102,-0.217448,0.782404,-0.127659,-0.176298
-16.204,1.89084,0.0609791,0.782421,-0.883591,-0.620327,-1.13306,-0.174644,0.0356216,0.236606,0.419885,-0.158429,-0.471333,-0.0587314,-0.482385,-0.763687,-0.419443,0.607801,0.20681,-0.0246483
-15.7965,2.02702,-0.134497,0.78606,-0.854256,-0.659311,-1.13318,0.13114,0.280541,0.194108,0.4751,-0.0149141,-0.535388,-0.162219,-0.636047,-0.732086,-0.17471,0.448054,0.00486901,-0.14515
-15.7701,1.41244,-0.33583,0.680513,-0.925048,-0.695113,-1.03049,0.217249,0.326594,0.419209,0.322586,-0.258248,-0.339753,-0.247328,-0.51454,-0.647472,-0.460953,0.311293,0.144056,0.0869612
-15.534,1.82152,-0.320941,0.784293,-0.908981,-0.570272,-0.78727,0.273629,0.241982,0.245343,0.303899,-0.10908,-0.299307,-0.182664,-0.459042,-0.747012,-0.648576,0.347793,0.0807099,0.222581
-15.419,2.13045,-0.165378,0.898244,-0.80003,-0.696572,-0.921019,0.198185,0.131938,0.127726,0.147782,-0.253747,-0.4588,-0.0159693,-0.528689,-0.758288,-0.484934,0.456127,0.300805,-0.00143711
-15.3391,2.08219,-0.281397,0.748085,-0.976292,-0.594156,-0.888322,0.222503,0.215006,0.247151,0.122113,-0.286348,-0.516348,-0.265294,-0.513399,-0.601814,-0.548014,0.570304,0.297421,0.00904192
-15.8866,2.05939,-0.282739,1.02396,-0.723992,-0.500077,-0.807403,0.545682,0.50608,0.374342,0.379735,-0.170971,-0.57238,-0.177789,-0.554028,-0.814511,-0.490825,0.597274,0.224794,-0.129131
-15.868,1.78274,-0.267815,0.794963,-0.910691,-0.302265,-0.580894,0.423551,0.442326,0.409034,0.605068,-0.217742,-0.525486,-0.231865,-0.550293,-0.940946,-0.758187,0.342745,0.169763,0.0785005
-15.8194,2.25226,-0.186333,0.610029,-0.713596,-0.417502,-0.722042,0.33399,0.356647,0.324216,0.561298,-0.268377,-0.459524,-0.0430453,-0.509142,-0.693297,-0.411641,0.557608,0.137795,-0.0371596
-16.1588,2.18545,0.0229732,0.826709,-0.80198,-0.379997,-0.854181,0.0179578,0.282701,0.480338,0.460219,-0.522945,-0.54965,0.0752482,-0.804232,-0.776871,-0.236507,0.751557,0.20862,-0.123747
-16.366,2.10987,0.122434,0.870617,-0.817163,-0.614094,-0.768953,0.307308,0.306869,0.397629,0.454028,-0.681093,-0.508147,0.153735,-0.807492,-0.876591,-0.39841,0.953519,0.268456,-0.10949
-16.2141,1.96393,-0.0847447,0.568918,-0.987856,-0.53248,-0.636173,0.506501,0.633444,0.35817,0.408445,-0.430857,-0.476575,0.287585,-0.525394,-0.794834,-0.368543,0.690772,0.146517,0.14731
-16.2678,1.66435,0.177071,0.656534,-0.757801,-0.424375,-0.73288,0.420967,0.600752,0.553102,0.329581,-0.500393,-0.565194,0.0979287,-0.513995,-0.724676,-0.304234,0.871913,0.313611,0.120056
-16.7949,1.39723,0.149613,0.735834,-0.812513,-0.435935,-0.870439,0.194386,0.618736,0.839792,0.760966,-0.3478,-0.460593,0.351531,-0.373203,-0.752548,-0.240647,0.864959,0.169832,0.0949439
-16.6695,1.43824,0.0339076,0.516159,-0.909015,-0.509673,-0.967532,0.0993919,0.480236,0.732613,0.695623,-0.387223,-0.588526,0.274416,-0.314235,-0.6525,-0.0650452,0.94296,0.147501,0.155913
-16.8311,1.52824,-0.357576,0.315139,-1.10535,-0.634375,-0.826828,0.0857884,0.635073,0.83929,0.771101,-0.179627,-0.178985,0.637562,-0.332179,-0.620757,-0.175048,1.15226,0.328779,0.250667
-16.9202,1.52166,-0.203613,0.589357,-0.937931,-0.583257,-0.945474,0.151348,0.460997,0.652841,0.733429,-0.181397,-0.438419,0.239334,-0.43137,-0.745767,-0.191387,1.10757,0.32196,0.120283
-16.9569,1.66129,0.0852651,0.894435,-0.936412,-0.359659,-0.927818,0.281273,0.622536,0.912701,0.655097,-0.476909,-0.517248,0.196745,-0.481006,-0.773934,-0.117188,0.891127,0.0749186,0.103681
-17.1575,1.90914,0.148155,0.664484,-0.971768,-0.338196,-0.947727,0.317318,0.5444,0.849766,0.652715,-0.643969,-0.877107,0.187862,-0.525869,-0.77116,-0.0910448,0.783135,-0.075944,-0.0283786
-17.0519,1.78519,0.132371,0.805622,-0.674358,-0.382664,-0.720422,0.259938,0.618394,0.735696,0.472799,-0.582546,-0.615568,0.051718,-0.751945,-0.866499,-0.187032,0.974248,0.0681763,0.0954488
-16.8882,1.91918,0.0578878,0.893384,-0.737777,-0.547903,-0.861554,0.143492,0.48067,0.666593,0.425306,-0.503609,-0.46817,0.0936566,-0.719454,-0.853865,-0.191177,0.927012,0.0919323,0.16523
-16.8206,1.96236,0.360342,0.823827,-0.639076,-0.463024,-0.832045,0.06049,0.418223,0.887693,0.646687,-0.511011,-0.475526,0.195641,-0.511451,-0.908994,-0.211772,0.914872,0.0809723,0.124839
-16.9443,1.52476,0.294637,0.61596,-0.804944,-0.536124,-0.830217,0.0778948,0.334679,0.860175,0.615998,-0.363738,-0.558359,0.0810251,-0.63628,-1.0365,-0.0981557,1.05609,0.239676,-0.072272
-16.9379,1.44584,0.249562,0.587645,-0.835221,-0.294087,-0.737724,0.0755863,0.575015,0.915302,0.598377,-0.372333,-0.674562,0.141951,-0.612377,-0.977701,-0.0314653,0.962909,0.00442937,-0.0458839
-16.5336,1.67213,0.311955,0.881784,-0.831387,-0.313826,-0.824121,0.209869,0.568825,0.564768,0.0329826,-0.580065,-0.382782,0.0485085,-0.549248,-1.01262,-0.0665348,1.08534,0.182071,-0.186139
-16.1418,2.02265,0.199838,1.00266,-0.83747,-0.241928,-0.752497,0.206563,0.38333,0.417158,-0.00542267,-0.557446,-0.438453,0.00303598,-0.482637,-0.735863,-0.218943,0.86286,0.132551,-0.0515198
-15.8931,2.09356,0.0934166,0.783719,-0.957959,-0.212136,-0.520334,0.0970297,0.153761,0.501415,0.180004,-0.664091,-0.576829,-0.0626941,-0.624927,-0.858202,-0.235391,0.901443,0.125388,-0.288308
-15.5372,2.14272,-0.20214,0.6415,-0.958695,-0.391775,-0.670707,0.086582,0.154931,0.192726,0.235613,-0.51923,-0.324352,-0.265602,-0.65722,-1.08169,-0.599293,0.546228,0.0331295,-0.03517
-14.8427,2.20196,-0.118676,0.487304,-0.907926,-0.502482,-0.587064,0.233652,0.0427253,0.168013,0.0843976,-0.37459,-0.300961,-0.0877396,-0.876414,-1.04228,-0.59581,0.2348,-0.219935,-0.0852438
-14.8342,2.54406,-0.343029,0.565299,-0.730654,-0.622447,-0.747652,0.117136,-0.0500528,0.3579,0.307179,-0.267983,-0.131096,0.0733221,-0.769188,-0.614821,-0.356187,0.234579,-0.189441,-0.0782143
-14.7613,2.02946,-0.136291,0.825612,-0.727374,-0.432519,-0.804837,-0.00473583,0.179638,0.540588,0.0527087,-0.0921668,-0.129845,-0.333023,-0.765972,-0.921421,-0.559491,0.379134,-0.141559,-0.268501
-14.2895,2.17087,0.226925,0.836379,-0.747929,-0.210383,-0.719498,-0.247593,-0.132252,0.655396,0.0427666,-0.115458,-0.324443,-0.276323,-0.673596,-1.0362,-0.546627,0.299268,-0.225961,-0.100967
-14.2074,2.33517,0.164997,0.899787,-0.928858,-0.118471,-0.838582,-0.115696,0.224272,0.316386,-0.0525717,-0.537707,-0.48804,-0.180315,-0.428882,-1.02357,-0.78974,0.019891,-0.275518,0.0103767
-14.21,2.58674,-0.187943,0.782861,-0.932626,-0.39279,-0.867914,0.0290699,0.292445,0.298023,0.299734,-0.504303,-0.369203,-0.0181696,-0.402731,-1.00297,-0.915921,-0.250258,-0.376744,-0.110866
-14.1931,2.75308,-0.116514,0.763741,-1.02966,-0.643753,-0.881631,0.17001,-0.0351893,0.359545,0.271894,-0.224931,-0.233131,0.16103,-0.531114,-1.07787,-0.773156,-0.0244075,0.0526929,-0.0208931
-14.3239,2.56125,-0.123661,0.576171,-0.926465,-0.823719,-1.15078,0.0552894,0.172519,0.443459,0.429075,-0.28655,-0.0675601,0.45008,-0.292665,-0.763535,-0.521596,0.14704,0.0322032,0.196364
-14.1693,2.65085,-0.159972,0.514805,-0.86573,-0.738522,-1.01248,0.1219,0.152912,0.422533,0.208246,-0.338495,-0.260178,0.183495,-0.510651,-0.875808,-0.538367,0.190379,-0.230468,0.0166772
-14.529,2.46881,-0.0620743,0.51617,-0.894014,-0.509666,-0.691032,0.0398548,0.0971783,0.310484,0.0983672,-0.560053,-0.678269,0.0808911,-0.713084,-0.99552,-0.45249,0.253586,-0.43022,-0.0224734
-14.4381,2.61957,0.0497545,0.67184,-0.870961,-0.316869,-0.582623,0.160765,0.319525,0.350787,-0.00685968,-0.50099,-0.493194,-0.175899,-0.529368,-0.966967,-0.332497,0.353771,-0.310159,0.0340428
-14.8464,2.49961,0.0555915,0.354422,-1.03236,-0.378756,-0.637153,0.0416788,0.441559,0.48622,0.0609308,-0.778238,-0.695607,0.015519,-0.701412,-1.09071,-0.880154,0.0601115,-0.282901,-0.065668
-14.6879,2.19878,0.250303,0.205351,-0.982444,-0.289358,-0.678579,0.0709719,0.443419,0.560231,0.179777,-0.730357,-0.595313,0.239218,-0.681485,-1.23015,-0.905521,0.249546,-0.290739,-0.0214668
-14.8033,2.04877,0.0405239,0.564142,-1.01401,-0.662231,-0.934691,-0.206589,0.54837,0.590121,0.365746,-0.675598,-0.705833,0.359582,-0.640554,-1.07233,-0.882592,0.407869,-0.32051,-0.183058
-14.9488,1.96102,0.0213438,0.291559,-1.02112,-0.510013,-0.976861,-0.100391,0.364458,0.871187,0.424788,-0.543009,-0.582892,0.399264,-0.711432,-1.08067,-0.434555,0.517597,-0.282811,0.0594093
-15.3666,2.12078,0.0833229,0.321784,-0.93656,-0.622417,-0.897131,-0.133664,0.424537,0.951446,0.344982,-0.636934,-0.660074,0.458925,-0.579458,-1.1521,0.0172934,0.730317,-0.238564,0.10711
-15.3739,1.8403,0.308199,0.59869,-0.846346,-0.492507,-0.944256,0.0115727,0.457562,1.07954,0.215446,-0.934752,-0.60576,0.253708,-0.626762,-1.0971,-0.0552585,0.689297,-0.192983,0.0772822
-15.5345,1.98496,0.645372,0.480395,-0.837433,-0.647559,-0.821867,-0.144445,0.140273,1.01675,0.117558,-0.908039,-0.714082,0.361144,-0.752378,-1.34402,0.0371844,0.944658,-0.277993,-0.200342
-15.5239,1.90349,0.343926,0.83339,-0.666295,-0.963496,-0.744458,-0.278499,0.453143,1.00648,0.20604,-0.851947,-0.845484,0.480015,-0.740493,-1.29511,-0.332849,0.908879,-0.0306075,-0.379643
-15.6086,1.94892,0.0205523,0.203752,-0.698528,-0.757091,-0.770934,-0.319669,0.563158,0.990317,0.232671,-0.913082,-0.796119,0.338091,-0.507909,-1.47943,-0.567634,0.575597,-0.0725707,-0.12838
-15.472,1.68918,0.411172,0.630337,-1.14957,-0.678424,-1.10114,-0.261093,0.345204,0.829911,0.506375,-0.642911,-0.526405,0.30056,-0.493621,-1.38405,-0.556249,0.815139,-0.0680365,-0.198062
-15.4934,1.60281,0.39153,0.485535,-1.16004,-0.761393,-0.973093,-0.111404,0.369124,0.767339,0.419349,-0.65444,-0.536645,0.662951,-0.76784,-1.35368,-0.633163,0.624595,-0.226111,-0.287619
-15.867,1.6832,0.737866,0.723985,-0.788974,-0.653037,-1.10456,-0.0773268,0.635164,1.24772,0.299681,-0.866676,-0.56459,0.608439,-0.773342,-1.42201,-0.450632,0.549354,-0.529844,-0.110594
-15.9092,1.76291,0.488828,0.223893,-0.533002,-0.634983,-0.675003,-0.234718,0.100646,1.31574,0.0189458,-0.871252,-0.646751,0.726212,-0.646033,-1.66049,-0.318783,0.615974,-0.367087,0.101726
-15.852,1.52125,0.245331,0.456963,-0.805269,-0.462181,-0.818713,0.100467,0.163266,0.932981,0.296949,-1.13557,-0.508841,0.783627,-0.697999,-1.49626,-0.233125,0.691363,-0.262011,-0.180715
-16.0323,1.26056,0.181998,0.652538,-0.844672,-0.696816,-0.811192,-0.0536962,0.207846,1.02417,0.283029,-0.664338,-0.463258,0.667343,-0.68085,-1.47758,0.0728517,1.07593,-0.337088,-0.400803
-15.6506,1.23697,-0.0369527,0.378503,-0.889206,-0.613319,-0.643015,0.0934995,0.364131,1.15394,0.452281,-0.635075,-0.53936,0.550989,-0.543632,-1.2805,-0.161284,0.964691,-0.0710015,-0.315786
-15.4172,1.29699,0.123655,0.614272,-0.864967,-0.168241,-0.891693,-0.107127,0.562275,0.890892,0.314019,-1.04319,-0.632808,0.118596,-0.613801,-1.25221,-0.19318,1.14199,0.0834592,0.0084099
-15.0245,1.43944,-0.0715971,0.683777,-0.877046,-0.171696,-0.650967,-0.124664,0.284168,0.468934,0.155701,-0.590688,-0.675643,-0.226064,-0.632367,-0.96334,-0.269223,0.914811,0.17026,0.108017
-14.9457,1.64796,0.171645,0.725291,-0.688532,-0.317636,-0.970416,-0.182016,0.291483,0.557789,0.3812,-0.433027,-0.395379,-0.139572,-0.759565,-0.947925,-0.256908,0.73084,0.0186773,-0.221309
-14.9446,1.9418,-0.332702,0.230263,-0.915756,-0.283037,-1.05273,-0.0252379,0.0431541,0.309193,0.252065,-0.701186,-0.481426,0.257082,-0.785343,-1.0861,-0.401788,0.450159,-0.143623,-0.28592
-14.4762,1.90797,-0.00701491,0.572603,-0.778138,-0.39515,-1.06945,0.0407543,-0.24429,0.505551,0.0346087,-0.722758,-0.184585,0.384932,-0.66675,-0.745539,-0.561706,0.289804,-0.296074,-0.227945
-14.3433,1.77376,0.0164858,0.771376,-0.91053,-0.555772,-0.958672,0.0793383,-0.355175,0.299514,-0.0958522,-0.344265,-0.369826,0.101896,-0.401203,-0.886479,-0.179346,0.186351,-0.749852,-0.110971
-14.5461,1.83048,-0.404286,0.643031,-0.70919,-0.701705,-0.722203,-0.0511082,-0.167704,0.448116,-0.333829,-0.216812,-0.233817,0.238164,-0.331516,-1.05173,0.0122625,0.692631,-0.294614,0.14242
-14.428,1.68467,-0.33098,0.446366,-0.787788,-0.445793,-0.861225,0.0326272,0.0803224,0.306539,0.0841759,-0.709494,-0.54412,0.0135924,-0.380095,-0.925224,-0.426621,0.572311,-0.123249,-0.157683
-14.312,1.90388,-0.246846,0.728413,-0.937602,-0.638749,-0.982542,-0.0681313,-0.00136752,0.411976,0.0402354,-0.558119,-0.540302,0.00355595,-0.43073,-1.1269,-0.502009,0.408321,-0.218903,-0.111517
-14.4943,1.99281,-0.260326,0.612597,-1.0776,-0.197145,-0.732185,-0.127293,0.154468,0.390029,0.0848319,-0.695013,-0.585761,0.0988279,-0.56658,-1.18901,-0.568792,0.471265,-0.366173,0.132335
-14.6374,1.87666,-0.428627,0.409806,-0.861906,-0.192277,-0.82123,-0.159545,-0.0469284,0.534962,0.462306,-0.295881,-0.490698,-0.102537,-0.711427,-1.33455,-0.692236,0.276299,-0.408524,-0.26616
-14.3092,1.77902,-0.389763,0.596312,-0.656084,-0.356684,-0.623411,0.238958,0.0641954,0.432632,0.116007,-0.30698,-0.169955,0.388734,-0.615346,-1.17348,-0.647724,0.282664,-0.230876,-0.143724
-14.4772,1.74669,-0.236461,0.532008,-0.758877,-0.223704,-0.518685,0.137606,-0.402961,0.489435,0.228002,-0.315156,-0.0379934,0.520293,-0.493983,-1.0887,-0.38,-0.154249,-0.526412,0.0197176
-14.451,1.53841,-0.549262,0.709212,-0.59854,-0.233807,-0.584596,-0.173733,-0.502434,0.278379,0.202585,-0.35746,-0.0927506,0.614484,-0.307419,-0.82377,-0.352645,0.126654,-0.490253,-0.0130099
-14.7078,1.73414,-0.622169,0.532334,-0.573419,-0.29606,-0.555265,0.00483442,-0.263687,0.36313,0.131887,-0.451915,-0.203299,0.560369,0.0118622,-0.65304,-0.195999,0.364476,-0.439915,-0.0402244
-14.5603,2.30194,-0.294356,0.413653,-0.609338,-0.393834,-0.718521,-0.0618385,-0.060464,0.369687,0.0591708,-0.666615,-0.487148,0.321178,-0.124478,-0.728324,-0.361773,0.153333,-0.312511,0.0115983
-14.542,2.36374,-0.0130514,0.409063,-0.628506,-0.349752,-0.794738,0.111604,0.164616,0.430674,0.223408,-0.708944,-0.573072,0.0790299,-0.2603,-1.0326,-0.518087,0.157613,-0.196182,-0.0590003
-14.7062,2.04111,0.00510124,0.482832,-0.556032,-0.371028,-0.821997,-0.251507,-0.0203246,0.507356,0.0675499,-0.452589,-0.767544,0.0599816,-0.668975,-1.12925,-0.383423,0.339151,-0.290937,0.0098296
-14.9369,2.27794,-0.00184669,0.614544,-0.698422,-0.402146,-0.864908,-0.177686,-0.133,0.15419,0.252875,-0.576304,-0.476494,0.151916,-0.660121,-0.771431,-0.249059,0.341249,-0.132405,-0.199974
-15.3328,1.80293,0.11008,0.695276,-0.733895,-0.308777,-0.340862,-0.0180001,-0.120997,0.236521,-0.0143909,-0.659988,-0.475882,0.358573,-0.436451,-0.738694,-0.0715468,0.447334,-0.231311,-0.0248628
-15.4993,1.93457,-0.186874,0.837924,-0.496209,-0.028833,-0.754152,-0.0786985,-0.106842,0.293736,0.112937,-0.693557,-0.427389,0.41128,-0.525443,-0.876995,-0.456719,0.25934,-0.494623,-0.0349379
-15.5208,1.77142,-0.178238,0.574225,-0.0980983,-0.192139,-0.634823,-0.0943268,-0.172506,0.592628,0.222834,-0.631727,-0.533558,0.5151,-0.5841,-0.831293,-0.166465,0.228055,-0.313584,0.00422556
-15.5954,1.62002,-0.0211079,0.568827,-0.480543,-0.287889,-0.471868,0.116036,-0.0410026,0.213227,-0.146841,-0.675511,-0.455253,0.606588,-0.486052,-0.888882,-0.161991,0.518935,-0.318705,-0.0128389
-15.8378,1.59601,0.0518613,0.589505,-0.59749,-0.284166,-0.935057,0.124488,0.194644,0.251569,0.178857,-0.557266,-0.426159,0.46239,-0.451423,-0.842481,-0.258474,0.696322,-0.158767,-0.116793
-15.6835,1.57795,-0.0530235,0.419617,-0.911006,-0.33736,-0.928496,0.0791249,0.254128,0.638775,0.283883,-0.607838,-0.492563,0.667349,-0.159807,-0.970638,-0.233264,0.733658,-0.432129,-0.10009
-15.4043,1.78449,0.10404,0.242007,-0.912739,-0.452433,-0.869587,-0.15363,-0.00845507,0.519155,0.337955,-0.605297,-0.286182,0.524282,-0.52072,-0.447562,-0.201576,0.516078,-0.206744,-0.0873362
-15.5573,1.82551,0.105624,0.0965837,-0.927704,-0.600779,-1.08769,-0.0980059,-0.136867,0.439311,0.313641,-0.705196,-0.0872758,0.759901,-0.721279,-0.62969,-0.126161,0.453265,-0.00562653,-0.032392
-15.449,1.9033,0.0133823,0.348148,-0.710194,-0.459149,-1.02918,-0.0857078,0.112285,0.575533,0.402524,-0.452725,-0.213321,0.566477,-0.644705,-0.791015,-0.042967,0.293938,-0.278039,-0.016483
-15.7321,1.66249,0.0174039,0.241532,-0.987233,-0.377007,-0.811895,-0.201823,0.0129606,0.51979,0.459148,-0.536646,-0.342715,0.443635,-0.412321,-1.02191,-0.0919417,0.393565,-0.325319,0.0516017
-15.8889,1.56835,0.198264,0.318491,-1.00595,-0.506552,-1.11479,-0.223114,0.0497643,0.874091,0.664023,-0.667939,-0.307686,0.583765,-0.547067,-0.799149,0.0509362,0.50297,-0.385446,-0.10229
-15.945,1.69455,0.343989,0.243057,-1.08141,-0.322731,-0.995733,-0.3253,0.391354,0.734553,0.611979,-0.738722,-0.412087,0.61934,-0.573721,-1.03387,-0.0253369,0.538409,-0.278863,-0.086588
-15.7974,1.63941,0.236495,0.44573,-0.792235,-0.338094,-1.02707,-0.29475,0.402594,0.7179,0.6712,-0.626193,-0.276853,0.387935,-0.772837,-0.997302,-0.0375457,0.684166,-0.266804,-0.127689
-15.9877,1.30043,-0.0173374,0.3395,-0.977973,-0.626197,-1.01072,-0.248168,0.53045,0.794155,0.67952,-0.66661,-0.413558,0.592551,-0.459952,-0.853049,-0.249313,0.732783,-0.273277,-0.067808
-16.0482,1.75679,0.215253,0.553945,-0.782808,-0.348321,-0.961772,-0.299919,0.65553,0.694394,0.344795,-0.750064,-0.657368,0.693553,-0.617279,-0.905089,-0.313737,0.829217,-0.366417,0.0784927
-16.0129,1.49608,0.0649305,0.619869,-0.657921,-0.0999853,-0.526031,-0.237012,0.392436,0.557904,-0.0629922,-0.92477,-0.340818,0.178299,-0.57029,-0.902276,0.0152193,0.645953,-0.103625,0.0562575
-16.2802,1.92544,0.228376,0.973207,-1.06687,-0.44366,-0.382199,-0.341145,0.335959,0.321248,-0.0205914,-0.909442,-0.425473,0.257742,-0.518736,-0.689959,-0.107936,0.668997,0.352557,-0.0315991
-16.2992,2.10796,-0.174007,0.767668,-1.33968,-0.553199,-0.362738,-0.218885,0.298571,0.266896,0.0903925,-0.610195,-0.373197,0.0195053,-0.463566,-0.575668,-0.415004,0.558547,0.412258,0.222431
-15.7268,1.89089,-0.193518,0.867591,-1.49859,-0.766918,-0.368893,0.182989,-0.0736314,0.271313,0.140491,-0.415602,-0.0112308,0.395787,-0.489341,-0.425752,-0.636867,0.576465,0.603521,0.416994
-15.9128,2.06408,-0.464386,0.792439,-1.65039,-1.06357,-0.159001,0.0688079,-0.0575697,0.231788,0.0691986,-0.529341,0.249937,0.698065,-0.293876,-0.549563,-0.385819,0.755229,0.688385,0.416828
-15.842,1.96794,-0.497315,0.612354,-1.54548,-1.02204,-0.169047,0.152318,-0.337965,0.291946,-0.0470659,-0.647522,0.128088,0.632123,-0.298241,-0.716607,-0.276136,0.529121,0.477276,0.419973
-16.1251,2.10656,-0.460919,0.650038,-1.35527,-0.930855,0.0793763,0.261335,-0.47883,0.0467566,-0.0723904,-0.79292,0.304653,0.607588,-0.469018,-0.828052,-0.371899,0.556168,0.488238,0.226477
-15.9724,2.34446,-0.311782,0.59192,-1.34143,-0.824617,-0.0847915,0.182191,-0.488204,0.0639252,0.00720789,-0.786718,0.543481,0.776926,-0.394222,-0.516888,-0.389243,0.470525,0.478853,0.227919
-16.1763,2.41833,-0.313567,0.744735,-1.30659,-0.750719,-0.212244,0.0555145,-0.5553,-0.119476,-0.301183,-1.01772,0.701263,0.84694,-0.438246,-0.681486,-0.616193,0.504982,0.758021,0.113914
-16.1114,1.86089,-0.129889,0.43222,-1.22046,-0.882774,0.0464447,-0.121864,-0.392653,-0.251073,-0.417701,-0.937621,0.709908,0.926164,-0.179863,-0.807813,-0.398716,0.489039,0.829689,0.12088
-16.0848,1.94995,-0.592917,0.429739,-1.4466,-0.746235,-0.163611,-0.0186251,-0.507089,-0.226516,-0.390559,-0.531119,0.902334,1.27906,-0.286753,-0.322477,-0.329558,0.580215,1.00923,0.22769
-15.9525,1.7903,-0.214048,0.406897,-1.33679,-0.877338,0.0454976,0.0762794,-0.429754,-0.281397,-0.364917,-0.853528,0.861625,1.27231,-0.323897,-0.44902,-0.423222,0.554972,1.11731,-0.044116
-16.0004,1.86189,-0.269119,0.838233,-1.41447,-0.867598,0.0357314,0.222846,-0.485168,-0.239453,-0.649653,-0.910968,0.77445,1.49159,-0.387555,-0.606168,-0.569485,0.795059,1.08226,0.153951
-15.7025,2.15698,-0.273929,0.7144,-1.33892,-0.817234,0.00134936,0.159155,-0.432674,-0.121553,-0.587151,-0.758449,0.70097,1.49396,-0.363611,-0.596963,-0.565763,0.535804,1.03152,0.103603
-15.7946,1.86971,-0.323551,0.555994,-1.31902,-1.06444,-0.196671,0.217318,-0.536337,-0.235171,-0.667365,-0.737238,0.674424,1.38044,0.124881,-0.686631,-0.821437,0.782119,1.13044,0.205864
-15.282,1.77829,-0.64427,0.53734,-1.31394,-0.680476,-0.485674,0.194337,-0.426501,-0.648637,-0.64562,-0.587229,0.570605,1.01096,0.354161,-0.4309,-0.79168,0.65188,1.01959,0.409552
-15.1452,1.65418,-0.53217,0.43576,-1.56562,-0.799214,-0.339453,0.253593,-0.615451,-0.728254,-0.60029,-0.494901,0.527096,1.19113,0.155193,-0.614849,-0.467837,0.681312,0.867623,-0.0284813
-14.9396,1.7539,-0.421711,0.621344,-1.31362,-0.685535,-0.25545,0.202801,-0.577936,-0.738623,-0.717052,-0.430621,0.297789,1.23335,0.0250232,-0.517298,-0.575374,0.458386,0.883121,0.0044034
-15.0128,1.59396,-0.218198,0.788648,-1.41752,-1.06833,-0.2553,0.187645,-0.479382,-0.51172,-0.783946,-0.673144,0.418517,1.54988,0.199032,-0.454353,-0.825505,0.554819,0.981931,0.0401157
-14.9591,1.7171,-0.607195,0.694951,-1.372,-0.971192,-0.134617,-0.245741,-0.651635,-0.485413,-0.53785,-0.534268,0.54143,1.60528,0.13873,-0.392746,-0.660403,0.638567,0.985376,-0.0500592
-15.2685,1.50921,-0.603616,0.706841,-1.43305,-0.76297,-0.0138872,-0.282317,-0.646853,-0.338162,-0.84445,-0.525262,0.549017,1.89641,0.307741,-0.243683,-0.341815,0.627018,1.27627,0.00964563
-15.0885,1.49342,-0.506126,0.570086,-1.11513,-0.488332,-0.00676618,-0.400468,-0.879336,-0.368762,-0.79227,-0.725754,0.61762,1.82094,0.330734,-0.39886,-0.290025,0.400267,0.976492,0.122254
-15.0103,0.992088,-0.295914,0.244428,-1.27792,-0.337493,0.0617499,-0.58769,-0.89994,-0.309927,-1.02141,-0.759356,0.568405,1.97228,0.587615,-0.128392,-0.239282,0.346403,0.898082,-0.084895
-13.2064,1.03849,-0.74463,0.589548,-1.47017,-0.268578,-0.240992,-0.604106,-0.920698,-0.871724,-1.05681,-0.343763,0.900836,1.64913,0.236978,-0.372065,-0.0583505,0.525872,0.564044,-0.371525
-12.8741,1.31381,-0.910284,0.297016,-1.26159,-0.507959,-0.723808,-0.827841,-1.28239,-1.15369,-0.585439,0.407853,1.3482,1.28419,-0.270166,-0.262679,0.391815,0.549462,-0.181883,-0.541335
-12.8639,1.19866,-0.579827,0.129208,-1.24105,-0.554407,-0.072754,-0.902808,-1.32904,-0.874826,-0.608796,0.678514,1.46795,1.16648,-0.64396,-0.493934,0.0790279,0.459635,-0.461853,-0.431179
-12.9986,1.14724,-0.748658,0.267283,-1.0111,-0.697881,-0.183227,-0.985089,-1.19665,-0.841547,-0.332081,0.909993,1.4167,1.13339,-0.391977,-0.129107,-0.170651,0.451736,-0.47924,-0.475744
-12.0487,1.11242,-0.712844,0.509251,-1.27673,-0.148741,-0.444094,-0.777806,-1.56702,-0.706709,0.425515,0.856272,0.746378,0.442473,-0.304945,0.263245,0.0150258,-0.268668,-0.910296,-0.106837
-12.4182,1.20095,-0.696601,0.109927,-1.10206,0.0829797,-0.354317,-0.47517,-1.38835,-0.718358,0.572427,0.8625,0.808229,0.0813121,-0.563018,0.318706,-0.378694,-0.756935,-0.554185,0.135915
-12.7217,1.27418,-0.720055,0.20402,-1.08422,-0.108251,-0.611692,-0.67696,-1.35689,-0.725472,0.561934,0.848368,0.647369,0.412309,-0.298975,0.245535,-0.47698,-0.503259,-0.129866,0.276597
-13.1136,0.991642,-0.884887,0.207392,-0.853355,-0.352425,-0.494444,-0.595178,-1.23632,-0.651527,0.442451,0.798739,0.493982,0.241669,-0.148004,0.369665,-0.388447,-0.591579,-0.415938,0.247764
-12.5604,0.958255,-0.548653,0.41899,-1.07782,-0.171205,-0.346591,-0.582106,-1.18789,-0.641225,0.174596,0.662347,0.300548,0.0252365,0.0306279,0.415359,-0.796213,-0.369984,0.198922,0.231105
-12.7722,1.00861,-0.594386,0.320498,-0.78135,-0.12766,-0.671833,-0.63466,-1.22381,-0.286115,0.252591,0.988219,0.310913,0.0631165,0.338518,0.122077,-1.22317,-0.811265,0.431535,0.0208317
-13.1138,0.590546,-0.763023,0.48101,-0.843702,-0.605466,-0.641283,-0.649437,-1.32868,-0.277878,0.155147,1.08928,0.703923,0.235691,0.235455,-0.0115734,-1.10723,-0.729218,0.327592,-0.0332158
-13.3818,0.567598,-0.986109,0.311165,-0.721845,-0.60462,-0.672616,-0.364366,-0.810671,0.145791,0.326161,1.02677,0.546065,0.191657,0.279107,-0.0024612,-0.898099,-0.51409,0.139455,-0.0754245
-12.7766,0.487827,-1.00391,0.223649,-1.3228,-0.437294,-0.343328,-0.35384,-0.783302,0.14434,0.497071,0.463165,0.109507,0.436158,0.266311,-0.266694,-0.941088,0.183445,0.164708,0.111914
-12.5976,0.682042,-0.671118,0.0419533,-1.44271,-0.544734,-0.594622,-0.455308,-0.544047,0.330403,0.668314,0.852406,-0.0723445,0.38437,-0.159694,-0.214794,-0.965673,0.320507,0.201535,-0.00501312
-12.4468,1.04661,-0.790999,0.502481,-1.19919,-0.544018,-0.744876,-0.445864,-0.654465,0.0335974,0.630828,0.572013,-0.268442,0.175024,-0.201501,-0.037263,-0.725583,0.180772,-0.231344,0.329869
-12.3883,1.15303,-0.822373,0.378744,-1.57234,-0.635688,-0.459147,-0.378559,-1.06534,-0.076657,0.497,0.613852,-0.304878,0.206417,-0.186081,-0.119698,-0.703854,0.0115054,-0.196282,0.416677
-12.7784,1.02013,-0.722463,0.702783,-1.31209,-0.486433,-0.392434,-0.0327304,-0.766658,-0.253467,0.362288,0.31241,-0.603417,0.215168,-0.158007,-0.299925,-0.577446,0.149857,-0.375887,0.17101
-12.6555,1.04406,-0.552763,0.787923,-1.11947,-0.417775,-0.372391,0.0148774,-0.38456,-0.256786,0.0733979,-0.174179,-0.508436,0.0363047,-0.453355,-0.381659,-0.479107,0.279223,-0.534644,0.0480266
-12.2677,0.951914,-0.394104,0.514608,-1.43087,-0.442724,-0.209526,0.00177199,-0.344244,0.294835,0.331505,-0.0665975,-0.616285,0.0646532,-0.441498,-0.530095,-0.617777,0.134155,-0.433397,0.0589849
-11.7503,1.04267,-0.682566,0.244403,-1.29182,-0.500478,-0.330782,0.0540724,0.0640427,0.551129,-0.190324,-0.508473,-0.46395,0.150582,-0.552638,-0.155649,-0.0182084,-0.298274,-0.653067,0.146587
-12.2141,1.66498,-0.422954,0.233724,-1.24159,-0.455367,-0.276097,0.197979,-0.208749,0.468202,0.101111,-0.641774,-0.304319,-0.200317,-0.291379,0.085706,-0.0409742,-0.62156,-0.65853,-0.249719
-12.1189,1.84486,-0.105045,0.108509,-1.38606,-0.678687,-0.342385,0.329819,-0.243363,0.305305,0.0810291,-0.672839,-0.0658941,-0.109016,-0.533987,0.142655,-0.0853495,-0.787782,-0.553279,-0.175337
-12.1913,1.83504,-0.122137,0.307887,-1.45623,-0.502543,-0.151225,0.311645,-0.0363162,0.475183,-0.132359,-0.981963,-0.17169,-0.0572151,-0.410389,-0.054884,-0.101911,-0.709915,-0.446981,-0.166354
-12.031,1.95002,-0.367551,0.294583,-1.44155,-0.477959,-0.0740645,0.337943,0.0873654,0.374475,-0.178472,-0.819416,-0.182092,-0.179911,-0.393531,-0.0933138,-0.0443374,-0.836137,-0.573594,-0.0833832
-12.2566,1.69598,-0.236633,0.289417,-1.65174,-0.610468,-0.127888,0.435972,0.194097,0.339991,-0.323916,-0.685705,-0.116544,-0.517994,-0.534259,0.0742203,0.0215735,-0.999304,-0.662361,-0.16544
-12.6875,1.51151,0.134096,0.420011,-1.59107,-0.697749,-0.257734,0.651959,0.364728,0.206555,-0.488507,-0.665521,0.113963,-0.228356,-0.606503,0.144305,0.281905,-0.683091,-0.704149,-0.477843
-12.8733,1.00317,-0.278408,0.353547,-1.0232,-0.568756,-0.268823,0.663222,0.252049,0.327816,-0.250823,-0.731862,-0.270351,-0.251801,-0.0874736,0.672596,0.0947002,-0.933094,-0.770862,-0.516705
-13.0503,1.50725,-0.447279,-0.13439,-1.22139,-0.561701,-0.37956,0.410058,0.279334,0.197383,-0.176816,-0.384464,-0.173671,-0.082382,-0.0429903,0.18954,-0.0382336,-0.361399,-0.388921,-0.462808
-13.1589,1.48516,-0.345267,0.239285,-1.43845,-0.790479,-0.282333,0.467594,0.419332,0.297909,-0.21103,-0.666096,0.0144505,-0.345064,0.146845,0.495067,0.0289431,-0.835958,-0.271136,-0.55808
-13.6543,1.77034,-0.425257,-0.243164,-1.63242,-0.536551,-0.490582,0.331795,0.710954,0.263201,-0.382504,-0.507534,0.42823,-0.508862,0.156261,0.338851,-0.0817653,-0.771814,-0.309143,-0.49581
-14.0054,1.74149,-0.47052,-0.297308,-1.41661,-0.508891,-0.2053,0.632935,0.740987,0.175499,-0.321605,-0.51056,0.152268,-0.291226,0.129056,0.370101,0.102404,-0.808762,-0.0571153,-0.404005
-13.9523,1.9011,-0.274043,-0.106172,-1.24012,-0.484831,-0.28631,0.314013,0.500645,-0.0401923,-0.410823,-0.581955,0.239063,-0.230283,-0.0409107,0.191024,0.287552,-0.850093,-0.366272,-0.59411
-13.9673,1.62947,0.112461,0.250028,-1.33924,-0.505085,-0.145168,0.403481,0.623711,-0.0987434,-0.762598,-0.900357,0.501915,-0.151873,-0.211333,0.25969,-0.0674269,-1.15649,-0.515149,-0.397902
-13.8459,1.57252,-0.381866,0.451538,-1.06435,-0.366842,-0.314531,0.530792,0.33714,-0.111964,-0.876467,-0.83893,0.0788573,-0.390771,-0.117122,0.466368,-0.165817,-1.10438,-0.469344,-0.490373
-14.1325,1.55159,-0.155807,0.584251,-1.0314,-0.221527,-0.452668,0.450648,0.689217,0.361155,-0.795691,-0.846404,-0.078281,-0.726682,0.0245348,0.489798,-0.231535,-1.28804,-0.288885,-0.492249
-14.1914,1.85977,-0.212642,0.419794,-1.18357,-0.17379,-0.261459,0.673379,0.46389,0.252381,-0.710933,-0.834432,0.088925,-0.540346,-0.0866802,0.588227,-0.433857,-1.42769,-0.202847,-0.23242
-14.3061,1.70778,-0.353994,0.219131,-1.14354,-0.300509,-0.083076,0.720909,0.437294,0.43528,-0.859436,-0.981223,0.132142,-0.777602,0.00419459,0.592799,-0.213877,-1.25141,-0.345225,-0.573127
-14.2018,1.97749,0.0575912,0.153669,-1.12885,-0.356796,-0.00167918,0.445175,0.4838,0.309984,-1.0124,-1.0804,0.290884,-0.65342,0.0801583,0.629432,0.0172097,-1.1363,-0.220478,-0.527842
-14.4089,1.57431,0.216987,0.281372,-1.23617,-0.377614,0.0273425,0.553333,0.605839,0.187814,-0.822488,-0.955404,0.427983,-0.695045,0.0127697,0.666675,0.0246873,-1.15473,-0.434483,-0.458499
-14.7488,1.19354,0.0310336,0.43804,-1.19279,-0.689171,0.158215,0.855462,0.662149,0.329338,-0.694889,-0.788316,0.26255,-0.52725,0.173005,0.674516,-0.0456874,-1.18245,-0.486852,-0.63276
-14.9286,0.794436,-0.510605,0.285132,-1.01696,-0.777339,0.256799,0.843863,0.803928,0.818553,-0.643282,-0.776239,0.186342,-0.484202,0.351098,0.721368,-0.102923,-1.21918,-0.265004,-0.490501
-14.8693,1.0232,-0.221447,0.165695,-0.911352,-0.720572,-0.0651585,0.712763,0.871959,0.0418749,-0.655883,-0.748611,0.0547952,-0.332448,0.263104,0.960924,-0.0195066,-1.47456,-0.402329,-0.196738
-14.4532,1.15686,-0.0114379,0.0102463,-0.966613,-0.609606,-0.148961,0.46028,0.694554,-0.175138,-0.785035,-0.777055,-0.029333,-0.237825,0.0945097,0.82154,-0.0207273,-1.29185,-0.0746191,-0.430986
-14.2284,1.14241,-0.173198,-0.0586195,-1.17261,-0.448982,-0.0423309,0.500485,0.610594,-0.467499,-0.873584,-0.668345,0.27012,-0.497754,0.0548585,0.92927,0.0351619,-1.20122,-0.107876,-0.59097
-14.1921,0.981472,-0.164802,-0.0559411,-1.23036,-1.05197,0.166685,1.00881,0.604632,-0.300523,-0.841667,-0.748824,0.377204,-0.605257,-0.0723189,0.505268,-0.0860638,-1.08435,-0.116572,-0.562762
-13.6432,1.10628,-0.304416,-0.173269,-1.17083,-0.837208,-0.00965377,0.745257,0.475735,0.00950347,-0.766324,-0.787859,0.317495,-0.398925,0.135105,0.640507,-0.0305868,-0.849364,-0.0535172,-0.520603
-13.4497,1.25066,-0.161993,-0.120397,-0.968284,-0.609926,-0.156139,0.636412,0.265564,0.0858941,-0.687639,-0.784891,0.0753213,-0.310626,-0.262275,0.476264,-0.106307,-0.910617,-0.479313,-0.572573
-13.1603,1.62262,0.142993,0.101756,-1.1729,-0.551168,-0.26982,0.481217,0.417807,-0.0969932,-0.700164,-0.766721,0.294767,-0.473528,-0.161651,0.626981,-0.0877373,-1.24308,-0.651105,-0.605985
-13.1642,1.73739,0.541509,0.336054,-1.00861,-0.514325,-0.0128399,0.55549,0.448206,-0.218246,-0.962525,-0.675252,0.168911,-0.423213,-0.0262598,0.939303,-0.307657,-1.62694,-0.534376,-0.726456
-12.8164,1.69354,0.258449,0.356996,-0.744866,-0.684095,-0.218745,0.672997,0.522674,-0.403283,-0.911661,-0.548694,-0.0830374,-0.340229,-0.355436,0.672725,-0.232013,-1.39394,-0.581036,-0.828104
-12.8912,1.45034,0.310069,0.496435,-0.811059,-0.632043,-0.255155,0.530275,0.587883,-0.487362,-0.855426,-0.703248,-0.0563372,-0.167095,-0.367393,0.394987,-0.233914,-1.43532,-0.797155,-0.932603
-12.6661,1.54793,0.28419,0.382097,-1.25851,-0.762326,-0.0611592,0.750132,0.373231,-0.750374,-0.697897,-0.608812,-0.0155483,-0.719577,-0.237285,0.143472,-0.274306,-1.32452,-0.388533,-0.604652
-12.375,1.78258,0.314221,0.155932,-1.20423,-0.775362,-0.170557,0.598657,0.241785,-0.209717,-0.806714,-0.746633,0.19275,-0.780958,-0.322704,0.567996,-0.234066,-1.35218,-0.640694,-0.730349
-12.7069,1.77959,0.615257,-0.0446601,-1.18689,-0.607441,-0.0190513,0.512445,0.35249,-0.179306,-0.369128,-0.594705,-0.258454,-0.258179,-0.0143886,0.0552131,-0.244405,-1.03435,-0.667368,-0.899915
-12.9857,1.53911,0.355908,0.0295649,-1.33015,-0.99953,0.0751202,0.869988,0.693304,-0.0578776,-0.651005,-0.774186,0.22967,-0.465297,-0.0346809,0.251906,-0.357572,-1.26419,-0.431294,-0.798331
-12.9233,1.38869,-0.16496,-0.0983998,-1.05844,-0.866897,0.215609,0.816287,0.752706,-0.21681,-0.916919,-0.769328,0.227301,-0.596383,-0.018288,0.785675,-0.33361,-1.48402,-0.604365,-0.645773
-13.1102,1.71563,0.218836,-0.157632,-1.0816,-0.858712,0.0509972,0.642587,0.640305,-0.641773,-1.05469,-0.654902,-0.156571,-0.307759,-0.270679,0.818233,-0.576341,-1.70896,-0.479069,-0.516304
-13.4485,1.85001,0.585944,-0.297129,-0.889216,-0.6997,-0.254442,0.391677,1.04169,-0.50381,-1.20525,-0.537967,-0.0588608,-0.400501,-0.211325,0.737195,-0.573654,-1.75809,-0.558947,-0.557221
-13.591,1.63132,0.358509,0.0856067,-0.842601,-1.12431,-0.213568,0.588188,0.795038,-0.626308,-1.14593,-0.689362,0.318655,-0.434181,-0.126169,0.288399,-0.525892,-1.7518,-0.551308,-0.363294
-13.8103,1.46616,0.331183,-0.266232,-1.19025,-1.16462,0.202983,0.783083,0.709832,-0.291013,-1.38086,-0.708174,0.554791,-0.613014,-0.274827,0.390915,-0.43598,-1.56514,-0.446446,-0.510574
-14.3213,1.17156,0.871795,-0.0203658,-1.25763,-0.929128,-0.0729393,0.826028,0.855437,-0.0720949,-1.07124,-0.972724,0.214946,-0.263476,-0.156147,0.685016,-0.362694,-1.60619,-0.560395,-0.578905
-14.1249,1.48883,0.812078,0.0908304,-1.19966,-0.940466,0.119092,0.820437,1.04328,0.104191,-0.884451,-0.508906,0.510035,-0.640941,-0.186566,0.650143,-0.327293,-1.63628,-0.553065,-0.730006
-13.9705,1.48832,0.462249,-0.0378709,-1.1992,-1.22547,0.193601,0.832185,1.00763,-0.169051,-1.15261,-0.882085,0.307304,-0.665784,-0.477029,0.724083,-0.430883,-1.76664,-0.416542,-0.63562
-14.1893,1.5468,0.493191,-0.137612,-1.01585,-0.937817,0.309245,0.856267,0.940185,-0.581431,-1.21132,-0.431301,0.00645401,-0.652509,-0.495541,1.0925,-0.332274,-1.95053,-0.335234,-0.439304
-14.9408,1.64733,0.903198,0.110203,-1.01198,-1.18577,-0.0103811,0.836501,1.15884,-0.542394,-1.21364,-0.755215,0.012295,-0.447003,-0.515555,0.988077,-0.553927,-1.61683,-0.435266,-0.496333
-14.9089,1.56291,0.842064,0.251624,-0.725137,-1.13379,-0.206167,0.684595,1.13337,-0.503539,-1.19964,-0.66451,0.120407,-0.401139,-0.216914,0.827699,-0.64178,-1.79094,-0.203227,-0.355039
-14.5483,1.62232,0.911428,0.069571,-0.917563,-1.09148,-0.054766,0.643073,0.633049,-0.191457,-1.03898,-0.827611,0.286337,-0.918492,-0.17019,1.22087,-0.265163,-1.72125,-0.417173,-0.396115
-15.019,1.57753,0.975173,0.0947761,-1.08935,-0.67609,0.0629031,0.658894,0.770507,-0.217013,-0.999163,-1.28661,0.198163,-0.506086,-0.17431,1.15406,-0.332186,-1.55137,-0.363508,-0.510149
-14.9861,1.10836,0.584911,0.00851644,-1.01812,-0.681612,0.277968,0.667735,0.82865,-0.134002,-1.26516,-1.13829,0.356266,-0.48975,-0.277961,0.978818,-0.189851,-1.29951,-0.139662,-0.568734
-15.1662,1.52001,0.175323,-0.253716,-0.972811,-1.00798,0.18999,0.597607,1.00165,0.0885564,-1.29593,-0.877105,0.425634,-0.808366,-0.167713,1.12965,-0.0791947,-1.72692,-0.446794,-0.546194
-15.226,1.66963,0.420948,-0.287736,-0.748257,-0.863495,0.307251,0.820635,1.14258,-0.275332,-1.06365,-0.279295,0.180215,-0.675651,-0.448693,1.31885,-0.203486,-1.69558,-0.60644,-0.598069
-15.6158,1.72647,0.576966,0.00407933,-0.868913,-0.809672,-0.157407,0.994354,1.19696,-0.419076,-1.38402,-0.666102,0.0148718,-0.337541,-0.63921,0.925382,-0.100434,-1.47056,-0.0957455,-0.422287
-15.7145,1.33273,0.841148,-0.0757953,-0.61058,-0.785473,-0.0176402,0.810199,0.993619,-0.265638,-1.26113,-0.511646,0.350462,-0.51326,-0.397058,0.907865,-0.158901,-1.59421,-0.149004,-0.458429
-15.6797,1.10069,0.844357,0.262939,-0.908813,-0.997191,-0.300286,1.10489,1.08704,-0.159982,-1.49583,-0.672918,0.681765,-0.455453,-0.207882,1.00035,-0.328434,-1.42387,0.0659443,-0.385405
-15.477,1.54269,0.446449,-0.0112582,-1.26409,-0.782138,-0.0569775,0.647458,0.648847,0.0927574,-0.86736,-0.91208,0.481572,-0.518357,-0.162884,1.27809,-0.0689081,-1.2372,-0.181086,-0.517035
-15.2054,1.18988,0.291904,-0.04596,-0.995259,-1.23009,-0.540251,0.636994,0.576761,0.217638,-0.919841,-0.649489,0.326056,-0.232684,-0.0337717,1.18867,-0.000154565,-1.29634,0.00767103,-0.672342
-14.2681,1.62914,-0.197665,-0.259942,-0.998814,-0.947004,-0.0814801,0.751447,0.817667,-0.112651,-0.86107,-0.182141,0.241999,-0.342765,-0.405826,0.537039,-0.0429826,-0.918882,-0.445434,-0.642014
-14.3498,2.01848,0.21785,0.473004,-0.918466,-0.988996,-0.493742,0.857226,0.903777,-0.071827,-0.777806,-0.413569,0.216278,-0.369495,-0.0469262,0.316376,-0.282298,-1.20308,-0.487478,-0.424655
-13.8503,2.18569,0.58396,0.347383,-1.15519,-0.84422,-0.471643,0.68528,0.595195,-0.385219,-0.715829,-0.314925,-0.169328,-0.152622,-0.161689,-0.0205542,-0.38816,-1.28092,-0.530105,-0.55634
-13.684,2.35953,0.159516,0.432502,-0.724997,-0.822435,-0.359391,0.570915,0.11435,-0.612408,-0.439432,-0.19905,-0.19336,-0.509665,-0.13289,0.123597,-0.371485,-1.40616,-0.665345,-0.228474
-13.8021,2.25718,-0.115325,0.49282,-0.876798,-0.583344,-0.282871,0.178055,0.0298091,-0.429239,-0.561448,-0.0326313,0.0444241,-0.811888,0.0530132,0.503046,-0.197781,-1.33652,-0.626098,-0.562274
-14.2082,1.90326,-0.136881,0.347317,-0.714712,-0.191337,-0.251308,0.262278,0.285242,-0.355199,-1.0597,-0.633793,0.262233,-0.697998,-0.0733897,0.60848,-0.367693,-1.30867,-0.331013,-0.505722
-14.6776,1.68081,-0.222621,0.508815,-0.731006,-0.465132,-0.359607,0.41446,0.0933234,-0.498381,-0.630877,-0.347595,0.0813384,-0.674474,-0.225359,0.344752,-0.379427,-1.28022,-0.472591,-0.316039
-14.2687,2.08952,0.162654,0.669981,-0.278881,-0.637751,-0.708929,0.490282,-0.0413939,-0.46708,-0.614173,-0.409691,0.129514,-0.730719,-0.324829,-0.231407,-0.458368,-1.00975,-0.454145,-0.382597
-13.8634,2.40363,-0.0262695,0.461152,-0.631868,-0.571088,-0.584187,0.383838,0.151919,-0.485586,-0.592027,-0.483904,-0.198955,-0.358212,-0.210617,-0.0532672,-0.169928,-1.09379,-0.947614,-0.654801
-13.7691,2.74213,-0.160363,0.357076,-0.847381,-0.6125,-0.531002,0.441809,0.067644,-0.72721,-0.65125,-0.570895,-0.108389,-0.136356,-0.345393,-0.0243767,-0.275538,-0.973349,-0.585778,-0.696267
-13.6718,2.80096,0.122663,0.219284,-0.896184,-0.614589,-0.325077,0.31938,0.311239,-0.60951,-0.719409,-0.284058,-0.0136728,-0.401617,-0.310693,0.0135263,-0.302874,-1.07241,-0.774045,-0.570436
-13.504,2.72591,-0.049334,0.317112,-0.824992,-0.374346,-0.0393573,0.256137,-0.0462416,-0.544034,-0.619877,-0.506845,0.0246448,-0.665096,-0.336118,0.258421,-0.46357,-1.12047,-0.672744,-0.474378
-13.9703,2.70076,-0.029039,0.482993,-0.634388,-0.512879,0.00813539,0.326998,-0.197271,-0.251117,-0.569731,-0.260113,-0.211909,-0.718378,-0.411859,0.0774755,-0.428827,-1.17992,-0.574618,-0.297538
-14.2792,2.55572,0.236161,0.477506,-0.472641,-0.414702,-0.257434,0.00760646,-0.0951396,-0.32694,-0.673986,-0.213436,-0.0944002,-0.752033,-0.555393,0.243244,-0.516721,-1.21174,-0.498928,-0.441217
-14.6774,2.85489,0.0335427,0.639482,-0.370395,-0.258428,-0.209527,0.144414,-0.0351778,-0.301682,-0.450454,-0.292011,-0.159315,-0.595323,-0.305802,0.0211537,-0.644336,-1.09967,-0.46813,-0.358582
-14.8139,2.76079,-0.283651,0.51178,-0.562472,-0.329004,-0.0815841,0.332012,0.179657,-0.542972,-0.56891,-0.414059,-0.290493,-0.457356,-0.357216,0.0281697,-0.640125,-1.26054,-0.660687,-0.677366
-14.8877,2.67874,-0.142518,0.502498,-0.65029,-0.317159,-0.406576,0.292969,0.374833,-0.554099,-0.422688,-0.53514,-0.317105,-0.177768,-0.480006,0.0560657,-0.623995,-1.34112,-0.580519,-0.392943
-15.1203,2.61253,-0.0793827,0.323494,-0.722058,-0.204764,-0.137967,0.0883485,0.0732326,-0.657244,-0.66118,-0.345851,0.207795,-0.22508,-0.302838,0.192937,-0.525245,-1.37622,-0.575007,-0.289083
-15.4751,2.43685,-0.0519192,0.689861,-0.794513,-0.16518,0.262538,0.639173,0.0357987,-0.550484,-0.488822,-0.376352,0.0253864,-0.370929,-0.386475,0.142048,-0.673476,-1.20705,-0.61989,-0.385364
-15.3773,3.005,0.0647828,0.770112,-0.87027,-0.373724,-0.128276,0.302526,0.130746,-0.263709,-0.704981,-0.451716,0.12674,-0.437687,-0.34534,0.0493064,-0.449051,-1.1402,-0.568372,-0.461523
-15.3157,3.10314,0.235165,0.740031,-0.651172,-0.409115,-0.576486,0.0870743,0.296563,-0.33461,-0.795739,-0.30884,0.316401,-0.340631,-0.352496,0.175514,-0.475924,-1.22461,-0.506714,-0.520637
-15.8879,2.98616,0.172682,0.591355,-0.431405,-0.172746,-0.706068,-0.0449362,0.18268,-0.577605,-0.623544,-0.107207,-0.183538,-0.364605,-0.189739,0.145297,-0.558392,-1.26467,-0.426911,-0.607547
-16.029,3.25262,-0.112591,0.47348,-0.666157,-0.0756587,-0.140525,0.357399,-0.0382642,-0.534967,-0.386001,-0.440425,-0.151806,-0.276033,-0.236301,0.135055,-0.4267,-1.26998,-0.516716,-0.209312
-16.1363,3.21847,0.042187,0.360378,-0.926724,-0.256397,-0.326867,0.0803834,0.217615,-0.2291,-0.395142,-0.515598,-0.118121,-0.280586,-0.179531,0.148723,-0.610167,-1.26854,-0.634442,-0.656402
-16.1409,3.05857,0.0793203,0.535584,-0.83112,-0.491403,0.0335759,0.0525015,0.0598075,-0.624999,-0.372429,-0.350877,-0.133597,-0.129801,-0.288259,0.19175,-0.620758,-1.1136,-0.649905,-0.533623
-16.4168,2.83578,0.280321,0.299135,-0.750782,-0.483363,-0.444918,0.508924,0.389852,-0.417836,-0.248325,-0.41767,-0.142925,-0.0995672,-0.0923398,0.343478,-0.573599,-1.36393,-0.643789,-0.454681
-16.2182,2.79386,-0.0493769,0.180935,-0.739684,-0.392557,-0.0207787,0.262389,0.378534,-0.382645,-0.495725,-0.551948,0.206775,-0.244523,-0.197313,0.605861,-0.422114,-1.01487,-0.448988,-0.455339
-16.3667,2.54744,0.0352448,0.152568,-0.750381,-0.628427,-0.18117,0.0947272,0.117418,-0.317923,-0.582691,-0.271409,0.503651,-0.303241,-0.0313748,0.596038,-0.457588,-1.03826,-0.438691,-0.372472
-16.4883,2.4182,0.141602,0.123731,-0.650946,-0.966675,-0.32702,0.183236,0.0627504,-0.0462737,-0.446035,-0.282751,0.26475,-0.301652,-0.047524,0.417801,-0.672898,-1.28345,-0.657445,-0.440844
-16.4591,2.67984,0.192014,0.145078,-0.492757,-0.550548,-0.205527,0.20219,0.404194,0.0150384,-0.959392,-0.563899,0.557457,-0.260517,-0.127238,0.468849,-0.644195,-1.23041,-0.475846,-0.585048
-16.2642,2.0927,0.0383398,0.477734,-0.474472,-0.506579,-0.0193754,0.625241,0.447566,-0.221748,-0.892569,-0.628769,0.179449,-0.567344,-0.0391999,0.488422,-0.559829,-1.1061,-0.599896,-0.519399
-16.1534,1.86953,0.176279,0.445233,-0.654176,-0.555586,0.129233,0.787823,0.728333,-0.0804861,-0.998208,-0.449778,0.495507,-0.500999,-0.10598,0.602763,-0.639777,-1.24081,-0.54892,-0.452851
-16.2537,1.93348,0.209433,0.325611,-0.492123,-0.794182,-0.0564229,0.697355,0.600549,-0.151361,-0.778036,-0.56164,0.439161,-0.437374,0.0681851,1.00833,-0.432787,-1.37617,-0.474295,-0.687409
-16.4009,1.9596,0.154663,0.061627,-0.669386,-0.957834,-0.0563514,0.781228,0.728367,-0.340469,-1.07259,-0.584147,0.870379,-0.367319,-0.120703,0.961072,-0.423112,-1.29686,-0.411778,-0.492011
-16.307,1.82339,0.25375,-0.0556564,-0.862713,-0.815019,-0.199457,0.503845,0.812681,-0.313349,-1.05518,-0.606602,0.791931,-0.413827,-0.0777822,1.01741,-0.439549,-1.34548,-0.485092,-0.587571
-16.1324,1.60965,0.248936,0.057929,-0.705773,-0.891075,-0.0503789,0.708598,0.774104,-0.25676,-1.17656,-0.827102,0.637351,-0.636961,-0.0684997,1.14532,-0.670974,-1.36325,-0.310884,-0.625601
-15.863,1.58879,0.439552,0.0855493,-0.702431,-0.920317,-0.318979,0.636325,1.13786,-0.19247,-1.24344,-0.700024,0.690961,-0.590966,-0.112046,1.29835,-0.590119,-1.49366,-0.256185,-0.575288
-15.7374,1.37795,0.484908,0.0134865,-0.780317,-0.968762,-0.0924862,0.867671,1.11968,-0.31883,-1.32239,-0.802104,0.735839,-0.529032,-0.128591,1.40405,-0.553368,-1.57714,-0.382219,-0.667615
-15.7293,1.27611,0.691809,-0.0224249,-0.956173,-0.964126,0.120936,1.15132,1.3074,-0.270407,-1.57844,-0.852781,0.85292,-0.70834,-0.245646,1.43389,-0.550724,-1.69738,-0.194939,-0.424296
-15.6415,1.18852,0.395248,-0.129256,-0.955016,-1.01444,-0.0430427,0.986454,1.21555,-0.24525,-1.47566,-0.809671,0.384891,-0.831047,-0.08445,1.61956,-0.469586,-1.85855,-0.276454,-0.537145
-15.8427,1.43284,0.491768,0.149893,-1.22077,-1.28388,-0.0211199,1.19635,1.40487,-0.557685,-1.4535,-0.658499,0.789379,-0.633287,-0.189244,1.49193,-0.285285,-1.61506,0.0290798,-0.510661
-16.1593,1.43981,0.318739,0.175132,-1.06401,-0.91894,-0.0829583,0.905899,1.26595,-0.401427,-1.20908,-0.715723,0.762057,-0.528276,-0.123181,1.53849,-0.258893,-1.73225,-0.036171,-0.551658
-15.2277,1.17783,0.291877,0.423661,-1.12313,-0.998183,-0.0613115,0.43945,0.770588,-0.200744,-1.11536,-0.989818,0.371091,-0.318261,-0.731581,1.47272,0.352968,-1.56933,0.236134,-0.378796
-15.4037,1.02904,0.204173,0.967215,-1.57304,-1.03941,-0.0135989,0.609552,0.835332,0.300673,-1.15066,-1.10711,-0.0418037,0.155889,-0.649786,1.37649,0.660282,-1.56185,-0.0986493,-0.371012
-15.4916,0.877542,0.247466,0.651216,-1.72101,-1.16624,0.173776,1.10103,1.21952,0.232599,-1.5235,-1.20221,0.145575,0.362682,-0.901252,1.38066,0.84477,-1.64138,-0.196058,-0.437122
-15.3135,0.923454,0.393498,0.464481,-1.86697,-1.3984,0.077613,1.2135,1.29772,0.456169,-1.44566,-1.24354,-0.06501,0.449449,-0.975637,1.29467,0.863797,-1.50264,-0.075357,-0.22404
-15.6499,0.804472,0.455824,0.373952,-1.48104,-1.15982,0.132774,1.39211,1.43967,0.532621,-1.3554,-1.27917,-0.135599,0.398937,-0.746522,1.69887,0.857536,-1.76553,-0.0460675,-0.133784
-15.6623,0.849099,0.33389,0.392802,-1.55468,-1.08187,0.296984,1.32597,1.40654,0.312139,-1.46963,-1.17341,-0.0415825,0.309373,-0.899159,1.38575,0.981764,-1.7186,-0.393332,-0.0331344
-15.3962,0.493091,0.613152,0.664386,-1.72007,-1.46133,-0.0767044,1.47481,1.41972,0.248267,-1.56467,-1.25996,0.233302,0.254944,-0.98941,1.21106,1.25744,-1.21815,-0.342921,0.0110228
-14.9544,0.543392,0.32989,0.510085,-1.56049,-1.20509,-0.187946,1.16391,1.1278,0.479227,-1.20347,-1.13859,0.194358,0.174582,-0.872501,1.08025,1.30021,-1.47123,-0.518318,-0.170197
-14.0299,1.22445,0.922319,0.94121,-1.01924,-0.639444,0.0578031,1.10331,0.919172,0.490006,-0.817632,-1.1338,-0.24129,-0.246192,-1.05986,1.11047,1.09508,-1.60892,-0.508914,0.0288038
-14.1049,1.90402,0.92818,1.13001,-0.827883,-0.407147,0.272722,1.01826,0.924672,0.202667,-0.930644,-1.0217,-0.251258,-0.11842,-0.759419,0.821971,1.18865,-1.10031,-0.283454,-0.248372
-14.2271,1.66706,0.450208,0.67542,-0.660478,-0.488055,0.165379,0.770985,1.22716,0.148077,-0.641604,-1.0789,-0.418404,0.0588413,-0.475611,0.891336,0.925437,-0.647597,-0.12269,-0.167962
-13.613,1.29969,-0.511088,0.850231,-0.798398,-0.317645,0.16984,0.530681,1.04411,0.319315,-0.471499,-1.08208,-0.106068,0.440482,-0.30536,0.654922,0.6961,-0.0923219,-0.410003,-0.0932861
-13.4598,1.38492,-0.256048,0.779148,-0.778567,-0.115972,-0.00358595,0.504336,1.17458,0.344057,-0.113378,-1.10421,-0.526907,0.197662,-0.346749,0.497829,0.484284,-0.0246567,-0.482195,-0.255362
-13.4588,1.09004,-0.157572,0.792453,-0.783718,-0.213284,0.020482,0.415364,1.14148,0.417912,-0.0407196,-1.15981,-0.470572,0.137879,-0.707746,0.332628,0.578375,0.317151,-0.43343,-0.191774
-13.2247,1.10791,-0.109662,0.864,-0.708281,0.02061,-0.1031,0.418587,1.25591,0.339688,0.0359453,-1.49861,-0.831928,0.186615,-0.685497,0.249715,0.597485,0.34603,-0.534086,-0.144565
-12.9564,0.903246,-0.485775,0.611855,-0.891282,-0.13075,-0.208489,0.409203,1.61247,0.654753,0.241018,-1.19975,-0.628058,0.0994434,-0.863629,0.0933043,0.330442,0.00849355,-0.464529,-0.232004
-12.7017,0.952924,-0.435089,0.423851,-0.942053,-0.197068,-0.324649,0.385812,1.49378,0.728807,0.125146,-1.21978,-0.504162,0.0956137,-0.76573,0.0735939,0.476324,0.0330737,-0.361866,-0.0149649
-12.9721,0.73577,-0.520072,0.506578,-1.11793,-0.550942,-0.509983,0.465089,1.6086,0.921469,0.209661,-0.968145,-0.501262,0.13199,-0.658139,0.0210482,0.265395,0.0646667,-0.397401,-0.119399
-13.4176,0.687046,-0.372258,0.606566,-0.716035,-0.233573,-0.283654,0.587685,1.55579,0.789842,0.100602,-1.34385,-1.04418,-0.324991,-0.58323,0.0935403,0.314331,0.272621,-0.0799161,-0.19997
-13.2077,0.919837,-0.351621,0.269283,-0.871605,0.176301,-0.310278,0.463558,1.28138,0.823358,0.471362,-0.937583,-0.552162,-0.181177,-0.475624,-0.0733216,0.256909,0.249573,-0.206198,-0.484207
-13.1763,0.823965,-0.373285,0.364178,-1.10255,-0.057799,-0.254918,0.31721,0.974957,0.823948,0.290508,-0.995894,-0.706728,0.0797561,-0.5485,-0.300167,0.184319,0.303536,0.0196158,-0.42879
-12.9883,0.801767,-0.116293,0.608921,-0.859228,0.0239765,-0.418251,0.404354,0.974825,0.716606,0.154247,-1.08345,-0.75802,-0.0975858,-0.570226,-0.157822,0.191557,0.527259,0.0233607,-0.187204
-12.4805,0.803,-0.216642,0.720774,-0.30435,-0.235411,-0.521572,0.000423475,0.609524,0.447535,0.221363,-1.1011,-1.02606,-0.131339,-0.717679,-0.19014,0.205952,0.50454,-0.155623,-0.277689
-13.0527,0.907137,-0.34898,0.983674,-0.317019,-0.490166,-0.0962215,0.693195,0.738641,0.28469,0.197956,-1.12652,-0.485632,0.00312623,-0.529758,-0.0991597,0.323499,0.352093,-0.355143,-0.208823
-13.1848,1.26751,-0.708524,0.75754,-0.522699,-0.16264,-0.437934,0.462196,0.802377,0.339892,0.228038,-0.821698,-0.69934,-0.254558,-0.435625,0.0442713,0.141394,0.29614,-0.03302,-0.232422
-13.6129,1.23852,-0.736503,0.766678,-0.643395,-0.44631,-0.233266,0.175608,0.521602,0.674486,0.20171,-0.396812,-0.61682,-0.30462,-0.226832,-0.0685183,0.362968,0.44736,-0.16626,-0.233871
-13.1863,1.57085,-0.517117,1.1587,-0.632914,-0.521214,-0.19738,0.0400967,0.329659,0.771553,0.146733,-0.52985,-0.737441,-0.477405,-0.202568,0.00465231,0.16446,0.307789,0.0555073,-0.127547
-13.1757,1.7279,-0.441089,0.960965,-0.798897,-0.301072,-0.0478859,0.0750229,0.267709,0.528561,0.083098,-0.577328,-0.828767,-0.659064,-0.258243,-0.165041,0.23391,-0.0748478,0.258265,0.127606
-13.3777,1.38352,-0.705411,0.698907,-0.64548,-0.604169,-0.261277,0.218116,0.421734,0.596619,0.0747849,-0.685889,-0.568296,-0.233841,-0.153416,0.0562589,0.526313,0.100947,0.213493,0.0233977
-13.5899,1.52714,-0.239647,1.03531,-0.607159,-0.624183,-0.321903,0.360173,0.449701,0.547545,-0.0243458,-0.646997,-0.541591,-0.244368,-0.17669,-0.0410906,0.103443,-0.114413,0.0908379,-0.0537168
-14.1987,1.02829,-0.479773,0.422788,-1.12466,-0.410841,-0.342204,0.484302,0.544018,0.608317,0.197303,-0.487874,-0.3364,-0.233501,-0.165617,0.116787,0.113066,0.0669755,0.360143,-0.265186
-13.4577,1.46259,-0.132992,0.924787,-0.848752,-0.331777,-0.519984,-0.0395141,0.323725,0.245753,-0.295658,-0.740749,-0.566193,-0.322434,-0.11154,-0.161061,0.00274021,0.0208452,0.0999667,-0.181005
-13.2556,1.31127,-0.158993,0.853299,-0.821403,-0.107402,-0.0985042,0.264165,0.437799,0.347906,-0.264626,-0.675741,-0.615228,-0.425027,-0.205986,-0.265582,-0.143992,-0.0954379,0.104182,0.00881633
-13.2581,1.56021,0.0672446,0.563768,-1.20432,-0.372127,-0.209168,0.139519,0.178526,0.0759741,-0.257181,-0.425515,-0.246904,-0.315258,-0.233931,-0.0745102,-0.214357,-0.384688,0.26967,0.152723
-13.1078,1.84787,-0.195859,0.495515,-1.09328,-0.38799,-0.20518,0.104548,0.0121582,0.350795,0.00563245,-0.422238,-0.364803,-0.173109,-0.16559,-0.324411,-0.463244,-0.479976,0.212084,0.113139
-13.2819,1.60199,-0.420877,0.619262,-0.973494,-0.302713,-0.26333,-0.131717,0.0775981,0.514546,-0.0586319,-0.385113,-0.316375,-0.326303,-0.511952,-0.714066,-0.371313,-0.548776,0.001909,0.342438
-13.5254,1.65698,-0.0165673,0.799157,-1.33561,-0.400097,-0.403536,-0.189608,-0.272947,0.361898,0.137868,-0.17351,-0.156855,-0.389325,-0.29628,-0.523541,-0.519895,-0.55664,0.128883,-0.0174507
-13.4061,1.66385,0.184179,0.929947,-0.96893,-0.448737,-0.764767,-0.408713,-0.0422855,0.493724,0.0191217,0.0905342,-0.302603,-0.481746,-0.059801,-0.188458,-0.504031,-0.634549,0.00529283,-0.237591
-13.4592,1.46978,0.205602,0.97143,-0.886969,-0.596601,-0.643398,-0.0537173,0.0303662,0.614599,0.0688554,-0.11618,-0.120871,-0.15919,-0.110106,-0.210373,-0.382816,-0.620459,0.0425669,-0.469665
-13.4808,1.15107,-0.100249,0.966795,-0.647812,-0.294583,-0.499782,-0.187574,-0.136485,0.577585,-0.0623017,-0.461643,-0.430341,-0.264378,-0.118486,-0.291523,-0.368968,-0.610665,-0.0251817,-0.406209
-13.4985,1.32162,0.387868,0.898872,-0.855013,-0.407936,-0.491849,0.0266494,-0.146753,0.343594,0.0469777,-0.205961,-0.196827,-0.431786,-0.190825,-0.368133,-0.427541,-0.509254,0.130122,-0.213284
-13.1379,1.44874,0.339569,0.757652,-1.10257,-0.261284,-0.652455,-0.0576065,0.0225276,0.587537,0.0312718,-0.211127,-0.294423,-0.530649,-0.106503,-0.205472,-0.662078,-0.716412,0.115693,-0.153865
-13.527,1.18597,0.322436,0.606415,-1.39838,-0.630764,-0.906134,-0.0784256,-0.257326,0.49996,0.106314,-0.181661,-0.522876,-0.873173,-0.0830307,-0.322467,-0.74369,-0.840232,-0.121276,-0.325585
-13.4646,1.12923,0.439638,0.925572,-1.22253,-0.402744,-0.962658,-0.160327,0.028865,0.706137,0.0276906,-0.312939,-0.437824,-0.611992,0.24197,-0.189204,-0.821046,-0.643793,0.0941212,-0.00435672
-13.4974,0.958077,0.19531,0.588076,-1.16941,-0.242513,-0.791821,-0.235408,-0.21589,0.723485,0.245698,-0.158443,-0.201062,-0.285962,0.272996,-0.249905,-0.873844,-0.681722,0.247286,0.03642
-13.4204,0.918964,0.209978,0.425891,-1.22723,-0.282117,-0.774518,-0.337004,-0.288784,0.662478,0.0376932,0.0993091,0.00764036,-0.381545,0.258144,-0.257537,-0.870693,-0.60814,0.255944,0.244507
-13.4282,0.86306,-0.199748,0.269858,-1.25744,-0.257352,-0.629879,-0.0994585,-0.46944,0.549453,0.179184,0.0309459,-0.0746377,-0.504924,0.256738,-0.386594,-0.922724,-0.559498,0.0644465,0.143928
-13.8957,1.00537,-0.128045,0.394119,-1.23751,-0.277052,-0.696725,0.0740066,-0.327547,0.615796,0.133316,-0.207016,-0.197987,-0.614959,0.292089,-0.444875,-0.990407,-0.557883,0.0938123,0.257326
-14.3705,0.70759,-0.0286543,0.495488,-1.07053,-0.082594,-0.71224,0.0799992,-0.115908,0.790957,0.374173,-0.0605286,-0.222604,-0.652951,0.328177,-0.227674,-1.08913,-0.589804,0.267729,0.284554
-14.2091,0.641343,0.0770994,0.518932,-0.981246,-0.136623,-0.648993,-0.0316224,-0.43739,0.727202,0.259009,-0.0137422,-0.295883,-0.642667,0.126076,-0.478771,-1.18103,-0.476102,0.268053,0.260517
-14.4369,0.802413,0.337735,0.607703,-0.868357,-0.0635162,-0.735399,-0.0492614,-0.412245,0.776128,0.277268,0.00930825,-0.145455,-0.701184,-0.0267489,-0.722517,-1.34458,-0.521023,0.324479,0.276937
-14.6954,1.09634,0.419523,0.638645,-1.09972,-0.00526973,-0.580822,-0.11668,-0.524929,0.88027,0.552515,0.000589222,0.0331258,-0.806303,-0.0553885,-0.452647,-0.962046,-0.573533,0.154664,0.274842
-14.9222,1.15167,0.297991,0.658945,-1.02502,-0.137194,-0.742549,-0.0128921,-0.581966,0.772041,0.521263,-0.0343239,-0.0105124,-0.683987,-0.0539917,-0.476621,-0.976528,-0.564832,0.262571,0.286653
-15.0573,1.05021,0.705851,0.794858,-1.09709,-0.185432,-0.853065,-0.0987489,-0.611538,0.826137,0.433874,0.012787,-0.191042,-0.625221,0.112346,-0.296056,-1.04722,-0.781736,0.257748,0.388076
-15.3104,1.13401,0.396219,0.629843,-0.911029,-0.0819782,-1.01576,0.0305,-0.422605,1.00142,0.441939,-0.125008,-0.121065,-0.536751,0.0298554,-0.444178,-1.15957,-0.789065,0.277359,0.209442
-15.5149,1.72867,0.25549,0.590269,-1.05212,-0.275143,-1.0941,-0.0292039,-0.418186,0.824338,0.443887,-0.378608,-0.00349925,-0.26777,0.162153,-0.503474,-1.14725,-0.593967,0.361989,0.374846
-15.3076,1.54528,0.328985,0.54861,-1.26356,-0.346857,-1.05692,-0.107178,-0.567382,0.763798,0.307621,0.22036,-0.145537,-0.481996,0.254842,-0.276461,-1.11621,-0.625187,0.16407,0.165369
-14.6201,2.1217,0.441276,0.566829,-1.00272,-0.160094,-1.03351,-0.20884,-0.796571,0.591549,0.328586,0.147299,0.0927316,-0.304148,0.166388,-0.313215,-1.1203,-0.702476,-0.0153855,-0.309789
-14.7251,2.25853,0.277168,0.558395,-1.21964,-0.0835358,-1.20305,-0.551687,-0.479406,0.753268,0.316601,-0.042756,0.098665,-0.20995,0.0777724,-0.41818,-1.11419,-0.890847,-0.488629,-0.43567
-13.9552,2.50598,0.159045,0.404399,-0.801091,-0.0787095,-0.953116,-0.381185,-0.76233,0.481917,0.300837,0.107943,0.339805,-0.323972,-0.233971,-0.408897,-0.965824,-0.737117,-0.240429,-0.708894
-13.9257,2.64317,0.193406,0.578016,-0.854946,-0.000950757,-0.664747,-0.312054,-0.833429,0.597361,0.112488,0.168972,0.129426,-0.408101,-0.31679,-0.618527,-0.857197,-0.988389,-0.317749,-0.431693
-14.6557,2.64179,0.287467,0.493454,-0.531483,0.00996492,-0.732389,-0.374047,-0.621057,0.387245,0.379763,0.179557,-0.0529299,-0.628277,-0.299882,-0.736461,-0.861942,-0.855713,-0.231271,-0.334601
-14.2689,2.29241,0.219844,0.348458,-0.71216,0.107602,-0.621917,0.130925,-0.436851,0.508713,0.188878,0.00373451,0.116288,-0.260559,-0.260537,-0.45905,-0.871918,-0.668338,-0.293912,-0.268643
-14.5009,2.18225,0.0365824,0.519343,-0.853394,0.0380858,-0.786222,0.104543,-0.586064,0.231169,0.323175,0.0368688,0.0133794,-0.266046,-0.304224,-0.591562,-1.02033,-0.553458,-0.198883,-0.145005
-14.5463,2.07248,-0.394571,0.416517,-1.06901,-0.110012,-0.597031,-0.0764504,-0.838077,-0.0877826,0.274595,0.19121,0.377398,-0.135395,-0.259808,-0.348182,-1.07661,-0.547722,-0.0997194,0.089366
-14.6949,2.24498,-0.111373,0.381402,-1.12059,-0.131207,-0.497434,0.03549,-0.864617,0.00468844,0.0301966,-0.00497517,0.433868,-0.332565,-0.37452,-0.581021,-1.23758,-0.714775,0.00882147,-0.135717
-14.7027,2.48692,-0.0246307,0.717381,-0.907741,-0.301663,-0.58911,0.0303259,-0.969272,0.222249,0.250543,0.222418,0.421271,-0.377119,-0.162454,-0.687738,-1.16193,-0.705661,-0.0910328,-0.396289
-15.0301,2.7266,0.0560994,1.00514,-0.854114,-0.129409,-0.594401,-0.214796,-0.960582,0.202876,0.190364,0.365903,0.125997,-0.378765,-0.249363,-0.603616,-1.08641,-0.763155,-0.116021,-0.329652
-15.2507,2.863,-0.0044227,0.811951,-0.724314,-0.299095,-0.724452,-0.191099,-0.738586,0.462096,0.319473,0.0370459,0.140097,-0.543404,-0.19399,-0.448231,-1.02923,-0.791395,-0.249688,-0.377357
-15.304,2.77047,0.148124,1.03266,-0.684468,-0.130611,-0.842117,-0.19237,-0.764627,0.289489,0.319339,0.0463031,0.264248,-0.467193,-0.25153,-0.340701,-0.900548,-0.561475,-0.157757,-0.56122
-15.5165,2.92737,0.238389,0.952101,-0.75154,-0.183202,-0.60922,0.0180114,-0.526813,-0.0776995,0.102653,-0.148479,0.165923,-0.256151,-0.112114,-0.299409,-0.722005,-0.387375,-0.0329278,-0.589998
-15.4861,3.02373,0.30734,0.800396,-0.987406,-0.131449,-0.453941,-0.0086456,-0.569353,0.0808941,0.0849134,-0.0863743,0.0871679,-0.334488,-0.378078,-0.630137,-0.690812,-0.590054,-0.157833,-0.225416
-16.2192,3.07364,0.515109,0.804321,-0.764221,0.207279,-0.301858,0.0234903,-0.439957,0.00656355,0.00810917,0.212224,0.122215,-0.440368,-0.510902,-0.556945,-0.963094,-0.864363,-0.0100076,-0.00634237
-16.3211,2.98007,0.0573545,0.872577,-0.764303,0.174543,-0.225502,0.134551,-0.361923,0.168868,-0.030501,-0.0503069,0.0463318,-0.400888,-0.548887,-0.895192,-0.981612,-0.747015,0.114622,-0.00302914
-16.783,2.8331,0.430777,0.979258,-0.693514,0.00427843,-0.137422,0.369316,-0.31079,0.126159,0.245818,-0.103794,0.0237508,-0.28716,-0.456506,-0.730088,-0.994015,-0.521052,-0.0167991,0.00570565
-16.6962,2.68314,0.057734,0.899342,-0.701442,-0.0515605,-0.534538,-0.264817,-0.417141,-0.13173,0.0950801,0.231058,0.353942,-0.310765,-0.34353,-0.864713,-1.20079,-0.643644,0.162324,-0.0565667
-16.3007,2.55275,-0.160808,0.777645,-0.930611,0.0891452,-0.29734,-0.474033,-0.504211,-0.0584726,0.37608,0.495777,0.0836321,-0.471725,-0.160091,-0.309111,-1.05134,-0.957649,0.0169006,0.0252356
-16.0656,2.4201,-0.49412,0.698545,-0.69987,0.108448,-0.373859,-0.289748,-0.387863,-0.167172,0.240805,0.521757,-0.087813,-0.482047,-0.299104,-0.19028,-0.822281,-0.916231,0.048697,0.252482
-16.177,2.01527,-0.668538,0.850508,-0.864096,-0.0383717,-0.254821,-0.283044,-0.46607,-0.362481,0.284717,0.345019,-0.326416,-0.869313,-0.151654,-0.0210454,-0.983371,-0.893525,0.0201375,0.417383
-16.3131,2.35326,-0.560608,0.872599,-0.601186,-0.0922711,-0.0346553,-0.275461,-0.635603,-0.20591,0.331616,0.432892,-0.0859679,-0.717123,-0.176269,0.137973,-0.906363,-0.988734,-0.109323,0.478022
-16.341,2.30312,-0.307,0.687705,-0.820492,-0.214895,-0.104087,-0.495569,-0.524815,-0.151338,0.401883,0.39734,-0.205895,-0.549554,-0.286216,-0.139415,-0.977071,-1.05224,-0.421002,0.308693
-16.7318,2.50553,-0.168813,0.723187,-0.823888,0.0952208,-0.232563,-0.687466,-0.465784,-0.0453631,0.525455,0.229226,-0.399116,-0.142413,-0.0216168,0.0296715,-0.92712,-0.709184,-0.246244,0.329234
-16.9329,1.97743,-0.311433,0.732943,-0.764606,0.10708,-0.0964652,-0.544795,-0.313847,-0.143781,0.753868,0.578363,-0.275481,-0.729129,-0.177451,0.0565096,-0.78764,-0.604427,-0.164378,0.489097
-17.4707,2.30884,-0.295235,0.592639,-0.730558,-0.000267576,-0.345299,-0.762577,-0.57551,-0.279248,0.54554,0.746015,-0.296168,-0.423236,0.0929249,0.0952946,-0.801098,-0.836297,-0.199983,0.338487
-17.6381,2.24297,-0.412018,0.722266,-0.639261,-0.0206814,-0.581993,-0.764672,-0.55073,-0.41578,0.702231,0.80251,-0.224999,-0.521466,-0.0105241,-0.0889522,-0.854054,-0.540469,-0.231382,0.170022
-17.5933,2.34225,-0.239872,0.585725,-0.711444,-0.0122582,-0.185333,-0.351675,-0.359825,-0.0727924,0.657531,0.638152,-0.165611,-0.340734,-0.0119806,-0.420182,-0.553358,-0.562948,-0.328445,0.0866845
-17.6194,2.6565,0.183462,0.81819,-0.672989,-0.151612,-0.105168,-0.23178,-0.535514,-0.271616,0.716953,0.599605,-0.367533,-0.385668,-0.0877626,-0.390027,-0.753064,-0.760379,-0.220658,0.264702
-17.029,2.81656,-0.176414,0.703222,-0.442385,-0.179696,-0.486354,-0.298177,-0.289854,-0.0551632,0.500693,0.686642,-0.246504,-0.165021,-0.00983249,-0.323537,-0.561311,-0.575511,-0.47953,0.0319348
-16.6957,2.78295,-0.0329061,1.02314,-0.417744,-0.170554,-0.204368,-0.314671,-0.425001,-0.133347,0.336045,0.505293,-0.0565003,-0.0558234,0.0159293,-0.266229,-0.121678,-0.527779,-0.703363,-0.148786
-16.521,2.79876,0.0194044,0.689409,-0.717671,-0.183538,-0.246344,-0.291691,-0.578513,0.0708752,0.236037,0.37328,-0.0520153,-0.127504,-0.0542737,-0.250722,-0.424045,-0.453553,-0.494797,-0.0795267
-16.343,2.64318,0.0823305,0.79594,-0.896711,-0.388877,-0.531545,-0.415588,-0.364635,-0.160274,0.101697,0.319718,0.262527,0.261292,0.0377458,-0.191024,-0.498352,-0.366857,-0.16996,-0.153137
-16.0495,2.87452,0.186737,0.907086,-0.710298,-0.202675,-0.332148,-0.163045,-0.415433,-0.16485,0.0812244,0.381834,0.25663,0.141342,0.0585599,-0.128975,-0.885809,-0.910995,-0.242161,-0.273032
-16.3599,2.94865,-0.0697407,0.898198,-0.500503,0.253238,-0.205462,-0.0480567,-0.575989,-0.201198,0.116158,0.262889,0.243703,-0.0603923,-0.337858,-0.233753,-0.904881,-0.819259,-0.389618,-0.0997478
-16.304,2.87475,-0.107842,0.859608,-0.466171,0.11212,-0.0607077,0.222504,-0.599495,-0.23323,-0.0776151,0.222122,0.0252623,-0.391494,-0.333977,-0.455045,-0.737766,-0.379409,-0.4599,-0.333655
-15.1309,2.51625,-0.0611607,1.09033,-0.842511,0.032792,-0.0866781,-0.0918758,-0.518645,-0.295988,-0.0403305,0.301728,0.258796,-0.315704,-0.782984,-0.314932,-0.415672,-0.321483,-0.597444,-0.377877
-14.7621,2.24359,-0.058359,1.03037,-0.989653,0.0657827,0.0187762,-0.00394247,-0.730539,-0.353907,-0.0208715,0.197861,0.357553,-0.334262,-0.754503,-0.432521,-0.580437,-0.677202,-0.54088,-0.110662
-14.9187,2.64459,-0.0713733,1.14422,-0.984196,-0.400764,-0.301966,-0.0590785,-0.758429,-0.621888,-0.0753452,0.505829,0.623611,-0.038734,-0.542028,-0.358356,-0.386148,-0.71868,-0.478647,-0.0519296
-14.8982,2.91615,-0.172144,0.621718,-0.947092,-0.32516,-0.228136,-0.0576393,-0.731524,-0.607868,0.0348258,0.367467,0.436822,0.0103648,-0.489009,-0.286038,-0.168272,-0.807505,-0.89465,-0.324568
-14.8167,2.69416,-0.287064,0.807259,-0.800056,0.223072,-0.124659,-0.183316,-0.841839,-0.37503,-0.030163,0.155946,0.303515,-0.13054,-0.526184,-0.338475,-0.397786,-0.68177,-0.986466,-0.469404
-14.711,2.80823,-0.253378,0.778893,-0.66214,0.0707647,-0.319287,-0.114318,-0.948146,-0.55261,0.00742064,0.305003,0.436247,-0.0224511,-0.522028,-0.611882,-0.35698,-0.703456,-0.827206,-0.354991
-14.7656,2.74272,-0.405309,0.536835,-0.769958,0.126828,-0.270403,-0.417163,-0.881057,-0.281493,0.181091,0.10793,0.455058,0.20361,-0.3493,-0.440859,-0.438792,-0.612167,-1.00763,-0.157839
-15.1218,2.67736,-0.417004,0.513235,-0.736008,-0.0174085,-0.197968,-0.307007,-0.770367,-0.417395,0.173649,0.315589,0.715477,0.208022,-0.395207,-0.409014,-0.306373,-0.464585,-0.91484,-0.168299
-15.3845,2.87615,-0.0985164,0.610042,-0.573497,0.0645777,-0.465593,-0.261499,-0.967513,-0.673835,0.350095,0.327238,0.507313,0.279928,-0.595522,-0.572391,-0.0951703,-0.596248,-0.905675,-0.2481
-15.2652,2.66351,-0.221287,0.698657,-0.913288,-0.224201,-0.381863,-0.0182184,-0.763546,-0.576623,0.271982,0.489358,0.307841,-0.0736595,-0.636381,-0.636743,-0.247363,-0.543706,-1.06057,-0.350851
-15.1962,2.92453,-0.295691,0.506816,-0.806734,-0.117441,-0.439479,-0.298335,-0.649384,-0.426331,0.290116,0.519199,0.221673,0.0750965,-0.623322,-0.712433,-0.244115,-0.622285,-1.10533,-0.236988
-15.4084,3.02122,-0.265764,0.962748,-0.59881,-0.18841,-0.548544,-0.278844,-0.794466,-0.655241,0.329713,0.567708,0.595081,0.216948,-0.652028,-0.455152,-0.240776,-0.442568,-0.828608,-0.447804
-15.5729,2.93402,-0.0667366,0.77281,-0.55238,-0.124382,-0.292167,-0.348403,-0.972174,-0.650359,0.176885,0.403059,0.407284,0.197558,-0.66524,-0.685466,-0.217557,-0.586749,-0.968709,-0.117517
-15.9672,2.78697,0.28434,0.973093,-0.617153,-0.0739628,-0.367117,-0.563962,-1.04378,-0.613695,0.279275,0.499625,0.530629,0.323899,-0.589545,-0.803038,-0.239256,-0.386672,-1.01996,-0.223402
-15.9287,2.84683,-0.0603293,0.884513,-0.59824,-0.19591,-0.391641,-0.368749,-0.827677,-0.499006,0.454192,0.381371,0.555229,0.165149,-0.453381,-0.502094,-0.27714,-0.388442,-0.923506,-0.245513
-16.219,2.67277,-0.28181,0.833087,-0.723307,-0.0235981,-0.273794,-0.36012,-0.844664,-0.411732,0.508385,0.568366,0.540961,0.415131,-0.356139,-0.424514,-0.324325,-0.546707,-0.790241,-0.0893695
-16.4775,2.86523,-0.393193,0.841244,-0.664381,-0.00406785,-0.233148,-0.278253,-0.864998,-0.681806,0.297805,0.588818,0.647021,0.305439,-0.445389,-0.428999,-0.153252,-0.516651,-0.82593,-0.410617
-16.5652,2.84861,-0.274774,0.979029,-0.311169,0.0656948,0.169893,-0.310327,-0.7579,-0.647218,0.0896883,0.420288,0.519426,0.185687,-0.761671,-0.669481,-0.124944,-0.357773,-0.865546,-0.121092
-16.548,2.91058,-0.370716,0.872601,-0.58602,-0.0461111,-0.0542224,-0.387523,-0.786044,-0.658165,0.0824293,0.252712,0.542516,-0.0949535,-0.765958,-0.777727,-0.373019,-0.532095,-0.975697,-0.0720411
-16.7586,2.66366,-0.156546,0.720498,-0.348161,0.230618,-0.072105,-0.279019,-0.736031,-0.612729,0.443185,0.476374,0.441503,0.123165,-0.775691,-0.78,-0.435714,-0.529751,-0.858953,0.00628734
-17.0205,2.77252,-0.221661,0.902128,-0.445806,0.0760342,-0.0999147,-0.323854,-0.69887,-0.439843,0.327265,0.4472,0.523584,0.00495176,-0.85953,-0.58726,-0.242205,-0.434154,-0.775963,-0.0724214
-17.37,2.57121,-0.0774246,1.08546,-0.476254,0.209344,0.0505349,-0.306452,-0.677062,-0.541402,0.304608,0.573774,0.230753,-0.0197105,-0.696009,-0.73274,-0.668667,-0.549054,-0.671215,0.00612397
-17.3246,2.94351,0.0372877,0.609174,-0.43684,0.0241885,0.0585807,-0.0859835,-0.798158,-0.383393,0.127784,0.244245,0.0861035,0.0799966,-0.73399,-0.55422,-0.317679,-0.599731,-0.745856,-0.108444
-17.8718,2.72476,-0.107013,0.628848,-0.371463,-0.104621,0.0356405,-0.0191266,-0.523801,-0.348433,0.722452,0.513997,0.280307,0.00194669,-0.53303,-0.322385,-0.0960658,-0.342541,-0.547759,-0.0399853
-18.2676,2.35068,-0.301029,0.537112,-0.56762,0.106745,0.124612,-0.163802,-0.618687,-0.112641,0.641293,0.334944,0.569007,0.124443,-0.714927,-0.446716,0.148725,-0.227278,-0.680498,-0.0221536
-18.1823,2.52883,-0.11368,0.638239,-0.340594,0.117925,0.00657098,-0.0273701,-0.773625,-0.344627,0.609677,0.423109,0.45023,0.228816,-0.535673,-0.638437,-0.042666,-0.255657,-0.719109,0.024045
-18.4693,2.42896,-0.273499,0.878979,0.00407283,0.161531,0.072583,0.0832488,-0.698589,-0.0494535,0.746646,0.53999,0.152259,-0.0910692,-0.490239,-0.660344,0.0392124,-0.225075,-0.526534,-0.0509999
-18.4185,2.45042,0.129546,0.860612,-0.0301291,0.174428,0.12024,-0.0841438,-0.74559,-0.141008,0.576147,0.274325,0.266,0.12893,-0.468307,-0.574379,0.215555,-0.19317,-0.654217,-0.220614
-18.8386,2.56333,0.386225,0.608928,-0.534183,-0.0381964,-0.0107479,-0.133419,-0.950858,-0.244023,0.724773,0.272859,0.548667,0.395496,-0.687295,-0.507644,0.195057,-0.126139,-0.666319,-0.223104
-18.6479,2.72126,-0.147753,0.638098,-0.244542,0.0782862,0.127051,-0.146513,-0.622828,-0.228848,0.41133,0.201137,0.449642,0.543096,-0.749434,-0.570627,-0.0585894,-0.255775,-0.521961,0.0906578
-18.7894,2.5258,-0.0442214,0.940755,-0.147469,0.103477,-0.0713175,-0.101921,-0.644011,-0.336943,0.404544,0.317693,0.378933,0.207928,-0.436797,-0.439492,-0.0815674,-0.129555,-0.427341,0.000628486
-18.6105,2.67111,0.0949512,0.698477,-0.27442,-0.0464154,-0.258752,0.00772706,-0.398399,-0.395469,0.37126,0.134716,0.302624,0.212028,-0.272063,-0.432785,0.203528,-0.227376,-0.417178,-0.0317051
-18.9476,2.66273,0.19493,0.473707,-0.187509,-0.0642197,-0.308308,0.109269,-0.579363,-0.37005,0.32185,0.309436,0.289814,0.23481,-0.480202,-0.408609,-0.102252,-0.55328,-0.586832,-0.0547264
-18.545,2.61229,0.231205,0.389128,-0.422431,-0.264743,-0.0695453,-0.136541,-0.623179,-0.445183,0.132801,0.302876,0.711787,0.183858,-0.601628,-0.581165,0.340083,-0.411473,-0.494061,-0.0189963
-18.8143,2.387,0.266026,0.353733,-0.162754,-0.252359,-0.341513,-0.0781854,-0.659666,-0.620829,0.26172,0.426444,0.928767,-0.0368668,-0.814468,-0.616298,0.130197,-0.217972,-0.310058,0.0177413
-19.3291,2.60154,0.439566,0.244418,-0.314534,0.173124,0.0329475,-0.155794,-0.395345,-0.211089,0.0601377,0.258704,0.63504,-0.0320572,-0.599544,-0.315085,-0.0749856,-0.243859,-0.539586,0.0354683
-19.3577,2.49882,0.234269,0.38347,-0.0986421,0.151976,-0.249899,-0.202998,-0.425952,-0.467386,0.0971849,0.118858,0.688331,-0.0353021,-0.428329,-0.384072,-0.0208602,0.015805,-0.380861,-0.383415
-19.3603,2.39529,0.492346,0.342894,-0.101739,-0.0990632,0.119646,-0.173137,-0.30704,-0.333598,0.251524,0.18293,0.629492,-0.0663284,-0.490204,-0.227935,0.255754,-0.0983124,-0.538749,-0.413297
-19.3372,2.23335,0.345188,0.228253,-0.00657582,0.074041,-0.242126,-0.319375,-0.417103,-0.478455,0.465437,0.318521,0.448141,0.0777357,-0.377211,-0.354164,-0.146474,-0.264849,-0.295871,-0.395003
-19.2945,2.13321,0.58036,0.537173,0.133078,-0.0197101,-0.40895,-0.326727,-0.226111,-0.291764,0.40607,0.475428,0.5689,-0.0486126,-0.339366,-0.0992088,-0.114258,-0.178375,-0.195491,-0.255703
-19.2672,2.56735,0.569667,0.2457,0.114828,0.12295,-0.146723,-0.218601,-0.337029,-0.333482,0.226666,0.235856,0.38384,-0.0170413,-0.225255,-0.266176,-0.0925768,-0.368847,-0.420488,-0.0220292
-19.3743,2.6028,0.393786,0.504526,0.03057,0.222377,-0.232682,-0.115548,-0.101964,-0.354229,0.184492,-0.022847,0.447714,-0.0705758,-0.269658,-0.285148,0.10158,-0.316582,-0.43059,-0.291068
-19.5845,2.22319,0.314214,0.321997,-0.069283,0.115254,0.0742514,0.116708,-0.223717,-0.279758,0.285823,-0.0249094,0.343169,-0.147481,-0.143196,-0.140616,-0.0181196,-0.366659,-0.500904,-0.245864
-19.1457,2.1202,0.0832751,0.278102,0.331491,0.11548,-0.476217,-0.176528,-0.167695,-0.128323,-0.136333,0.13248,0.362806,0.152372,-0.0300061,-0.201461,-0.0413272,-0.263261,-0.188984,0.0990365
-19.2482,2.0994,0.235165,0.467832,0.261936,-0.0128373,-0.310815,0.0440106,0.00986153,-0.189062,0.273202,-0.170763,0.10051,0.0396773,-0.122431,-0.15888,0.0522012,-0.111538,-0.0708529,0.0651109
-19.3698,1.96408,0.372734,0.7611,0.288296,-0.0784399,-0.31025,0.0818475,-0.0289012,-0.0943733,0.319803,-0.131821,0.130664,0.151624,-0.0443523,-0.189524,-0.0624457,-0.470353,-0.191598,-0.0362179
-19.3452,1.93902,0.265007,0.416663,0.266204,0.185924,0.165621,-0.0620592,0.298451,0.043897,-0.0585496,-0.0915522,0.212953,0.00832453,0.02676,0.0119381,0.204492,-0.532277,-0.26031,-0.150172
-19.1443,1.5289,0.333041,0.168129,0.133884,0.0747363,-0.0473033,-0.0363274,0.335584,-0.126378,0.189269,-0.0368009,0.352004,-0.188372,-0.0788283,-0.153451,-0.195327,-0.493005,-0.316141,-0.288272
-19.094,1.68384,0.683368,0.358252,0.139184,0.235127,0.0955203,-0.231169,-0.0233222,-0.296148,0.0158159,-0.10135,0.348405,0.0663978,0.0168462,-0.0980947,0.1658,-0.624582,-0.436147,-0.113934
-19.2419,1.36408,0.946635,0.259843,-0.109755,0.275305,0.314216,0.00693143,0.0298668,0.0125978,0.559807,0.0552516,0.141912,-0.0310385,-0.131334,-0.0811154,0.21686,-0.239889,-0.0947974,-0.220449
-18.921,1.24977,0.630609,0.344124,-0.114656,0.0300855,0.0796261,0.110551,0.259681,-0.122397,0.520801,0.202889,0.110328,0.0778095,-0.0006752,-0.0117091,-0.0509653,-0.194638,-0.18092,-0.217792
-18.8442,1.20608,0.568276,-0.0575579,-0.214209,0.104822,0.152071,0.114246,-0.0187768,-0.249679,0.490507,-0.0241452,-0.0604181,0.303502,0.172432,-0.0242384,0.0721609,-0.511477,-0.158505,-0.12426
-19.0464,1.10429,0.810834,0.15635,0.0454776,-0.0709184,-0.219651,-0.184189,-0.0934094,-0.227585,0.611196,-0.433625,-0.0602195,0.0778438,-0.0365107,-0.0885374,0.0965142,-0.52363,-0.227423,-0.214969
-18.8144,1.19974,0.859713,0.246124,-0.310085,0.135037,0.17984,0.0469382,0.113398,0.00574865,0.235848,-0.502677,-0.203811,-0.122095,-0.115362,-0.215474,-0.0865042,-0.313053,-0.0523048,-0.0649138
-18.7409,1.22215,0.625386,0.082167,-0.212439,0.00657964,-0.0457647,-0.229668,0.148323,-0.0947974,0.211482,-0.318788,0.0632449,0.217367,0.0985044,-0.197118,-0.0122651,-0.153259,0.0360712,-0.290249
-18.749,1.07623,0.924723,0.302527,-0.0283808,0.0106474,-0.145963,-0.297872,0.00563183,0.127861,0.199148,-0.396559,0.00461317,0.000757451,-0.262873,-0.282215,-0.0233175,-0.341689,-0.142923,0.0631841
-18.821,0.930659,0.785617,0.423013,-0.154036,0.238279,-0.015353,-0.0720456,-0.0908412,0.0796005,0.471042,-0.294969,0.161353,-0.0545948,0.200106,0.0531838,0.00755215,-0.336254,-0.0754097,-0.127697
-18.4643,1.10817,0.634764,0.176611,-0.247413,0.0919564,0.00556664,0.0878206,0.119381,-0.0148466,0.34859,-0.192191,0.212806,-0.062083,0.158554,-0.0569096,0.217181,-0.170019,-0.0603859,-0.0672203
-18.559,1.0709,0.531043,0.458332,-0.0387354,0.227956,-0.232913,-0.0787762,-0.0794468,0.290114,0.381488,-0.195995,-0.0574351,0.0903104,-0.0395003,-0.306812,-0.0148576,-0.202444,-0.0771353,-0.139944
-18.6627,0.952538,0.520367,0.13924,-0.235428,0.167025,0.170219,0.167155,0.0365482,0.0589968,0.438756,-0.219497,0.0390334,0.0709238,-0.0109248,-0.0271502,0.244834,0.0211857,0.0537426,-0.127248
-18.7354,0.688938,0.734094,0.433012,-0.310237,0.147179,0.251943,0.229835,-0.100765,-0.0292496,0.197186,-0.247244,-0.0263752,-0.0231497,-0.0501887,-0.240257,0.00223646,0.00296474,0.0663524,-0.0213345
-18.663,0.865643,0.923513,0.298613,-0.229586,0.30662,-0.215475,0.0937828,-0.253654,-0.0642754,0.188887,-0.116914,0.0422786,-0.0278829,0.102922,-0.156772,0.344307,0.124363,0.324731,-0.0897287
-18.6659,1.05775,0.712109,0.264555,-0.143105,0.151697,-0.0160576,0.147166,-0.0693471,0.186652,0.340082,-0.507565,-0.0432276,-0.0214156,0.0814294,0.00122082,0.423704,-0.224692,0.0600602,0.130327
-18.7107,0.944586,0.65205,0.348622,-0.323483,0.314461,0.010814,0.338601,0.0223993,0.0361733,0.184577,-0.0318279,0.1491,-0.16571,-0.003151,-0.129845,-0.00455492,-0.299364,-0.194397,0.054673
-18.7157,0.803147,0.559005,0.374323,-0.108945,0.210819,-0.010666,0.0221789,-0.138767,-0.120613,0.347968,-0.092659,-0.0162877,-0.0748001,0.0357703,-0.196574,0.0922368,-0.0520431,-0.00600958,-0.121415
-18.0961,0.773932,0.114348,-0.000819423,-0.45417,0.164596,0.192475,0.438187,0.254999,0.189455,0.0784653,-0.260134,0.250758,0.186956,-0.104557,0.0470725,0.474983,-0.274963,-0.0979791,-0.164257
-17.4689,0.766801,0.548076,0.385251,-0.697231,-0.405413,-0.186112,0.470605,0.293914,0.207114,-0.359372,-0.590656,0.232592,0.396433,-0.186556,0.0991502,0.877592,-0.13554,-0.0294639,0.0254693
-17.2231,0.669851,0.262244,0.439284,-0.998967,-0.276179,0.275398,0.502679,0.659849,0.477563,-0.527867,-0.992476,-0.116655,-0.027811,-0.517137,0.61647,1.06687,-0.308827,-0.200733,-0.284118
-16.8807,1.22106,0.50559,0.382687,-0.801594,-0.315208,-0.0319443,0.13057,0.435054,0.573785,-0.224406,-0.689305,0.0277707,-0.224689,-0.594186,0.776197,1.30881,-0.585526,-0.594108,-0.279311
-16.3847,1.68575,0.412044,0.155227,-0.600086,-0.453145,-0.219965,0.248741,-0.0903983,0.260601,-0.223328,-0.510554,0.441251,0.157464,-0.268328,0.374159,0.741252,-0.363565,-0.398069,-0.517096
-16.2587,1.64303,0.363258,0.353644,-0.795352,-0.514689,-0.14276,0.0884327,-0.0643607,0.270681,-0.258838,-0.463561,0.0471713,0.233797,-0.326861,0.574292,0.876139,-0.62469,-0.735914,-0.634448
-16.1494,1.85742,0.292579,0.233843,-0.850919,-0.646098,0.144486,0.0486815,0.109615,0.342232,-0.456648,-0.491158,0.120192,0.236013,-0.392063,0.507947,0.746547,-0.781744,-0.753994,-0.805053
-15.7843,2.03101,0.0966609,0.450595,-1.15902,-0.650647,-0.228089,0.215996,0.0672635,-0.0650865,-0.578633,-0.654961,0.172726,0.0519711,-0.499095,0.329568,0.563478,-0.608904,-0.678808,-0.656078
-15.682,2.18917,0.159164,0.506085,-1.20141,-0.620736,-0.046669,0.385302,0.209273,0.0420656,-0.703504,-0.512135,0.0635556,0.0320597,-0.55832,-0.00487508,0.402599,-0.553661,-0.652764,-0.289618
-15.2174,2.1455,0.169383,0.5535,-1.19786,-0.628663,0.0341053,0.237697,-0.060673,0.0830806,-0.550459,-0.551503,-0.0275476,0.0304758,-0.55087,-0.152431,-0.128662,-0.741471,-0.548886,-0.0530954
-15.0399,2.36926,0.31053,0.347067,-1.34355,-0.611005,-0.0593296,0.0644059,-0.0949756,0.140127,-0.491201,-0.385822,-0.0150863,-0.0273923,-0.559189,-0.00367466,0.0311732,-0.815527,-0.393342,-0.160663
-14.982,2.61271,0.132716,0.485721,-1.35247,-0.451584,0.214801,0.336848,0.0292885,0.148583,-0.60378,-0.420363,-0.177413,-0.094931,-0.702523,-0.23567,-0.124049,-0.858445,-0.27182,-0.188688
-14.8451,2.54066,0.11272,0.625272,-1.27637,-0.344714,0.0388827,0.515343,0.226487,0.208706,-0.592873,-0.649375,-0.0354335,-0.281769,-0.972764,-0.152291,-0.22124,-1.00465,-0.428572,-0.165625
-15.2988,2.5767,0.077335,0.619392,-1.00995,-0.114318,-0.0175195,0.426319,0.2217,0.255088,-0.581703,-0.659755,-0.285089,-0.374212,-0.68088,-0.0235948,-0.105804,-0.958097,-0.449326,-0.169411
-15.7037,2.51466,0.190405,0.695138,-0.962128,-0.384007,-0.321117,0.295202,0.224584,0.42129,-0.596671,-0.787251,-0.151418,-0.378994,-0.577336,-0.256218,-0.142381,-0.862099,-0.407876,-0.135025
-15.7302,2.44699,0.433975,0.877387,-1.17714,-0.394975,-0.286221,0.254113,0.324402,0.509878,-0.317889,-0.546809,-0.366542,-0.266389,-0.830757,-0.105904,-0.0240152,-0.829841,-0.520661,-0.242735
-15.729,2.52379,0.296307,0.519107,-1.15684,-0.627955,-0.281531,0.294924,0.404149,0.380997,-0.59823,-0.64946,-0.154145,-0.104511,-0.862125,-0.0324476,0.0700122,-0.97804,-0.290096,-0.0997115
-15.9815,2.26032,0.276492,0.59699,-1.14058,-0.67855,-0.0361889,0.231688,0.262996,0.464308,-0.753883,-0.731009,-0.235291,-0.161672,-0.750918,-0.0982804,0.284939,-0.78151,-0.405573,-0.144903
-16.1862,2.41845,0.1926,0.719272,-0.96224,-0.333424,0.0545447,0.256667,0.365475,0.526748,-0.937719,-0.825807,-0.303207,-0.0478725,-0.870861,0.226294,0.581278,-0.975476,-0.609632,0.119331
-16.3467,2.35461,0.304261,0.687521,-0.85455,-0.621855,0.0490714,0.354836,0.566186,0.556172,-0.871046,-0.845944,-0.466303,-0.191804,-0.830122,0.0117335,0.536399,-0.848579,-0.316418,0.279683
-16.3119,2.21804,0.260141,0.602085,-1.32359,-0.872219,-0.0967184,0.309669,0.743319,0.70397,-0.715112,-0.84539,-0.39008,-0.219977,-1.01031,-0.0384476,0.362844,-1.22332,-0.353913,0.223431
-16.1713,2.52477,0.365204,0.370597,-1.41543,-0.931762,0.238389,0.260828,0.643732,0.647838,-0.640891,-0.556974,-0.308763,0.0184265,-1.19481,-0.101161,0.620993,-1.17312,-0.430415,0.189679
-16.5467,2.41163,0.418316,0.496477,-1.2254,-0.906341,0.0577556,0.447716,0.790465,0.817846,-0.815265,-0.744382,-0.547745,0.0527476,-0.773148,-0.150014,0.539285,-1.36685,-0.176261,0.505559
-16.5859,1.98494,0.293423,0.512318,-0.993553,-0.508909,0.0168534,0.676567,0.54899,0.66942,-0.665564,-0.682473,-0.497858,-0.070446,-0.889041,0.244839,0.892159,-1.22263,-0.38672,0.398443
-16.6363,1.79528,0.168794,0.473713,-0.867972,-0.337947,0.315284,0.491452,0.398867,0.627843,-0.879598,-0.694187,-0.348211,-0.0933959,-0.565244,0.301755,0.998847,-1.09953,-0.538034,0.185622
-16.8071,1.81868,0.160537,0.395968,-0.834719,-0.615656,0.137762,0.635251,0.450021,0.673391,-0.810058,-0.691248,-0.513213,-0.034848,-0.627149,0.244233,1.13676,-1.0262,-0.460675,0.441394
-16.9314,1.79184,0.341336,0.303744,-1.05244,-0.626787,0.187801,0.858914,0.526998,0.45657,-0.989104,-0.732573,-0.314781,0.173372,-0.585975,0.116498,1.0366,-0.852328,-0.305794,0.393003
-17.1024,1.8754,0.277881,0.299809,-1.11071,-0.625796,0.201252,0.747717,0.519284,0.645012,-0.891497,-0.69943,-0.239494,0.139656,-0.744943,0.0745852,0.763288,-0.916498,-0.324926,0.284954
-17.0359,1.96035,0.492225,0.0485102,-1.15799,-0.739105,0.0229004,0.584126,0.0829872,0.440726,-0.890604,-0.742372,-0.19473,0.0214499,-1.03531,0.35094,1.07708,-1.0088,-0.288194,0.477737
-16.8908,1.7285,0.496711,0.289424,-0.87228,-0.95541,-0.307691,0.520934,0.371928,0.432565,-0.815292,-0.795447,-0.452907,0.0513432,-0.978108,0.306312,1.19196,-1.11785,-0.286939,0.420132
-15.9764,2.02646,0.21872,0.170683,-1.026,-0.746473,-0.260011,0.608406,0.391834,0.461155,-0.724412,-0.627021,-0.222991,0.376065,-0.933188,0.0659605,1.00167,-1.13198,-0.242632,0.201144
-15.673,2.15143,-0.173257,0.386561,-1.0316,-0.806396,-0.162931,0.616541,0.42844,0.516142,-0.64126,-0.473731,-0.0820527,0.602886,-0.367689,0.281071,0.989205,-1.10727,-0.350388,-0.13034
-15.1685,2.52795,0.228155,0.508883,-1.17627,-0.579085,-0.218845,0.424612,0.193121,0.556997,-0.687408,-0.429115,-0.0970064,0.383555,-0.339217,0.15798,0.612966,-0.940935,-0.506303,-0.384548
-14.5628,2.31608,0.187143,0.539185,-1.12892,-0.494978,-0.258626,0.27709,0.0793157,0.371214,-0.449369,-0.538833,-0.21539,0.0517896,-0.710063,0.0751232,0.287603,-0.783114,-0.607407,-0.650854
-14.1239,2.25824,-0.0364586,0.490081,-1.32062,-0.232279,-0.262806,0.0806881,-0.0274549,0.381509,-0.642366,-0.606596,-0.0867389,-0.0575451,-0.628964,-0.0165677,0.160653,-0.901521,-0.644485,-0.472668
-13.8683,2.13585,-0.254656,0.479137,-1.16502,-0.0150695,-0.0913963,0.35323,0.0593237,0.287184,-0.78973,-0.733227,-0.110026,0.12369,-0.75401,-0.0916934,0.273317,-0.714638,-0.3574,-0.269774
-14.1973,2.28983,-0.327224,0.566491,-1.21927,-0.0885647,-0.358044,0.29916,0.375819,0.433536,-0.445876,-0.394885,-0.0527924,0.204452,-0.629575,0.0890455,0.0669238,-1.16482,-0.42445,-0.113097
-14.1388,2.39877,0.253616,0.678296,-1.53589,-0.337949,-0.283341,0.188317,-0.00803191,0.040128,-0.679282,-0.23471,-0.0252008,0.21435,-0.726368,-0.193011,0.178626,-0.947735,-0.656832,-0.275656
-13.8141,2.30406,0.452072,0.959566,-1.41531,-0.560942,-0.351199,0.198109,-0.260419,-0.180738,-0.757913,-0.271784,-0.112731,0.135429,-0.624894,-0.0357083,0.24736,-0.94119,-0.814137,-0.48844
-13.6907,2.6929,0.472825,0.535465,-1.45211,-0.560239,-0.233602,0.0714835,-0.317084,-0.0138919,-0.629906,-0.2861,-0.274954,0.137666,-0.433142,-0.034904,-0.0399121,-1.10183,-0.603533,-0.551782
-13.8125,2.78452,0.757097,0.416027,-1.59581,-0.535243,-0.223021,0.216413,-0.331129,0.0653872,-0.511962,-0.44928,-0.124828,0.0675516,-0.418679,-0.071247,-0.0730442,-1.01033,-0.465137,-0.613187
-13.8696,2.51798,0.22887,0.502592,-1.47384,-0.587045,-0.28369,0.187382,-0.139518,0.0875917,-0.75875,-0.591602,-0.210149,-0.0452405,-0.547481,-0.0190125,-0.00349508,-1.16052,-0.671104,-0.573178
-14.2029,2.3735,0.39717,0.802039,-1.19825,-0.831739,-0.313802,0.154087,0.118247,0.393356,-0.716936,-0.795185,-0.207492,-0.0245274,-0.370327,0.0394313,0.428862,-1.06176,-0.794156,-0.37557
-14.1914,2.16194,0.455661,0.627486,-1.44778,-0.763203,-0.373978,0.252809,-0.0391312,0.226648,-0.527351,-0.730716,-0.397287,0.0449601,-0.529352,-0.0735307,0.260533,-0.987039,-0.563282,-0.293062
-14.3423,2.33802,0.248028,0.455028,-1.49135,-0.714008,-0.253073,0.171005,0.189052,0.343337,-0.656474,-0.486604,-0.269641,-0.0351632,-0.570096,-0.106324,0.259737,-1.15818,-0.269934,-0.0843452
-14.5287,2.20893,0.296292,-0.0682812,-1.45227,-0.638265,-0.213072,0.438509,0.217607,0.395391,-0.543305,-0.649241,-0.0879904,0.162421,-0.654333,-0.0368153,0.542272,-1.13368,-0.332046,0.013658
-14.7649,2.20209,0.456195,-0.00129501,-1.30524,-0.891813,-0.219902,0.687939,0.213518,0.514117,-0.657183,-0.935835,-0.223777,0.308463,-0.65906,0.0620339,0.622233,-1.18709,-0.301437,0.15982
-15.0983,2.07351,0.559143,0.151476,-1.56723,-1.13913,-0.200943,0.51406,0.458859,0.477841,-0.959481,-0.717297,-0.217661,0.0799658,-0.799584,0.3903,0.768096,-1.34789,-0.329507,-0.0576568
-14.9655,2.15004,0.338983,0.157239,-1.77031,-0.606704,-0.376516,0.426661,0.24918,0.620761,-0.793198,-0.545703,-0.187862,-0.016305,-0.771585,0.274302,0.880243,-1.08364,-0.47134,-0.308112
-14.8277,2.06326,0.2486,0.169029,-1.60987,-0.814025,-0.592466,0.31389,0.333861,0.388485,-0.7322,-0.677206,-0.363909,0.0423148,-0.615319,0.213649,0.999749,-1.21728,-0.578967,-0.120221
-14.7183,1.99486,0.19796,0.277395,-1.52766,-0.790594,-0.446586,0.347989,0.553274,0.342823,-0.973251,-0.956239,-0.153952,0.259052,-0.734039,0.0359867,1.08332,-1.01336,-0.730105,0.0807978
-15.0926,1.76635,0.400811,0.01041,-1.52747,-1.16664,-0.645328,0.0398601,0.530606,0.277943,-0.876145,-0.916612,-0.306579,0.052757,-1.04731,0.182503,1.39439,-1.07513,-0.915099,0.206683
-15.0931,1.69834,0.590308,0.0383401,-1.50519,-1.20263,-0.700461,0.416235,0.441009,0.44773,-0.827898,-0.959392,-0.0770315,0.0327042,-1.10261,0.170955,1.1825,-1.33839,-0.76026,0.0248687
-15.1352,1.78257,0.862204,0.235182,-1.39365,-1.00467,-0.470619,0.905969,0.460159,0.552768,-0.783047,-0.862587,-0.0426973,0.285064,-0.81757,0.292401,1.04519,-1.4851,-0.665399,0.0322721
-15.3521,1.82059,0.701997,0.203505,-1.33214,-1.06313,-0.104768,0.739464,0.66744,0.539134,-0.768934,-1.04814,-0.226293,0.559966,-0.815001,0.245608,0.867723,-1.42537,-0.391039,-0.00327403
-15.3584,1.61919,0.63474,0.19631,-1.35011,-1.0203,-0.29108,0.548664,0.906997,0.711768,-0.73161,-0.867487,-0.313259,0.331588,-0.797565,0.39772,1.04862,-1.4702,-0.369593,-0.113266
-15.5289,1.70028,0.617504,-0.00606057,-1.26125,-0.881221,-0.354091,0.731458,0.672762,0.724944,-0.727496,-1.01075,-0.539628,0.312558,-0.75193,0.43986,1.09814,-1.48075,-0.56549,0.174875
-15.1998,1.53801,0.536273,-0.251068,-1.2375,-0.918299,-0.386251,0.692008,0.452206,0.608367,-0.854515,-1.04229,-0.283103,0.158619,-1.01393,0.25643,1.29237,-1.30511,-0.858815,0.193165
-15.3995,1.31391,0.361246,0.185312,-1.15869,-1.06295,-0.431168,0.670365,0.736802,0.359112,-1.05185,-0.78745,-0.0850153,0.233896,-1.15761,0.407145,1.31436,-1.22874,-0.670989,0.00916573
-15.3675,1.1348,0.360301,0.369121,-0.884942,-0.852221,-0.548621,0.391144,0.350807,0.719188,-0.692717,-0.711684,0.105596,0.151347,-1.41814,0.25667,1.58205,-1.31735,-0.867843,0.162691
-15.5727,1.09467,0.291359,0.403899,-1.02184,-0.987073,-0.477595,0.416657,0.410713,0.619218,-0.731834,-0.903483,-0.21095,0.265341,-1.3298,0.1674,1.30034,-1.23969,-0.469452,0.204781
-15.487,1.15303,0.281604,0.261634,-1.09783,-0.560623,-0.0227111,0.534404,0.336982,0.338997,-0.692889,-0.747006,-0.500621,0.206003,-0.836109,0.313323,1.1938,-1.1802,-0.644789,0.0462279
-14.7883,1.31908,-0.0428267,0.721068,-1.19837,-0.638508,0.106847,0.259863,-0.0912439,0.367956,-0.829592,-0.347217,-0.420279,0.280369,-0.551567,0.35162,0.532336,-1.16215,-0.714121,-0.181163
-14.4378,1.56635,0.040073,0.737149,-1.37581,-0.365263,0.0390497,0.339667,0.153027,0.450269,-0.574879,-0.136474,-0.359485,0.0256968,-0.635757,0.259748,0.553169,-0.891509,-0.671598,-0.36931
-13.9763,1.72779,0.160743,0.538607,-1.6058,-0.260458,0.0118322,0.380476,0.183424,0.0958597,-0.817285,-0.52391,-0.23538,-0.131614,-0.453082,0.0408435,0.449386,-0.809034,-0.614024,0.0579437
-13.5768,1.92295,0.48387,0.580398,-1.65131,-0.600538,-0.143128,0.644322,0.345617,-0.053674,-1.00855,-0.343257,0.201489,0.094181,-0.935685,-0.159825,0.671531,-0.842544,-0.629883,0.183295
-13.4303,1.79901,0.133277,0.262217,-1.26084,-0.639721,-0.313357,0.257502,0.0416965,0.15474,-0.829982,-0.68264,0.105773,0.11616,-1.05426,-0.0874314,0.442832,-0.987646,-0.680097,0.0273785
-13.7603,1.99037,-0.0807226,-0.14318,-1.25606,-0.906568,-0.481733,0.152801,0.194271,0.311363,-0.618194,-0.473775,-0.165968,0.168498,-1.12511,0.0255726,0.467865,-1.04972,-0.516305,-0.199323
-13.7658,1.54917,0.0620741,0.284375,-1.98649,-0.715861,-0.389823,0.247704,0.311753,0.456501,-0.380205,-0.40492,-0.335647,0.168768,-0.629306,0.294628,0.487081,-0.783038,-0.341724,0.000859218
-13.6288,1.77205,0.0497845,0.0748747,-1.81735,-0.607829,0.0214953,0.285863,0.0991157,0.307082,-0.716436,-0.480228,-0.308144,0.126351,-0.502246,-0.0386199,0.473611,-0.885942,-0.409742,0.220312
-13.852,1.74347,0.257743,0.304776,-1.84627,-0.561377,-0.0445514,0.272092,0.217139,0.375698,-0.863538,-0.754373,-0.350775,0.381929,-0.414737,0.00525891,0.229564,-1.03406,-0.554447,0.294533
-13.362,1.92656,-0.0710816,0.100594,-1.63395,-0.448328,-0.190504,0.0597993,0.0731026,0.264526,-0.870531,-0.45206,-0.252156,0.0125147,-0.535694,-0.303986,0.181501,-1.14914,-0.684469,0.164393
-12.9614,1.94666,0.0613955,0.199656,-1.62936,-0.679603,-0.319383,-0.0134975,0.166799,0.266584,-0.878754,-0.36256,0.0731358,0.0353968,-0.844307,-0.196875,0.263504,-1.13225,-0.527791,0.187856
-13.3273,1.93033,0.137914,0.442673,-1.33392,-0.685057,-0.0481191,0.125862,0.0649646,0.464798,-0.76147,-0.456149,0.280324,0.0290052,-0.964318,-0.423901,0.260518,-1.07454,-0.548676,0.0989928
-13.8602,1.74448,0.345666,0.570252,-1.54989,-0.705866,0.0106401,0.247003,-0.00689537,0.113979,-0.78254,-0.437399,0.31429,0.116718,-0.963712,-0.446483,-0.124526,-1.25705,-0.296491,0.113311
-13.9123,2.09991,0.762952,0.615438,-1.74755,-1.1124,0.0361424,0.275964,0.0368017,0.318516,-0.712769,-0.615949,0.0645164,0.178099,-0.778402,-0.124221,0.0354841,-1.04762,-0.291833,0.0535406
-13.8491,1.7831,0.182175,0.38761,-1.71465,-0.845137,-0.3575,0.313284,0.134344,0.238406,-0.668951,-0.352658,-0.0365946,-0.152124,-0.919392,-0.0333756,0.512512,-1.08119,-0.690758,-0.0659694
-14.2404,1.78608,0.171392,0.0973304,-1.38034,-0.528034,-0.288307,0.366425,0.440475,0.372456,-0.51245,-0.34625,-0.133426,0.0710675,-0.753588,-0.00514496,0.555532,-1.0628,-0.512143,-0.0586921
-14.3334,1.72059,0.274262,0.367366,-1.55398,-0.64298,-0.382541,0.235663,0.343449,0.360951,-0.771563,-0.424162,0.0477719,0.195756,-0.799384,0.00612561,0.779592,-1.32009,-0.860434,0.246819
-14.1384,1.89326,0.193766,0.32963,-1.51704,-0.777713,-0.399218,0.316336,0.372698,0.347874,-0.678724,-0.390595,-0.013917,0.0289775,-0.830824,-0.0405168,0.769254,-1.22577,-0.768974,0.133056
-13.8936,1.86766,0.400364,0.253134,-1.43872,-0.870206,-0.146429,0.467793,0.422815,0.395439,-0.691864,-0.568858,0.0534657,0.187754,-1.01388,-0.127878,0.855888,-1.1161,-0.751121,0.194703
-14.0374,1.99652,0.50853,0.308785,-1.51344,-0.75159,-0.160179,0.248829,0.419637,0.529371,-0.655711,-0.564175,-0.0689991,0.0523498,-0.916923,0.132388,0.870339,-1.43865,-0.480456,0.261239
-14.3627,1.64456,0.37651,0.414558,-1.44075,-0.671765,-0.160836,0.436394,0.649577,0.686101,-0.532675,-0.626485,-0.589429,-0.054674,-0.877423,-0.0657938,0.629342,-1.22391,-0.635604,0.155935
-14.3729,1.61998,0.434228,0.302525,-1.48185,-0.703721,-0.180016,0.459818,0.380976,0.293967,-0.715345,-0.565686,-0.302929,-0.205056,-0.924435,0.0129367,0.720656,-1.20726,-0.568314,0.114919
-14.5432,1.31026,0.25946,0.0967893,-1.67579,-0.620737,-0.364877,0.478215,0.474451,0.447023,-0.68748,-0.800689,-0.0962403,0.175296,-0.807191,0.142519,0.936064,-1.13652,-0.433644,0.191081
-14.6734,1.06581,0.188534,-0.0960018,-1.8675,-0.777307,-0.161858,0.580768,0.598413,0.516086,-0.49839,-0.800604,-0.309031,0.28686,-0.550291,0.310863,1.02848,-1.07421,-0.469995,0.214923
-14.7028,0.813551,0.284665,0.268105,-1.73662,-0.76796,-0.327364,1.00902,1.07022,0.756864,-0.85371,-1.12068,-0.195839,0.245161,-0.575176,0.376174,1.22416,-1.19227,-0.51535,0.365497
-14.6453,0.826569,0.431431,0.30213,-1.67683,-1.19104,-0.462032,0.82367,1.07075,0.752862,-0.786353,-1.2194,-0.0604859,0.177768,-0.740545,0.555543,1.37703,-1.11156,-0.629052,0.404492
-14.2837,1.30731,-0.119738,0.40528,-1.59369,-0.891558,-0.3516,0.409188,0.99348,0.756484,-0.6622,-1.14571,-0.0299557,0.029425,-0.543398,0.544969,1.14656,-1.15994,-0.703787,0.322605
-13.7282,0.903269,-0.314835,0.244038,-1.88287,-0.539812,-0.0630341,0.117887,0.388377,0.57284,-0.981277,-0.821921,0.0904776,-0.263408,-0.809009,0.342478,0.61902,-0.782032,-0.843364,-0.424191
-13.4315,1.22853,0.170076,0.776532,-1.67372,-0.638114,-0.0627874,0.142281,-0.253284,0.225817,-0.303512,-0.78766,0.0386905,0.160837,-0.459938,0.404131,0.717005,-0.377512,-0.897218,-0.543321
-13.1705,1.74216,0.209998,0.329183,-1.56735,-0.715693,0.098416,-0.167738,-0.449782,0.0614696,-0.371742,-0.319839,0.421704,0.0854865,-0.428106,0.472277,0.629758,0.0147853,-1.43157,-0.779757
-13.5677,1.69021,0.1554,0.351699,-1.69365,-1.02879,0.0719589,-0.216043,-0.122147,0.174956,-0.414449,-0.290934,0.329243,0.0110333,-0.639463,0.300403,0.61921,-0.163792,-1.57468,-0.871285
-13.6763,1.6082,-0.0189178,0.379017,-1.61922,-0.991104,-0.0404826,0.0345247,-0.120047,0.211376,-0.431768,-0.0553139,0.508292,-0.252709,-0.584979,0.389287,0.603936,-0.320252,-1.34709,-0.58125
-13.8948,1.51448,-0.167038,0.2309,-1.69594,-1.0256,-0.0316165,-0.38739,-0.356884,-0.00263808,-0.175001,0.292083,0.485949,-0.0981371,-0.498041,0.350593,0.471605,-0.159201,-1.28754,-0.574053
-14.0438,1.38815,-0.0654963,0.318479,-1.40228,-0.672498,-0.34784,-0.4792,-0.714504,0.0623588,-0.25219,0.376858,0.810953,0.0365056,-0.551429,0.34088,0.655609,-0.0448151,-1.41139,-0.772021
-14.0105,1.32114,-0.311145,0.120224,-1.72862,-0.983783,-0.360745,-0.454227,-0.621342,0.00527795,-0.169468,0.587908,0.827078,0.0284743,-0.431888,0.357154,1.05439,0.129807,-1.58287,-0.773397
-13.8301,1.48083,-0.153892,0.133665,-1.68015,-0.938989,-0.390272,-0.342699,-0.526084,-0.20039,-0.149486,0.556691,0.922575,0.000151218,-0.4052,0.386734,1.1461,0.521476,-1.75684,-0.835532
-13.5009,1.35461,-0.232884,0.237556,-1.86487,-1.14557,-0.290918,-0.372142,-0.338573,-0.238893,-0.248492,0.794663,1.10234,0.0720861,-0.660894,0.311233,1.39364,0.39792,-1.76359,-0.946637
-13.1024,1.43103,0.0244086,0.365375,-1.79297,-1.07938,-0.0554877,-0.49469,-0.589932,-0.372312,-0.360758,0.906482,0.869405,-0.187438,-0.821533,0.160305,1.29781,0.0108571,-1.90624,-0.88393
-13.1671,1.12961,-0.00368864,0.230048,-1.97205,-0.926743,0.0787373,-0.547276,-0.765692,-0.380843,-0.33631,0.844222,1.16875,0.193118,-0.667876,0.250865,1.31934,0.190295,-1.89438,-0.839132
-13.2538,1.00941,-0.0572688,0.140863,-1.92351,-0.835737,0.00360247,-0.584835,-0.849518,-0.263781,-0.347383,0.889662,1.21884,0.344315,-0.641322,0.122821,1.39174,0.239148,-1.99608,-0.856454
-13.2409,0.962087,-0.0332089,0.0438291,-1.96415,-0.930629,-0.132,-0.914724,-0.998301,-0.446152,-0.404077,0.80515,1.12895,0.1745,-0.851828,-0.0187215,1.43371,0.223059,-1.98242,-0.749928
-13.1806,0.874295,-0.100994,-0.0319868,-1.93978,-0.812831,-0.117217,-0.748926,-0.829347,-0.381229,-0.26331,1.08864,1.29387,0.276212,-0.723875,0.127208,1.50345,0.250205,-2.19101,-0.890021
-13.05,0.91523,-0.146446,-0.12082,-2.06182,-0.963961,-0.194919,-0.769155,-0.838889,-0.371104,-0.37711,1.13315,1.15983,0.24316,-0.885282,0.154487,1.43842,0.310333,-2.09476,-1.02607
-12.8185,0.842085,-0.226165,-0.0795263,-2.0036,-1.00413,0.0473614,-1.03324,-0.940764,-0.343783,-0.282895,1.09592,1.15666,0.229559,-0.873595,0.173347,1.30103,0.1442,-2.02727,-0.939911
-12.8263,0.824245,-0.132705,-0.0653969,-2.07794,-0.978952,0.0184205,-0.902348,-1.0078,-0.54519,-0.184385,1.2569,1.24748,0.221571,-0.691459,0.129141,1.3031,0.346649,-1.92934,-0.782301
-12.8146,0.628001,-0.0365316,0.18512,-1.86036,-0.759982,-0.00881008,-0.986438,-1.14005,-0.572096,0.00826773,1.31337,1.27239,0.319579,-0.696881,-0.0102687,1.29819,0.400105,-1.80771,-0.885746
-13.0206,0.539498,-0.0123575,0.255482,-1.84856,-0.730318,-0.0565502,-1.11329,-1.27382,-0.547726,0.0531889,1.40762,1.25219,0.350737,-0.780907,-0.0412791,1.42018,0.455307,-1.85793,-0.787573
-12.844,0.533659,-0.0114832,0.251877,-1.7688,-0.744649,0.0825171,-0.969946,-1.19854,-0.684414,0.139343,1.30601,1.2834,0.324319,-0.677474,0.045068,1.29575,0.460622,-1.89332,-0.774024
-12.8351,0.33048,-0.104906,0.24207,-1.60831,-0.774954,-0.0779519,-0.848514,-1.13761,-0.609279,0.0565761,1.34785,1.40712,0.360813,-0.682757,-0.00673257,1.35312,0.57245,-1.87079,-0.929435
-13.0834,0.276552,-0.410948,-0.102471,-1.77097,-0.669168,-0.128426,-0.85337,-1.05478,-0.681048,0.0785019,1.38187,1.45936,0.516604,-0.482753,0.109402,1.32633,0.572762,-2.01775,-0.856723
-13.11,0.259413,-0.26376,0.1743,-1.58138,-0.652728,0.00428011,-0.806989,-1.10217,-0.834485,0.129563,1.49097,1.44264,0.394179,-0.578173,0.0478693,1.29956,0.573968,-1.89281,-0.807763
-13.0704,0.410953,0.0732405,0.168766,-1.43092,-0.66819,-0.11772,-0.823447,-1.08134,-0.979453,0.0160647,1.32852,1.05291,0.0426484,-0.658018,-0.128867,1.19644,0.654658,-1.93439,-0.854842
-13.0455,0.53587,0.0829411,0.33185,-1.36291,-0.541072,-0.0489429,-0.713522,-0.983386,-1.06339,-0.114065,1.38068,1.27252,0.166989,-0.536517,-0.361158,1.17229,0.569796,-1.83785,-0.846884
-13.03,0.22897,-0.284737,0.363274,-1.31548,-0.405307,-0.00729655,-1.09413,-1.06088,-0.84912,0.159027,1.4858,1.30495,0.328334,-0.575056,-0.181762,1.3275,0.340104,-1.78233,-0.851801
-12.8033,0.0435596,-0.401322,0.160129,-1.52848,-0.424675,-0.218157,-1.07219,-1.11206,-0.41419,0.0768074,1.33433,1.44001,0.452836,-0.770209,0.0923052,1.5188,0.514018,-1.89493,-0.639401
-12.855,0.353236,-0.627805,0.0987732,-1.32861,-0.449368,-0.174559,-0.856906,-1.12443,-0.390429,-0.0613552,1.23156,1.6262,0.239861,-0.9573,0.0704219,1.21995,0.659865,-1.99474,-0.562073
-13.0959,0.523696,-0.469237,0.244416,-1.29178,-0.681738,-0.118723,-0.587296,-1.14946,-0.49885,0.0560064,1.40026,1.72131,0.0329445,-1.04281,0.0369167,1.10183,0.47559,-2.0663,-0.617353
-12.7046,0.518752,-0.216735,0.31109,-1.55606,-0.740401,-0.125759,-0.821799,-1.46895,-0.882871,-0.179768,1.16046,1.38055,0.086903,-0.838836,0.0678685,0.954741,0.319105,-2.02903,-0.712881
-12.8175,0.0547813,-0.11212,0.450904,-1.54736,-0.809855,-0.245421,-1.17312,-1.51998,-1.06102,0.163779,1.58731,1.35334,0.0513744,-0.840826,-0.122323,1.0379,0.323119,-2.01934,-0.768583
-12.9954,0.137492,0.00179055,0.264003,-1.7055,-0.590203,-0.10611,-1.1162,-1.55045,-0.86935,0.466869,1.50666,1.54077,0.364292,-0.555976,-0.0950873,1.10466,0.464431,-1.99119,-0.705048
-13.0315,0.259936,0.0553238,0.469908,-1.63173,-0.5611,-0.0435438,-1.01989,-1.42193,-0.996035,0.370165,1.66408,1.61953,0.451967,-0.597052,-0.153959,0.895663,0.49207,-1.80623,-0.626677
-12.8703,0.278137,0.134619,0.542783,-1.42081,-0.391194,-0.055926,-1.14952,-1.57759,-0.821432,0.0917847,1.34367,1.75523,0.460655,-0.835985,-0.0953723,1.03675,0.415561,-1.9456,-0.441724
-12.7362,0.308195,-0.107355,0.515334,-1.5222,-0.439337,-0.181797,-1.07063,-1.51565,-0.784296,0.0870152,1.33261,1.80002,0.296504,-0.961686,0.144411,0.797843,0.48659,-2.00732,-0.588485
-12.1974,0.010454,-0.0697186,0.48499,-1.66938,-0.386606,-0.343731,-0.935778,-1.95484,-0.523177,0.198825,1.36541,1.89147,0.16598,-0.808509,0.041205,1.02351,0.425895,-1.92081,-0.512493
-11.8804,-0.155147,-0.376588,0.536678,-1.80377,-0.402383,-0.457461,-1.12012,-1.9761,-0.573712,0.193479,1.21274,1.84741,0.235491,-0.811139,-0.0279209,1.05975,0.2918,-1.69573,-0.659451
-11.3174,0.134803,-1.09243,0.609224,-1.45744,-0.385675,-0.710408,-0.663123,-1.14902,-0.806455,0.189948,1.42722,1.50038,0.42943,-0.485955,0.200264,0.609519,0.0386456,-1.19546,-1.00901
-12.1358,0.532406,-0.869703,0.266002,-1.09575,-0.287927,-0.857588,-0.593483,-1.12535,-0.93255,0.0605202,1.26375,1.38665,0.593187,-0.116525,0.240904,0.339128,-0.0151599,-1.02333,-0.735449
-12.1054,0.989331,-0.498773,-0.372218,-1.25841,-0.506908,-0.752123,0.00376637,-1.18751,-1.34996,-0.259346,0.968771,1.26599,0.449313,0.173947,-0.134762,-0.0418406,0.0530939,-0.893706,-0.542067
-12.5961,1.01041,-0.348303,-0.330605,-1.58899,-0.582381,-0.561396,0.272699,-1.22828,-1.592,0.00148392,1.03863,1.32169,0.420067,0.643201,-0.339107,-0.560511,0.140871,-0.656918,-0.325182
-13.0084,1.19504,-0.079182,0.0149502,-1.54759,-0.536814,-0.65757,0.0759134,-1.07545,-1.51598,-0.294347,0.736426,1.32768,0.537967,0.664578,-0.569484,-0.789386,0.244763,-0.784083,-0.291764
-12.809,1.37059,-0.0498911,0.0926015,-1.49518,-0.654204,-0.744375,0.111632,-1.09076,-1.26742,-0.0189628,0.608443,0.728036,0.641154,0.625768,-0.780431,-0.791607,0.234415,-0.55168,-0.247369
-12.7616,1.57527,-0.381935,-0.218148,-1.35693,-0.708297,-0.796158,0.131668,-1.3333,-1.15397,-0.453115,0.37262,1.01782,0.331952,0.12561,-0.547416,-0.780083,-0.0415183,-0.718786,-0.324817
-12.6385,1.66908,-0.245795,-0.158674,-1.13897,-0.352845,-0.691841,0.114528,-1.01568,-1.33092,-0.309494,0.548878,1.01528,0.410991,0.178033,-0.641647,-0.828366,-0.0804828,-0.604085,-0.321517
-12.5058,1.61185,-0.419124,0.0821514,-1.12896,-0.513506,-0.467865,0.368081,-0.763708,-1.26252,-0.205975,0.32179,0.811317,0.280162,0.182006,-0.644477,-0.761555,-0.137436,-0.738044,-0.330732
-12.9682,1.47525,-0.167552,0.276839,-0.965835,-0.444199,-0.37744,0.177903,-0.615785,-1.23994,-0.511574,0.381006,0.550406,0.310611,0.220011,-1.06415,-0.949417,0.0317026,-0.766034,-0.15185
-13.0622,1.39682,0.179125,0.649124,-1.03695,-0.174086,-0.293563,0.0326278,-0.375441,-1.11104,-0.630225,0.341886,0.496339,-0.179261,0.287441,-0.687679,-0.985436,-0.342954,-1.02874,-0.513289
-12.8129,1.60235,-0.160773,0.441509,-0.900643,-0.0466221,-0.267476,0.035972,-0.642116,-1.41382,-0.735096,0.205594,0.839806,-0.187713,-0.084526,-0.65875,-0.93967,-0.228699,-0.956654,-0.473495
-12.8111,1.56896,-0.190867,0.261986,-0.716666,-0.169599,-0.0405655,0.265904,-0.821766,-1.28433,-0.554945,0.276623,0.907921,-0.129423,-0.131656,-0.774163,-0.910141,0.0371958,-0.894863,-0.28434
-12.8459,1.61529,-0.48685,0.229085,-0.920047,-0.40031,-0.296461,0.582853,-0.855342,-1.33269,-0.495915,0.419544,0.944907,-0.191876,-0.0981432,-0.871161,-1.00832,0.226604,-0.890285,-0.55206
-13.3066,1.1037,-0.463423,0.259985,-0.830997,-0.275752,-0.0594827,0.747698,-0.908903,-1.1779,-0.381214,0.639223,0.697807,-0.120955,-0.0909637,-0.939504,-1.09184,0.596641,-0.645172,-0.336004
-13.6966,0.93026,-0.665053,-0.032067,-1.14351,-0.285461,0.109602,0.927142,-0.68182,-1.04012,-0.706374,0.631426,0.721175,-0.178611,0.122327,-0.713936,-0.904968,0.52621,-0.67356,-0.179661
-13.869,0.601872,-0.801497,-0.360511,-1.294,-0.707113,-0.0432209,1.14398,-0.633105,-0.871696,-0.791752,0.767292,1.16666,-0.145809,0.40104,-0.770882,-1.06683,0.614882,-0.619385,0.0305033
-13.4092,0.972009,-0.454574,-0.251674,-1.34421,-0.572893,-0.0920341,0.973282,-0.703569,-1.08678,-0.688704,0.468966,1.1186,0.184364,0.728721,-0.924812,-1.08058,0.54937,-0.440584,-0.14745
-13.4649,1.12158,-0.132501,-0.232538,-1.09922,-0.581307,-0.0586688,0.618558,-0.81637,-1.53972,-0.651014,0.679677,1.09342,0.142481,0.79117,-1.2561,-1.28326,0.5153,-0.847642,-0.0844476
-14.0141,1.02733,-0.088538,-0.0695488,-1.16008,-0.260316,-0.162913,0.612247,-0.742391,-1.65426,-0.668545,0.836884,0.903431,-0.0847951,0.825985,-1.29528,-1.08601,0.502317,-0.682058,0.00530872
-14.3596,0.850008,0.111493,-0.0570522,-1.04766,-0.0040239,-0.236601,0.614762,-0.906866,-1.59358,-0.550168,0.986976,0.872511,-0.122523,0.901804,-1.15785,-1.20856,0.372374,-0.673232,0.0419332
-14.3279,0.361333,0.0115398,-0.129347,-1.26009,-0.375594,0.0549466,0.708875,-0.726063,-1.53525,-0.377674,0.941532,0.937321,-0.0557739,0.759517,-0.791358,-1.13781,0.38748,-0.436388,-0.00499214
-14.0036,0.826723,-0.0301174,-0.0035253,-1.2662,-0.487107,0.00111715,0.757077,-0.971378,-1.53585,-0.384572,0.994763,0.854865,-0.0315909,0.717102,-1.08148,-1.4101,0.468681,-0.692579,-0.2111
-13.9398,0.741219,-0.123926,0.0364659,-1.02851,-0.540521,-0.289628,0.985683,-0.899876,-1.44311,-0.30969,0.966919,0.627847,0.0118439,0.783156,-0.78258,-1.19341,0.698595,-0.485352,-0.302687
-14.3873,0.460363,-0.399505,-0.117654,-1.27845,-0.658346,-0.112215,0.715906,-1.05587,-1.45671,-0.509892,0.776411,0.847082,-0.161104,0.751128,-0.729414,-0.888848,0.769224,-0.47594,0.0363973
-14.4179,0.427513,-0.407624,-0.425957,-1.3483,-0.802737,0.194127,0.952905,-1.05528,-1.49493,-0.499283,0.880026,0.772355,-0.204828,0.817439,-1.28886,-1.28597,0.732172,-0.610291,0.020234
-14.333,0.373795,-0.42391,-0.40964,-1.12455,-0.297128,0.367633,1.09784,-0.622889,-1.29139,-0.400759,0.721543,0.840254,-0.366034,1.03232,-1.21387,-1.14227,0.927629,-0.42515,0.219285
-14.7696,0.480434,-0.195023,-0.555006,-1.28225,-0.230875,0.160395,0.885532,-0.500645,-1.70165,-0.457463,0.657477,0.580367,-0.553146,0.966007,-1.18809,-1.24151,0.960561,-0.325625,0.207695
-14.2444,0.515361,0.138335,-0.292973,-1.3334,-0.00900109,0.236696,1.0502,-0.236869,-1.78168,-0.76657,0.771073,1.10399,-0.109403,0.866067,-1.08683,-1.10997,0.633704,-0.49349,-0.0321279
-13.9256,0.723779,0.200268,-0.0253294,-1.26001,-0.175845,0.492336,1.1428,-0.568742,-1.76844,-0.870348,0.415703,0.972834,0.017591,0.939893,-1.09457,-1.15065,0.441627,-0.768122,-0.102277
-13.7094,0.582173,-0.34548,-0.00573568,-1.07871,-0.0174363,0.547399,1.17217,-1.00548,-1.54257,-0.693492,0.275413,0.840737,0.135088,1.22305,-0.684751,-1.38403,0.367198,-0.548152,-0.301312
-13.3901,0.667328,-0.58129,-0.311023,-0.967314,-0.377603,0.337834,1.00379,-0.898398,-1.07971,-0.463863,0.29832,0.456751,-0.30774,0.997163,-0.849079,-1.73612,0.475458,-0.146453,-0.139816
-13.1727,1.02008,-0.232028,0.0455837,-0.746858,-0.117438,0.103439,0.759731,-0.425062,-0.624701,-0.7106,0.0166445,0.393751,-0.588887,0.626042,-0.916443,-1.67672,0.49731,-0.541564,-0.163702
-13.1066,0.986066,-0.150532,-0.0204152,-1.01517,-0.347218,-0.158878,0.645867,-0.51209,-1.11709,-0.961347,-0.240732,0.346106,-0.537918,0.58285,-1.09871,-1.88847,0.303294,-0.568637,-0.292854
-12.9118,0.907311,0.125442,0.219585,-1.03259,-0.130659,0.0526864,0.359428,-0.395828,-1.18239,-0.778966,-0.0364172,0.454622,-0.441267,0.5061,-1.04854,-1.71362,0.19068,-0.728944,-0.182192
-13.1246,1.00796,-0.0979465,0.0540288,-1.0665,0.353759,0.164788,0.495814,-0.594755,-1.48941,-0.670033,0.089547,0.695157,-0.416818,0.660138,-1.29675,-1.66382,0.186009,-0.641462,0.127012
-12.4084,1.26208,-0.372057,0.0360331,-1.33425,-0.215039,0.25459,0.902461,-0.419679,-1.25411,-0.68094,0.115091,0.513884,-0.36161,0.519909,-1.13088,-1.59077,0.0991485,-0.379172,0.122148
-12.1624,1.32412,-0.364141,-0.100669,-1.18918,-0.177488,0.199671,0.896031,-0.621212,-1.19852,-0.687713,0.0663906,0.219074,-0.149614,0.402969,-1.03963,-1.74287,-0.105453,-0.15736,-0.050642
-12.2432,1.42682,-0.426625,-0.0372804,-1.13154,-0.268772,0.117509,0.880245,-0.495937,-1.18189,-0.742463,0.104526,0.30327,-0.335554,0.537989,-1.20373,-1.8178,-0.0772587,-0.353632,-0.51619
-12.7355,1.26982,-0.0289052,0.146843,-1.06475,-0.529139,-0.0281423,0.914846,-0.473996,-1.21792,-0.691607,0.213001,0.146478,-0.489011,0.657388,-0.959751,-1.60871,0.178742,-0.523129,-0.602985
-13.2235,1.1915,0.176064,0.0487507,-1.00571,0.169228,0.366319,0.831588,-0.325416,-1.23008,-0.916709,-0.135159,0.2477,-0.364355,0.436032,-1.04202,-1.4144,0.13847,-0.617104,-0.308645
-13.1776,1.39475,-0.17749,0.0866029,-0.701202,0.249369,0.202222,0.71395,-0.371835,-1.38864,-0.926746,-0.0194938,0.253913,-0.444317,0.869582,-1.1767,-1.62468,0.312924,-0.448167,-0.334148
-13.2784,1.28526,-0.173261,0.171603,-0.696216,0.2629,0.219594,0.587135,0.114947,-1.41362,-0.410078,0.231428,0.136313,-0.423098,0.446026,-1.42921,-1.58412,0.399273,-0.262933,-0.0527805
-13.5954,1.14246,0.107473,0.0740505,-1.06313,0.407672,0.454287,0.828833,-0.0610386,-1.36306,-0.525199,0.201371,0.36146,-0.267522,0.44194,-1.59073,-1.82866,0.507182,-0.0513344,0.0399043
-13.8136,1.54301,0.19215,-0.182822,-1.16961,-0.126001,0.421986,1.06772,-0.250322,-1.14909,-0.919521,0.0133096,0.535869,-0.241289,0.565668,-1.34032,-1.63205,0.377415,-0.280292,0.208657
-13.5652,1.28007,0.0844537,-0.438117,-0.839146,-0.428257,0.338001,0.805711,-0.320232,-1.05648,-0.813259,0.0915279,0.335941,-0.234549,0.332862,-1.22934,-1.69208,0.720931,-0.175432,0.102573
-13.8182,0.932628,-0.0784027,-0.0220766,-0.685914,-0.577615,0.131666,0.578227,-0.576818,-1.19896,-0.571731,0.533041,0.157779,-0.36594,0.635186,-1.49854,-2.11251,0.483262,-0.464679,-0.157586
-14.0809,1.1115,-0.0729148,0.317809,-0.559523,-0.371943,0.309715,0.540738,-0.51096,-0.739669,-0.442135,0.583823,0.0649789,-0.351629,1.00197,-1.42665,-1.69533,0.591002,-0.469151,-0.271422
-14.3428,1.16427,0.241954,-0.1543,-0.581281,-0.313524,0.0455228,0.4731,-0.301391,-0.538842,-0.506094,0.302741,0.467355,-0.427246,0.866964,-1.29712,-1.77873,0.48818,-0.523727,-0.134247
-14.2224,0.75226,0.449847,0.0580146,-0.853363,-0.370733,-0.0302664,0.480541,-0.131172,-1.01491,-0.41286,0.298229,0.197681,-0.327301,0.6875,-1.22837,-1.54322,0.725154,-0.154158,0.137266
-14.0231,0.851637,0.219106,-0.129798,-0.905926,-0.253892,0.385857,0.674912,-0.469198,-1.12033,-0.455091,0.276779,0.316139,-0.375104,0.903957,-1.35183,-1.70449,0.771558,-0.348411,0.143062
-14.6384,0.960182,0.329689,-0.213633,-1.10692,-0.00064394,0.783403,0.78497,-0.508456,-1.10974,-0.667926,0.356289,0.381859,-0.379872,0.906184,-1.67131,-1.67495,0.609278,-0.286807,0.205392
-14.7686,1.1445,0.300663,0.0226659,-0.752921,-0.0771472,0.830836,1.15865,-0.438887,-1.30433,-1.13635,0.388858,0.359006,-0.370173,0.731753,-1.53952,-1.67984,0.748487,-0.140659,0.174065
-14.6299,1.17986,0.168494,0.0836508,-0.701526,-0.141269,0.556216,1.07474,-0.725892,-1.30773,-1.07108,0.451296,0.273106,-0.461037,0.95296,-1.38577,-1.77867,0.544437,-0.229564,-0.249043
-15.0049,1.09254,0.331525,0.303197,-0.415684,-0.443929,0.50866,1.12275,-0.482189,-1.26728,-0.746813,0.7164,0.183399,-0.625293,1.16559,-1.20348,-1.82492,0.559884,-0.147637,-0.0932523
-14.8011,1.15223,0.460034,0.051709,-0.911406,-0.200028,0.201399,0.682709,-0.16312,-1.08066,-0.680446,0.574756,0.356966,-0.384255,0.857797,-1.2338,-1.57223,0.478164,-0.097071,0.0387161
-14.9733,0.891849,0.0864216,-0.0138639,-0.766036,-0.329622,0.141731,0.618896,-0.432775,-1.22138,-0.768589,0.352355,0.429335,-0.359729,1.13038,-1.32427,-1.62232,0.791098,-0.16346,-0.0141525
-15.0681,0.772745,0.590306,-0.148933,-1.00005,-0.340888,0.309284,0.688961,-0.247842,-1.48442,-0.750649,0.532686,0.241904,-0.38477,1.05739,-1.41499,-1.51642,0.559123,-0.26684,0.136611
-14.9483,1.04628,0.774032,-0.479387,-1.36813,-0.0553201,0.411683,0.450505,-0.0934639,-1.34486,-1.1147,0.41167,0.447842,-0.128204,1.01793,-1.18084,-1.37904,0.548842,-0.178332,0.129773
-14.6197,1.09795,0.463051,-0.404377,-1.35488,-0.0317904,0.619992,0.683472,-0.547413,-1.23868,-0.86373,0.473876,0.393858,-0.329113,1.08322,-1.15232,-1.75536,0.516944,-0.361277,0.120819
-14.1579,1.28067,-0.135713,-0.237088,-1.2524,-0.311425,0.59474,0.725367,-0.465063,-1.1807,-1.00512,0.380401,0.242524,-0.355609,0.826628,-0.907776,-1.41174,0.310191,-0.318987,-0.181518
-13.7314,1.27743,-0.248052,0.320529,-1.05714,-0.678671,0.358182,0.914241,-0.199954,-0.810598,-0.789014,0.465396,0.0401029,-0.331365,0.891688,-1.24434,-1.68613,0.164366,-0.0884115,-0.290175
-13.5206,1.3575,-0.0274702,0.518519,-1.00329,-0.381149,0.258111,0.487205,-0.442986,-0.700256,-0.496771,0.596007,-0.127018,-0.569717,0.74751,-0.938181,-1.48234,0.152051,-0.298379,-0.476396
-13.9677,1.06597,-0.000326959,0.444294,-0.969452,0.0192582,0.298923,0.421507,-0.31132,-1.0565,-0.401606,0.499689,0.414818,-0.246821,0.450132,-1.262,-1.32547,0.135033,-0.332994,-0.249447
-13.6385,0.861571,-0.146653,0.199308,-1.03182,-0.122344,0.0340755,0.171476,-0.510518,-0.901358,-0.393281,0.644262,0.487156,-0.274175,0.767861,-1.17568,-1.30068,0.0749465,-0.213669,0.122453
-13.3898,1.08599,0.0389737,-0.118031,-1.46657,-0.0216325,0.116423,0.094185,-0.310182,-0.638569,-0.527506,0.180269,0.520864,-0.175652,0.703625,-1.37223,-1.27104,0.382857,-0.149887,0.306085
-13.3393,1.15529,0.15326,-0.0236911,-1.46283,-0.0588869,0.259362,0.481564,-0.448545,-0.826083,-0.703704,0.181205,0.330874,-0.130561,0.518543,-1.14838,-1.33149,0.197829,-0.205942,0.409353
-13.298,1.25144,-0.0147155,0.169975,-1.14813,-0.20429,0.352832,0.649024,-0.404509,-0.683719,-0.960785,0.0465046,0.143097,-0.138102,0.491772,-1.30586,-1.64137,0.048006,-0.0512264,0.349324
-13.4847,0.959299,-0.126168,0.56013,-1.24434,-0.32358,0.279323,1.13229,-0.032294,-0.81908,-1.12587,0.0876031,-0.195556,-0.199558,0.454462,-1.48519,-1.84739,0.311206,0.297518,0.0883209
-13.3925,1.03418,-0.366825,0.615229,-0.871788,-0.326174,-0.0211928,0.774224,-0.154956,-0.966579,-0.969235,0.143987,-0.0971527,-0.316069,0.277143,-1.07136,-1.48306,0.19491,-0.0249908,-0.111062
-13.5957,1.23783,-0.301363,0.429849,-1.08657,-0.0593835,0.0861116,0.510112,-0.292794,-1.15488,-1.22301,0.251101,0.0263309,0.144881,0.469781,-1.11753,-1.40439,0.122446,-0.113157,-0.227739
-13.3938,0.885952,-0.0950182,0.20367,-1.01398,-0.209367,0.273291,0.691293,-0.515056,-1.15717,-0.757356,0.430333,0.154918,0.0585316,0.665885,-1.0688,-1.58696,0.154761,-0.180815,-0.140749
-13.5509,0.64446,-0.35426,-0.220616,-1.25196,-0.179394,0.191995,0.408011,-0.125044,-1.06871,-0.908642,0.444409,0.151023,-0.112857,0.637599,-1.28589,-1.79042,0.392549,0.0593305,-0.0327433
-13.4073,0.936372,-0.275833,-0.248884,-0.959962,-0.233232,0.353655,0.745567,-0.105926,-0.81168,-0.762137,0.601581,0.0117787,-0.129194,0.487782,-1.22597,-1.724,0.337964,0.245739,-0.119498
-13.3904,0.866415,-0.086341,0.13202,-1.45989,-0.501921,0.524976,0.864666,-0.142109,-1.13598,-0.711757,0.628533,0.254383,-0.147558,0.42041,-0.668716,-1.53361,0.453085,-0.128287,-0.0980763
-13.7208,1.02502,-0.416959,-0.273168,-1.09695,-0.432442,0.236744,0.719711,-0.309751,-0.949543,-0.771521,0.34695,0.467035,0.223703,0.650583,-0.907061,-1.62626,0.340668,-0.0705303,-0.194474
-14.1603,1.31505,-0.28555,-0.391187,-1.28439,-0.657043,0.182843,0.740214,-0.163646,-1.09454,-0.732918,0.519526,0.343469,-0.0779905,0.86278,-1.02021,-1.55662,0.426088,-0.0805855,0.026025
-14.5841,1.3719,-0.423869,-0.556864,-1.36864,-0.69067,0.143173,0.80265,-0.0384391,-1.12668,-0.557981,0.77161,0.202364,0.0372793,0.372245,-0.840289,-1.20038,0.105874,0.119769,-0.161222
-14.6115,1.48681,-0.0564641,-0.305559,-1.20124,-0.562697,0.216749,0.771029,-0.140218,-1.05814,-0.674285,0.75738,0.334819,-0.0533996,0.396892,-1.09928,-1.41454,0.161372,0.0113464,-0.119051
-14.692,1.33508,0.0857939,-0.0966716,-0.712722,-0.18341,0.277367,0.734986,-0.178191,-1.32208,-0.71553,0.378485,0.0451133,0.20396,0.663745,-1.15834,-1.61783,0.192672,0.219071,-0.0128876
-14.9353,1.20847,-0.175203,-0.0189118,-0.711066,-0.0256216,0.208181,0.768551,-0.242878,-0.821258,-0.51363,0.295247,0.0861016,-0.292377,0.778221,-0.915318,-1.85412,0.444745,-0.0166247,-0.208303
-14.9708,1.14634,-0.324471,0.205944,-0.936078,-0.072792,0.255209,0.715168,-0.057801,-1.22241,-0.504501,0.639599,0.244992,-0.289912,0.445359,-0.942278,-1.69341,0.537507,-0.169354,-0.0509971
-15.0865,0.745072,-0.299782,0.127518,-1.05278,0.128361,0.27369,0.856609,0.0511137,-1.18697,-0.920621,0.361602,0.238958,-0.156785,0.729201,-0.954239,-1.44174,0.363434,-0.441245,-0.110345
-15.1594,0.773088,0.00568772,0.0502001,-0.97674,0.14489,0.724406,0.487418,-0.20662,-0.77806,-0.785536,0.284098,0.282513,-0.431277,0.771663,-1.13965,-1.40995,0.487967,-0.173959,0.283375
-14.8105,0.629435,0.107697,0.0936377,-1.16026,-0.0362273,0.525812,0.738142,-0.168674,-0.94458,-0.885376,0.344295,0.0892281,-0.444231,0.975846,-1.37148,-1.71388,0.574358,-0.143811,0.051288
-14.7619,0.436175,0.280754,0.318401,-0.810507,-0.0707803,0.330962,0.627571,-0.365663,-0.986709,-0.663546,0.209959,0.141265,0.0693988,1.13455,-1.3891,-1.92421,0.760503,-0.0772484,0.253786
-14.7617,0.317676,0.341531,0.0263436,-0.875205,-0.316354,0.0417494,0.42229,-0.459088,-0.979378,-0.721755,0.517923,0.0065961,-0.393812,1.17172,-1.23537,-2.04662,0.708043,-0.197629,-0.0458874
-15.0883,0.194652,0.375933,0.192592,-0.489788,0.0486495,0.204974,0.56866,-0.451462,-0.954182,-0.349343,0.445626,-0.292354,-0.205746,1.28431,-1.06818,-1.75904,0.905414,-0.100814,-0.0545985
-14.8632,0.347362,0.368102,-0.0074802,-1.00961,-0.0679801,0.240374,0.713245,-0.380046,-1.03882,-0.443245,0.564973,-0.153851,-0.359754,1.32454,-1.15797,-1.92944,0.612192,-0.165642,-0.050041
-14.9689,0.374475,0.398058,-0.223919,-1.07368,-0.0125361,0.354211,0.978111,-0.289516,-0.969404,-0.740096,0.516854,-0.0304468,-0.42021,1.38281,-1.31376,-1.92928,0.827709,-0.013274,-0.0484716
-14.8361,0.39304,0.511332,-0.316631,-1.03548,-0.0395795,0.480178,1.31388,-0.393776,-1.17293,-0.6115,0.453188,-0.23494,-0.242115,1.47328,-1.06522,-1.69705,0.957835,-0.143553,0.212822
-15.0714,-0.203461,0.121117,-0.114603,-0.845114,-0.0355114,0.50085,1.15678,-0.478524,-1.22761,-0.905412,0.585954,0.254687,-0.188176,1.38345,-1.1162,-1.8102,0.686897,-0.0736812,0.352187
-14.7394,0.0778165,0.299322,-0.136172,-1.033,-0.176028,0.440606,0.937749,-0.409541,-1.21031,-0.843129,0.724356,0.277513,-0.0522551,1.47013,-1.00785,-1.70982,1.02808,-0.217871,0.104895
-14.313,0.0577385,0.19756,0.109112,-0.825387,-0.152096,0.685482,1.06144,-0.359216,-1.11028,-1.06872,0.557611,0.472571,-0.275587,1.23865,-0.912844,-1.41846,0.866007,-0.558499,0.0723461
-14.5321,-0.0738468,0.279945,0.10046,-0.950715,0.0301283,0.740018,0.882553,-0.418326,-1.18105,-0.96472,0.601926,0.324769,-0.333341,1.36374,-0.840989,-1.71968,0.585445,-0.372236,0.0500144
-14.4996,-0.0530111,0.289544,0.175916,-0.897603,-0.0979237,0.547269,0.757631,-0.490607,-1.2831,-0.967902,0.528111,0.219818,-0.29853,1.16945,-1.06913,-1.69391,0.857122,-0.312859,0.148695
-14.4923,-0.264314,0.140454,0.123909,-0.845752,-0.340911,0.45343,1.19673,-0.33513,-1.03508,-0.897458,0.561471,0.453135,-0.326331,1.10367,-1.0222,-1.45066,0.887627,-0.388739,0.240266
-14.8227,-0.317415,0.089179,-0.0870308,-1.10863,-0.330752,0.242456,1.05369,-0.302506,-1.04596,-0.844676,0.576809,0.444064,-0.111936,1.51433,-0.815815,-1.49713,0.873673,-0.343864,0.160925
-14.6578,-0.10996,0.24383,0.0294065,-1.083,-0.262087,0.376036,1.24051,-0.452375,-1.14521,-1.12525,0.69498,0.526228,-0.0962299,1.19133,-0.651369,-1.61664,0.769295,-0.251232,0.0102964
-12.676,-0.483111,0.199383,-0.266867,-1.56298,-0.317827,0.619223,1.44327,-0.156343,-1.36252,-1.70368,0.61811,0.370467,-0.31153,0.705881,0.472844,-1.50377,0.196639,0.320674,-0.523637
-13.5593,-0.430681,0.0478421,-0.277035,-1.502,0.0139985,0.465709,1.18473,0.111919,-1.59039,-1.59297,0.471142,0.505618,-0.182107,1.13118,0.264498,-1.80002,0.0750664,0.454499,-0.0431602
-13.4357,-0.543366,0.0168905,-0.531826,-1.57179,-0.0766775,0.480316,1.15154,0.363427,-1.34621,-1.34618,0.828591,0.480554,0.0665032,1.3204,0.215607,-2.15349,0.0487122,0.777354,0.0546616
-13.6003,-0.80099,0.272891,-0.599453,-1.63635,-0.150724,0.717011,1.54272,0.244314,-1.50467,-1.32278,0.700302,0.469085,-0.0559883,1.02163,0.290275,-1.88266,0.235383,0.749092,-0.164941
-13.6672,-0.70932,0.371717,-0.603353,-1.60212,0.234294,0.634115,1.3609,0.157862,-1.35167,-1.28599,0.796838,0.419842,-0.0390525,1.07514,0.323019,-1.86206,0.158277,0.645343,-0.0531121
-14.031,-0.965786,0.550179,-0.410012,-1.79956,-0.226395,1.01809,1.87875,0.273713,-1.38932,-1.35976,0.613059,0.42981,-0.154194,0.849286,0.199714,-2.0709,-0.0718748,0.428686,-0.276691
-13.9525,-0.879526,0.0233764,-0.773089,-1.14713,-0.278786,0.667694,1.83835,0.0313383,-1.22575,-1.25197,0.597213,0.451805,-0.302363,1.1313,0.431099,-2.18854,0.0348106,0.476444,-0.206469
-13.8881,-0.962208,0.155985,-0.824964,-1.37621,-0.698294,0.255917,1.7059,0.185446,-1.25229,-1.35981,0.633436,0.566272,-0.247407,1.04675,0.365717,-2.05481,0.0964747,0.466203,-0.15957
-13.6554,-1.18697,0.55347,-0.313925,-1.16709,-0.0405654,0.737063,1.61618,0.204602,-1.4907,-1.49026,0.634861,0.50193,-0.150435,1.12859,0.375951,-1.91053,0.249395,0.756416,-0.0104277
-13.7369,-1.36637,0.315918,-0.476062,-1.37967,0.0378831,0.38038,1.36437,0.211228,-1.66579,-1.4854,0.668969,0.537692,-0.20857,1.25338,0.516476,-1.76655,0.321263,0.673911,0.00370716
-13.7653,-1.14611,0.243843,-0.330595,-1.07343,-0.0403026,0.457942,1.51193,0.322115,-1.52415,-1.60219,0.581221,0.729805,-0.171602,1.17264,0.422519,-1.79757,0.281975,0.468491,-0.260132
-11.4938,-1.31955,-0.885146,-0.00541963,-1.54179,-0.397943,0.25999,1.43891,0.440876,-1.01149,-1.39613,-0.362847,0.574384,-0.241415,-0.0125385,0.478701,-0.642326,-0.212362,0.308942,-0.0600851
-10.8805,-0.544684,-1.35942,0.313118,-1.55508,-0.702422,0.290392,1.21986,0.860113,-0.633158,-1.43084,-0.721051,0.253262,0.00470142,0.00748115,0.453141,-0.0497115,-0.142026,0.0149456,0.186117
-11.7053,-0.421897,-1.08189,0.233427,-1.98331,-0.885766,0.461965,1.74641,1.14913,-0.495457,-1.4117,-0.576778,0.348136,-0.0435556,-0.00387708,0.639681,0.104855,-0.244582,0.119983,0.408746
-11.9344,-0.69957,-0.703496,0.184058,-1.97392,-0.868203,0.235821,1.61942,1.26966,-0.486129,-1.40053,-0.567038,0.512195,-0.088524,-0.135636,0.708896,0.195596,-0.166202,-0.031419,0.243049
-12.3894,-1.12271,-1.2057,-0.226775,-2.21815,-0.99505,0.102502,1.54105,1.32174,-0.525823,-1.21938,-0.706089,0.229408,-0.180947,-0.127726,0.649135,0.136379,-0.386017,-0.205952,0.519605
-12.5305,-0.891584,-0.709672,0.248924,-2.24028,-1.1239,0.262915,1.84458,1.57689,-0.356265,-1.49198,-0.832304,0.352691,-0.164366,-0.169118,0.638725,0.515952,-0.119887,-0.293605,0.454683
-12.5143,-1.0091,-0.66018,0.581965,-2.31714,-1.26268,-0.109351,1.60957,1.57545,-0.32062,-1.32212,-0.877312,0.312984,-0.117169,-0.196131,0.823389,0.610012,-0.11745,-0.408543,0.07657
-12.9065,-1.11678,-0.384792,0.48208,-2.16906,-1.23596,-0.215295,1.91834,1.83836,-0.300018,-1.23663,-0.723055,0.405538,-0.062855,-0.365082,0.796043,0.69003,-0.234068,-0.192665,0.261395
-12.9913,-1.18495,-0.680796,0.242057,-1.99761,-1.15283,-0.0616477,1.8352,1.62703,-0.326129,-1.68135,-0.955874,0.396323,0.0535762,-0.205042,0.621686,0.838543,-0.226454,-0.0341164,0.390993
-12.8109,-0.840977,-0.758548,0.323798,-1.74428,-1.16885,-0.146597,1.83119,1.64804,-0.340537,-1.51344,-0.936212,0.25392,-0.11158,-0.179803,0.623927,0.776239,-0.553157,-0.210663,0.634612
-12.5881,-0.877195,-0.736348,0.116331,-1.94112,-1.04308,-0.0508234,1.9263,1.52595,-0.43103,-1.32227,-1.00128,0.197761,-0.128826,-0.600485,0.625417,0.933005,-0.539982,-0.166211,0.44082
-12.7556,-0.906741,-0.567309,0.203377,-1.72975,-1.05996,-0.150804,1.43598,1.43188,-0.197608,-1.53706,-0.968696,0.123326,-0.174389,-0.412935,0.998114,1.05924,-0.447863,0.0738844,0.450819
-13.0015,-1.16245,-0.837554,0.121954,-1.79909,-1.08519,-0.0176873,1.75039,1.7811,0.285892,-1.25118,-0.997626,-0.0102678,-0.0308632,-0.441306,0.786659,0.831884,-0.678057,0.0229426,0.652068
-12.8606,-0.876806,-0.832295,0.201873,-1.78892,-1.46807,-0.233823,1.59841,1.69274,0.0390139,-1.72005,-1.1328,0.0587103,0.0902588,-0.27166,0.686051,0.997772,-0.701196,0.064905,0.738373
-12.7909,-0.879201,-0.411124,0.546171,-2.19634,-1.59494,-0.301501,1.77398,1.8892,-0.172014,-1.79293,-0.979361,0.455928,0.248801,-0.343403,0.877172,1.16523,-0.487442,0.050387,0.564909
-12.5125,-0.701573,-1.01769,0.395387,-1.84654,-1.01834,0.157624,1.40534,1.62778,0.017247,-1.62078,-0.994793,-0.0786149,-0.121522,-0.310013,0.733422,1.11372,-0.461381,-0.312505,0.327608
-11.924,-0.0145019,-0.835099,0.246987,-1.52441,-0.667998,-0.27734,0.60595,0.901342,-0.0828155,-1.359,-1.10064,-0.198281,-0.106953,-0.236137,0.598724,0.914375,-0.231118,-0.440399,0.226622
-10.0266,0.336305,-0.740193,-0.129945,-1.15614,-0.425828,-0.338582,-0.128518,-0.123561,-0.0410183,-1.03153,-0.688339,0.181313,0.534638,-0.511424,-0.0992773,0.536663,0.0722991,-0.473096,-0.173573
-10.4471,-0.0325901,-0.699612,-0.0168278,-1.49701,-0.619717,-0.510138,0.173842,0.415179,0.372791,-1.05461,-1.0168,-0.109747,0.614508,-0.848694,0.0113372,0.858746,0.0294381,-0.850922,0.268637
-11.1643,-0.200255,-0.535833,0.171621,-1.37803,-0.729672,-0.678315,0.566651,0.688285,0.202907,-0.888009,-1.02141,0.0883992,0.757164,-1.03238,-0.203725,0.871137,-0.0189302,-0.793695,0.474612
-11.6312,-0.364098,-1.04906,-0.162451,-1.42964,-0.873804,-0.675308,0.702406,0.659321,-0.0885629,-0.827234,-0.984792,0.036236,0.919705,-0.797543,0.102889,1.12536,0.131924,-0.517569,0.545562
-11.68,-0.00902602,-0.669202,-0.113964,-1.47529,-0.713782,-0.671481,0.762315,0.751195,0.176451,-0.855247,-1.14911,0.086245,0.850116,-0.772325,0.173872,1.1065,-0.142193,-0.817657,0.723952
-11.9815,-0.334343,-0.569229,0.194595,-1.49995,-0.931978,-0.78417,0.751127,0.735841,0.0331226,-0.726194,-1.23407,0.0688771,0.662813,-0.779328,0.400059,1.39177,0.171097,-0.569906,0.368364
-11.9008,-0.248169,-0.466815,0.227759,-1.41088,-0.847456,-0.826808,0.50117,0.596055,0.30306,-0.714351,-1.1585,-0.0609068,0.530533,-0.709789,0.218667,1.3712,0.0890195,-0.755423,0.46564
-11.6471,-0.347945,-0.559476,0.410491,-1.21643,-1.02186,-1.1258,0.0667596,0.614501,0.42953,-0.581326,-0.807885,0.104705,0.460555,-0.765032,0.148749,1.11539,0.0926906,-0.666182,0.493955
-11.2787,-0.0391388,-0.348075,0.313254,-1.33462,-1.10539,-0.828388,0.167718,0.657948,0.600779,-0.661977,-0.831417,0.123291,0.579915,-0.420682,0.152297,1.02694,0.00942622,-0.537434,0.640563
-11.1935,0.0170326,-0.0661351,0.00054945,-1.49815,-1.18511,-0.73543,0.192047,0.439736,0.214337,-0.864755,-1.0347,-0.224011,0.291804,-0.789023,-0.00206762,1.09211,-0.083158,-0.719885,0.602147
-10.8411,0.276153,-0.0119526,0.19443,-1.15394,-0.86353,-0.888747,0.0527518,0.478047,0.366552,-0.962759,-1.30576,-0.273477,0.338508,-0.794096,0.0932766,0.940559,-0.22486,-0.62697,0.538465
-10.7663,0.165402,-0.102057,0.213519,-1.19258,-0.86342,-0.748268,0.2062,0.650259,0.342019,-1.19817,-1.37478,-0.285428,0.250268,-0.773276,0.0219218,1.17978,0.183562,-0.613961,0.675982
-10.6793,0.123535,-0.046912,-0.0230442,-1.33003,-0.970868,-0.983329,0.334227,0.828013,0.335499,-1.15798,-1.30581,-0.150711,0.410587,-0.772857,0.0353846,1.37785,0.0163249,-0.614678,0.699084
-10.9082,-0.0529747,-0.0615754,-0.209414,-1.33463,-1.19104,-1.11026,0.651024,1.03679,0.444442,-0.856694,-1.1846,-0.017813,0.825136,-0.730837,-0.0130868,1.47807,0.121161,-0.568962,0.744267
-11.0991,-0.174499,0.0919119,-0.0203015,-1.14194,-1.18722,-1.17859,0.408785,0.871347,0.506838,-0.946614,-1.5068,-0.475692,0.44114,-0.838378,0.173049,1.4391,-0.0804403,-0.713636,0.888882
-11.3175,-0.107097,0.441155,0.324974,-1.03181,-1.09209,-1.17963,0.222825,0.853528,0.867979,-0.836446,-1.64421,-0.554813,0.518066,-0.813627,0.0243559,1.46046,0.160933,-0.714063,0.677685
-11.2817,-0.106998,0.381355,0.238776,-1.10698,-1.19244,-1.32593,0.196617,0.921399,0.679138,-0.949844,-1.47543,-0.410724,0.467066,-0.990867,0.000466846,1.5941,0.302325,-0.72719,0.719235
-11.4208,-0.210463,0.313723,0.188088,-1.37613,-1.03198,-1.08708,0.188959,1.09242,0.839417,-1.0301,-1.58729,-0.359443,0.512648,-1.11394,-0.0438033,1.53475,0.289472,-0.71334,0.656113
-11.4852,-0.339875,0.209822,-0.0146236,-1.38915,-1.31646,-1.34471,0.357084,1.17319,0.89343,-0.683537,-1.23253,-0.121866,0.779912,-0.832123,0.117758,1.7643,0.398431,-0.537464,0.709824
-11.3366,-0.43664,0.0788401,-0.19157,-1.35633,-1.06528,-1.04736,0.23707,0.992499,0.875994,-0.765375,-1.45345,-0.246336,0.551986,-1.02341,0.0969692,1.80442,0.421281,-0.591168,0.724281
-11.2954,-0.152157,0.219792,-0.152592,-1.29265,-0.927182,-0.85475,0.286401,0.832208,0.748099,-0.87962,-1.29789,-0.390983,0.25658,-1.2005,-0.0457481,1.95487,0.345157,-0.879614,0.726996
-11.4752,-0.275454,0.425916,0.0726152,-1.20029,-0.79994,-0.826661,0.415009,1.17423,1.00466,-0.99409,-1.57974,-0.442206,0.416666,-1.14999,-0.202818,1.77839,0.376455,-0.740188,0.748724
-11.5528,-0.537462,0.214338,-0.150803,-1.05177,-0.690995,-0.822531,0.505205,1.18235,0.988845,-0.633696,-1.55088,-0.601577,0.376665,-1.12062,-0.356096,1.82297,0.549669,-0.777425,0.655936
-12.0724,-0.683601,0.644152,0.0974379,-1.15518,-1.07312,-1.16307,0.308309,1.47745,1.28863,-0.732897,-1.80649,-0.54422,0.385822,-1.10229,-0.0278417,2.09196,0.377685,-1.08874,0.695008
-12.2392,-0.640939,0.683887,0.366615,-1.13901,-1.46937,-1.27796,0.35242,1.5269,1.0208,-1.01412,-1.83762,-0.538635,0.526703,-0.998226,0.0425095,2.07893,0.532476,-0.843584,0.67285
-12.1973,-0.186114,0.556401,0.22174,-1.03808,-1.41613,-1.39856,0.300896,1.36598,1.02078,-1.09459,-1.97747,-0.543809,0.498535,-1.02385,-0.172104,1.80345,0.249674,-0.9267,0.863951
-12.3058,0.386206,0.228926,0.0507349,-1.22925,-0.92545,-1.09916,0.428587,1.12454,1.32717,-0.9562,-1.73129,-0.369684,0.519414,-1.26208,-0.423671,1.68913,0.283114,-1.30941,0.834848
-12.3474,-0.0316554,-0.119019,0.163808,-1.17595,-0.877444,-1.13804,0.379749,0.952397,1.13698,-0.747675,-1.68562,-0.59048,0.102892,-1.33593,-0.413879,1.75737,0.344705,-1.04537,0.783413
-12.2336,-0.0445689,0.098309,0.490971,-1.17691,-0.93098,-0.988878,0.354058,1.06604,1.16508,-0.606553,-1.54894,-0.454618,0.366895,-1.1246,-0.153707,1.88753,0.309598,-1.00894,0.652328
-12.8347,-0.252939,-0.0364378,0.36094,-1.42885,-1.15066,-1.0753,0.354541,1.12556,1.20855,-0.533888,-1.60627,-0.421034,0.468286,-1.09051,-0.322537,1.89692,0.114077,-0.96167,0.861605
-12.2335,-0.461537,0.128908,0.328994,-1.18989,-1.4253,-0.957337,0.389298,1.36787,1.24131,-0.46516,-1.73953,-0.469041,0.458517,-1.06846,-0.0587745,1.49214,-0.367198,-1.23651,0.700061
-12.705,-0.190082,0.339856,0.358249,-1.39827,-1.27985,-0.837346,0.531709,1.44513,0.652154,-0.773052,-1.42499,0.11865,-0.0267546,-1.03448,0.417388,1.26373,-0.38517,-1.01618,0.53566
-12.3746,0.321559,0.0789092,0.211265,-1.36198,-0.977561,-0.676566,0.0221865,0.963881,0.806846,-0.956687,-1.44849,-0.247794,-0.1136,-0.846976,0.403797,1.50652,-0.237144,-0.688132,0.166684
-11.5592,0.454681,-0.099012,0.286866,-0.902604,-1.36245,-1.11204,-0.164307,0.859086,0.862703,-0.907073,-1.40681,-0.274379,0.0773921,-0.802459,0.217291,1.02167,-0.13078,-0.620732,0.219449
-11.2511,0.514272,-0.356072,0.476051,-1.08807,-1.0678,-1.24145,0.251146,0.408344,0.685791,-0.882668,-1.36151,-0.472416,0.479436,-0.724713,-0.114928,1.21205,-0.129709,-0.809477,0.669576
-11.6151,0.526523,-0.396866,0.333183,-0.986596,-1.2788,-1.11175,0.28921,0.404501,0.545572,-0.721476,-1.52901,-0.736863,0.184115,-0.419255,-0.21326,1.14898,-0.222377,-0.773636,0.626976
-11.56,0.374615,-0.00879119,0.367551,-1.03095,-1.09936,-1.24043,0.201947,0.518089,0.68962,-0.686865,-1.51709,-0.457288,0.538825,-0.56129,0.0356799,1.32448,0.0694095,-0.825698,0.384501
-10.6305,0.262223,-0.305397,0.279678,-1.0994,-0.943008,-0.672926,-0.233798,0.742791,0.788696,-0.900526,-1.4781,-0.36755,0.0230405,-0.710742,0.0346832,0.606893,-0.286358,-0.924547,0.39372
-11.085,0.659625,-0.310643,0.427325,-1.2411,-0.74561,-0.86005,-0.779804,0.508111,1.00517,-0.988428,-1.40694,-0.34082,-0.218239,-0.275757,0.212087,0.601565,-0.527214,-0.963658,0.229803
-11.1443,0.651832,-0.229551,0.689614,-1.35782,-1.08429,-0.84954,-0.505563,0.670273,0.496943,-1.29325,-1.46265,-0.3544,-0.0698273,-0.297258,0.349313,0.437181,-0.452564,-0.591125,0.205246
-10.5726,0.678928,-0.215678,0.422831,-1.1026,-1.06341,-0.982372,-0.241079,0.61421,0.59803,-1.22365,-1.59439,-0.355443,0.142801,-0.538974,0.554918,0.743806,-0.0492916,-0.431759,0.486275
-10.5617,0.893699,-0.359404,0.685751,-0.931721,-1.17045,-1.19378,-0.0638451,0.31896,0.617496,-1.00824,-1.60558,-0.501027,0.26652,-0.111681,-0.143977,0.983116,-0.202733,-0.611892,0.63943
-10.8231,1.17463,-0.140469,0.605532,-0.986684,-1.08103,-1.0809,-0.083398,0.458641,0.729927,-1.03899,-1.92074,-0.520667,0.160525,-0.284813,-0.437602,1.19925,-0.338178,-0.768906,0.496469
-10.7697,0.737128,0.413906,0.506375,-0.827636,-1.2034,-1.1853,-0.25454,0.636071,0.756973,-0.967039,-1.73146,-0.496805,0.383283,-0.914038,-0.306214,1.29875,-0.244675,-1.13211,0.581776
-11.3804,0.896148,0.363811,0.482482,-0.762954,-1.35627,-1.16071,-0.118193,0.836862,0.618444,-0.992625,-2.01886,-0.301472,0.244463,-0.65545,0.40209,0.902398,-0.596341,-0.999468,0.716974
-11.8249,0.584376,-0.0617158,0.531128,-0.771157,-0.882895,-0.744336,-0.0505939,0.670066,0.415194,-1.28969,-2.02313,-0.283397,-0.0400188,-0.55371,0.701145,0.957608,-0.318098,-0.720971,0.702951
-11.789,0.0740542,-0.118846,0.338418,-0.688282,-0.994994,-0.964282,-0.0180412,0.641952,0.657171,-1.29973,-1.71547,-0.238686,0.35084,-0.326137,0.499569,1.43557,-0.12451,-0.768693,0.708549
-12.1969,0.0746991,-0.192481,0.547046,-1.05184,-1.08862,-1.00631,-0.303518,0.712626,1.0111,-1.04734,-1.66733,-0.132564,0.385417,-0.155484,0.0852626,1.69085,-0.103583,-0.796397,0.781432
-12.2472,0.346352,-0.257008,0.583826,-0.890342,-1.07051,-0.977943,-0.136439,0.892172,1.18091,-0.926201,-1.67187,-0.116979,0.251394,-0.177902,-0.269282,1.53851,-0.00121608,-0.89171,0.509241
-12.9881,0.0723217,0.101441,0.637866,-1.24288,-1.01816,-1.13858,-0.540955,0.800798,1.44543,-0.903123,-2.09356,0.0707408,0.521033,-0.720974,-0.216249,1.81118,0.0573019,-0.788718,0.460774
-12.9894,0.288825,0.0626174,0.300574,-1.01506,-0.803229,-0.906781,-0.665789,0.498902,0.858814,-1.07116,-1.57355,0.0596364,0.608163,-0.817089,-0.483136,1.13969,0.089662,-0.618602,0.703311
-13.5158,0.890399,-0.0675103,0.566545,-1.00733,-1.04894,-0.808583,-0.559376,0.714776,0.476681,-0.778269,-1.14106,-0.249038,0.324577,-0.373883,-0.197603,0.690755,-0.075113,-0.654358,0.564514
-13.1041,1.08627,-0.343065,0.288867,-1.22487,-0.896657,-0.772622,-0.243567,0.667251,0.806229,-0.634905,-1.35268,-0.574911,0.362483,-0.245259,-0.503365,0.539554,0.155295,-0.723894,0.248367
-12.4275,0.901509,-0.493956,0.450676,-1.16437,-0.949208,-1.05918,-0.524302,0.7009,1.01624,-0.546208,-1.65402,-0.749841,0.0479055,-0.102026,-0.34295,0.330235,0.463324,-0.420554,0.0504679
-12.1838,0.504625,-0.480164,0.514942,-0.959123,-1.01471,-1.16294,-0.547047,0.902986,1.36666,-0.407099,-1.65848,-0.868045,0.00267972,0.156287,-0.587137,0.219247,0.540952,-0.0769493,0.145686
-12.1637,0.131511,-0.436643,0.335699,-1.03368,-1.0717,-1.28886,-0.673091,1.23419,1.52385,-0.230495,-1.44388,-0.821993,0.00140279,0.356779,-0.531616,-0.0222959,0.729614,-0.120561,0.154402
-11.8003,0.299332,-0.306246,0.410208,-1.06647,-0.786301,-1.1077,-0.410401,1.16313,1.42854,-0.15947,-1.5922,-0.838509,-0.189088,0.261987,-0.688132,-0.311241,0.642092,-0.293158,0.146613
-12.1945,0.019283,-0.387333,0.524698,-0.90208,-0.828944,-1.15703,-0.871057,0.77408,1.18195,-0.316049,-1.44675,-0.781122,-0.258222,0.351725,-0.73864,-0.586429,0.48982,-0.108039,0.384059
-12.1578,0.115575,-0.366926,0.7397,-0.90123,-0.885565,-0.992138,-0.887285,0.607714,1.21945,-0.179127,-1.26206,-0.387764,0.102961,0.457197,-0.740573,-0.439191,0.433802,-0.0317912,0.287229
-12.3018,0.290159,-0.410218,0.597043,-1.22262,-0.735334,-0.72567,-0.97166,0.395482,1.059,-0.014464,-1.11622,-0.363612,0.197749,0.433705,-0.985022,-0.422891,0.434337,-0.0868386,0.0195858
-12.323,0.548529,-0.413666,0.394455,-1.39527,-0.809903,-0.612593,-0.849668,0.724669,1.06823,-0.017404,-1.3255,-0.469021,-0.122372,0.383655,-0.892242,-0.517272,0.438638,-0.340243,0.0143633
-12.2086,0.537507,-0.429523,0.561466,-1.14732,-0.788771,-0.697631,-0.65872,0.886667,1.04323,-0.0464055,-1.44135,-0.403887,-0.17214,0.223814,-0.897276,-0.41127,0.481231,-0.449977,-0.0100861
-12.2601,0.429911,-0.0370506,0.672023,-0.955086,-0.79724,-0.957081,-0.544408,0.885407,0.986833,-0.0447775,-1.20941,-0.584259,-0.124663,0.346806,-0.805011,-0.518129,0.446234,-0.415906,-0.152473
-12.2465,0.353747,0.00906398,0.569166,-0.887611,-0.664813,-0.721042,-0.614464,0.366386,0.672483,-0.0350254,-0.958543,-0.632944,-0.234467,0.270776,-0.949758,-0.564561,0.605748,-0.24852,-0.10649
-12.3601,0.500083,-0.0177195,0.712762,-0.619669,-0.903511,-0.881428,-0.475065,0.305905,0.647692,-0.212615,-1.00741,-0.45876,-0.250363,0.210951,-0.947467,-0.618794,0.435304,-0.334176,-0.195538
-12.2007,0.686275,-0.545393,0.489695,-0.786175,-0.835803,-0.751124,-0.885416,-0.0776565,0.938675,0.165989,-0.909361,-0.532326,-0.456577,0.101025,-0.699227,-0.17056,0.490365,-0.611032,-0.157005
-12.5169,1.15034,-0.8212,0.512212,-0.937582,-0.603891,-1.01752,-0.596107,-0.0269776,0.522065,0.445464,-0.644201,-0.694439,-0.185147,-0.221069,-0.273811,0.302841,0.0100412,-0.298294,-0.0274671
-12.2122,0.914889,-0.899732,0.456673,-1.06868,-0.496231,-0.963671,-0.595198,0.161445,0.385805,0.524908,-0.299726,-1.01984,-0.455886,0.120072,0.380416,0.347167,-0.167026,-0.342908,0.094527
-12.3158,1.1924,-0.527434,0.296982,-1.17845,-0.32605,-0.761124,-0.628961,0.157634,0.146365,0.214296,-0.378261,-1.17371,-0.325588,-0.0262668,0.0771919,-0.419959,-0.284941,-0.311089,-0.031595
-12.6531,1.48922,-0.698852,0.520223,-1.20679,-0.331656,-0.707555,-0.603467,0.0957615,0.114871,0.283892,-0.606502,-1.02643,-0.232258,-0.258778,0.135988,-0.203356,-0.475101,-0.0972763,-0.135622
-12.4377,1.3819,-0.893458,0.6536,-0.940187,-0.526152,-1.04066,-0.709811,0.180901,0.196464,0.183541,-0.488908,-0.690749,-0.142294,-0.352755,0.263747,-0.170563,-0.46255,-0.21461,0.0298938
-12.5155,1.54479,-0.589303,0.548587,-1.14187,-0.53361,-1.2653,-0.547264,0.392861,0.103652,-0.152753,-0.632396,-0.516653,0.0800005,-0.118838,0.454229,-0.209348,-0.491186,-0.113588,0.179745
-12.6537,1.34254,-0.729763,0.408163,-1.18597,-0.423563,-1.172,-0.698001,0.272463,0.108701,-0.0849054,-0.718366,-0.682156,-0.155919,0.0280434,0.681079,-0.248396,-0.727625,-0.131343,0.207179
-12.4467,0.951554,-0.965519,0.521344,-1.12526,-0.393432,-0.733146,-0.594338,0.134599,0.0135188,0.105198,-0.479731,-0.516788,-0.102662,-0.029374,0.549358,-0.425793,-0.749994,-0.19617,0.241762
-12.5077,0.987972,-1.07105,0.611684,-1.21315,-0.293554,-0.933684,-0.724476,0.227046,0.0353136,0.136963,-0.399477,-0.468259,-0.201951,-0.0835695,0.358149,-0.72808,-0.863403,-0.167755,0.246766
-12.526,0.919942,-0.828246,0.807661,-0.950605,-0.481417,-1.19677,-1.16777,-0.111959,-0.0689428,0.0796423,-0.316088,-0.265132,-0.129666,-0.0158591,0.519648,-0.543897,-0.646625,-0.119501,0.391375
-12.6595,1.03986,-0.514639,1.02343,-0.958513,-0.214501,-0.904356,-1.13753,-0.508367,-0.099912,0.331956,-0.0798319,-0.315827,0.0640275,0.348119,0.62383,-0.648674,-0.653113,0.0487374,0.44292
-12.5225,0.994397,-0.510011,0.979596,-1.03089,-0.264618,-1.2206,-1.03075,-0.230347,0.0429265,0.2932,0.0255322,-0.184038,-0.208313,0.302884,0.647528,-0.3089,-0.598755,0.0962874,0.429256
-12.4528,1.06457,-0.61214,0.793208,-1.19351,-0.669506,-1.06643,-0.636106,-0.283086,-0.0755572,0.193859,-0.0446563,-0.269111,-0.141454,0.125901,0.709539,-0.230079,-0.699509,-0.149193,0.498083
-12.7985,1.14012,-0.464774,1.09033,-0.947204,-0.965805,-1.03386,-0.906584,-0.211765,0.0481235,0.176009,-0.0456008,-0.434998,-0.375532,0.0301609,0.795261,-0.356486,-0.846334,-0.150747,0.582345
-12.643,0.969958,-0.45482,0.79212,-1.26718,-1.0923,-0.959894,-0.535663,-0.276868,-0.098559,0.265495,-0.251795,-0.45706,-0.349954,0.393177,0.831445,-0.510435,-0.919173,-0.176025,0.628755
-12.5925,0.756841,-0.892394,0.469594,-1.09293,-0.824217,-0.690969,-0.582852,-0.246161,-0.0238465,0.457946,-0.118493,-0.471652,-0.363089,0.480161,0.900359,-0.310204,-0.673003,-0.0775619,0.613392
-12.5225,0.804616,-0.609759,0.53831,-1.12415,-0.842493,-0.780491,-0.790307,-0.284356,-0.126172,0.337105,-0.171564,-0.754301,-0.601992,0.23683,0.683355,-0.732939,-1.10552,-0.352369,0.526335
-12.3849,1.04831,-0.255839,0.66601,-1.10197,-0.714656,-0.824859,-0.510965,-0.357705,-0.0208366,0.617666,-0.00813482,-0.51986,-0.646727,0.162302,0.851671,-0.55871,-1.0952,-0.326532,0.563899
-12.7618,1.03807,-0.132756,0.756235,-1.17423,-0.780981,-0.672838,-0.824495,-0.433562,-0.0642774,0.68278,0.195813,-0.597035,-0.500289,0.0492946,0.82189,-0.846339,-1.29436,-0.196308,0.482475
-12.6033,0.767756,-0.185344,0.757375,-0.963628,-1.02867,-0.857705,-1.01572,-0.200473,-0.0157756,0.312254,0.150848,-0.522251,-0.427385,-0.052747,0.553572,-0.903406,-1.4149,-0.368427,0.417725
-12.7782,0.613427,-0.245079,0.929879,-1.20395,-1.24479,-0.858709,-0.761046,-0.219205,-0.199458,0.0676138,0.284704,-0.23561,-0.337902,0.0498386,0.439284,-0.936852,-1.23093,-0.276381,0.496822
-12.8283,0.753316,-0.102377,0.872746,-1.31315,-0.964709,-0.716873,-0.693404,-0.345065,-0.200428,0.187824,0.27321,-0.020176,-0.51414,0.0885228,0.918533,-0.771932,-1.32929,-0.568787,0.649683
-12.9927,0.743703,0.0905111,0.911277,-1.11719,-0.911078,-0.85026,-0.939722,-0.183166,-0.112754,0.419679,-0.102188,-0.191649,-0.188268,0.319235,1.09558,-0.741639,-1.11959,-0.436099,0.643782
-13.2423,0.628097,-0.298528,0.57096,-0.849027,-0.665486,-0.82207,-0.969595,-0.325893,-0.126724,0.450287,0.3004,-0.112261,-0.655551,0.387621,1.02579,-0.49976,-0.906002,-0.112072,0.836436
-12.9301,0.601422,-0.480669,0.559316,-1.0244,-0.805759,-0.794732,-0.88492,-0.413994,-0.338679,0.693655,0.327439,-0.372657,-0.684767,0.179266,1.01232,-0.582087,-1.2576,-0.43633,0.69373
-13.0488,0.626186,-0.486375,0.404986,-1.01505,-0.81461,-0.648889,-1.00883,-0.544333,-0.283307,0.77817,0.517805,-0.425494,-0.721251,0.00605544,0.9958,-0.499739,-1.25194,-0.495285,0.619071
-13.607,0.577285,-0.29545,0.46888,-0.915153,-0.605276,-0.627589,-1.15264,-0.36769,0.0658521,1.08813,0.626642,-0.153246,-0.622858,0.161622,0.893225,-0.57332,-1.04907,-0.529997,0.733245
-14.0734,0.383385,-0.586832,0.455626,-0.847028,-0.726027,-0.710974,-0.860584,0.049084,0.318162,0.950015,0.682064,0.00703804,-0.299869,0.228369,0.663847,-0.735053,-1.07665,-0.463436,0.707398
-14.1877,0.181265,-0.43529,0.58087,-1.16792,-0.949997,-0.793922,-0.584172,0.0985643,0.365595,1.11106,0.659919,-0.115291,-0.238701,0.238087,0.66878,-0.813204,-1.20394,-0.365246,0.690104
-14.2211,0.208517,-0.0282946,0.683192,-0.874276,-0.930714,-1.02039,-0.841549,-0.0512474,0.105253,0.865358,0.683891,-0.0568702,-0.418412,0.088304,0.752855,-0.919877,-1.13846,-0.254241,0.659634
-14.4185,0.387191,0.11155,1.05257,-0.728286,-1.22982,-1.19832,-0.948779,-0.0650806,0.132538,0.899734,0.528275,0.00752363,-0.563788,0.137964,0.695958,-0.762632,-0.976049,0.010336,0.639606
-14.5403,0.611415,-0.519164,0.854889,-0.961414,-1.26892,-0.911556,-0.810027,-0.232184,0.086341,1.13469,0.585924,0.192763,-0.307517,0.492909,1.01622,-0.370201,-0.919688,-0.0708312,0.778538
-14.428,0.603193,-0.332035,0.768187,-1.03911,-0.743957,-0.855826,-0.734308,-0.418605,0.217213,1.18591,0.564147,0.0225745,-0.404329,0.406912,0.855662,-0.324972,-0.953334,-0.110836,0.598631
-15.0318,0.891338,-0.275668,0.301197,-1.05769,-0.681905,-0.136723,-0.858969,-0.377787,0.0529112,0.845654,0.684874,-0.207213,-0.460018,0.207567,0.799587,-0.3788,-1.15533,-0.246467,0.784674
-15.6517,0.757043,-0.404144,0.326221,-0.874127,-0.42043,-0.391117,-1.11262,-0.220299,0.267192,0.884288,0.268054,0.010646,-0.306424,0.119951,0.455603,-0.31493,-1.1524,-0.347008,0.623533
-15.525,0.822064,0.160416,0.543754,-1.02649,-0.616698,-0.387566,-0.661656,-0.51673,0.204607,0.651065,0.301872,-0.0255767,-0.355904,0.363841,0.620603,-0.318364,-1.24057,-0.0611783,0.768423
-15.3969,0.898209,-0.123414,0.210547,-0.731695,-0.358422,-0.324023,-0.885967,-0.133797,0.279054,0.600429,0.216992,-0.390688,-0.43087,0.029368,0.585739,-0.430977,-1.14084,-0.359199,0.492894
-15.75,0.283146,-0.219998,0.421486,-0.807868,-0.115068,-0.356441,-0.909788,-0.234004,0.367315,0.754972,0.383521,-0.130626,-0.718474,-0.305174,0.550043,-0.316034,-1.07138,-0.314782,0.370816
-16.0627,0.373236,-0.150067,0.596673,-1.01039,-0.366575,-0.728085,-0.975861,-0.349637,0.215942,0.859491,0.355281,0.0928815,-0.454913,-0.0430506,0.751001,-0.090113,-0.76191,-0.046175,0.602912
-16.4105,0.906071,0.133736,0.366936,-0.930337,-0.75603,-0.606781,-0.716111,-0.228041,0.352843,0.726052,0.668755,0.0259807,-0.618669,0.556333,0.666893,-0.1407,-1.0093,-0.494893,0.704097
-16.3776,1.19873,-0.105367,0.307203,-0.504081,-0.68078,-0.435597,-0.497188,-0.283852,0.190323,0.601644,0.544711,-0.000545799,-0.641501,0.452981,0.346685,-0.225435,-1.07842,-0.50941,0.792966
-16.4628,0.914146,0.0143376,0.773289,-0.93147,-0.691839,-0.607435,-0.674768,-0.258642,0.0561679,1.03006,0.667126,-0.0773288,-0.677452,0.34404,0.761495,-0.127863,-0.864458,-0.257555,0.5139
-16.5888,1.10731,0.407172,0.501593,-0.868844,-0.465818,-0.80815,-0.642576,-0.05296,-0.244623,0.945586,0.631954,-0.282838,-0.482169,0.134575,0.468502,-0.518587,-1.05677,-0.228893,0.587513
-16.3918,1.47815,0.122791,0.371267,-0.626655,-0.391774,-0.56944,-0.478643,-0.04118,0.137214,0.825605,0.5137,-0.124905,-0.622454,0.23765,0.653778,-0.521183,-1.17822,-0.0956554,0.562483
-16.5968,1.38666,-0.0411972,0.521628,-0.842396,-0.307955,-0.462546,-0.330455,-0.0412768,-0.0735496,1.19589,0.594793,-0.208395,-0.560151,-0.0254397,0.423728,-0.708276,-1.11725,-0.241504,0.492994
-16.5455,1.14198,-0.422997,0.680867,-0.588992,-0.454051,-0.790605,-0.380576,0.0159028,-0.0277698,1.17387,0.553349,-0.0885116,-0.478138,-0.191672,0.350408,-0.567417,-1.3029,-0.395457,0.409157
-16.3445,1.23287,-0.162258,0.526377,-0.889659,-0.404004,-0.434556,-0.661371,-0.238606,0.0158548,1.0522,0.497499,-0.0257715,-0.31893,-0.164831,0.460554,-0.577349,-1.12949,-0.0114367,0.487543
-16.315,1.43089,-0.0841835,0.50059,-0.672108,-0.259183,-0.378752,-0.601371,-0.119302,0.14188,0.616322,0.582477,0.179552,-0.431945,-0.0353993,0.19337,-0.586751,-0.814927,-0.401888,0.345957
-16.9784,1.49837,0.320996,0.830542,-0.559586,-0.501037,-0.406889,-0.835212,-0.348024,0.149386,0.721104,0.668514,-0.0068406,-0.432012,0.264668,0.608452,-0.0643936,-0.792565,-0.422944,0.678776
-17.2584,1.17701,-0.0847944,0.516829,-0.521757,-0.0877821,-0.303462,-0.913319,-0.406619,0.181467,0.70207,0.580304,-0.160473,-0.342982,-0.0419251,0.323908,-0.189903,-0.947477,-0.499594,0.481209
-17.2834,1.12015,0.169615,0.929724,-0.350484,-0.200707,-0.433536,-0.768956,-0.526831,0.0233959,0.549762,0.3727,-0.233512,-0.303935,0.152711,0.346779,-0.467109,-1.15316,-0.502365,0.552588
-17.3169,1.15384,0.267207,0.86839,-0.648717,-0.357526,-0.393569,-0.80865,-0.288978,0.218988,0.515734,0.559992,-0.0250828,-0.226646,0.0770101,0.507449,-0.257183,-0.855502,-0.106565,0.667993
-17.7369,0.852715,0.289777,0.885661,-0.865458,-0.275744,-0.734836,-0.853979,-0.00798096,0.17319,0.617837,0.20228,0.306065,0.344526,0.106528,0.367949,-0.0853042,-0.842995,-0.319163,0.821491
-17.5405,1.25052,0.368758,0.839834,-0.635168,0.0452797,-0.652772,-0.660616,0.0269411,-0.218621,0.86814,0.591981,0.0724081,0.0185465,0.0568005,0.314603,-0.24867,-0.792587,-0.276168,0.844391
-18.0491,1.1098,0.236078,0.921341,-0.775577,-0.0720582,-0.487386,-0.449705,0.175958,0.0314844,0.834596,0.868624,0.252338,-0.074908,0.348977,0.393975,-0.32136,-0.884494,-0.472992,0.688023
-17.8496,1.22958,0.188656,1.0653,-0.672841,-0.340014,-0.440011,-0.806747,-0.00318599,0.193425,0.890962,0.656087,0.0486628,-0.145359,0.117062,0.290385,-0.264391,-0.779714,-0.338895,0.441142
-17.7392,1.21597,0.0351263,0.960258,-0.674127,-0.275017,-0.45473,-0.924653,-0.280845,0.135048,0.989373,0.799172,0.15323,-0.133777,0.0445371,0.0190921,-0.492258,-0.894688,-0.00307437,0.640927
-17.5339,1.44936,-0.154622,1.06604,-0.721147,-0.396082,-0.415066,-0.875403,-0.523893,-0.0615733,0.864295,0.704315,0.173254,-0.166321,0.0284786,0.245239,-0.364756,-0.998081,-0.186448,0.667014
-17.916,1.1934,-0.1001,0.974971,-0.814289,-0.193413,-0.368014,-0.729375,-0.483348,0.10985,1.12135,1.12525,0.217705,-0.341745,0.0667266,0.296417,-0.297207,-1.21071,-0.0601413,0.57932
-17.8137,1.19502,0.295348,0.936773,-0.639624,-0.444411,-0.553894,-0.461975,-0.236515,-0.0142546,1.12204,0.920308,0.108806,-0.306347,-0.168454,0.46475,-0.273544,-1.25411,-0.323786,0.756724
-17.7161,1.56238,0.247269,1.15338,-0.646693,-0.553198,-0.304737,-0.732951,-0.155119,-0.0290527,0.850929,1.02868,0.0317886,-0.0900617,0.0719094,0.323954,-0.523285,-1.19808,0.0290767,0.749526
-17.7941,1.33963,0.37496,1.17486,-0.581639,-0.464586,-0.117936,-0.590887,0.0410526,0.283012,1.20107,1.41756,0.139855,-0.511232,-0.165092,0.205266,-0.541821,-1.25959,-0.181662,0.521242
-17.6505,1.31124,0.245825,0.658855,-0.719683,-0.457596,-0.502788,-0.487589,-0.189548,0.0480641,1.33917,1.05724,-0.0075137,-0.0342291,0.291183,0.308805,-0.330366,-1.26727,-0.191659,0.890051
-17.4243,1.61553,0.33892,0.89804,-0.545477,-0.427824,-0.488797,-0.52122,-0.176128,-0.0194357,1.05756,0.929988,-0.019042,0.0294839,0.140472,0.075594,-0.142713,-1.01143,-0.214548,0.701856
-17.6931,1.53597,0.356815,0.945989,-0.715708,-0.340786,-0.348296,-0.594725,-0.419968,0.0731468,0.975661,1.14187,-0.00517526,-0.413912,-0.114095,-0.0445202,-0.364846,-1.21926,-0.129791,0.715636
-17.7701,1.14983,0.0619894,0.708187,-0.796028,-0.396786,-0.57008,-1.03955,-0.599063,0.190723,1.17312,1.20728,0.271911,-0.13843,0.304181,0.05389,-0.308455,-1.0392,0.0560881,0.829375
-17.4043,1.53631,0.340542,1.05718,-0.607987,-0.257386,-0.533859,-0.894996,-0.340976,0.182016,1.07976,1.07161,0.103423,-0.290535,0.238301,0.177692,-0.323889,-1.3339,-0.270357,0.796459
-17.6138,1.2786,0.138658,0.88272,-0.692709,-0.213612,-0.246176,-0.671278,-0.403953,-0.0280672,1.20525,1.33464,0.268114,-0.456151,-0.187486,-0.137599,-0.307185,-1.38584,-0.397072,0.866921
-17.5715,1.19904,0.136949,0.914288,-0.777824,-0.19084,-0.522151,-0.774312,-0.22334,0.137957,1.37281,1.09351,0.284211,-0.320739,0.10008,0.174459,-0.205943,-0.962178,-0.392359,0.519623
-17.186,1.38217,-0.0179325,0.896194,-0.997434,-0.236327,-0.0432076,-0.562007,-0.391145,-0.0536595,0.924903,0.848253,0.359844,-0.24398,0.204218,0.200572,-0.65326,-1.07299,-0.363592,0.429886
-17.4865,1.86757,0.141862,0.622445,-1.30805,0.0273152,0.14202,-0.353301,-0.428138,0.0641578,0.626541,0.784251,0.207286,-0.250623,0.515926,0.325542,-0.758095,-0.7632,-0.233628,0.258612
-18.4193,1.7915,-0.0351569,0.525399,-0.983114,0.0211844,-0.0360949,-0.347183,-0.508669,0.178707,0.620226,0.633119,0.0660381,-0.132776,0.571906,0.299418,-0.527528,-0.809666,-0.1615,0.597462
-17.6992,1.55759,-0.106964,0.383067,-1.07451,0.0389547,0.290011,0.0274306,-0.315773,-0.416733,0.308875,0.884279,-0.120339,-0.0722527,0.773646,0.127248,-1.19592,-0.434781,-0.205944,0.456259
-17.5102,1.20106,-0.441936,0.0728113,-1.25406,-0.182117,0.401863,0.267672,-0.434016,-0.551385,0.253933,0.892361,0.0154775,0.0991161,0.849535,0.199113,-1.26087,-0.195008,-0.369782,0.591583
-17.3513,1.36438,-0.257262,-0.0294134,-1.13001,0.0779889,0.313801,0.0615384,-0.697401,-0.493537,-0.00315669,0.826486,-0.0717081,0.184116,0.803584,0.197484,-1.22518,-0.230561,-0.148712,0.689373
-17.3264,1.77428,-0.0718538,-0.0117019,-1.23275,0.0549672,0.45263,0.156697,-0.434818,-0.486008,-0.131994,0.624029,-0.0129728,-0.274002,0.555215,0.299469,-0.878363,-0.179833,-0.406975,0.421873
-16.8466,1.75851,-0.517708,0.0288497,-0.89826,-0.155144,0.119781,0.26598,-0.130862,-0.324529,-0.256009,0.352962,-0.0491661,-0.244601,0.58002,0.379204,-0.684871,0.0399676,-0.290317,0.340087
-16.7685,1.79109,-0.742446,0.0761235,-0.938694,-0.0919957,0.369879,0.441972,-0.148115,-0.60012,-0.289746,0.354728,0.0937442,-0.189141,0.42416,0.407242,-0.65035,0.0308968,-0.266347,0.37721
-17.0671,1.34853,-1.17975,-0.155544,-0.990507,-0.129707,0.282395,0.340839,-0.254785,-0.601547,-0.398931,0.598657,0.303623,0.125884,0.53835,0.383217,-0.549708,0.00992647,0.0127655,0.582388
-16.3892,1.60129,-1.00281,-0.00544321,-0.93487,-0.396626,0.195018,0.542792,-0.118324,-0.406326,-0.68605,0.11458,0.095361,0.195055,0.375792,0.198967,-0.542612,0.217658,0.0478353,0.315527
-16.2637,1.58043,-0.427433,-0.116764,-1.13682,-0.2946,0.189571,0.532933,-0.41426,-0.546822,-0.573682,0.372345,0.148508,0.0780843,0.600453,0.22521,-0.72426,0.196166,0.092943,0.364663
-16.4116,1.61149,-0.554612,-0.284544,-0.959611,-0.190905,0.208722,0.469526,-0.485314,-0.633798,-0.373744,0.191545,0.0992507,-0.00258841,0.691206,0.0450438,-0.848232,0.250163,-0.0252658,0.342181
-16.2905,1.69524,-0.389716,-0.101643,-0.967078,0.0245012,0.158251,0.495482,-0.505637,-0.605993,-0.364863,0.346952,-0.0110393,0.0598683,0.694087,0.0228072,-1.00319,0.198468,-0.113298,0.354517
-16.6521,1.54482,-0.385401,-0.234921,-0.930645,0.126816,0.0830336,0.352412,-0.657842,-0.596691,-0.349492,0.41214,-0.00579198,-0.0495985,0.731456,0.0473662,-1.14116,0.259902,0.00611209,0.367579
-16.3947,1.61118,-0.49569,-0.237481,-0.965648,-0.0769986,0.189894,0.541442,-0.476397,-0.501075,-0.363037,0.424065,0.101647,-0.19936,0.52632,0.23079,-0.896247,-0.0672562,-0.364179,0.587771
-16.3274,1.83521,-0.46137,-0.426469,-1.04964,-0.095609,0.0976398,0.538758,-0.508422,-0.820057,-0.371083,0.392123,-0.177654,-0.169325,0.461132,0.171962,-0.544239,0.132301,-0.415604,0.41512
-16.7217,1.87116,-0.337761,-0.318875,-1.15427,-0.191404,0.137187,0.629156,-0.477951,-0.757537,-0.465009,0.176655,-0.167796,-0.0657877,0.647803,0.333482,-0.642986,0.290237,-0.0582179,0.446897
-16.973,1.89422,0.054003,-0.433675,-1.07853,-0.281356,0.122857,0.758929,-0.533974,-0.817552,-0.64463,0.141892,-0.154386,0.00416334,0.590413,0.206401,-0.59591,0.29392,-0.146779,0.476803
-16.9647,1.78321,-0.126606,-0.18725,-0.962931,-0.206213,0.124871,0.807858,-0.182624,-0.758039,-0.757033,0.132236,-0.200529,0.0797622,0.596769,0.0325934,-0.714774,0.267432,-0.0372542,0.497283
-17.0005,1.59354,-0.195813,-0.150229,-0.910514,-0.102734,0.0970768,0.739031,-0.130406,-0.882724,-0.895097,-0.0318855,-0.196996,0.121885,0.711074,0.169124,-0.797976,0.370548,0.0874704,0.456943
-17.2706,1.40278,-0.141068,-0.271329,-1.1071,-0.317411,0.490339,0.734419,-0.131721,-0.742314,-0.721617,0.129233,-0.142845,0.134714,0.852746,0.287956,-0.680906,0.53184,0.206351,0.494666
-17.5719,1.14496,-0.26023,-0.0372367,-1.13963,-0.282644,0.682778,0.719653,-0.291225,-1.01139,-0.745761,0.0694812,0.00280046,0.168786,0.680114,0.00371547,-0.801096,0.545894,0.0555102,0.533922
-17.6395,1.39045,-0.0240971,-0.158864,-1.01478,-0.205398,0.680785,0.541761,-0.547944,-0.97996,-0.469706,0.28905,0.181997,0.106218,0.96058,-0.178058,-1.0617,0.394328,0.0939951,0.712521
-17.4841,1.4598,-0.233154,-0.268904,-1.22095,-0.498272,0.378677,0.439542,-0.345996,-0.877802,-0.751283,0.150021,0.210252,0.304147,0.69726,-0.309451,-1.1011,0.604405,0.029354,0.278158
-17.2874,1.58741,-0.0451304,-0.177311,-1.20303,-0.458573,0.303484,0.626736,-0.146499,-0.937356,-0.83722,0.311908,0.182201,0.254041,0.704378,-0.11609,-1.02881,0.431373,0.0524513,0.277587
-17.4912,1.46327,-0.202233,-0.292065,-1.07416,-0.343741,0.317158,0.575119,-0.256388,-0.831026,-0.641409,0.492017,0.184501,0.427767,0.83399,-0.0980752,-1.09108,0.386915,-0.188879,0.363309
-17.4313,1.48735,-0.0587316,-0.01952,-0.974541,-0.276058,0.389243,0.670029,-0.3549,-1.04571,-0.680531,0.664704,0.311991,0.188843,0.573264,0.170786,-0.956503,0.328778,-0.109898,0.435528
-17.5836,1.21988,-0.179765,-0.105345,-1.02159,-0.540564,0.226413,0.390502,-0.407344,-1.04496,-0.538486,0.350674,0.11944,0.377414,0.820393,-0.0449097,-1.12523,0.0976614,-0.0973632,0.532627
-17.4844,1.38541,0.0695547,-0.0111822,-0.915173,-0.279333,0.234568,0.626801,-0.236536,-1.02038,-0.620784,0.506399,0.374712,0.327082,0.777472,-0.38865,-0.987446,0.49908,0.00713001,0.500368
-17.6597,1.49882,0.138238,-0.189948,-0.925169,-0.183568,0.530988,0.785531,-0.43882,-1.02291,-0.531946,0.632941,0.218694,0.0827663,0.87062,-0.312787,-1.2515,0.587525,-0.0422058,0.453775
-17.7832,1.6501,0.0435915,-0.17304,-1.10695,-0.206388,0.556134,0.657312,-0.401146,-0.958805,-0.559105,0.502713,0.144473,0.255519,0.997446,0.0139725,-0.941295,0.661884,0.0417724,0.495569
-17.6721,1.4687,-0.51703,-0.353843,-1.0789,-0.231214,0.428176,0.607972,-0.641919,-0.788658,-0.565742,0.401007,0.0676536,0.424408,1.12259,0.0782412,-0.835221,0.637232,0.0438474,0.390123
-17.3069,1.42222,-0.262842,-0.0996817,-1.03238,-0.103686,0.388894,0.448411,-0.472906,-0.885212,-0.349608,0.486115,-0.0217797,0.281201,0.979812,0.118583,-0.978293,0.309455,0.0476366,0.39896
-16.7243,1.48764,-0.312028,-0.046807,-0.924629,0.0767997,0.344494,0.717679,-0.418299,-0.853457,-0.766508,0.15863,-0.0425509,0.145084,0.953715,0.0233217,-0.794219,0.506883,-0.264193,0.157358
-16.4392,1.42329,-0.402487,-0.139699,-1.28816,0.00568063,0.37002,0.742541,-0.606022,-0.904628,-0.382625,0.428576,0.111881,-0.0115321,0.70953,0.157852,-0.543742,0.137522,-0.26007,0.325925
-16.19,1.62808,-0.425235,-0.0557339,-0.989483,-0.0664236,0.176566,0.843885,-0.151445,-0.539237,-0.417558,0.393462,0.175337,-0.0354355,0.482419,-0.179138,-0.813167,0.0732226,-0.365835,0.0844785
-16.4444,1.6605,-0.596368,-0.164526,-0.974754,-0.351458,0.104691,0.743385,-0.199946,-0.492816,-0.565074,0.287399,0.00115275,0.271358,0.647343,0.00728906,-0.69424,0.353231,-0.297476,0.00172749
-16.7724,1.60717,-0.339194,0.147212,-0.96504,-0.177291,0.381037,0.63158,-0.503611,-0.66761,-0.475656,0.279362,-0.0424418,0.299551,0.724166,-0.0621939,-1.03245,0.301079,0.202224,0.246053
-16.2317,1.69828,-0.459816,0.0710289,-1.07525,-0.134648,-0.0498651,0.63664,-0.369944,-0.722206,-0.693241,0.150262,0.0578599,0.139593,0.591498,-0.109551,-0.739829,0.358883,-0.0163605,0.122845
-16.1345,1.6,-0.674635,-0.118435,-1.05431,-0.230145,-0.293611,0.483031,-0.496314,-0.870608,-0.701999,0.116441,-0.0490347,0.0243663,0.542241,-0.0638658,-0.776496,0.152872,-0.185774,0.116205
-16.2416,1.56464,-0.670377,-0.1384,-0.698766,0.15719,-0.0318252,0.457343,-0.467223,-0.69322,-0.574192,0.270313,0.0916859,0.0252008,0.703174,0.192221,-0.879846,0.26318,-0.117922,0.152748
-16.2534,1.37694,-0.822887,0.00296544,-0.78264,0.0166963,0.00736399,0.65408,-0.27849,-0.434517,-0.640332,0.173374,-0.0934686,-0.0280374,0.718479,0.209202,-0.707553,0.395089,-0.0512554,0.14877
-16.175,1.43604,-0.789473,-0.210821,-0.96257,-0.205689,0.0799364,0.78801,-0.209378,-0.413955,-0.677215,-0.125516,-0.275353,-0.0767457,0.6808,0.171002,-0.676935,0.557759,-0.0274478,-0.0257906
-16.0395,1.48958,-0.797113,-0.295422,-1.19796,-0.384203,-0.264121,0.903225,-0.123422,-0.455989,-0.453349,0.243453,-0.0225673,0.140616,0.77707,0.227494,-0.610958,0.70148,0.0222544,0.059208
-16.3928,1.25241,-0.757996,-0.105475,-1.32287,-0.27773,0.017798,1.04798,-0.24342,-0.382771,-0.363908,0.229359,-0.097299,-0.0278247,0.663703,-0.00144291,-0.769511,0.383642,-0.262503,-0.0549743
-16.6376,1.06842,-0.832037,0.0284336,-0.817047,0.0185056,0.0547743,0.9697,-0.234768,-0.469382,-0.310066,0.430659,0.155834,0.0870691,0.592332,0.303944,-0.777171,0.320763,-0.261252,0.295465
-16.8953,0.941879,-0.700182,-0.250374,-0.785213,-0.0791175,-0.0297944,0.900361,-0.410383,-0.539737,-0.482807,0.169795,0.00646836,0.0737539,0.799997,0.383052,-0.87148,0.415354,-0.178104,-0.0138138
-16.7509,0.963054,-0.630474,-0.045937,-0.630794,0.116528,0.31514,1.01733,-0.258978,-0.470929,-0.553343,0.06048,-0.226052,0.154977,0.839662,0.517651,-0.762382,0.72929,0.0552244,0.0789807
-16.8175,1.30727,-0.370402,-0.242221,-0.898669,-0.0494352,0.337365,0.917262,-0.718717,-0.729877,-0.543938,0.195567,-0.147657,0.169398,1.00227,0.414253,-0.89068,0.935872,0.212096,0.138449
-16.8211,1.33555,-0.299751,-0.192383,-0.773338,-0.0938167,-0.0336406,0.989525,-0.363641,-0.910832,-0.854943,0.249052,-0.0200569,0.198038,0.797744,0.0699365,-0.957375,0.800252,0.0780046,0.185794
-16.7416,1.37672,-0.258928,-0.135998,-0.806006,-0.0927655,0.0711127,1.03046,-0.636431,-0.869323,-0.75185,0.119843,-0.149674,0.0318816,0.706097,0.193263,-0.966173,0.731999,0.00100831,0.222404
-17.1174,1.28146,0.125284,-0.174219,-0.575468,-0.1768,0.106521,1.28927,-0.452097,-0.743108,-0.611422,0.140753,-0.195011,0.0380511,1.0714,0.182879,-1.08949,0.887743,0.124972,0.360883
-17.33,0.940159,-0.0113527,-0.224747,-0.715682,-0.238471,0.449674,1.32381,-0.513606,-0.850145,-0.620658,0.23378,-0.115936,-0.0770167,0.925086,0.0848862,-1.08459,0.723166,0.0209866,0.0795063
-17.2817,0.773571,-0.133031,-0.328396,-0.854992,-0.48597,0.39639,1.46383,-0.517782,-1.02467,-0.868887,0.466016,0.161862,0.0407324,0.940085,-0.0441025,-0.99276,0.813694,-0.0778372,0.215445
-17.4047,0.983619,0.00637645,0.0290715,-0.640001,-0.122381,0.505739,1.66143,-0.247782,-0.983389,-0.879629,0.333152,0.0455673,0.160989,0.896249,-0.193085,-1.23514,0.810031,0.0505236,0.256838
-17.4171,0.938001,-0.0576479,-0.192555,-0.745981,-0.396784,0.149651,1.39324,-0.640768,-0.972384,-0.943564,0.317638,0.220985,0.163943,0.969251,0.193823,-1.13369,0.870496,0.0244526,0.263067
-17.0569,0.676099,0.131374,-0.197741,-0.526077,-0.28184,0.280022,1.14429,-0.752082,-0.861376,-0.675573,0.252114,0.115668,0.208517,1.16408,0.273443,-1.20078,0.778206,0.0720135,0.409851
-17.0032,0.959018,0.319361,-0.161494,-0.602958,-0.249828,0.14999,1.30864,-0.389232,-0.93037,-0.74573,0.416624,0.155249,0.17816,1.02095,-0.058291,-1.35044,0.742342,-0.0410763,0.134119
-17.2694,0.801971,0.023286,-0.349886,-0.542105,-0.237671,0.402466,1.67132,-0.328326,-0.666898,-0.663324,0.417352,0.218784,0.18873,1.09815,-0.198273,-1.44113,0.52715,-0.334522,0.00469626
-17.2071,1.04473,0.17665,-0.397839,-0.472846,-0.270517,0.464819,1.56305,-0.68596,-0.78656,-0.68759,0.45007,0.142847,-0.0377102,1.05387,0.0155045,-1.28057,0.842665,-0.344598,0.245037
-17.2587,0.879518,0.314306,-0.278074,-0.657666,-0.533987,0.190585,1.42077,-0.666635,-0.765097,-0.76397,0.37904,0.208923,0.133306,1.19798,0.0171804,-1.31972,0.864448,-0.119683,0.347799
-16.8011,0.966832,-0.0919106,-0.222485,-0.360759,-0.0649123,0.223016,1.27461,-0.569806,-0.698327,-0.521097,0.370314,0.378822,0.21213,0.948925,-0.214416,-1.32663,0.859755,-0.0814477,0.157899
-16.4395,0.973221,-0.137264,-0.159332,-0.589285,-0.116223,0.154389,0.906143,-0.738038,-0.908344,-0.784454,0.317486,0.326381,0.363295,0.880314,-0.0102605,-1.37132,0.764676,-0.0839508,-0.0479707
-15.9641,1.15519,-0.347821,-0.254507,-0.90622,-0.385688,0.0126894,1.38204,-0.312578,-0.578316,-0.769954,0.00469233,0.045381,0.0818452,0.87448,0.0772096,-0.898962,0.886733,-0.0349781,0.188515
-15.536,1.01318,-0.412646,-0.463573,-0.810834,0.124369,0.0516666,1.31068,-0.112554,-0.459138,-0.681395,-0.0100012,-0.232086,-0.244264,0.848157,-0.065692,-0.81518,0.689869,-0.0553855,0.100044
-15.4959,1.09241,-0.403269,-0.472853,-1.14987,-0.364014,-0.154531,0.946308,-0.567583,-0.429559,-0.65457,-0.0469675,-0.162403,-0.182018,0.874563,0.0945278,-0.905195,0.540656,-0.0803299,0.18538
-15.7529,1.18937,-0.16806,-0.32871,-0.994111,-0.127672,0.375929,1.13064,-0.602417,-0.485924,-0.375172,0.195872,-0.132531,-0.226109,0.725512,0.345156,-1.05439,0.703179,-0.099185,0.0293076
-15.8917,1.47903,0.203334,-0.210883,-1.04906,-0.222413,0.0913675,1.09586,-0.833784,-0.756623,-0.534904,0.119135,-0.173815,-0.191878,0.755149,0.198249,-1.19894,0.475354,-0.162204,0.0034106
-15.5224,1.10714,-0.143386,-0.0462103,-0.830788,0.101424,0.394892,1.12848,-0.586096,-0.530857,-0.425846,-0.00704297,-0.0704442,-0.0236253,0.821562,0.258934,-0.754354,0.685501,0.0516383,0.107506
-15.1406,1.27289,-0.0642255,0.0696379,-0.879224,-0.118362,0.113835,1.15107,-0.219264,-0.387497,-0.273117,0.153435,0.147719,0.0476559,0.704713,0.200922,-0.807145,0.362734,-0.181519,0.00393821
-15.0486,1.32987,-0.158249,-0.000675934,-0.671757,0.0872004,0.0231426,1.36402,0.0912712,-0.433068,-0.326349,0.289035,0.190322,-0.024345,0.718102,0.214129,-0.788043,0.613281,-0.132205,-0.0694349
-15.3267,1.2226,-0.528033,-0.0410844,-0.810053,-0.317377,-0.193909,1.25256,0.0176307,-0.512351,-0.207996,0.213883,0.307497,0.253258,0.667454,0.279058,-0.786196,0.514843,-0.138989,0.0815635
-15.3254,1.28105,-0.363487,0.0824217,-0.949628,-0.4524,-0.275529,1.23249,-0.155981,-0.644053,-0.336386,0.34388,0.346346,0.0505889,0.387995,0.00148896,-0.912477,0.605297,0.00702759,0.10764
-15.2497,1.6293,-0.241637,-0.160015,-0.989532,-0.0832368,0.0306168,1.00824,-0.0619867,-0.566924,-0.0544662,0.465363,0.12724,-0.118874,0.619208,-0.0465696,-1.01228,0.613396,-0.00588421,0.0763918
-15.3122,1.8283,-0.202492,0.102968,-0.680346,-0.120927,0.0463223,1.02953,0.0112204,-0.647978,-0.240496,0.231871,0.266824,-0.177009,0.507458,0.0374032,-0.778511,0.543263,-0.288938,0.163845
-15.3498,1.73687,-0.45785,0.169317,-0.589883,-0.065819,0.0162659,1.06961,0.148077,-0.518211,-0.285937,0.0788899,0.228089,-0.176039,0.483191,0.355229,-0.621811,0.595885,-0.118869,0.372256
-15.6128,1.52846,-0.575534,0.149025,-0.68359,-0.0614064,0.0718853,1.21189,0.150178,-0.342987,-0.364508,-0.0559738,0.12463,0.145353,0.680074,0.397183,-0.457243,0.837933,-0.0894477,0.107531
-15.6289,2.06832,-0.216176,0.343156,-0.505729,0.105536,0.00839867,1.14152,-0.298558,-0.34248,-0.210431,0.157491,0.152335,0.107428,0.756158,0.288797,-0.738425,0.770422,-0.197007,0.0434685
-15.9665,1.89038,-0.328752,0.297787,-0.690989,-0.0122069,-0.151465,1.1401,-0.0695958,-0.416557,-0.216949,0.307783,0.341274,0.0383416,0.556546,0.249102,-0.480877,0.620587,-0.346872,0.0306662
-16.3714,1.79636,-0.267369,0.303611,-0.818498,0.105435,-0.124646,1.20442,0.0307571,-0.28174,-0.11294,0.531448,0.346311,0.0272938,0.513417,0.0797734,-0.853705,0.384518,-0.348161,0.0062029
-16.3442,1.97058,-0.230525,0.27685,-0.635516,0.0494209,-0.0956682,1.0403,-0.130656,-0.171926,0.0400917,0.21732,0.225785,-0.0530736,0.657603,0.130428,-0.731823,0.588648,-0.0487276,-0.00201003
-16.577,1.76407,-0.156369,0.201165,-0.573891,-0.0353568,-0.243324,0.859784,-0.170345,-0.490221,-0.0424215,0.530634,0.0494239,-0.276786,0.418222,0.0907907,-0.830599,0.481547,-0.25969,0.103774
-16.9691,1.71238,-0.113606,0.337989,-0.444774,-0.133592,-0.159621,0.80584,-0.163883,-0.579512,-0.0969186,0.46203,0.301202,0.0364519,0.5605,-0.0465613,-0.684978,0.628157,-0.209044,0.102566
-16.9516,2.00763,-0.129974,0.264414,-0.496681,-0.21429,-0.297425,0.85759,-0.266697,-0.486136,-0.143882,0.365575,0.365512,-0.101308,0.672805,0.0452441,-0.795881,0.605706,-0.0827734,0.219784
-17.1459,1.77851,0.0756839,0.360021,-0.726801,-0.143605,-0.220884,0.579416,-0.249562,-0.535085,-0.101544,0.297309,-0.00381788,0.038099,0.926362,0.0607461,-0.900269,0.462654,-0.0540216,0.373503
-17.2497,2.10428,-0.0798384,0.437946,-0.697636,0.0501778,0.0675443,0.637557,-0.290799,-0.625829,0.0155733,0.464938,0.066959,0.00852724,0.771838,-0.0111214,-0.755537,0.415321,-0.110572,0.323802
-17.0989,2.05251,-0.320815,0.189582,-0.633515,-0.179702,-0.0285193,0.785058,-0.110277,-0.395631,-0.116358,0.424527,0.211886,-0.0615504,0.606603,-0.21608,-0.736128,0.503409,-0.292426,0.122456
-17.5056,1.98104,-0.0582027,0.218281,-0.821899,-0.204796,0.0953901,0.925247,0.00371088,-0.802002,-0.0665441,0.428968,-0.0572418,-0.206221,0.673744,0.05186,-0.786351,0.404742,-0.458266,0.233702
-17.4685,1.853,0.286904,0.478307,-0.724994,-0.068302,0.123805,0.758389,-0.156767,-0.693334,-0.205156,0.323261,0.0273173,-0.30921,0.62948,-0.148377,-0.886832,0.273083,-0.313557,0.291771
-17.6158,1.87227,0.0584751,0.383012,-0.753061,-0.103435,0.133912,0.698034,-0.177808,-0.636961,-0.196714,0.363983,0.0677379,-0.242834,0.749322,-0.159115,-0.705855,0.540421,-0.211342,0.242448
-17.9499,1.70075,0.220505,0.594379,-0.583493,-0.0906337,-0.0712441,0.680259,-0.218902,-0.957462,-0.175002,0.208139,0.20636,0.115219,0.931016,-0.171022,-0.988981,0.338258,-0.117205,0.312621
-17.9874,1.66605,-0.0212502,0.329091,-0.607672,-0.058578,0.0147022,0.871617,-0.426292,-0.748359,-0.17283,0.0749978,0.276145,0.0839928,1.00181,-0.238307,-0.870689,0.371124,0.0414767,0.496388
-17.9867,1.72021,-0.221372,0.339361,-0.51414,0.264477,0.110518,0.827249,-0.353572,-0.618272,-0.00605446,0.408492,0.240532,0.0564478,0.726178,-0.380801,-1.12706,0.313892,-0.0366138,0.490908
-18.2685,1.71651,0.142491,0.124581,-0.595591,0.276254,0.202787,1.16438,-0.234282,-0.765384,-0.0504916,0.285511,0.0818954,-0.0588494,0.956446,-0.178904,-0.991634,0.188539,-0.219956,0.308923
-18.187,1.9442,0.0404289,-0.0983373,-0.751664,0.0633108,0.0589571,1.23951,-0.496552,-0.687361,-0.0117844,0.333505,0.0642556,-0.186131,0.907084,-0.0634726,-0.879845,0.487442,-0.132221,0.152661
-17.8339,2.06524,-0.148573,0.368335,-0.462361,0.122184,0.143287,0.999314,-0.411957,-0.907448,-0.195505,0.0434649,-0.0415253,-0.186018,0.725711,-0.135155,-0.873766,0.204088,-0.14809,0.16756
-17.9543,2.00699,-0.132139,0.408232,-0.32336,0.0257954,-0.0247864,0.937167,-0.279426,-0.796292,-0.582241,0.0733139,0.0159473,-0.134287,0.897966,-0.142143,-1.07541,0.298377,0.0678012,0.263304
-18.0689,1.64219,0.0797653,0.529788,-0.205278,0.424506,0.447025,1.22442,-0.124103,-0.855005,-0.853539,0.0425781,0.118349,-0.116622,0.906983,-0.282957,-1.09169,0.537613,0.0947823,0.241234
-18.2366,1.28456,-0.224922,0.174877,-0.457735,0.341327,0.134536,1.10152,-0.324005,-1.00606,-0.720442,0.23184,0.313973,-0.0776445,0.974873,-0.329921,-1.0062,0.445562,-0.0704049,0.161319
-18.5285,1.22828,-0.224813,0.346887,-0.803742,0.0188377,0.460907,1.17363,-0.301664,-0.707364,-0.524805,0.507022,0.242038,0.0860232,1.00025,-0.100149,-0.781492,0.564424,-0.00236912,0.29818
-18.2497,1.71128,-0.329494,0.50129,-0.616737,-0.235883,0.0854196,0.624515,-0.110898,-0.513027,-0.476554,0.376673,0.302129,0.144057,0.835402,-0.138601,-0.400467,0.269572,-0.15161,0.0697237
-17.4614,1.45053,-0.393941,0.696749,-0.554178,-0.624794,0.121579,1.12857,0.500775,-0.156634,-0.617732,-0.423717,0.44852,0.580943,0.30978,0.194479,-0.129572,-0.117151,-0.235491,0.0770253
-17.3273,1.37579,-0.432722,0.6744,-1.16221,-0.526697,0.149992,1.18462,0.497026,-0.163614,-0.690047,-0.602291,0.244931,0.160505,0.35204,0.27735,0.228466,0.00894929,-0.163767,0.437363
-17.2975,1.29634,-0.517515,0.506614,-1.07943,-0.329176,0.277394,1.23204,0.785716,0.00312386,-0.728473,-0.525572,0.3356,0.181911,0.379757,0.311504,0.119978,-0.0742427,-0.317033,0.197465
-17.5538,1.32105,-0.298967,0.568046,-1.20507,-0.227553,0.131165,1.07928,0.626248,-0.126299,-0.848208,-0.724433,0.366615,0.0151087,0.360649,0.466304,0.326549,0.0572251,-0.217022,0.292509
-17.792,1.40493,-0.36853,0.445873,-1.21489,-0.413912,-0.142627,0.92594,0.428162,-0.11125,-0.60293,-0.742129,0.289966,-0.163186,0.358513,0.665379,0.380525,0.134689,-0.355194,0.341421
-17.8943,1.35813,-0.247638,0.380188,-1.14568,-0.153059,0.0441816,1.32448,0.681526,0.116148,-0.540732,-0.749375,0.20062,-0.389097,-0.198468,0.583726,0.248446,0.165904,-0.276678,0.395294
-17.7955,1.26974,-0.104609,0.687,-1.16438,-0.535444,-0.287073,1.14585,0.611089,0.342663,-0.567012,-0.961273,0.11251,-0.262052,-0.0608993,0.59858,0.317522,0.0122306,-0.528629,0.117769
-17.6259,1.31947,-0.28588,0.82103,-1.03031,-0.526061,-0.123483,1.1438,0.815655,0.501356,-0.599004,-0.897917,0.279211,-0.275815,0.0940144,0.655014,0.665872,0.19085,-0.404232,0.226964
-17.4659,1.43526,-0.273471,0.505305,-1.11957,-0.311682,-0.0477965,1.12624,0.755641,0.376997,-0.858603,-0.909237,0.186255,-0.363877,-0.115425,0.531416,0.592489,-0.0400117,-0.362272,0.185135
-17.4244,1.58874,-0.138622,0.683893,-1.05019,-0.474304,-0.0535215,1.06381,0.723763,0.36559,-0.691637,-0.949867,0.149352,-0.0738883,0.0523588,0.657198,0.764861,-0.317497,-0.463466,0.343488
-17.617,1.40362,-0.320767,0.558139,-1.2245,-0.501479,0.0645817,1.12425,0.835844,0.267566,-0.776001,-0.939268,0.215221,-0.108649,0.0090307,0.603697,0.93365,-0.290858,-0.555779,0.456962
-17.277,1.38456,-0.531659,0.203042,-1.21341,-0.0938422,-0.101864,0.660824,0.707675,0.652226,-0.843623,-1.11138,-0.00127634,-0.0842621,-0.159106,0.583394,1.07867,-0.433944,-0.613868,0.488423
-17.4507,1.29352,-0.408982,0.458416,-1.32317,-0.464275,-0.116847,1.11466,1.09739,0.305702,-1.02622,-0.96969,0.382859,0.0766048,-0.051281,0.540367,1.02713,-0.273166,-0.451699,0.550981
-17.1046,1.29452,-0.387328,0.468259,-1.47089,-0.443365,0.0532758,1.04184,1.02017,0.335418,-0.929683,-0.801389,0.323593,-0.0745656,-0.0708702,0.483867,1.08974,-0.248431,-0.417591,0.566976
-17.3099,1.2416,-0.210855,0.578568,-1.37675,-0.618989,-0.0235567,1.13711,0.983464,0.254613,-1.19337,-0.844344,0.251414,0.0765336,-0.0820501,0.23476,1.33085,-0.302052,-0.579783,0.528511
-17.4415,1.34964,-0.111353,0.566139,-1.40052,-0.286698,0.0875742,1.12453,1.15619,0.233292,-1.00066,-0.906133,0.158344,-0.198353,-0.319441,0.384413,1.37168,-0.58859,-0.522537,0.667406
-17.2877,1.22131,-0.170473,0.739156,-1.19019,-0.217764,-0.0219572,1.18343,1.2322,0.634081,-0.883627,-0.788169,0.0627807,-0.0130963,-0.13443,0.529287,1.56971,-0.493901,-0.564842,0.577311
-17.2365,1.20862,0.0469252,0.766369,-1.18164,-0.311055,-0.0178434,1.18294,1.27334,0.262891,-1.03466,-0.933902,0.139229,0.023944,-0.160176,0.37474,1.46493,-0.471439,-0.578924,0.579261
-17.2467,1.0326,-0.0167067,0.632229,-1.22735,-0.28859,-0.0436557,1.1216,1.38002,0.460877,-0.918335,-0.787761,0.0900681,-0.0677759,-0.24631,0.450135,1.60958,-0.51051,-0.715688,0.704099
-17.4126,1.04582,0.240693,0.657831,-1.20446,0.00588489,-0.101634,0.890344,1.43527,0.4124,-0.940774,-0.908494,0.076377,-0.226483,-0.418825,0.738631,1.64249,-0.614806,-1.09941,0.571732
-17.4535,0.922754,-0.142883,0.606843,-1.09038,-0.230986,-0.23573,0.777041,1.37611,0.665199,-0.910803,-1.03009,0.0891368,0.0523164,-0.416285,0.51603,1.5834,-0.613555,-0.887712,0.621012
-17.6287,0.822845,-0.355567,0.179679,-1.22042,-0.157093,-0.209202,0.87144,1.46528,0.63437,-0.964083,-1.22492,0.205378,0.139542,-0.649634,0.253769,1.46541,-0.667311,-0.878296,0.729543
-17.843,0.973213,-0.0903836,0.389551,-1.1738,-0.409828,-0.358368,0.948941,1.33371,0.506983,-0.98327,-1.02845,0.238819,0.0523087,-0.60572,0.472581,1.70633,-0.751507,-0.973694,0.736319
-17.8522,0.982933,-0.106285,0.505444,-1.12007,-0.272931,-0.174271,0.936413,1.34052,0.398286,-0.833215,-0.959533,0.286222,0.109218,-0.676117,0.527676,1.74842,-0.651707,-1.01471,0.627313
-18.0455,0.788688,0.0366362,0.364211,-0.983528,-0.401235,-0.385,0.768497,1.52465,0.58515,-0.692463,-1.10043,0.349854,0.209562,-0.435198,0.764926,1.80332,-0.708852,-0.856917,0.741244
-17.9718,0.725317,0.121247,0.532385,-0.547688,-0.264484,-0.474783,0.832849,1.44792,0.63719,-0.844583,-1.19511,0.0143454,0.262555,-0.213906,0.709445,1.73317,-0.729936,-0.577512,0.689727
-17.9664,0.635857,-0.161205,0.553128,-0.796294,-0.537686,-0.350078,1.07523,1.35396,0.466093,-0.533729,-1.08435,0.0931762,0.243348,-0.236058,0.768737,1.69868,-0.740162,-0.794626,0.909148
-17.8952,0.815078,0.106208,0.792792,-0.787059,-0.33207,-0.412039,1.0632,1.52305,0.435776,-0.801811,-1.11672,0.148045,0.0906772,-0.416111,0.709113,1.73173,-0.660887,-0.745975,0.727359
-17.6974,0.834228,0.061784,0.635638,-0.899751,-0.304466,-0.443713,0.874789,1.32441,0.335771,-0.68975,-1.06816,0.136377,0.0115045,-0.447464,0.647323,1.64312,-0.706184,-0.611407,0.613122
-17.5387,0.778759,-0.0123086,0.651388,-1.11463,-0.318501,-0.414067,0.708694,1.29683,0.607334,-0.527072,-0.856994,0.163654,0.0365161,-0.236267,0.768229,1.45338,-0.572532,-0.53481,0.525266
-17.81,0.559692,0.28275,0.815701,-1.22843,-0.343373,-0.378719,0.705227,1.38279,0.537089,-0.942575,-1.11222,0.179655,-0.0541789,-0.57968,0.44164,1.26972,-0.55083,-0.545629,0.374833
-17.0279,0.64828,0.174538,0.866563,-1.29442,-0.335715,-0.503536,0.765209,0.955879,0.160909,-0.535228,-0.936433,0.231722,-0.0844658,-0.497646,0.662272,1.27304,-0.396987,-0.519043,0.295758
-16.1667,0.643965,0.499062,1.08883,-1.04964,-0.246658,-0.43003,1.09485,0.767231,0.125287,-0.557566,-1.06122,0.204985,-0.073539,-0.437655,0.327459,1.0175,-0.447281,-0.556927,0.112998
-16.3812,0.485711,0.0700714,1.00183,-0.920258,-0.544296,-0.446809,1.17669,0.825887,0.178964,-0.398659,-0.629447,0.210334,0.150538,-0.181484,0.390448,0.861086,-0.550396,-0.627831,-0.109979
-16.2588,0.83407,0.228006,0.950882,-0.865824,-0.101143,-0.313901,0.977408,0.765679,0.094683,-0.578259,-0.88971,0.138396,-0.126367,-0.345588,0.658712,1.03551,-0.326238,-0.447844,0.108478
-16.0853,1.20546,0.179125,0.88152,-1.11539,-0.39917,-0.441312,0.94198,0.529926,-0.0257712,-0.267284,-0.737766,0.154259,0.0686823,-0.369271,0.307924,0.83441,-0.356261,-0.490023,0.173908
-15.8542,1.2153,0.0505675,0.565769,-1.23598,-0.285623,-0.314779,0.851823,0.446957,0.0540191,-0.206379,-0.387628,0.035053,-0.0417156,-0.421087,-0.0191048,0.619491,-0.340268,-0.40253,0.273158
-15.468,1.5499,-0.0587679,0.587994,-1.42619,-0.591941,-0.322856,0.403719,0.191261,0.0110212,0.034172,-0.214221,-0.0672403,0.215718,-0.171417,0.0129853,0.232066,-0.446491,-0.364697,0.144185
-15.8571,1.76242,-0.103504,0.692033,-1.36749,-0.707996,-0.476078,0.265596,0.229235,-0.10055,-0.0810553,-0.159228,-0.351293,0.359092,-0.167379,-0.111952,-0.00229444,-0.570185,-0.380232,-0.312489
-15.5126,2.01538,-0.137649,0.325175,-1.15931,-0.352383,-0.437121,0.136796,0.258625,0.305626,-0.19967,-0.351349,-0.115499,0.277186,-0.0399766,-0.0289192,-0.0575383,-0.789071,-0.421491,0.0241944
-15.1143,2.04503,0.0778268,0.414386,-1.04841,-0.536316,-0.439154,0.465434,0.422878,0.0376896,-0.382228,-0.642909,-0.0250804,-0.012467,0.136087,0.0908953,0.0333199,-0.807714,-0.598728,-0.542621
-15.3226,1.89177,0.291143,0.601717,-1.22508,-0.426151,-0.124271,0.538572,0.308226,0.0944072,-0.432298,-0.732389,-0.0474911,-0.0597341,0.153837,0.179903,-0.130087,-0.812712,-0.613403,-0.497182
-15.766,1.79037,0.474767,0.433191,-1.33936,-0.342821,0.0526279,0.698696,0.228461,0.0405257,-0.609843,-0.733185,-0.199521,-0.187149,0.0206439,0.0311908,-0.239157,-0.922718,-0.424128,-0.12095
-15.6057,1.78205,0.148392,0.0485023,-1.1685,-0.569513,-0.190518,0.597199,0.228184,0.137269,-0.414915,-0.388791,0.380312,0.180423,0.0533478,0.219701,0.028094,-0.900373,-0.62226,-0.330305
-15.8366,1.74778,0.174285,0.258386,-1.09522,-0.287014,-0.359168,0.555371,0.239117,-0.0580518,-0.356307,-0.419422,0.0615034,-0.0672599,0.441903,0.485971,-0.0269194,-0.861884,-0.667911,-0.327973
-16.0098,1.80005,0.34565,0.325757,-1.16095,-0.0761018,-0.168536,0.715794,0.340673,0.0632621,-0.61702,-0.759659,0.104061,0.0924159,0.428784,0.201194,0.067018,-0.948932,-0.528234,-0.158622
-16.2229,1.68919,0.25621,0.200762,-1.23053,-0.298751,-0.412234,0.606592,0.566107,0.426297,-0.505043,-0.831677,0.0745534,-0.291496,0.121456,0.433091,0.165852,-1.00079,-0.550473,-0.252782
-16.7222,1.47638,0.32972,0.447855,-1.35356,-0.554445,-0.272725,0.826393,0.764973,0.367335,-0.48925,-0.789104,0.373939,-0.123081,0.276418,0.432163,-0.107316,-1.02953,-0.489318,-0.0428811
-16.7519,1.34752,0.0415846,0.286266,-1.30675,-0.498666,-0.299678,0.861046,0.61527,0.286857,-0.469566,-0.886245,0.324386,0.0818305,0.538698,0.605391,-0.10425,-1.0654,-0.402672,-0.111322
-16.23,1.53128,0.300963,-0.0202891,-1.44744,-0.178778,-0.165891,0.692691,0.493051,0.485712,-0.592614,-0.726614,0.466935,-0.0289153,0.161186,0.376136,-0.217466,-0.878456,-0.40532,-0.281746
-16.4334,0.936195,0.381922,0.38391,-1.45271,-0.192376,-0.186254,1.03139,0.575469,0.235912,-0.59747,-1.14473,-0.115293,-0.186418,0.154,0.324409,-0.30456,-1.1484,-0.557068,-0.161992
-16.2142,1.32429,0.43686,0.511062,-1.37676,-0.303102,-0.168411,1.15369,0.456584,-0.184948,-0.492264,-0.93034,0.0867092,0.0654109,0.000371656,0.343441,-0.00745831,-1.15781,-0.64454,-0.199355
-16.5144,1.06161,0.544219,0.677936,-1.63455,-0.429292,-0.0167632,1.23024,0.423585,-0.0992256,-0.643774,-1.08307,0.0465302,-0.0407288,-0.0450434,0.439942,0.0126258,-1.05479,-0.459966,-0.137145
-16.587,1.27877,0.534084,0.683564,-1.31338,-0.80836,-0.435047,0.94597,0.524934,-0.0698487,-0.632516,-0.88346,0.16735,0.136152,0.0227554,0.656654,0.219619,-0.980766,-0.626097,-0.418615
-16.8258,1.03562,0.355755,0.563742,-1.24107,-0.415199,-0.300179,1.17761,0.757148,0.103669,-0.521196,-0.840238,-0.0432338,-0.199457,-0.045455,0.663541,0.128056,-0.963459,-0.651116,-0.27868
-16.9181,1.10795,0.276211,0.692291,-1.50844,-0.690031,-0.428356,1.09369,0.804099,-0.010468,-0.467511,-0.710053,0.25964,0.161634,0.460219,0.907337,0.18829,-0.973294,-0.224053,-0.111951
-17.3533,0.701549,-0.185628,0.335785,-1.55389,-0.144077,-0.152752,1.35379,0.629039,0.0501452,-0.620259,-0.986981,0.0570263,-0.195276,0.152429,0.924375,0.320293,-0.923727,-0.314299,-0.199509
-17.1036,1.10496,0.076103,0.251976,-1.31722,-0.124793,-0.161516,1.02716,0.543189,0.123205,-0.511812,-0.699382,-0.0428335,-0.11734,0.313501,1.02279,0.232213,-1.00987,-0.368081,-0.376967
-17.0103,1.19577,0.338692,0.463937,-1.20066,-0.143705,-0.442615,0.874075,0.503587,0.105114,-0.742745,-0.874083,-0.247403,-0.0458369,0.242051,0.858648,-0.11602,-1.22506,-0.356149,-0.219419
-17.2881,0.872621,-0.0157906,0.262903,-1.01672,-0.0454173,-0.0749,1.11895,0.699493,0.182972,-0.537655,-0.989108,-0.273314,-0.107276,0.0724818,0.879842,0.096309,-1.21159,-0.353467,0.0211058
-17.2546,1.10151,0.290581,0.376579,-1.46767,-0.234991,-0.18856,1.11042,0.660225,-0.0722514,-0.852312,-0.795035,0.0872249,-0.187857,0.224894,0.929474,0.102325,-1.20056,-0.222532,-0.167614
-16.7899,1.41712,0.133673,0.232078,-1.68228,-0.40241,-0.282167,0.744097,0.534183,-0.200678,-0.808631,-0.664779,0.261724,-0.0842398,0.438662,0.854257,0.0498535,-1.18911,-0.323077,-0.0843646
-16.0825,1.44199,0.0904182,0.0781165,-1.71326,-0.365927,-0.211797,0.776675,0.246362,-0.245806,-0.843183,-0.598185,0.113244,-0.0140479,0.182334,0.556729,-0.0818153,-0.85114,-0.248045,-0.071456
-15.838,1.48488,-0.148551,0.149041,-1.54125,-0.275556,0.0263574,0.902802,0.193693,-0.379124,-0.766704,-0.392636,0.228469,0.16695,0.219239,0.452561,-0.0709703,-0.895389,-0.357555,-0.0696989
-15.4825,1.33392,-0.30783,0.324815,-1.17009,-0.0232206,0.157705,0.915893,0.165584,-0.324965,-0.936484,-0.850875,-0.193314,0.0432199,0.155686,0.214427,-0.184696,-1.19299,-0.423599,0.0694277
-15.735,1.7242,-0.0717745,0.240105,-1.10519,-0.138177,-0.188527,1.16412,0.381741,-0.322993,-0.624228,-0.671386,-0.0177834,-0.038492,0.121503,0.211186,-0.0332283,-1.24905,-0.509289,-0.296794
-15.4093,1.80545,0.0346779,0.599443,-1.13567,-0.411664,0.0571475,1.07674,0.521832,-0.475269,-0.933365,-0.637908,-0.0917912,-0.0829416,-0.0780612,-0.0834559,0.0487669,-1.20198,-0.679557,-0.152228
-15.1034,1.93561,0.0752327,0.268476,-1.37711,-0.369063,-0.12006,0.860753,0.356702,-0.332754,-0.761238,-0.493814,0.0420387,-0.0675342,-0.129319,0.0317342,-0.170228,-1.21944,-0.537661,-0.105912
-14.9804,1.83828,-0.0750808,0.0123557,-1.34917,-0.395068,-0.406441,0.462159,0.28591,-0.282164,-0.625381,-0.412363,0.0860684,-0.0197248,0.138364,0.370662,-0.116202,-1.12099,-0.544015,-0.062139
-14.8889,1.93221,0.256006,0.368475,-1.21975,-0.658378,-0.40947,0.546592,0.208574,-0.146254,-0.478709,-0.292929,0.201029,0.0307638,0.0685955,0.576172,-0.185444,-1.31136,-0.585557,-0.115495
-14.916,2.05727,0.119511,0.411801,-1.22622,-0.56385,-0.31953,0.637829,0.25893,-0.10891,-0.603925,-0.513775,-0.261238,0.0170202,0.148908,0.356817,-0.279525,-1.26694,-0.475238,-0.0760928
-15.1837,1.68261,-0.0489723,0.270529,-1.41769,-0.516388,-0.139088,1.22268,0.489485,-0.235867,-0.685131,-0.323522,0.0270208,0.0672173,-0.0386107,0.288294,-0.401204,-1.14992,-0.556368,-0.221721
-15.1971,1.79182,0.314995,-0.110378,-1.28092,-0.503018,-0.375405,0.692785,0.36554,-0.2059,-0.811008,-0.349493,0.133329,0.11013,0.187842,0.732229,-0.290446,-1.35222,-0.302428,-0.217155
-15.2826,1.94566,0.372611,-0.102954,-1.17303,-0.556317,-0.223282,0.495711,0.372045,-0.334347,-0.941564,0.101619,0.169406,0.113593,0.316183,0.820471,-0.00888713,-1.55568,-0.778276,-0.72528
-15.3145,2.17754,0.480001,0.0685344,-1.15482,-0.593767,-0.393087,0.445459,0.481158,0.0756588,-0.572476,-0.174915,0.08629,0.165262,0.369385,0.804684,-0.241134,-1.51081,-0.599123,-0.461815
-15.6736,1.89241,0.276277,-0.0442349,-1.19127,-0.534444,-0.601812,0.592972,0.561722,0.214616,-0.710463,-0.399586,-0.267539,-0.0388196,0.373256,0.92161,-0.303871,-1.55823,-0.357552,-0.341089
-15.5096,1.58909,0.150274,0.00929293,-1.42574,-0.676778,-0.288532,0.720299,0.618524,0.0242752,-0.770675,-0.35108,0.182098,0.141624,0.270779,0.879321,-0.204724,-1.39127,-0.542386,-0.408507
-15.2595,1.62499,0.467873,0.164518,-1.08567,-0.583914,-0.127441,0.909967,0.598864,-0.0462912,-0.877147,-0.519323,0.0962173,-0.101525,0.00472973,0.775006,-0.20798,-1.51768,-0.448185,-0.418809
-15.6265,1.61084,0.551879,0.0338251,-1.18769,-0.478712,-0.112614,1.20058,0.682383,-0.100693,-0.845647,-0.645904,0.161703,-0.222748,-0.201999,1.00858,-0.174479,-1.63393,-0.473647,-0.547854
-15.6392,1.86813,0.525155,0.0661308,-1.23515,-0.708167,-0.159402,1.01319,0.560074,-0.106213,-0.805953,-0.537156,0.264096,-0.0561764,-0.0589957,0.993971,-0.0275082,-1.64364,-0.418933,-0.482437
-16.0405,1.57033,0.500614,-0.181643,-1.07129,-0.389819,-0.103146,0.952872,0.731472,-0.10847,-0.881795,-0.740041,0.213855,-0.108538,0.179584,1.25626,-0.0170181,-1.62731,-0.301465,-0.378781
-16.1055,1.37562,0.284497,-0.396193,-1.27484,-0.437628,-0.14951,0.962677,0.700252,-0.148169,-1.0275,-0.64745,0.164276,-0.237889,0.210414,1.15961,-0.107536,-1.58909,-0.274535,-0.305537
-16.5929,1.34095,0.512746,-0.253721,-1.00684,-0.250385,0.169861,1.42143,0.794351,-0.0966037,-0.825813,-0.918675,0.0911083,-0.264115,0.165298,1.45132,0.101891,-1.48389,-0.00183913,-0.268504
-16.7044,1.1654,0.411856,-0.333959,-1.3004,-0.51176,0.0900851,1.55411,0.98243,-0.0415913,-0.925402,-0.846965,0.319472,-0.201279,-0.146013,1.00069,0.0105769,-1.52019,-0.179249,-0.356174
-16.7563,1.07509,0.616364,-0.446596,-1.36736,-0.541757,-0.00637451,1.28898,1.14888,0.0524798,-0.890617,-0.824749,0.304586,-0.228239,0.179327,1.22675,-0.1388,-1.47158,0.00185004,0.0223731
-16.7676,1.26743,0.414379,-0.378301,-1.29982,-0.865156,0.0162187,1.19041,0.891083,-0.013088,-0.802306,-1.02973,0.0466928,-0.201839,0.345696,1.37918,-0.171709,-1.4309,0.231172,0.185642
-17.1189,1.20974,0.661919,-0.336224,-1.46549,-1.14844,-0.244497,1.33751,0.917695,0.255569,-1.07288,-0.734271,0.0982737,-0.116663,0.285733,1.46619,-0.170956,-1.75209,-0.0192194,-0.341996
-16.9881,1.32459,0.741881,-0.354845,-1.31588,-0.817413,0.284354,1.75554,0.832377,-0.0681214,-0.626619,-0.632184,0.464327,-0.0221723,0.268185,1.55865,-0.210638,-1.61898,0.0595186,-0.549706
-17.0274,1.17125,0.753598,-0.379608,-1.34565,-0.624864,0.189192,1.37959,0.862546,0.125807,-0.81867,-1.03181,0.426682,0.0716321,0.314934,1.41213,-0.0412296,-1.62687,-0.113965,-0.462208
-16.9914,1.29209,0.771257,-0.28695,-1.37028,-0.597409,0.0305565,1.27314,1.18011,0.269658,-0.991959,-0.829781,0.197058,-0.287615,0.274199,1.31419,-0.294592,-1.76675,-0.101768,-0.324246
-16.9318,1.33166,0.374925,-0.182961,-1.30149,-0.708137,0.061991,1.56326,0.964853,0.575302,-0.945898,-0.755865,-0.0878505,-0.0124182,-0.100555,1.21112,-0.337655,-1.66766,-0.0784914,-0.0244525
-16.9899,1.55626,0.686235,-0.0386321,-1.38238,-0.993707,0.00620341,1.13242,1.1449,0.184029,-1.05538,-0.65784,0.0913989,0.125009,0.137362,1.41078,-0.364515,-1.6336,-0.220109,-0.211785
-16.7471,1.38597,0.52002,-0.253539,-1.58276,-1.06877,0.16786,0.971513,0.855605,-0.0406605,-0.887482,-0.602494,0.208098,0.0188538,-0.108801,1.2369,-0.135403,-1.59036,-0.325675,-0.376655
-15.8594,1.59596,0.128776,-0.129219,-1.03947,-0.50299,-0.114722,0.89221,0.715077,-0.0416099,-1.05395,-0.635762,0.0880037,0.246587,0.327968,1.22702,-0.109783,-1.51931,-0.329523,-0.666836
-14.9429,1.42253,0.0972193,0.176807,-1.05247,-0.740586,-0.599359,0.835932,0.577484,-0.026729,-0.848015,-0.695877,-0.126863,0.44778,0.363508,0.942852,-0.17629,-1.49761,-0.48094,-0.553578
-14.7801,1.79461,0.0948943,0.127337,-1.47526,-0.612724,-0.616953,0.551333,0.278385,0.159397,-0.586451,-0.21262,-0.15663,0.256088,0.342929,1.10517,0.0937073,-1.55696,-0.482533,-0.44614
-15.128,2.00135,-0.172681,0.122227,-1.38616,-0.560227,-0.568173,0.715113,0.348141,0.00660346,-0.616735,-0.29645,0.0688002,0.336119,0.393857,0.987505,-0.128228,-1.35464,-0.565015,-0.497069
-14.9766,1.91406,0.0686549,-0.0579522,-1.05812,-0.439735,-0.308373,0.617121,0.0171651,-0.237135,-0.706302,-0.460784,-0.0857386,0.0427848,0.215815,0.998057,0.0317314,-1.46966,-0.633673,-0.77769
-14.7071,1.73936,0.358507,0.206628,-1.3744,-0.727818,-0.420924,0.851416,0.248505,-0.483917,-0.787352,-0.562967,0.0263196,0.191787,0.325576,0.6228,-0.312018,-1.48992,-0.685074,-0.573635
-14.4572,1.77599,0.0212681,0.222458,-1.32366,-0.19955,-0.36643,0.697564,0.500557,-0.344522,-1.06297,-0.614388,0.0401944,0.17514,0.288867,0.564526,-0.1995,-1.43227,-0.694299,-0.418962
-14.5627,1.57573,-0.143972,0.174289,-1.09105,-0.0784726,-0.337862,0.860039,0.73754,-0.174825,-0.954607,-0.470867,0.0417955,0.0486477,-0.074531,0.404378,-0.10814,-1.39055,-0.772,-0.546085
-14.5677,1.45573,-0.195431,0.288927,-1.12189,-0.355606,-0.35536,0.770181,0.573816,-0.166955,-0.779719,-0.405753,-0.128891,-0.0216758,-0.101956,0.524576,-0.245543,-1.37683,-0.636535,-0.4265
-14.6028,1.95473,0.107827,0.550823,-1.00641,-0.68661,-0.469836,0.69666,0.545216,-0.305814,-0.81847,-0.526695,-0.180978,0.0449996,0.147514,0.534434,-0.406077,-1.32537,-0.551707,-0.349178
-14.8663,1.92683,0.229261,0.436238,-1.10137,-0.797295,-0.634995,0.797606,0.330747,-0.354822,-0.919971,-0.499906,-0.135435,-0.0541059,-0.00522571,0.719211,-0.317048,-1.52664,-0.745429,-0.383632
-14.7854,1.93113,0.228531,0.4599,-1.09832,-0.645062,-0.359029,0.601708,0.356276,-0.2978,-0.830931,-0.384252,-0.214336,-0.141697,0.196901,0.660784,-0.200783,-1.60828,-0.896206,-0.506332
-14.6398,2.40785,0.177254,0.24437,-1.09259,-0.573132,-0.198227,0.744205,0.272926,-0.345352,-0.751608,-0.45446,0.0844248,-0.0573841,-0.0605507,0.195555,-0.329626,-1.3708,-0.586097,-0.46407
-14.8408,2.70129,0.360621,0.276295,-1.18913,-0.527676,-0.432451,0.801901,0.255458,-0.318378,-0.793871,-0.152646,0.203328,0.0444711,-0.0558074,0.172759,-0.488853,-1.28529,-0.857798,-0.488772
-15.2016,2.51703,0.323959,0.187885,-1.24207,-0.573805,-0.283678,0.505013,0.132807,-0.0423987,-0.666092,-0.421436,-0.132279,-0.0173839,0.0415587,0.32578,-0.466861,-1.462,-0.765327,-0.435403
-15.5006,2.50896,0.0859446,0.144792,-1.54474,-0.512485,-0.323913,0.575752,-0.200712,-0.181777,-0.719095,-0.5052,-0.0907155,0.120703,0.183703,0.42342,-0.356302,-1.18344,-0.545081,-0.465984
-15.6481,2.53794,0.324435,0.0466757,-1.27643,-0.286241,-0.195874,0.607705,-0.0590135,-0.205613,-0.824752,-0.645262,0.000533188,0.283687,0.342182,0.534924,-0.430982,-1.47492,-0.792685,-0.719695
-15.8782,2.72207,0.375457,-0.0313803,-1.25282,-0.504468,-0.0316644,0.868736,0.0269562,-0.14262,-0.753226,-0.330898,-0.0947881,0.307891,-0.0382862,0.159863,-0.471048,-1.43125,-0.839996,-0.680048
-15.8167,2.99325,0.397184,0.0338976,-1.32812,-0.347965,-0.0936542,0.691281,-0.0532813,-0.0108476,-0.606268,-0.437614,-0.233915,0.2545,-0.0544089,0.177873,-0.438263,-1.36329,-0.817403,-0.355211
-16.0365,2.57317,0.329017,0.247563,-1.28963,-0.328613,0.123115,0.817697,0.275852,0.239296,-0.565421,-0.411217,-0.255945,-0.00360931,0.0227653,0.314058,-0.553625,-1.41629,-0.800026,-0.32967
-15.907,2.47953,0.203837,0.309931,-1.26895,-0.390069,-0.0848261,0.814012,0.309282,0.242289,-0.690722,-0.332439,-0.237672,0.0441407,0.0780396,0.402523,-0.538142,-1.23281,-0.585763,-0.367426
-16.0999,2.3076,-0.00382669,-0.0576612,-1.32133,-0.33365,-0.220571,0.650087,0.387084,-0.0564926,-0.882815,-0.382278,0.0503319,0.186107,0.153838,0.631501,-0.609653,-1.1548,-0.409449,-0.407462
-16.354,2.67161,0.278194,-0.0879117,-1.39588,0.0975843,-0.285925,0.667636,0.458708,-0.073266,-1.1062,0.101538,0.0226823,-0.0671824,0.205089,0.906416,-0.423787,-1.19978,-0.459617,-0.368289
-16.7998,2.47265,0.40969,0.0255607,-1.23432,-0.186455,0.185797,0.916366,0.269243,0.0230147,-0.965571,-0.104955,-0.0287412,-0.302365,0.019111,0.92413,-0.32558,-1.25293,-0.433578,-0.406022
-16.7952,2.27029,0.293331,0.115683,-1.10293,-0.4091,-0.135543,0.661541,0.22673,-0.0981039,-0.976388,-0.331456,-0.0715515,0.0033722,0.384127,1.20358,-0.341795,-1.2274,-0.490773,-0.589984
-16.9823,2.27734,0.59847,0.0200468,-1.35752,-0.718012,-0.119284,0.91147,0.350724,-0.157641,-1.04054,-0.252894,0.0223121,-0.0585099,0.239594,1.21028,-0.38812,-1.29391,-0.122427,-0.341125
-16.8767,2.07381,0.156992,0.0245184,-1.18066,-0.84509,-0.0760552,0.92078,0.224209,-0.000851353,-1.11945,-0.357206,-0.0824454,-0.0363756,0.0487779,0.830862,-0.169618,-1.28136,-0.364284,-0.622843
-16.9632,1.9957,0.233248,0.050757,-1.00119,-0.773675,-0.149868,0.775013,0.308477,0.0636001,-1.2403,-0.404296,-0.135809,-0.0856806,0.175048,1.29246,0.120744,-1.4341,-0.430989,-0.375175
-17.0286,2.16494,0.324937,-0.224549,-1.08302,-0.446409,-0.0841575,0.694161,0.367609,-0.136959,-1.18043,-0.41644,0.249365,-0.0783468,0.153676,1.38923,-0.0478614,-1.48826,-0.512865,-0.491939
-17.1862,2.31255,0.244223,-0.0829939,-1.2189,-0.736458,-0.118798,0.72651,0.467469,-0.0424862,-1.09311,-0.427555,0.0989485,-0.0435294,0.295491,1.22948,0.0253468,-1.42101,-0.302889,-0.236081
-17.1544,2.11511,0.227326,0.0697383,-1.0733,-0.732018,-0.00285252,0.967716,0.517025,0.0657488,-1.37465,-0.498504,-0.0936035,-0.203931,0.270312,1.21541,0.0558786,-1.64379,-0.364034,-0.153105
-17.0771,2.01184,0.11641,-0.140018,-1.18317,-0.360624,0.054359,1.37415,0.436826,-0.0340452,-1.01019,-0.508746,0.0879698,-0.329273,-0.0301689,1.19246,-0.067047,-1.48347,-0.538442,-0.515969
-17.0289,2.01327,0.507655,-0.0416098,-1.34473,-0.644392,0.104895,1.3558,0.5166,-0.146174,-1.23276,-0.349771,-0.152287,-0.606613,0.11689,1.20279,-0.0897285,-1.46767,-0.214629,-0.334644
-17.1633,2.0085,0.346573,-0.206441,-1.5033,-0.21199,0.102239,1.23754,0.727706,0.085022,-1.27615,-0.322583,0.170839,-0.527674,0.163312,1.19877,-0.215642,-1.60985,-0.267523,-0.499908
-16.8998,1.78225,0.116192,-0.14707,-1.32044,-0.381847,-0.00732275,1.31703,0.668558,0.0308981,-1.42498,-0.576078,0.0817325,-0.278481,0.24358,1.16677,-0.161891,-1.39052,-0.158523,-0.500963
-16.877,1.96703,0.511382,-0.202622,-1.21925,0.0707413,-0.103067,1.09091,1.01014,-0.00986878,-1.6899,-0.339909,0.0608072,-0.474326,0.338573,1.40345,-0.170785,-1.45362,-0.349251,-0.509928
-16.75,1.78377,-0.178911,-0.535808,-1.30462,-0.194694,-0.184321,1.01393,0.730296,0.00410126,-1.20161,0.00209753,0.0677288,-0.384601,0.427438,1.22319,-0.162755,-1.34729,-0.324577,-0.626704
-17.2726,2.12029,-0.394133,-0.111139,-1.08197,-0.668427,-0.248204,0.414729,0.662422,-0.0924912,-1.09253,-0.128998,-0.0801137,-0.20771,-0.0314628,1.03015,0.0997749,-1.49088,-0.147785,-0.159954
-16.6377,1.89856,-0.54854,0.491954,-1.24363,-0.623371,-0.474858,0.412633,0.779983,0.188205,-1.00252,-0.598509,0.223297,0.0411056,-0.333369,0.940973,0.738118,-1.56458,-0.28145,0.0319677
-16.8296,1.70071,-0.34834,0.746594,-1.28138,-0.51289,-0.301433,0.606839,1.14447,0.330904,-1.07288,-0.667084,0.329734,-0.0852441,-0.333038,0.673745,0.725466,-1.39826,-0.259822,-0.159114
-17.2129,1.70476,-0.419707,0.40615,-1.15285,-0.267935,-0.121772,0.477162,0.991707,0.27813,-0.88889,-0.739157,0.001718,-0.312095,-0.594606,0.604443,0.831811,-1.1666,-0.236209,-0.249617
-17.4555,1.78915,-0.332102,0.41955,-1.01856,0.0101598,-0.0784615,0.620101,0.853316,0.105996,-0.908492,-0.362474,0.14081,-0.0983926,-0.718194,0.720148,0.971191,-1.21676,-0.186266,-0.206836
-17.5593,1.53592,-0.179363,0.674724,-0.938312,-0.128354,-0.20696,0.614051,0.96991,0.143962,-0.899281,-0.550949,-0.0331394,-0.138978,-0.934678,0.587147,1.25495,-1.0146,-0.1502,-0.00788782
-17.672,1.26995,-0.139345,0.759297,-1.09898,-0.404546,-0.394581,0.497005,1.01592,0.648106,-0.803098,-0.570996,-0.160823,-0.285865,-0.850374,0.810473,1.19872,-1.24766,-0.423439,-0.139676
-16.9928,1.67493,-0.194136,0.536733,-0.877779,-0.465631,-0.123563,0.58909,0.835017,0.326524,-1.12292,-0.679643,0.152595,0.0707591,-0.628689,0.752152,1.02084,-1.07739,-0.267739,-0.0580876
-17.2394,1.44042,-0.406215,0.269401,-0.809115,-0.234608,0.0786137,0.600302,0.824371,0.353,-1.12209,-0.858312,-0.0808043,-0.180846,-0.913539,0.855976,1.35063,-1.08185,-0.447323,-0.0765289
-17.1648,1.68252,-0.208568,0.433023,-0.965663,-0.559574,-0.0800831,0.558072,0.975448,0.525075,-0.897979,-0.52945,-0.0517549,-0.0824485,-0.812942,0.940745,1.30207,-1.30705,-0.718015,-0.0880746
-17.0476,1.89806,-0.099492,0.585332,-0.7724,-0.74885,0.057848,0.618367,0.997787,0.443833,-0.929469,-0.717369,-0.213371,-0.033154,-0.796179,0.754108,1.22243,-1.32925,-0.737792,-0.170376
-16.7973,1.78395,-0.627496,0.111566,-0.988349,-0.487384,0.0116011,0.670124,1.01227,0.548794,-0.853828,-0.849543,-0.142744,-0.0923735,-0.76573,0.713214,1.31234,-1.16762,-0.605919,0.141885
-16.5326,1.77908,-0.797099,0.0864641,-0.936312,-0.350045,0.00970442,0.67536,0.898499,0.491377,-1.07646,-0.793314,-0.329806,-0.313755,-0.500519,0.787103,1.22177,-0.980075,-0.457219,0.110649
-16.6993,1.97024,-0.382623,0.0434271,-1.11097,-0.642721,-0.0364834,0.746733,0.905802,0.54615,-0.981552,-0.66238,-0.0341181,-0.0249946,-0.701805,0.711426,1.36303,-1.42123,-0.564258,0.195554
-17.0975,1.60774,-0.525831,0.497401,-0.977729,-0.480495,-0.200775,0.75758,1.16753,0.692655,-1.05515,-0.886389,-0.310295,-0.0313165,-0.491501,1.05805,1.4345,-1.14013,-0.344691,0.300748
-16.8363,1.48031,-0.660295,0.137549,-0.96291,-0.624654,-0.137255,0.65224,0.956239,0.375143,-1.18985,-0.886021,-0.163629,-0.116109,-0.868617,0.748027,1.39877,-1.08508,-0.362966,0.219919
-16.9772,1.56075,-0.653062,0.376503,-1.05277,-0.775069,-0.335309,0.493086,1.28503,0.519858,-0.720315,-0.742717,-0.144256,0.133412,-0.687298,0.886152,1.39095,-1.0358,-0.464615,0.150737
-17.1268,1.27161,-0.569635,0.279073,-1.06916,-0.842291,-0.355068,0.426016,1.30048,0.632837,-0.853678,-0.843241,-0.402976,0.251091,-0.632252,0.971245,1.69214,-0.978785,-0.221898,0.0708474
-17.2055,1.24918,-0.511556,0.143304,-1.16003,-0.756528,-0.413141,0.484753,1.12308,0.616872,-0.548978,-0.768685,-0.450543,0.463283,-0.548206,1.10385,1.72503,-1.14193,-0.352242,0.233773
-17.1681,1.42141,-0.203803,0.362105,-1.07941,-0.765277,-0.222589,0.315259,0.924848,0.381151,-0.36282,-1.09983,-0.617574,-0.0478166,-0.683368,0.890445,1.58108,-1.39142,-0.636464,0.0880363
-16.927,1.53595,-0.307651,0.253524,-1.20282,-0.463995,-0.0562072,0.476801,0.908802,0.411932,-0.6403,-1.07202,-0.233557,0.319477,-0.511819,0.801948,1.60123,-1.12733,-0.201663,0.376033
-16.7399,1.54675,-0.28992,0.192015,-1.23447,-0.608027,-0.2675,0.455502,0.887991,0.459207,-0.607485,-0.930082,-0.187667,0.330341,-0.50553,0.828315,1.61501,-0.98443,-0.165976,0.343787
-16.9926,1.02709,-0.485402,-0.0592342,-1.23718,-0.447262,-0.214052,0.584725,1.06632,0.494496,-0.800828,-1.02774,-0.14162,0.169539,-0.51698,0.97916,1.54268,-1.24733,-0.235469,0.128239
-17.095,1.04077,-0.220971,0.0261567,-1.23899,-0.667493,-0.33638,0.482016,1.11461,0.930128,-0.694656,-1.03577,-0.464339,0.239935,-0.538832,0.939457,1.65871,-1.2593,-0.345409,0.274647
-17.0603,1.1208,0.338465,0.267228,-1.3435,-0.714246,-0.23802,0.581401,1.06726,0.7487,-0.777223,-1.0845,-0.389673,0.0951754,-0.560549,1.23831,1.84542,-1.04926,-0.396002,0.231098
-17.1819,0.693745,0.144386,0.329698,-1.45004,-0.885021,-0.527964,0.928165,1.29337,0.752796,-0.849905,-1.36398,-0.319038,0.320891,-0.502472,0.786167,1.56499,-1.03688,-0.298231,0.22737
-17.1455,0.70332,0.26622,0.358569,-1.39749,-0.845407,-0.500086,1.03457,1.50126,0.983035,-0.648804,-1.37356,-0.396365,0.35699,-0.458872,0.778834,1.34681,-0.992039,-0.51628,0.528153
-17.2967,0.678003,0.323092,0.314924,-1.36159,-0.755053,-0.423209,0.799596,1.47784,1.00756,-0.774363,-1.2599,-0.122268,0.231958,-0.618228,0.94882,2.06307,-0.980047,-0.571471,0.338399
-17.2295,0.459838,0.0756189,0.386886,-1.30864,-0.585255,-0.330702,0.947922,1.53343,0.900057,-0.987261,-1.4676,-0.306213,0.194136,-0.778578,0.846146,1.76618,-1.05131,-0.574321,0.280581
-16.7725,0.722444,-0.0267546,0.228707,-1.17492,-0.679001,-0.468738,0.580557,1.36766,1.08671,-0.57635,-1.31368,-0.21918,0.240821,-0.803207,0.940218,1.75223,-1.17854,-0.688628,0.419181
-16.8461,0.945556,0.144943,0.310294,-0.933893,-0.767475,-0.373248,0.438841,1.24723,0.913377,-0.954218,-1.72323,-0.231857,0.0765763,-1.04036,0.839764,1.82828,-1.12141,-0.699604,0.405178
-17.2693,1.13446,0.0517523,0.316733,-0.782818,-0.717064,-0.401757,0.645493,1.32119,1.03316,-0.823934,-1.55133,0.359934,0.176097,-0.83687,0.967768,1.83801,-0.827714,-0.750872,0.329213
-16.9637,0.790824,0.109986,0.348461,-0.722807,-0.640345,-0.117359,0.543589,1.10204,0.805617,-1.10998,-1.48525,0.303482,0.105094,-0.979777,0.750832,1.79004,-0.648464,-0.505867,0.372789
-16.9118,0.863145,-0.16729,0.312764,-0.560842,-0.78634,-0.12977,0.282453,1.00904,0.734691,-0.884901,-0.865556,0.0972299,0.268955,-1.16475,0.843377,1.83864,-0.932858,-0.271693,0.319119
-15.3053,1.12902,-0.479859,0.40273,-0.679354,-0.751673,-0.0428342,0.00649316,0.627556,0.274762,-1.09136,-0.951687,-0.182245,-0.155816,-1.12009,0.595674,1.3227,-0.742726,-0.47775,0.185708
-15.0771,1.36377,-0.300059,0.661416,-1.13096,-0.883719,-0.366378,0.307537,0.88665,0.164138,-1.14066,-1.30135,0.143452,0.0667622,-0.969651,0.373995,0.903024,-0.964577,-0.782728,0.0271384
-14.5746,1.8038,-0.226033,0.60844,-1.38613,-0.758099,-0.226534,0.31818,0.749243,0.153181,-0.902575,-1.30361,-0.149689,-0.2205,-0.937085,0.255852,0.645387,-1.04527,-0.916978,0.223403
-14.4824,1.83906,-0.421795,0.608853,-1.40308,-0.857891,-0.212406,0.433256,0.455079,0.184068,-0.735432,-1.17899,-0.19486,-0.260147,-0.633836,0.420973,0.639978,-1.25082,-1.2364,0.0974084
-14.2729,2.08251,-0.569035,0.466428,-1.19883,-1.0014,-0.147208,0.42507,0.378311,0.0810101,-0.844229,-0.912057,-0.125764,-0.18494,-0.542392,0.232902,0.548714,-1.38575,-1.2577,0.00791878
-14.1554,2.212,-0.539457,0.495776,-1.19758,-0.982885,-0.318794,0.294627,0.576571,0.0389821,-0.640079,-0.697225,0.118433,0.0164453,-0.569141,0.357354,0.495119,-1.34276,-1.05222,0.0416374
-14.39,1.79282,-0.324023,0.60225,-1.02482,-0.791465,-0.306432,0.551815,0.448314,0.185188,-0.630789,-1.04721,0.194977,0.0967799,-0.587256,0.192741,0.437685,-1.0732,-1.1552,0.0629248
-14.2839,1.73575,-0.384328,0.693178,-0.929488,-0.318765,-0.165467,0.565355,0.616089,0.176461,-0.747995,-1.02144,0.0499363,-0.200452,-0.939362,-0.00931234,0.564529,-0.831624,-1.07938,0.0660239
-15.0475,1.91936,-0.319133,0.680411,-0.988574,-0.522803,-0.177983,0.388308,0.613048,0.0207603,-0.581688,-1.1526,-0.213642,-0.351197,-0.499546,-0.31779,0.224196,-0.816249,-0.872122,-0.0794066
-14.9745,1.39199,-0.380933,0.749304,-0.84337,-0.396186,-0.21399,0.116013,0.792329,-0.0724831,-0.803758,-1.27829,-0.136779,-0.061288,-0.636769,-0.154177,0.6805,-0.722628,-1.3044,-0.0579605
-15.2876,1.28972,-0.118203,0.774146,-0.949714,-0.556559,-0.321911,0.132932,0.716468,0.131648,-0.733119,-0.960372,0.256594,0.148213,-0.630197,-0.173745,0.908653,-0.626452,-1.26236,-0.105581
-15.1126,1.02876,-0.337032,0.704704,-0.849349,-0.630124,-0.429827,0.0152725,1.01767,0.360541,-0.418208,-0.987734,0.102421,0.248978,-0.658431,-0.107043,0.748411,-0.480249,-1.01031,0.016977
-14.9675,1.37212,-0.0217464,0.545937,-0.639258,-0.706808,-0.364081,0.0671639,0.822367,0.103041,-0.279595,-1.2235,-0.141038,0.211425,-0.854225,-0.330664,0.730257,-0.62899,-1.25791,0.183784
-15.2881,1.55006,-0.164283,0.471456,-0.848538,-0.590003,-0.308516,0.118537,0.817222,0.34668,-0.225752,-1.14397,-0.0615186,0.176238,-0.872172,-0.192578,0.812909,-0.628063,-1.15752,0.160516
-15.771,1.64575,0.070755,0.587704,-1.0204,-0.715051,-0.50112,0.427498,1.00884,0.317128,-0.328363,-1.05545,0.121309,0.290705,-0.921289,-0.197112,1.0204,-0.445174,-1.12727,0.143468
-16.1344,1.29418,-0.119719,0.525327,-0.775045,-0.679261,-0.478312,0.588676,1.00975,0.3784,-0.392461,-1.10971,0.187147,0.43582,-0.72278,-0.322985,0.957799,-0.609467,-1.27428,0.17016
-16.1547,1.15945,0.0589522,0.861992,-0.607341,-0.65693,-0.465637,0.116592,1.0102,0.359116,-0.662353,-1.04614,0.0806973,0.248669,-0.895947,-0.442321,1.17054,-0.5183,-1.2049,0.430979
-16.2039,0.957698,0.140262,0.586446,-0.575149,-0.571241,-0.175527,0.0495573,0.90388,0.307973,-0.678645,-1.23308,-0.0120096,0.286079,-0.989342,-0.525441,1.04862,-0.541896,-1.20788,0.478928
-16.2506,1.05138,0.145327,0.660254,-0.447238,-0.770368,-0.221741,0.114874,0.863816,0.413888,-0.483604,-0.98278,0.000620205,0.431107,-0.98905,-0.681724,0.981557,-0.521925,-1.2123,0.460811
-15.8781,1.22209,-0.0770159,0.529805,-0.551967,-0.549353,-0.192722,0.42,0.966952,0.246564,-0.527339,-0.811575,0.0185353,0.0238886,-1.15341,-0.460202,1.38829,-0.264228,-1.06662,0.328504
-15.8153,1.26751,-0.346799,0.648733,-0.443402,-0.538672,-0.543039,0.250712,0.903447,0.327256,-0.598322,-0.936029,-0.111325,0.0970526,-0.894633,-0.402457,1.23793,-0.157679,-0.881031,0.199515
-16.4539,0.997618,0.0364176,0.804514,-0.483497,-0.502561,-0.888925,-0.0195235,0.950265,0.771328,-0.520842,-1.49732,-0.128533,0.533051,-0.957302,-0.231462,1.24364,-0.436447,-0.962368,0.487001
-16.4616,0.845425,0.187911,0.434698,-0.729586,-0.870891,-0.634141,-0.0958879,1.13101,0.520387,-0.60056,-1.27197,-0.0364498,0.464071,-1.06563,-0.324099,1.41037,-0.312051,-1.10636,0.427572
-16.5154,0.799457,0.335334,0.38161,-0.658663,-0.759585,-0.319579,0.128068,1.08009,0.599388,-0.648771,-1.49921,-0.179882,0.410109,-1.2368,-0.465678,1.34616,-0.196807,-1.22397,0.279234
-16.4339,0.965561,0.538483,0.45574,-0.589193,-0.548539,-0.29169,0.230046,0.995753,0.37672,-0.741427,-1.43854,-0.0623479,0.484312,-1.18549,-0.232639,1.44992,-0.30942,-0.932156,0.296575
-16.3306,1.27725,0.525912,0.525529,-0.855777,-0.431225,-0.462153,0.390307,1.15104,0.478303,-0.527845,-1.15822,-0.0327844,0.322008,-0.993033,-0.21986,1.35277,-0.396349,-1.04875,0.244399
-16.1798,1.46554,0.392023,0.614482,-0.955239,-0.522234,-0.766192,0.168564,1.12036,0.708286,-0.240606,-1.08125,0.0234532,0.394686,-1.03399,-0.326379,1.08335,-0.43625,-1.26155,0.0621048
-15.2663,1.51986,0.265482,0.391729,-0.834241,-0.666683,-0.571731,0.174886,0.672346,0.269832,-0.305231,-0.893155,-0.0364324,0.0214634,-1.09083,-0.39418,0.8913,-0.465385,-0.997041,0.000718395
-14.6549,1.59869,0.0816778,0.394898,-0.494001,-0.574353,-0.425643,0.193216,0.574985,0.0239861,-0.315251,-0.817876,-0.402892,0.0641988,-0.928236,-0.41129,0.74588,-0.568195,-1.00714,0.0951602
-15.0187,1.31539,-0.1473,0.671868,-0.58366,-0.572772,-0.347889,0.0737668,0.769517,0.397423,0.0243957,-0.623188,-0.524079,-0.19994,-1.00489,-0.261803,0.946685,-0.445721,-1.05144,-0.00592073
-14.8379,1.66216,-0.110181,0.863061,-0.414116,-0.432057,-0.333982,0.20746,0.776498,0.69143,0.0583221,-0.6659,-0.212423,-0.0363592,-0.599614,-0.517616,0.730194,-0.56313,-1.22666,-0.0884025
-14.9526,1.76401,0.0563819,0.820489,-0.666191,-0.580184,-0.42467,0.204236,0.574841,0.143149,-0.0686916,-0.719438,0.211167,0.396092,-0.677704,-0.370452,0.812689,-0.0807213,-1.23428,-0.0823471
-14.3828,1.6897,0.235074,0.771383,-0.580754,-0.680476,-0.162344,0.421909,0.254383,-0.0509224,-0.0861272,-0.420047,0.0771658,0.209285,-0.649312,-0.487276,0.812399,-0.191936,-1.34488,-0.182831
-14.5389,1.25337,-0.065165,0.642845,-0.633356,-0.442862,-0.30773,0.14259,0.37543,0.0179613,0.116638,-0.554807,-0.100148,0.55948,-0.493079,-0.396977,0.49421,-0.673512,-1.30024,0.145984
-14.4753,1.30649,-0.126915,0.698532,-0.454237,-0.354773,-0.371714,-0.0989174,0.305489,0.241488,0.0462334,-0.385755,-0.0589196,0.128286,-0.67575,-0.439521,0.583828,-0.527284,-1.27816,0.106137
-14.3207,1.49151,-0.21621,0.553296,-0.672492,-0.327621,-0.545169,-0.069782,0.198837,0.128248,-0.0891598,-0.526431,-0.145763,0.217827,-0.775585,-0.626021,0.515073,-0.573098,-1.23876,-0.187542
-13.9612,1.62474,0.0287735,0.913717,-0.403292,-0.183719,-0.465957,-0.205805,0.122145,0.193911,-0.0994172,-0.481112,-0.327823,0.0423214,-0.579883,-0.440345,0.536279,-0.806803,-1.32807,-0.0651363
-13.8729,2.0909,0.247913,1.01342,-0.615056,-0.471133,-0.613456,-0.146669,0.312157,-0.00550538,-0.186147,-0.566702,-0.0686451,0.0575367,-0.494766,-0.283892,0.459996,-1.0497,-1.31896,-0.0612997
-13.9767,2.2144,0.524658,0.817214,-0.613709,-0.479941,-0.606166,-0.320635,0.366883,0.102536,-0.298884,-0.590701,-0.172951,0.152234,-0.525488,-0.0781371,0.644358,-0.945103,-1.36493,-0.158741
-14.1947,2.12337,0.452656,0.947207,-0.591705,-0.840473,-0.409653,-0.0697374,0.416764,0.0417466,-0.407549,-0.784021,-0.185758,0.379306,-0.676591,-0.406836,0.78257,-0.550424,-1.40321,-0.250589
-14.4536,2.00288,0.0454521,0.744804,-0.699973,-0.984045,-0.419869,-0.210937,0.196275,0.284482,-0.151468,-0.598063,-0.0812812,0.233525,-0.6597,-0.483125,0.62792,-0.310934,-1.47912,-0.219811
-14.8768,1.67988,0.188265,0.725868,-0.694905,-0.882751,-0.495824,-0.196429,0.276001,0.43548,-0.0558184,-0.926836,-0.0750055,0.459988,-0.434652,-0.505643,0.676623,-0.278971,-1.48379,-0.0386245
-14.984,1.6124,0.157668,0.856587,-0.539477,-0.740321,-0.468632,-0.340735,0.142266,0.414274,0.173957,-0.642813,-0.131696,0.30213,-0.641893,-0.388971,0.506457,-0.714857,-1.31706,0.193063
-15.2444,1.71604,0.458725,0.847511,-0.749965,-0.585741,-0.253149,-0.0518997,0.262951,0.32675,-0.11,-0.758332,0.0793747,0.394705,-0.817307,-0.649681,0.954782,-0.474584,-1.37378,0.25795
-15.3863,1.48031,0.17794,0.835526,-0.653747,-0.636588,-0.588272,-0.254197,0.484014,0.273387,-0.155909,-0.655624,-0.0532642,0.231423,-0.913371,-0.584172,0.932926,-0.32192,-1.23463,0.0961011
-15.6545,1.58161,0.226312,0.651323,-0.530779,-0.311971,-0.780727,-0.213111,0.702758,0.734309,0.0694217,-0.749981,-0.0447775,0.269347,-1.01039,-0.537688,1.00191,-0.42462,-1.11776,-0.108668
-15.7312,1.35972,0.202323,0.46923,-0.905281,-0.466732,-0.717495,-0.174847,0.829552,0.472182,0.0430987,-0.837175,0.0635825,0.541174,-0.851238,-0.484732,0.843148,-0.417526,-1.13862,0.148773
-15.8927,1.31917,0.434164,0.701289,-1.08778,-1.01305,-0.607055,0.165706,0.955887,0.229147,-0.367991,-0.967493,0.188147,0.773348,-0.92581,-0.774639,0.831716,-0.274618,-1.09627,0.201966
-15.9493,1.82575,0.57108,0.664361,-0.610999,-1.05704,-0.423709,0.348012,0.759707,0.505373,-0.213192,-0.988146,0.13032,0.613311,-1.05701,-0.973543,1.03168,-0.230439,-1.40884,0.258131
-15.8974,1.23289,0.282256,0.878046,-0.595961,-0.882758,-0.721277,-0.113011,0.351075,0.685418,0.0437643,-0.927317,-0.237968,0.107575,-0.967426,-0.879335,0.890956,-0.214367,-1.44773,0.215704
-16.2186,1.44584,0.566378,0.932178,-0.814654,-0.762212,-0.305069,-0.00539297,0.215858,0.608036,-0.0396969,-1.13215,0.115821,0.240375,-0.873669,-0.991285,0.6961,-0.298427,-1.66287,0.284262
-16.3355,1.70049,0.992077,0.722274,-0.771506,-0.682326,-0.409313,-0.0813839,0.313515,0.664351,0.0115368,-1.14677,-0.0689887,0.248369,-1.24316,-0.852363,1.13077,-0.113835,-1.70673,0.39695
-16.0484,1.84973,0.483274,0.741498,-0.864598,-0.826209,-0.475079,0.187923,0.481843,0.45859,-0.026727,-1.05718,-0.0697887,0.107483,-1.04083,-0.619296,1.06935,-0.516281,-1.26286,0.435931
-16.084,1.5826,0.350902,0.930941,-0.947903,-0.763089,-0.706529,0.164723,0.90258,0.681073,-0.298719,-1.21763,-0.138964,0.453151,-1.05513,-0.79202,1.15239,-0.552808,-1.18102,0.0644889
-16.3236,1.35939,0.341052,0.91123,-0.918347,-0.443097,-0.685396,-0.0954162,0.971464,0.646705,-0.339432,-1.1614,0.0644125,0.401779,-1.0099,-0.751711,1.25922,-0.46593,-1.16538,-0.108316
-16.5637,1.51026,0.46311,0.709222,-0.620847,-0.43904,-0.476457,0.167336,0.661336,0.525648,-0.268281,-1.01676,0.122418,0.678531,-0.979574,-0.921072,1.47813,-0.466288,-1.43061,0.292604
-16.7886,1.49217,0.254675,0.7516,-0.624517,-0.391737,-0.434211,-0.149536,0.282529,0.556394,-0.0578143,-1.10463,0.473098,0.925055,-0.491745,-0.901181,1.38452,0.13057,-1.52905,0.282861
-16.9627,1.61122,-0.0805325,0.858673,-0.765369,-0.568645,-0.413603,-0.0316287,0.33502,0.936732,-0.142315,-0.998248,0.0411814,0.561897,-0.342249,-0.785776,1.19898,0.0292935,-1.29445,0.155609
-16.9089,1.37627,-0.241237,0.775422,-0.923784,-0.759759,-0.397164,-0.0671093,0.394195,1.04212,-0.149828,-1.0219,0.040589,0.330503,-0.478945,-0.768683,1.3692,0.0383069,-1.33935,0.0531123
-15.8778,1.98372,0.0104653,0.864287,-0.827403,-0.88492,-0.510867,0.242425,0.251009,0.587233,-0.270722,-0.639046,0.252914,0.0662232,-0.587215,-0.992861,1.04781,0.114844,-1.24816,-0.204194
-15.391,2.19927,-0.169744,0.553864,-1.00633,-0.877513,-0.458067,0.0851704,0.402767,0.356525,-0.496356,-0.748283,-0.0734465,0.0391498,-0.304984,-0.64696,0.846269,-0.302577,-1.44563,-0.116711
-15.1716,2.54169,-0.477056,0.689026,-0.954772,-0.83698,-0.409094,0.106316,0.20329,-0.148524,-0.486923,-0.484135,-0.208901,0.0474556,-0.637645,-0.661879,0.933023,-0.549074,-1.02856,-0.488334
-14.8816,2.40247,-0.303347,0.700749,-0.832748,-0.398441,-0.659175,-0.359201,0.30136,0.319319,-0.459535,-0.828187,-0.18051,0.0791967,-0.549779,-0.550604,0.468557,-0.721177,-1.04197,-0.531269
-14.7365,2.16389,-0.442435,1.237,-0.518302,-0.191066,-0.732225,-0.121387,-0.170261,0.00363934,-0.254133,-0.549738,0.135744,0.0408212,-0.64551,-0.578515,0.450041,-0.368356,-1.28129,-0.616165
-15.5332,1.98946,-0.511379,1.13664,-0.557487,-0.071627,-0.406416,-0.195354,-0.202016,0.152872,-0.242095,-0.635697,0.116305,0.304069,-0.66728,-0.813062,0.697642,-0.411341,-1.16829,-0.491048
-15.1232,1.93018,-0.435392,0.974809,-0.844819,-0.443434,-0.354125,0.0717495,0.0966057,0.39494,-0.228215,-0.644706,0.183076,0.254047,-0.298967,-0.673528,0.544018,-0.234714,-0.98151,-0.37339
-14.7068,2.28715,-0.252526,1.06024,-0.849676,-0.635014,-0.486417,0.326017,0.326313,0.313603,-0.550722,-0.59141,-0.241676,-0.0679589,-0.645746,-0.642124,0.570652,-0.630063,-1.09949,-0.322908
-14.8914,2.25434,-0.408714,0.886476,-0.976033,-0.694794,-0.803265,0.123633,0.298387,0.254564,-0.329405,-0.75257,-0.497091,-0.0559364,-0.424816,-0.563301,0.307963,-0.7704,-0.989336,-0.387064
-14.727,2.17668,-0.718096,0.676025,-1.09467,-0.72522,-0.804947,-0.00628224,-0.0331165,0.0955775,0.0151814,-0.536091,-0.23953,-0.130981,-0.497894,-0.122637,0.514261,-0.598764,-0.87059,-0.286101
-15.2833,2.1479,-0.661696,0.790751,-1.07657,-0.937283,-0.642286,-0.200142,0.083681,0.446432,0.104368,-0.457106,-0.325175,-0.064061,-0.333425,-0.398376,0.597789,-0.585044,-0.818814,-0.353904
-15.2371,2.41566,-0.500656,0.671505,-0.989899,-0.799887,-0.663586,0.162339,0.214207,0.25012,-0.0043414,-0.252828,-0.0806825,0.103878,-0.20917,-0.0905801,0.567349,-0.649812,-1.10281,-0.305143
-15.2956,2.41042,-0.475128,0.58179,-1.08284,-0.635921,-0.468595,0.207402,-0.00372321,0.304272,0.196061,-0.523553,0.0401272,-0.0895934,-0.275685,-0.415464,0.368084,-0.424394,-1.19258,-0.364453
-15.505,2.61037,-0.382787,0.580442,-1.11699,-0.662842,-0.464371,0.146478,0.076856,0.618926,0.191297,-0.518782,-0.136754,0.00983731,-0.325559,-0.327218,0.427003,-0.499914,-1.16675,-0.174268
-15.8121,2.39754,-0.614887,0.574328,-1.12557,-0.495562,-0.403569,0.567111,0.412426,0.483398,-0.00708171,-0.910683,-0.519316,-0.0336362,-0.492451,-0.598841,0.0659287,-0.491172,-1.11447,-0.19793
-16.1067,2.57636,-0.532095,0.846943,-1.02168,-0.38221,-0.0320041,0.276815,0.0112256,0.441043,0.119916,-0.839018,-0.478756,-0.39475,-0.71305,-0.534549,0.499096,-0.211278,-0.878713,-0.239714
-16.191,2.3828,-0.676496,0.486696,-0.968582,-0.336035,-0.257394,0.0956979,0.154287,0.526933,0.0371598,-0.512937,-0.376942,0.0333786,-0.679163,-0.610201,0.687505,-0.331234,-0.954541,-0.161963
-16.4168,2.57751,-0.561483,0.59185,-0.949102,-0.347723,-0.656592,-0.40315,-0.0360625,0.454019,0.20476,-0.630118,-0.110357,-0.206373,-0.608495,-0.340724,0.63614,-0.152457,-0.973876,-0.398374
-16.6483,2.31969,-0.655183,0.721674,-0.707439,-0.584677,-0.631467,-0.131343,0.0056267,0.393642,-0.146729,-0.896815,-0.0995723,0.162577,-0.372438,-0.474046,0.563264,-0.235652,-0.929973,-0.236278
-16.4536,2.48207,-0.581455,0.800511,-0.65363,-0.450479,-0.505146,-0.135281,0.100313,0.282651,0.1298,-0.71176,0.1755,0.659629,-0.284869,-0.53318,0.577424,-0.314234,-0.966609,-0.156114
-16.5346,2.45353,-0.815311,0.562035,-0.698111,-0.366287,-0.459524,-0.0537746,0.0141543,0.145774,-0.273191,-0.770809,0.117557,0.184922,-0.268499,-0.540208,0.534613,-0.311422,-0.910952,-0.191042
-16.8381,2.44815,-0.493312,0.800772,-0.694845,-0.626788,-0.561766,0.0345374,0.528181,0.216878,-0.266314,-0.615776,0.194957,0.297909,-0.484011,-0.729232,0.703352,-0.135367,-0.725185,-0.132931
-16.9057,2.49801,-0.423548,0.422823,-0.792378,-0.543107,-0.42211,0.197813,0.13858,0.487494,0.00610374,-0.468645,0.328322,0.410853,-0.183695,-0.483174,0.693993,-0.267519,-0.897952,-0.143029
-17.0481,2.23306,-0.495845,0.448898,-1.09933,-0.585876,-0.220818,0.222936,0.253555,0.380835,0.284587,-0.571278,0.442512,0.492386,-0.32185,-0.352617,0.286855,-0.460433,-1.11917,-0.182369
-17.5409,2.70312,-0.100141,0.579246,-0.677207,-0.599809,-0.228815,-0.0384814,0.677542,0.364933,0.204356,-0.609464,0.345159,0.310555,-0.25997,-0.592272,0.369644,-0.46426,-1.04546,-0.228826
-17.371,2.51988,0.229347,0.620376,-0.740327,-0.497391,-0.452842,0.247867,0.485209,0.266892,0.149039,-0.395925,0.224478,0.322254,-0.414326,-0.485657,0.511489,-0.367224,-0.812977,-0.0373801
-17.5631,2.59484,0.222073,0.805617,-0.600593,-0.181523,0.0740994,-0.0202979,0.324132,0.198786,0.266285,-0.684436,0.0109899,0.223437,-0.666526,-0.671342,0.501406,-0.322099,-0.791562,-0.22692
-17.4964,2.61195,0.411561,0.913264,-0.564498,-0.408386,-0.395312,0.0147031,0.231345,0.324835,0.171644,-0.917295,0.0819882,0.236945,-0.242589,-0.488807,0.31736,-0.420275,-0.531634,-0.135165
-17.3991,2.46047,0.427369,0.460113,-0.503743,-0.460579,-0.247419,0.104616,0.643973,0.208304,-0.0332666,-0.636528,0.103172,0.149889,-0.382892,-0.681997,0.231739,-0.291373,-0.538965,-0.271902
-17.5649,1.88672,0.155021,0.551901,-0.75806,-0.444823,-0.216196,0.0373923,0.434664,0.109465,-0.00513677,-0.973862,-0.0357026,-0.0529843,-0.706086,-0.455608,0.530059,-0.207884,-0.663724,-0.215059
-17.55,1.68316,-0.0151365,0.203673,-0.34609,-0.479809,0.0436686,0.265836,0.355754,0.135206,0.0176501,-0.842151,-0.0366739,0.0299902,-0.306366,-0.38614,0.341115,-0.354434,-0.494261,-0.11244
-17.712,1.56713,0.217071,0.290656,-0.365114,-0.0527829,0.0905383,-0.0131312,0.488673,-0.0153515,0.0883752,-0.720024,-0.191744,-0.311,-0.0865971,-0.199397,0.115858,-0.444453,-0.358133,-0.229053
-17.6665,1.82985,0.559987,0.24282,-0.749027,-0.371106,-0.163506,-0.0308823,0.386095,-0.123542,0.130488,-0.789903,-0.0541056,-0.22114,-0.161768,-0.324637,-0.0135478,-0.409434,-0.467227,-0.634928
-17.8201,1.95256,0.713803,0.0483537,-0.647205,-0.402975,0.0622546,0.134294,0.478741,0.146123,0.162338,-0.808121,-0.0487952,0.0274674,-0.153624,-0.357478,0.103032,-0.382336,-0.599086,-0.454399
-17.5915,1.62727,0.341105,0.0256485,-0.755542,-0.177746,0.121734,0.0331643,0.543067,0.109996,0.139615,-0.490458,-0.0786223,-0.0557361,-0.123016,-0.00874908,0.36229,0.0802011,-0.274148,-0.34804
-17.7198,1.6616,0.501109,-0.00971716,-0.510792,-0.0344426,-0.0423165,0.0460403,0.407118,0.0136911,0.0327276,-0.666008,-0.146119,-0.157698,-0.090064,-0.231121,0.181159,-0.150912,-0.436824,-0.445937
-17.8996,1.50091,0.48354,0.473369,-0.401663,-0.248735,0.0924629,0.0212888,0.202327,0.0283797,0.118661,-0.576877,-0.241866,0.128058,0.0600699,-0.326407,-0.0241602,-0.0251575,-0.160907,-0.471548
-18.1306,1.31109,0.607858,0.236528,-0.431253,-0.20745,-0.489015,-0.184474,0.263401,0.154265,0.488877,-0.53477,-0.109103,0.19796,0.0559857,-0.156257,0.121963,-0.215969,-0.246423,-0.293309
-18.0445,1.1798,0.335302,-0.025263,-0.418653,-0.160326,-0.313263,-0.115584,0.0732479,0.696883,0.572122,-0.451018,0.00529789,-0.108859,-0.163349,-0.27166,0.324474,-0.186031,0.0598691,-0.260126
-17.8794,1.16258,0.255782,0.344024,-0.219301,-0.2029,-0.190629,-0.155939,0.136085,0.419009,-0.0156775,-0.894958,-0.0416139,0.146126,0.0101062,-0.161086,0.17347,-0.382462,-0.173373,-0.366474
-18.0628,1.40802,0.645521,0.37784,-0.385986,-0.340053,-0.103954,-0.152832,0.0867391,0.257804,-0.00695764,-0.691349,-0.00224408,0.200415,0.0398782,-0.307096,0.025879,-0.375057,-0.110732,-0.1535
-18.1507,1.71869,0.551253,0.289096,-0.00689747,-0.1164,0.00435024,0.0709972,-0.23101,-0.0560285,0.206463,-0.384474,-0.0561171,-0.0220857,-0.117772,-0.0107879,0.0299453,-0.235088,-0.0104465,-0.209805
-17.9722,1.86887,0.82694,0.287739,-0.377142,0.0718004,-0.0579356,-0.0310835,0.0687195,-0.0628527,0.440835,0.047827,-0.0261051,-9.60576e-05,0.136715,0.060113,0.0984751,-0.329707,-0.334157,-0.285882
-18.1695,1.69094,0.470553,0.20607,0.0296288,0.0280998,-0.251257,-0.144209,0.192687,0.370799,0.249043,-0.25751,0.0260798,-0.335596,0.165436,0.212014,0.247017,-0.234886,-0.0861032,-0.128345
-17.5726,1.57824,0.299016,0.383827,-0.0608439,-0.261171,-0.216777,0.0717651,0.245408,-0.0380877,0.376048,-0.00831664,-0.324007,-0.555696,0.11104,0.286726,0.0562126,-0.483688,-0.0664323,0.0178598
-17.262,1.40295,0.198556,0.583918,-0.213602,-0.811326,-0.270964,0.0253738,-0.170045,0.228495,0.438415,-0.190095,-0.288837,-0.598587,0.0334278,0.199201,-0.0644668,-0.523194,0.0158785,-0.0777985
-17.3648,1.36266,0.258851,0.674363,-0.47461,-0.477581,-0.153947,0.0551015,-0.137609,0.418439,0.756108,0.230693,-0.372826,-0.533499,0.0728195,0.32917,-0.22488,-0.660105,0.0952159,0.0777012
-17.729,1.55983,-0.145101,0.575632,-0.103786,-0.711538,-0.409021,-0.30543,-0.094321,0.533249,0.835097,0.351421,0.00127835,-0.687587,-0.0208865,0.33134,-0.0438483,-0.712977,0.189967,0.229777
-17.5624,1.62062,0.0403798,0.387786,-0.422707,-0.457282,-0.23996,-0.12108,-0.252734,0.525281,0.853381,0.491989,-0.0683259,-0.563844,-0.0711058,0.224275,-0.113256,-1.13706,0.00402482,0.473347
-17.4458,1.88764,-0.00649468,0.392623,-0.475482,-0.446195,-0.15915,-0.27986,-0.377943,0.346445,0.858845,0.387054,-0.111924,-0.487339,-0.065216,0.0443616,-0.20373,-0.972662,0.0803878,0.437638
-18.1038,1.77936,-0.092623,0.450625,-0.507551,-0.360296,-0.116712,-0.282657,-0.283018,0.34365,0.973382,0.743887,-0.217344,-0.483141,-0.127134,0.145695,-0.332479,-1.29333,-0.0533605,0.395831
-18.016,1.81592,-0.146774,0.464205,-0.479932,-0.395029,-0.424989,-0.245696,-0.601198,0.423002,0.877891,0.655867,-0.156535,-0.559585,-0.084109,0.0587909,-0.232762,-1.01994,-0.0564741,0.385125
-17.5373,1.66643,-0.256641,0.678364,-0.388426,-0.356292,-0.3197,-0.457784,-0.232554,0.394286,0.81955,0.859917,-0.115763,-0.496519,0.168626,0.156012,-0.246786,-1.10636,-0.234986,0.468322
-17.753,1.7284,-0.39401,0.608184,-0.309941,-0.484817,-0.46997,-0.330554,-0.274565,0.599391,1.05526,0.956454,-0.0878916,-0.648215,0.0846658,0.157899,-0.341622,-1.16641,-0.0299308,0.614702
-17.7093,1.34111,-0.607173,0.5065,-0.670255,-0.846656,-0.836578,-0.561049,-0.457925,0.413519,1.18973,1.15523,0.0508473,-0.554439,0.493647,0.595426,-0.210699,-0.966248,0.1356,0.82382
-17.5155,1.68611,-0.49622,0.645337,-0.525058,-0.463303,-0.580157,-0.355762,-0.346454,0.415046,1.15573,1.1487,-0.162978,-0.766643,0.034848,0.186827,-0.545295,-1.59258,-0.00555085,0.626914
-17.6004,1.68626,-0.345386,0.664844,-0.679924,-0.686452,-0.713062,-0.412455,-0.496589,0.461532,1.27697,1.11113,-0.207511,-0.919141,0.0835368,0.38326,-0.369042,-1.56728,-0.203579,0.627406
-17.452,1.83171,-0.521808,0.718098,-0.586558,-0.65544,-0.692929,-0.448749,-0.777143,0.242263,1.32107,1.20906,-0.162474,-0.908452,0.0546357,0.202468,-0.300623,-1.41809,-0.0188528,0.650843
-17.3357,1.5184,-0.326955,0.678512,-0.482441,-0.719809,-0.578248,-0.651362,-0.823749,0.430852,1.50716,1.42476,-0.26749,-0.952929,0.129071,0.208061,-0.343328,-1.48913,0.133548,0.963158
-17.2856,1.63321,-0.33533,0.775433,-0.533511,-0.680567,-0.443536,-0.434368,-0.677012,0.49568,1.41512,1.3854,-0.118424,-0.900708,0.0414059,0.215039,-0.353568,-1.5755,-0.0502693,0.677787
-17.4371,1.78028,-0.326329,0.765562,-0.463529,-0.60306,-0.581334,-0.674412,-0.531712,0.450807,1.44023,1.32896,0.0684097,-1.10833,0.0201395,0.341049,-0.475492,-1.45743,0.228207,0.719429
-17.3667,1.82073,-0.228926,0.737581,-0.638929,-0.717941,-0.69873,-0.547465,-0.560527,0.395426,1.53279,1.04517,-0.163152,-1.13168,0.220583,0.455795,-0.464695,-1.66747,-0.0355257,0.524628
-17.2392,1.52704,-0.526978,0.51084,-0.833673,-0.671125,-0.803392,-0.596718,-0.760311,0.211738,1.50946,1.11246,-0.135126,-1.03121,0.190954,0.284957,-0.442293,-1.75201,0.156732,0.684909
-17.0281,1.35071,-0.608962,0.66925,-0.949635,-0.767262,-0.810869,-0.47253,-0.873779,0.373849,1.69926,1.30631,-0.0550719,-0.972506,0.198131,0.492223,0.0016936,-1.64367,0.00829758,0.599686
-16.9602,1.41481,-0.332689,0.740233,-0.782449,-0.544822,-0.540033,-0.57311,-0.813151,0.444,1.42435,1.38397,-0.00629998,-1.09002,0.294196,0.405274,-0.574818,-1.91755,-0.0474683,0.84046
-17.1434,1.35804,-0.23822,0.689883,-1.00983,-0.670112,-0.440779,-0.70236,-0.946745,0.443587,1.67106,1.35056,-0.0466561,-0.997112,0.306982,0.354026,-0.737255,-1.75297,0.0949812,0.802351
-17.5497,1.07677,-0.49948,0.696432,-0.748807,-0.46822,-1.0202,-0.86481,-1.10194,0.581172,1.97595,1.5569,0.250242,-0.64513,0.293074,0.29247,-0.486884,-1.52669,0.372518,0.997417
-17.0912,1.17677,-0.325828,0.755507,-0.778004,-0.550842,-1.04142,-0.666454,-0.908188,0.663785,1.56957,1.28222,-0.0237279,-0.946843,0.273847,0.358507,-0.610936,-1.71145,-0.0241922,0.843209
-16.8903,1.25583,-0.276806,0.397925,-0.751922,-0.482841,-0.590024,-0.482486,-1.13223,0.561544,1.62387,1.43199,-0.0485542,-0.865223,0.225829,0.100584,-0.631911,-1.72779,0.167224,0.978729
-17.1246,1.00614,-0.279928,0.229166,-0.927956,-0.675489,-0.665073,-0.477146,-1.08728,0.608725,1.5863,1.54813,0.12176,-0.868236,0.283638,0.539956,-0.425418,-1.74997,-0.00884,1.02727
-16.987,1.14135,-0.190754,0.457638,-0.533213,-0.700526,-0.637674,-0.62649,-1.21585,0.631711,1.58178,1.37047,0.014205,-0.77925,0.194652,0.390085,-0.415317,-1.76783,-0.150716,0.837574
-17.1649,1.2792,-0.129345,-0.0295085,-0.644068,-0.872431,-0.527076,-0.642687,-1.15633,0.846743,1.48451,1.45313,0.0922171,-0.773144,0.299717,0.488813,-0.376667,-1.68702,-0.00864782,0.896768
-17.1629,1.47203,-0.0956351,-0.00525593,-0.253102,-0.932479,-0.559902,-0.418126,-1.22579,0.756278,1.405,1.2143,0.164832,-0.936745,-0.00933532,0.389184,-0.381047,-1.8455,-0.223177,0.912131
-17.4356,1.48645,0.0913849,-0.27836,-0.448418,-0.859731,-0.25274,-0.386427,-1.55122,0.724265,1.58606,1.16437,0.211374,-0.812446,-0.01434,0.485229,-0.504536,-1.94588,-0.00872713,1.02269
-17.2702,1.61665,0.387308,-0.339173,-0.679659,-0.667656,-0.0985847,-0.414145,-1.395,0.923098,1.57007,1.12007,0.00776761,-0.971832,0.0996757,0.335676,-0.526853,-1.79972,-0.00948338,0.834162
-17.2414,1.33719,0.54102,0.0797106,-0.604436,-0.890981,-0.274453,-0.648024,-1.67803,0.717281,1.75451,1.12575,-0.170382,-1.00305,0.0440884,0.330733,-0.428092,-1.82842,-0.018678,0.897155
-16.9304,1.36857,0.14785,-0.0689711,-0.509222,-0.683931,-0.55387,-0.701503,-1.24915,0.580017,1.44971,0.935525,-0.0310393,-0.84388,0.191802,0.350647,-0.584174,-2.04056,-0.318261,0.949768
-16.7673,1.39714,0.223238,-0.216281,-0.366232,-0.643964,-0.393729,-0.419044,-1.24191,0.590954,1.51692,1.26257,0.201524,-0.969887,0.199709,0.533114,-0.568183,-1.86551,-0.343206,0.934691
-16.2023,1.79649,0.266852,-0.590501,-0.610816,-0.7,-0.581847,-0.497306,-1.31007,0.312672,1.2757,0.756611,-0.0896856,-0.639434,0.419097,0.734785,-0.668779,-1.66526,-0.0222096,0.876991
-15.4505,1.71134,0.0526558,-0.406054,-0.70622,-0.725167,-0.854685,-0.696715,-1.15555,0.181134,0.883757,0.69579,-0.121043,-0.197468,0.708539,0.85587,-0.314484,-1.3506,-0.0496485,0.909109
-15.2477,1.78113,0.140153,-0.152123,-0.840904,-0.612537,-0.932785,-0.96551,-1.29662,0.134851,0.837388,0.728897,-0.178113,-0.31115,0.711756,0.756223,-0.299198,-0.977593,-0.0640868,0.827613
-14.8968,2.12454,-0.0218716,0.0264321,-0.86338,-0.381864,-1.02395,-1.23569,-1.10267,0.451499,0.704346,0.440827,-0.157794,-0.328817,0.709834,0.574952,-0.154317,-0.736766,0.0583296,0.691144
-14.7398,2.02715,-0.422559,-0.0343577,-0.879549,-0.420358,-1.266,-1.39233,-1.12645,0.476677,0.610974,0.346013,-0.235003,-0.00075803,0.660631,0.34279,0.0573058,-0.676843,-0.0150955,0.904765
-14.7723,2.41888,-0.261035,-0.0468091,-0.765001,-0.475277,-1.26086,-1.11868,-0.988427,0.560239,0.490744,0.194414,-0.158504,-0.307098,0.58315,0.563502,-0.0892076,-0.666367,-0.149559,0.629668
-14.8911,2.20364,-0.708085,-0.206398,-0.940535,-0.553561,-1.03416,-1.07957,-0.989751,0.45898,0.476854,0.158894,-0.0464723,-0.179039,0.274991,0.642605,-0.0600829,-0.459354,-0.13566,0.480038
-15.2653,1.97281,-0.70396,0.147366,-0.754545,-0.384878,-0.833061,-0.858405,-0.784654,0.253711,0.558156,0.254654,-0.304468,-0.0825552,0.334084,0.802184,0.0284856,-0.529186,0.135779,0.532678
-15.6409,2.03717,-0.776043,0.380248,-0.780765,-0.442761,-0.933278,-0.69848,-0.657548,0.174401,0.368619,0.223421,-0.355189,-0.3305,0.500557,0.5194,-0.0145659,-0.426768,0.159228,0.582237
-15.5896,1.71009,-0.800007,0.513201,-0.715826,-0.469383,-0.571973,-0.545928,-0.768401,0.205223,0.638514,0.267627,-0.319036,-0.454857,0.612442,0.275746,-0.242535,-0.491226,0.401769,0.64108
-15.8135,1.58385,-0.977648,0.273179,-0.878027,-0.596185,-0.695105,-0.45132,-0.917393,0.286198,0.55955,0.0167543,-0.415851,-0.477611,0.531494,0.418217,-0.295329,-0.537322,0.480618,0.41884
-15.6216,1.75388,-0.758545,0.446304,-0.769484,-0.461168,-0.671318,-0.385813,-0.714155,0.563947,0.771607,0.0985035,-0.446079,-0.296492,0.592746,0.303432,-0.282955,-0.42279,0.666772,0.566613
-16.2204,1.58497,-0.46868,0.766094,-0.584716,-0.329555,-0.899188,-0.988742,-0.691093,0.437211,0.742785,0.323207,-0.578503,-0.387215,0.73064,0.295263,-0.374873,-0.788641,0.708636,0.607508
-16.128,1.63578,-0.368231,0.649772,-0.491529,-0.321236,-0.606296,-0.744148,-0.966359,0.196126,0.855437,0.369871,-0.609494,-0.296198,0.686344,0.213878,-0.378861,-0.616796,0.791606,0.820357
-16.7941,1.74052,-0.795433,0.533893,-0.492741,-0.0991756,-0.603645,-0.618501,-1.1183,0.28247,0.666465,0.063658,-0.420386,-0.329434,0.753846,0.313054,-0.818962,-0.804297,0.652068,0.832708
-16.2703,2.19049,-0.637769,0.30907,-0.751286,-0.0976743,-0.290654,-0.489862,-0.878384,0.322907,0.75569,0.0976587,-0.472013,-0.334511,0.762918,0.335683,-0.678475,-0.837571,0.618572,0.730304
-16.4743,1.72628,-0.406308,0.789432,-0.43455,-0.215186,-1.18093,-0.941966,-0.737914,0.441954,1.09232,0.35863,-0.772532,-0.383968,0.851182,0.219362,-0.421271,-0.730674,0.544484,0.680597
-16.5079,1.50347,-0.414987,0.570977,-0.46754,-0.209759,-1.08434,-0.825729,-0.768759,0.302505,1.0918,0.645158,-0.889315,-0.49342,0.961286,0.318317,-0.325099,-0.685398,0.428676,0.602988
-16.0838,1.71929,-0.737968,0.233174,-0.347266,-0.46431,-0.957079,-0.766691,-0.662239,0.281489,0.739873,0.69847,-0.511061,-0.197486,0.827364,0.171679,-0.447737,-0.924941,0.353064,0.831337
-16.2788,1.77453,-0.758058,0.253998,-0.62484,-0.443739,-1.00574,-0.566198,-0.646591,0.310329,0.916505,0.547817,-0.510711,-0.18191,0.730378,0.348128,-0.782109,-0.932671,0.516403,0.791918
-16.365,1.26579,-0.872109,0.0395886,-0.657565,-0.546738,-0.863221,-0.554254,-0.457963,0.523404,0.744982,0.524967,-0.439846,-0.271861,0.596404,0.139483,-0.943389,-1.10318,0.561026,0.784353
-16.4394,1.28198,-0.860369,0.310978,-0.508619,-0.360699,-0.994752,-0.594736,-0.254113,0.57542,0.855549,0.741538,-0.23269,-0.259504,0.706834,0.180291,-0.760301,-1.03154,0.42882,0.743383
-16.76,1.36709,-0.669857,0.47718,-0.502035,-0.329523,-0.911763,-0.74441,-0.392516,0.526172,0.964186,0.76626,-0.475927,-0.329375,0.829741,-0.0742995,-0.972997,-0.941184,0.480924,0.784016
-16.7116,1.39988,-0.291916,0.277278,-0.789635,-0.339129,-0.592056,-0.582848,-0.55351,0.419394,1.20745,0.630749,-0.518158,-0.382588,1.09085,0.206727,-1.11752,-0.784758,0.78514,0.574446
-17.0562,1.38072,-0.604377,0.525291,-0.623014,-0.375209,-0.588472,-0.689424,-0.59056,0.719108,1.40199,0.734011,-0.479791,-0.531699,0.68978,-0.0417997,-1.16169,-0.929893,0.781688,0.514781
-17.1098,1.32628,-0.388476,0.770692,-0.522669,-0.380972,-0.935878,-0.787596,-0.595545,0.894435,1.46628,0.681787,-0.654308,-0.832565,0.612378,0.168666,-0.72391,-0.78796,0.734008,0.519515
-16.5516,1.35351,-0.755469,0.289744,-0.988718,-0.417749,-0.826872,-0.74973,-0.551188,0.609208,1.19221,0.388225,-0.577358,-0.330485,0.649207,0.0412209,-0.656582,-0.502122,0.614069,0.572342
-15.6096,1.43314,-0.916052,0.528004,-0.560686,-0.335684,-1.05332,-0.711104,-0.41914,0.339046,0.967562,0.146168,-0.186042,0.0197663,0.615225,0.0365047,-0.507263,-0.389547,0.493608,0.682
-15.3388,1.58145,-0.996175,0.469914,-0.664415,-0.323076,-0.907362,-0.626624,-0.558935,0.312121,1.04101,0.0213603,-0.364097,-0.18983,0.495833,0.124018,-0.353008,-0.366094,0.51397,0.480703
-15.3017,1.58036,-0.83583,0.76277,-0.79026,-0.45312,-1.12508,-0.642486,-0.403345,0.241714,0.783571,0.00280634,-0.460422,-0.258617,0.618031,0.151447,-0.335163,-0.142992,0.804233,0.701533
-15.291,2.13582,-0.53802,0.407719,-1.19014,-0.376637,-0.911785,-0.602483,-0.497575,-0.0593068,0.668031,-0.0218098,-0.772952,-0.333114,0.666635,0.315411,-0.340755,-0.349001,0.845442,0.788983
-15.1186,1.96644,-0.504441,0.0930203,-1.18874,-0.33331,-0.951467,-0.544955,-0.554626,0.0941911,0.558025,-0.198324,-0.674486,-0.152561,0.710271,0.106914,-0.238779,-0.313447,0.496483,0.790431
-14.8726,1.90995,-0.587599,0.31063,-1.01389,-0.283773,-1.0921,-0.484016,-0.568468,0.0368055,0.747552,-0.170109,-0.757076,-0.199419,0.555053,0.122696,-0.12346,-0.279259,0.573503,0.748925
-15.108,1.74553,-0.58172,0.327495,-0.883592,-0.41402,-1.14115,-0.705175,-0.609289,-0.0383712,0.772631,-0.0879506,-0.520686,0.041392,0.6502,0.063245,-0.174881,-0.607645,0.613409,0.763391
-15.0756,1.79283,-0.560188,0.319264,-1.07411,-0.404297,-0.880705,-0.650044,-0.67652,-0.0110818,0.595343,-0.0800168,-0.655178,-0.147695,0.64687,-0.0767379,-0.406687,-0.50399,0.771126,0.990593
-14.7163,2.13949,-0.446134,0.38147,-0.963647,-0.365417,-1.01607,-0.552018,-0.651981,0.0789218,0.618858,-0.328087,-0.897884,-0.282534,0.450357,-0.109801,-0.239575,-0.412182,0.782933,0.75762
-14.7741,2.19348,-0.45773,0.31541,-0.931677,-0.11939,-1.15839,-0.534293,-0.31088,0.343855,0.729288,-0.294857,-0.844145,-0.33758,0.53761,-0.013739,-0.00453811,-0.185121,0.905818,0.748456
-14.4837,2.52517,-0.206685,0.375413,-0.818222,-0.164245,-0.902171,-0.281909,-0.108726,0.512469,0.529538,-0.410744,-0.764866,0.0397489,0.449743,0.0444947,0.120044,-0.349047,0.751552,0.880905
-14.7663,2.50435,-0.289079,0.278098,-0.750168,-0.061868,-0.765809,-0.432631,0.0341957,0.523941,0.53138,-0.317168,-0.87046,0.0140819,0.538464,-0.160367,0.0375817,-0.153863,0.762347,0.7052
-14.6013,2.52654,-0.645448,0.387201,-0.657824,0.0711359,-0.812357,-0.517619,-0.420935,0.424654,0.70707,-0.144667,-0.820131,-0.025999,0.250099,-0.211394,0.198628,-0.207992,0.809643,0.5532
-14.784,2.70791,-0.407282,0.395302,-0.535073,0.273112,-0.87591,-0.602733,-0.265352,0.592635,0.636613,0.0342813,-0.813837,-0.418673,0.293338,-0.272521,0.0975108,-0.262439,0.594443,0.422678
-14.9086,2.52241,-0.310677,0.494789,-0.489635,0.161089,-0.969619,-0.50213,-0.412614,0.323881,0.866346,-0.129033,-0.752471,-0.277706,0.261173,-0.208042,-0.0663316,-0.449774,0.614686,0.520229
-15.1736,2.62825,0.396379,0.73823,-0.40451,0.274468,-0.740926,-0.353946,-0.452096,0.559234,1.21521,0.00837438,-0.843516,-0.219865,0.459551,-0.0185127,-0.335638,0.049819,0.725526,0.51736
-15.3694,2.40976,-0.0227855,0.401208,-0.563769,0.131725,-0.830767,-0.151601,-0.465971,0.379889,1.29114,0.0642988,-0.850362,-0.440599,0.516488,-0.0145575,-0.420798,-0.410921,0.562085,0.723939
-15.3091,2.41874,-0.190427,0.184465,-0.561102,0.197831,-1.06077,-0.102506,-0.2616,0.462492,0.996866,0.0579435,-0.745091,-0.30151,0.74697,-0.212282,-0.618581,-0.331952,0.686143,0.615869
-15.1827,2.34213,0.0649659,0.250308,-0.608756,0.174683,-1.12724,-0.326637,-0.444116,0.574834,0.933044,-0.147135,-0.577744,0.0199866,0.578733,-0.357294,-0.582458,-0.29629,0.624461,0.605701
-15.42,2.22741,-0.0810026,0.361381,-0.593419,0.140174,-1.2574,-0.150179,-0.360075,0.608824,0.769215,-0.0835168,-0.480718,0.000899886,0.749898,-0.280367,-0.711045,-0.319329,0.718393,0.81642
-15.863,2.14353,-0.241158,0.388312,-0.721079,0.0906835,-1.17096,-0.104296,-0.605378,0.795908,0.950505,-0.0641568,-0.384808,-0.349857,0.692667,-0.162885,-0.974523,-0.324069,0.79132,0.668863
-15.8972,2.01627,-0.0916272,0.333069,-0.788797,0.0542839,-1.26015,-0.287763,-0.607476,0.798081,1.05128,-0.0464195,-0.431942,-0.265741,0.867012,-0.0679079,-0.956407,-0.230301,0.816321,0.578426
-15.7831,1.98953,-0.230867,0.141523,-0.811188,0.130328,-1.18491,-0.178859,-0.411518,0.740955,1.04325,0.130815,-0.562269,-0.246677,0.697069,-0.135401,-1.07752,-0.465453,0.763246,0.619268
-15.7579,2.04446,-0.234479,0.0596641,-0.889176,-0.0145481,-1.21852,-0.158508,-0.214373,0.830603,0.979583,0.214842,-0.383968,-0.0401527,0.916759,-0.137411,-0.958893,-0.5359,0.780568,0.697832
-16.0901,1.94095,0.0420076,0.269283,-0.828706,0.229467,-1.15289,-0.317974,-0.427659,0.900966,1.04623,0.156331,-0.685386,-0.230033,0.818201,-0.172415,-1.01393,-0.405225,0.642071,0.572357
-16.1152,1.79895,-0.126642,0.264595,-0.860195,0.134072,-1.08051,-0.342368,-0.293329,0.629488,1.00638,0.0799314,-0.392099,-0.163468,0.785531,-0.338605,-1.00198,-0.541687,0.734749,0.712299
-15.9247,1.72091,-0.218537,0.260307,-0.860123,0.195503,-0.932905,-0.573845,-0.668972,0.457787,1.09581,0.27686,-0.345803,-0.154595,0.831,-0.331872,-0.989471,-0.544076,0.775737,0.835919
-15.8555,1.60523,-0.137765,0.272306,-0.740365,-0.119748,-1.22353,-0.521627,-0.244277,0.673071,0.963091,0.13808,-0.604496,-0.00908523,0.893632,-0.35425,-0.962213,-0.725544,0.611362,0.733709
-15.907,1.64385,-0.121902,0.332946,-0.851909,0.00358111,-1.06671,-0.613343,-0.199558,0.82074,1.17338,0.29748,-0.609555,-0.154556,0.956791,-0.352087,-0.725305,-0.561725,0.782663,0.690734
-16.2497,1.38608,-0.33261,0.0179938,-1.10173,0.0935269,-0.770088,-0.495977,-0.424551,0.856207,1.2599,0.59659,-0.458902,-0.246613,0.784067,-0.424873,-0.965135,-0.580566,0.806848,0.707655
-16.1247,1.4331,-0.161192,0.271236,-1.08925,0.157391,-1.12178,-0.486631,-0.280103,0.773909,1.08962,0.235877,-0.344878,-0.253855,0.797252,-0.318345,-0.993906,-0.590751,0.79825,0.639499
-16.0963,1.4061,-0.0295036,0.354774,-1.19007,-0.0303233,-1.32788,-0.493768,-0.264003,0.811361,1.14812,0.043178,-0.486149,-0.46352,0.781763,-0.283849,-0.809126,-0.557962,0.758963,0.790339
-15.4696,1.468,-0.267177,0.285229,-1.34885,0.0248758,-1.01686,-0.601814,-0.385666,0.776689,1.07066,-0.181535,-0.472274,-0.460954,0.600679,-0.477797,-0.54725,-0.493495,0.632992,0.770756
-14.8521,1.38427,-0.31638,0.319305,-1.51176,-0.279517,-0.844559,-0.433232,-0.501359,0.688753,0.738671,-0.315227,-0.59487,-0.283745,0.639654,-0.309254,-0.473794,-0.62125,0.5463,0.952889
-14.4043,1.46925,-0.227015,0.385878,-1.44804,-0.278759,-0.889724,-0.242176,-0.359266,0.40545,0.476914,-0.321743,-0.365396,-0.077988,0.562751,-0.166231,-0.400194,-0.645827,0.609544,1.02486
-14.2075,1.44306,-0.482369,0.322441,-1.28428,-0.464531,-1.135,-0.54267,-0.759076,0.206251,0.527589,-0.339227,-0.546353,-0.22904,0.479174,-0.116724,-0.313383,-0.452101,0.503999,0.802818
-14.273,1.83262,-0.390229,0.110798,-1.2632,-0.342673,-0.81966,-0.42591,-0.800031,0.309461,0.930624,-0.287115,-0.707635,-0.238408,0.795309,-0.140342,-0.43664,-0.36256,0.69011,0.638507
-14.4087,1.77174,-0.848426,-0.210218,-0.88104,-0.216697,-0.873461,-0.51458,-0.791441,0.568675,0.841046,-0.0366629,-0.785617,-0.463272,0.458444,-0.115257,-0.425296,-0.299008,0.773552,0.300012
-13.9232,1.67321,-0.690092,0.00983073,-1.14367,-0.178554,-1.03314,-0.557811,-1.09619,0.349928,0.742486,-0.166734,-0.645337,-0.308654,0.735043,-0.0107533,-0.636854,-0.204175,0.713758,0.596451
-13.9539,1.5434,-0.913541,0.234853,-1.1641,-0.271548,-1.17969,-0.366925,-0.580703,0.396733,0.648658,-0.32528,-0.484488,-0.341189,0.734628,-0.102363,-0.602116,-0.464035,0.680697,0.794072
-14.0144,1.52985,-0.5548,0.53092,-1.17569,-0.34814,-1.314,-0.368694,-0.737557,0.381328,0.778119,-0.207243,-0.75201,-0.439649,0.725378,0.0484394,-0.478908,-0.439614,0.764856,0.811186
-14.0018,1.90035,-0.364669,0.338053,-1.21011,-0.211828,-0.894838,-0.563638,-0.573198,0.495303,0.47487,-0.361516,-0.41363,-0.168742,0.719211,-0.235156,-0.448181,-0.477913,0.698463,0.873419
-14.2192,1.48885,-0.146692,0.800134,-0.842078,-0.380512,-1.32444,-0.630374,-0.67824,0.301792,0.504141,-0.294116,-0.411601,-0.127633,0.445187,-0.396277,-0.709917,-0.520194,0.561964,0.773382
-14.6668,1.49234,-0.422594,0.694271,-0.886835,-0.498389,-1.21245,-0.784577,-0.532111,0.507794,0.44942,-0.376644,-0.532784,-0.295086,0.499119,-0.126622,-0.400137,-0.433528,0.719379,0.558275
-14.357,1.51182,-0.82389,0.257259,-0.739886,-0.312948,-1.09688,-0.819022,-0.908207,0.416904,0.446892,-0.274037,-0.726456,-0.468572,0.535722,0.108891,-0.448613,-0.256007,0.646482,0.527539
-14.3832,1.64778,-0.664651,-0.0617484,-0.797131,-0.117429,-0.924526,-0.903184,-0.648771,0.395034,0.469445,-0.190221,-0.578402,0.0525832,0.507598,0.0855746,-0.324566,-0.248621,0.738354,0.800226
-14.2079,1.59326,-0.335143,-0.0352052,-0.627352,0.087854,-1.02692,-0.917806,-0.758946,0.394962,0.601558,-0.103524,-0.721899,-0.308284,0.300967,-0.0301343,-0.468781,-0.17728,0.626853,0.564889
-14.4192,1.73137,-0.597963,0.101302,-0.980545,-0.230568,-0.910174,-0.636173,-0.667379,0.684882,0.510756,-0.262983,-0.911647,-0.153972,0.62299,-0.265858,-0.569281,-0.515174,0.618447,0.561221
-14.608,1.46827,-0.586943,0.235688,-1.04295,-0.0513745,-1.06128,-0.728892,-0.526505,0.706923,0.589294,-0.332474,-0.702255,-0.417017,0.550907,-0.352039,-0.354128,-0.701675,0.72678,0.336215
-14.7063,1.61766,-0.433866,0.313971,-0.898258,0.0160512,-0.866123,-0.603544,-0.593686,0.367797,0.748675,0.0469066,-0.94608,-0.637863,0.516249,-0.372973,-0.078447,-0.588237,0.471518,0.217185
-14.6193,1.51145,-0.653996,0.238512,-0.800055,-0.0349707,-0.748207,-0.529487,-0.795496,0.348638,0.522938,-0.121884,-0.750136,-0.447132,0.568141,-0.12828,0.0333628,-0.425005,0.739364,0.355251
-14.6103,1.29792,-0.666564,0.175276,-0.702514,0.0552636,-0.865616,-0.40107,-0.744851,0.324645,0.530689,-0.191718,-0.960116,-0.121823,0.821915,0.154131,-0.337163,-0.280521,0.586419,0.487678
-15.0293,1.20714,-0.747402,0.157585,-0.398022,-0.0609116,-0.586116,-0.194202,-0.698623,0.188165,0.22795,-0.575138,-1.04987,-0.0304999,1.09739,0.0283781,-0.416739,-0.221079,0.927334,0.458107
-15.3966,1.10029,-0.934415,0.0456158,-0.967616,0.0521299,-0.363547,-0.356503,-0.898256,0.213262,0.705555,-0.331536,-0.95074,-0.188172,1.15158,0.0957202,-0.333061,-0.24634,0.877671,0.387616
-15.0691,1.34698,-0.543126,-0.075782,-0.959706,-0.0725464,-0.378338,-0.561419,-0.69418,0.462223,0.60557,0.030738,-0.900454,-0.639991,0.794307,0.114286,-0.52648,-0.489007,0.598364,0.224165
-15.2627,0.923527,-0.399464,0.281072,-0.95228,0.0244723,-0.675309,-0.607663,-0.713157,0.364436,0.63831,-0.00950329,-0.715547,-0.53414,0.626395,0.229693,-0.469625,-0.517821,0.477154,0.305104
-15.0607,1.06467,-0.324517,0.130627,-0.913496,-0.193188,-0.713408,-0.747108,-0.604787,0.18342,0.614989,0.0985079,-0.524247,-0.45765,0.398162,0.142539,-0.486301,-0.417722,0.301735,0.457897
-14.9828,1.17179,-0.23531,0.25716,-1.19264,-0.129787,-0.539776,-0.561112,-0.577748,0.680263,0.515769,-0.0765973,-0.542243,-0.314535,0.555565,0.105506,-0.264567,-0.50446,0.711324,0.697305
-14.5322,0.944206,-0.33516,0.12012,-1.0891,-0.131312,-0.722641,-0.360161,-1.24985,0.567818,1.10004,-0.162,-0.915588,-0.264165,0.963662,-0.27574,-1.03697,-0.355315,1.02675,0.737664
-14.4277,0.613398,-0.406353,-0.138836,-0.777175,0.139722,-1.23641,-0.534592,-0.857439,0.366489,1.30031,0.0146203,-1.2414,-0.157673,1.16556,-0.152108,-0.859932,-0.25005,0.808114,0.498993
-13.7535,0.377765,-0.486787,-0.178434,-1.10676,-0.177878,-0.997901,-0.958326,-1.03991,0.250718,1.41978,0.670531,-0.479447,-0.54853,0.615897,0.469666,-0.946824,-1.01165,0.336125,0.648178
-13.7839,1.11635,-0.817797,-0.254038,-1.0925,0.0628927,-0.573115,-0.44227,-0.869707,0.412534,0.60334,0.554652,-0.100096,-0.589356,0.177249,0.525243,-0.720781,-0.65382,0.0324541,0.636032
-13.7155,1.1526,-0.490294,0.0966098,-1.05798,-0.329449,-0.965736,-0.75697,-0.653258,0.410797,0.912059,0.4082,-0.446526,-0.527411,0.446131,0.71072,-0.906507,-0.762904,0.120179,0.48106
-14.3384,1.0447,-0.272104,0.137196,-1.11019,-0.467539,-1.01477,-0.800353,-0.775937,0.490045,0.945791,0.176927,-0.305421,-0.66186,0.408783,0.307251,-1.09157,-0.780992,0.187837,0.447315
-14.8629,1.00132,-0.230798,0.028474,-0.853397,-0.161804,-0.682928,-0.819866,-0.825249,0.385811,1.26963,0.515302,-0.242476,-0.526093,0.556847,0.443478,-1.20596,-0.879462,0.310672,0.640345
-15.2209,0.770984,0.0394429,0.310949,-1.1653,-0.410684,-1.02432,-0.666594,-0.692402,0.266289,1.42161,0.483695,-0.110601,-0.561242,0.651793,0.900206,-0.63095,-0.775089,0.169392,0.750071
-14.9791,0.956963,-0.396853,0.292512,-0.944548,-0.402069,-1.03809,-0.99968,-0.960804,-0.00467562,1.35361,0.481319,-0.243318,-0.844462,0.514609,0.698668,-0.809279,-0.757977,0.348301,0.870085
-15.1003,0.612488,-0.581124,0.301419,-0.8856,-0.271505,-0.969392,-1.00451,-0.836069,-0.174783,1.22077,0.658864,-0.352495,-0.603711,0.443014,0.577376,-0.848523,-0.930983,0.35255,0.793843
-15.0294,0.892534,-0.15676,0.486742,-0.680889,0.208647,-0.749713,-0.780643,-0.875817,-0.22946,1.16519,0.735024,-0.0244919,-0.654154,0.131116,0.593427,-1.07389,-1.0773,0.159556,0.79435
-14.9141,0.858271,-0.107666,0.484573,-0.853609,-0.143511,-0.7602,-0.799102,-0.671495,-0.101051,1.3016,0.610821,-0.00113976,-0.727088,0.305406,0.987568,-0.69765,-0.947302,0.0336513,0.408332
-14.9736,0.66658,-0.157943,0.388028,-0.58303,-0.154546,-0.725334,-0.984932,-0.78249,0.0012855,1.58367,0.756399,-0.342757,-0.52203,0.454054,0.903777,-0.712008,-1.09735,0.282503,0.787383
-14.5771,0.416815,-0.489045,0.0745366,-0.982425,-0.0575111,-0.669259,-1.07672,-0.750373,-0.054589,1.60357,0.773854,-0.360652,-0.718931,0.361844,0.858309,-0.933928,-1.24419,0.342888,0.637013
-14.1813,0.245289,-0.346147,0.38397,-0.77379,0.042422,-0.830278,-1.24159,-0.954042,0.046337,1.74,0.821425,-0.23526,-0.662098,0.292943,0.77733,-0.884128,-1.09816,0.294161,0.772462
-14.2132,0.230685,-0.405654,0.0929112,-0.82783,-0.0826282,-1.08248,-1.00107,-0.85948,0.0777989,1.50983,0.682146,-0.304327,-0.868412,0.380955,1.09375,-0.845436,-1.26989,-0.00204588,0.489762
-14.2802,0.413497,-0.558,0.247855,-0.907961,-0.0152824,-1.07899,-1.06134,-0.874326,0.00955747,1.85344,0.775886,0.102962,-0.727995,0.218281,0.996431,-0.880813,-1.29524,0.0275818,0.489653
-13.9599,0.655895,-0.166866,-0.00215048,-1.37669,-0.151544,-0.774883,-0.976692,-1.00052,-0.117788,1.65794,0.589948,-0.40654,-0.919858,0.0413559,1.02294,-1.18632,-1.46539,0.136275,0.567641
-14.042,0.205491,-0.318072,0.267157,-1.44198,-0.296513,-0.73274,-1.16776,-1.21834,-0.0236063,1.7803,0.688776,-0.140419,-0.73319,0.445235,1.096,-1.15273,-1.31577,0.240665,0.662857
-14.1321,0.0624742,-0.211623,0.303648,-1.45887,-0.223614,-0.577913,-1.03108,-1.30471,-0.0775662,1.93758,0.913239,-0.0862306,-0.790204,0.326033,1.07997,-1.06661,-1.39397,0.00570094,0.571625
-13.8499,0.454045,-0.270745,0.212707,-1.39238,-0.0716246,-0.599945,-0.823409,-1.0033,-0.170813,1.69091,0.875341,0.00358899,-0.914822,0.254204,1.13187,-0.92866,-1.24391,-0.151231,0.751826
-14.1597,0.367131,-0.0279601,0.286011,-1.27051,-0.271539,-0.861807,-1.10884,-0.747496,-0.189966,1.67036,1.05743,-0.11917,-0.956177,0.443603,1.11598,-0.99709,-1.34307,-0.388866,0.889427
-13.9951,0.130589,-0.417882,0.203802,-1.31453,-0.139256,-1.04252,-1.15497,-0.954102,-0.12103,1.62177,0.997086,-0.0672752,-0.676207,0.153086,0.770812,-0.825882,-1.15006,-0.3774,0.765924
-13.8236,0.202799,-0.24174,0.638119,-1.13779,0.0909069,-0.858808,-1.15275,-1.01266,-0.0422931,1.87286,0.968046,0.00515244,-0.787891,0.0726111,0.866133,-0.848972,-1.11173,-0.187762,0.797337
-14.145,0.122347,0.0398684,0.779751,-1.40323,0.0263546,-0.599658,-1.00001,-1.37071,-0.240818,1.92945,1.03307,-0.100394,-0.80729,0.278233,1.17425,-1.0717,-1.57918,-0.0952837,1.07385
-14.3253,0.0504222,-0.235115,0.610967,-1.47604,-0.0884509,-0.613884,-0.622917,-1.2726,-0.115149,2.05535,0.968923,-0.259732,-0.785323,0.25821,1.24402,-0.970056,-1.58128,-0.260953,0.915845
-14.3365,-0.0826809,-0.299634,0.812526,-1.0524,-0.0833414,-0.570267,-0.963483,-0.908389,-0.148571,1.70224,0.804476,0.0514063,-0.578529,0.00628008,1.19214,-0.935392,-1.44355,0.105158,0.893658
-12.9261,0.00883429,-0.984657,0.510793,-1.37226,-0.12823,-0.824309,-1.15863,-0.488283,0.64274,1.7028,0.76486,-0.271668,-0.745834,0.170099,0.727396,-0.936263,-0.957278,0.390426,0.433138
-12.5482,0.151057,-1.26986,0.771757,-1.7553,-0.376327,-0.790742,-1.59188,-0.520413,1.187,1.83129,0.411888,-0.78618,-0.446597,0.602197,0.135219,-0.949279,-0.309812,0.45712,0.0654795
-12.9435,0.07069,-1.21154,0.591502,-1.73445,-0.597623,-0.971987,-1.70538,-0.580718,1.36257,1.8242,0.441675,-0.728573,-0.102323,0.534035,-0.213296,-1.12437,-0.290537,0.446096,-0.101811
-12.6489,0.148653,-0.993484,0.694836,-1.59549,-0.596434,-0.917566,-1.39816,-0.085095,1.57013,1.28889,0.187394,-0.464458,-0.0450231,0.301036,-0.270953,-0.975053,-0.031018,0.254991,-0.100273
-11.8087,0.543585,-1.11061,0.990228,-1.24988,-0.860943,-1.08028,-0.863559,0.121394,1.55159,0.518986,-0.775028,-0.579707,0.259755,0.0578787,-0.48145,-0.0222219,-0.0327767,-0.469501,-0.107899
-12.5572,0.825891,-1.11403,0.72419,-1.15582,-0.876399,-1.02845,-0.640151,0.283019,1.40666,0.693052,-0.664631,-0.386888,-0.210022,-0.47586,-0.374421,0.39695,-0.143049,-0.478679,0.0358144
-13.3923,0.7967,-1.02786,0.819226,-0.895664,-0.800046,-0.951463,-0.635677,0.549485,1.14889,0.599585,-0.597808,-0.417526,-0.0922918,-0.689461,-0.29731,0.684923,-0.0732644,-0.44843,0.0938201
-12.5027,0.418932,-1.36592,0.190532,-1.27024,-0.85651,-0.851527,-0.428661,0.896456,1.11,0.381703,-0.348186,-0.132628,0.12509,-0.478755,0.354437,0.887959,-0.533092,-0.715563,0.218013
-12.7234,0.644179,-1.4948,0.0772788,-1.51233,-0.911402,-0.734401,-0.185321,0.876845,1.12842,0.170209,-0.539225,-0.151974,0.0108686,-0.40847,0.496929,0.744875,-0.991866,-0.552504,0.242237
-12.7879,0.806044,-1.33431,0.185592,-1.48592,-1.1944,-0.807961,-0.124113,1.04605,1.18149,0.203997,-0.484071,-0.24794,0.0131546,-0.305576,0.53298,0.561952,-0.862277,-0.431069,0.131593
-12.8415,0.967935,-0.945125,0.4431,-1.40851,-1.38281,-0.808817,-0.299798,0.953752,1.19596,0.0990607,-0.405728,-0.733772,-0.324533,-0.493433,0.667745,0.196994,-0.963162,-0.655456,-0.0836448
-13.0183,0.514401,-1.33052,0.184341,-1.7918,-0.895953,-0.862152,-0.237263,1.27804,1.1309,0.294196,-0.0831694,-0.366958,-0.320028,-0.55851,0.463134,-0.409085,-0.339953,-0.215821,-0.17274
-12.8367,0.799759,-1.65803,0.00775496,-1.87746,-1.17938,-0.538371,0.20933,1.17233,0.615882,-0.205984,-0.0887797,-0.18023,-0.291951,0.0385612,0.486978,-0.648455,-0.323937,-0.40011,-0.233893
-12.3468,1.0214,-1.56508,-0.0691641,-2.11432,-0.999568,-0.114701,0.134824,0.668247,0.182657,-0.371867,-0.158526,-0.0107426,-0.222182,0.0147955,0.574242,-0.439638,-0.329518,-0.145858,-0.134347
-12.5485,0.756492,-1.50495,-0.0971464,-1.86138,-0.971866,-0.290106,0.24229,0.870903,0.295424,-0.317861,-0.296377,-0.267044,-0.0635013,0.35136,0.623999,-0.764875,-0.61997,-0.136996,-0.0101944
-13.0445,0.572115,-1.34231,-0.289984,-1.83283,-1.04122,-0.451045,0.147071,1.00846,-0.00919633,-0.758747,-0.175892,0.137456,-0.0634068,0.366014,1.12634,-0.732971,-0.430242,0.103267,0.182702
-12.5112,0.537645,-1.113,-0.229267,-1.95173,-0.944733,-0.273315,0.306208,0.726015,-0.203602,-0.871442,0.0646965,0.210044,-0.0316934,0.479276,0.754424,-0.533045,-0.12983,0.156564,0.0603715
-11.9996,1.00288,-0.990182,-0.178228,-1.49669,-0.660904,0.245968,0.107232,0.298446,-0.240709,-0.857066,0.124801,-0.00917953,0.0535643,0.594487,0.166136,-0.355975,-0.0115241,0.124584,0.321424
-12.4516,0.831042,-0.799408,-0.236013,-1.59623,-0.602605,0.314619,0.268719,0.415198,-0.598187,-1.00668,0.135992,-0.113823,0.219188,0.446135,-0.160138,-0.257576,0.107782,0.163233,0.450007
-12.5669,0.720017,-0.810802,-0.292261,-1.70789,-0.744678,0.201832,0.148713,0.397319,-0.577775,-0.904725,0.30983,-0.016232,0.534363,0.364278,-0.552091,-0.270497,0.212831,0.355346,0.502402
-12.4695,0.737704,-0.973991,-0.359829,-1.71725,-0.920435,0.315491,0.177193,0.193472,-0.85334,-1.0326,0.443861,0.0295026,0.726633,0.923801,-0.221226,-0.399261,0.356563,0.262098,0.197207
-12.2647,0.783418,-1.18083,-0.288909,-1.8061,-0.696915,0.191469,0.233854,-0.0975417,-0.92081,-1.05697,0.166096,-0.131497,0.44566,0.93848,-0.324058,-0.541795,0.40983,0.399504,0.357114
-12.3994,1.17275,-1.31963,-0.280345,-1.57048,-0.582623,0.220279,0.150801,-0.111319,-0.808021,-1.05657,0.0245573,-0.214419,0.567738,0.718123,-0.351878,-0.522827,0.32784,0.301854,0.296478
-12.2809,1.28191,-1.07103,0.0040488,-1.6008,-0.389466,0.409695,0.621902,-0.680432,-1.07255,-0.532701,0.176701,-0.0616723,0.211156,0.367628,-0.207096,-0.125092,0.503501,-0.1413,0.260513
-12.2335,1.17611,-1.20824,-0.142951,-1.42267,-0.230327,0.182181,0.24483,-0.90974,-0.716955,-0.0917548,0.30368,-0.571508,0.123158,-0.020615,-0.455152,0.32773,0.743438,-0.276005,0.0619231
-12.5076,1.11274,-1.45386,0.177185,-1.60526,-0.63277,0.35392,0.125758,-0.722823,-0.6692,-0.218979,0.189794,-0.855657,0.173033,-0.380164,-0.0892018,0.408779,0.65376,-0.354167,-0.00129759
-12.8317,1.36941,-1.47023,0.23953,-1.68948,-0.302005,0.294545,0.135532,-0.918185,-1.13121,-0.0163145,0.355363,-0.196525,0.34506,-0.321103,-0.0233352,0.169116,0.587931,-0.0652296,0.627441
-12.7413,1.07732,-1.22509,-0.0939629,-1.78016,-0.426641,0.209588,0.149721,-0.849566,-1.04859,-0.199523,0.256708,0.00765132,0.254744,-0.283223,-0.188445,0.14635,0.78269,0.0945107,0.622856
-12.9808,1.43221,-1.05867,-0.0813901,-1.75146,-0.508336,0.324776,0.642295,-0.979771,-0.998928,0.126334,0.168623,-0.304164,0.375668,-0.321129,-0.198989,0.225333,0.772871,-0.034648,0.438856
-13.2812,1.37373,-1.20383,-0.50533,-1.69396,-0.608653,0.419382,0.558779,-1.10969,-0.865513,0.119761,0.0235868,-0.437938,0.360216,-0.185992,-0.13603,0.127379,0.900522,-0.0322805,0.348211
-13.4902,1.11015,-1.41349,-0.47447,-1.35301,-0.198455,0.149386,0.673088,-0.790098,-0.937024,0.19532,-0.0140959,-0.456616,0.197632,-0.373632,-0.493156,-0.035828,0.676856,-0.264048,0.606187
-13.7186,1.08439,-1.10142,-0.375908,-1.55951,-0.0648738,0.521792,0.776911,-0.920525,-0.999979,0.0113432,0.0952902,-0.511319,0.225263,-0.11884,-0.181176,-0.198901,0.452004,-0.254128,0.469124
-14.134,0.965582,-1.02555,-0.220295,-1.43302,-0.105529,0.732285,0.610667,-0.716266,-0.908016,-0.230471,0.215435,-0.491984,0.387662,-0.120732,-0.31265,-0.00885123,0.418722,-0.537422,0.525933
-14.1062,0.552227,-0.974485,-0.397216,-1.29753,0.149041,0.707459,0.347329,-1.0997,-1.10118,0.206433,0.594932,-0.34595,0.712358,0.127601,-0.419347,0.236798,0.39968,-0.304842,0.702394
-13.9729,0.963907,-0.890077,-0.478527,-1.65727,0.481955,0.60041,0.283393,-1.41807,-1.30494,0.28483,0.469295,-0.1393,0.254784,0.0877499,-0.63979,0.322884,0.576034,-0.253817,0.519762
-14.0359,1.40965,-0.998504,-0.638107,-1.32391,0.119474,0.495218,0.388002,-1.11327,-1.06971,0.128883,0.393915,-0.180669,0.462497,0.34998,-0.809181,0.534311,0.561391,-0.250256,0.43699
-14.2219,1.03245,-1.00172,-0.820829,-1.43917,0.123705,0.757048,0.100882,-0.865372,-0.921417,0.471529,0.578913,-0.201679,0.671795,-0.239945,-0.624652,0.857497,0.68622,-0.46644,0.532268
-14.2526,1.0078,-0.846539,-0.419217,-1.34669,0.130783,0.830371,0.233619,-1.00081,-0.994534,0.591078,0.324774,-0.221377,0.745132,-0.534955,-0.254097,0.729674,0.293458,-0.581915,0.629047
-13.9318,0.98739,-0.78279,-0.123771,-1.30222,0.131763,0.757246,0.345414,-1.13232,-0.968144,0.627671,0.302052,-0.358174,0.687246,-0.541473,-0.140935,0.846299,0.315866,-0.618198,0.480981
-14.2793,0.559736,-0.999256,-0.209462,-1.30825,0.170776,0.796569,0.118678,-1.20243,-1.02425,0.524257,0.413987,-0.625941,0.691452,-0.666234,-0.31642,0.746247,0.351616,-0.429837,0.684981
-14.6659,0.416402,-0.588354,-0.383074,-1.30322,0.25588,1.01692,0.560829,-0.939695,-1.02109,0.489103,0.278803,-0.390687,0.891387,-0.40694,-0.370512,0.777425,0.600862,-0.307663,0.857749
-14.4668,0.586595,-0.96455,-0.604393,-1.23501,0.479331,0.671681,0.743565,-1.09296,-1.44844,0.307379,0.30506,-0.200202,0.60259,-0.346059,-0.880091,1.18301,0.673839,-0.617083,0.540529
-14.7124,0.879447,-1.00616,-0.385664,-1.33863,0.319807,0.935517,0.591467,-1.13571,-1.42153,0.122744,0.603384,-0.0462447,0.434093,-0.101073,-0.796338,1.29057,0.732039,-0.637555,0.574819
-14.4638,0.584446,-0.668276,-0.493933,-1.0526,0.291733,1.28485,0.361158,-1.2515,-1.25938,0.18615,0.577541,-0.218691,0.523361,-0.383555,-0.639463,1.16701,0.834849,-0.543373,0.634013
-14.1191,0.492664,-0.900552,-0.14246,-1.13985,0.251335,0.702201,0.0456057,-1.24453,-0.868899,0.349046,0.0601073,-0.686382,0.652095,-0.723766,-0.333396,0.94116,0.617208,-0.311888,0.643286
-13.7285,0.609905,-0.913236,-0.0863931,-1.31773,-0.0816024,0.35815,-0.15947,-1.54208,-0.753053,0.456616,0.133712,-0.642565,0.346751,-0.724584,-0.134312,1.19669,0.665447,-0.132054,0.516035
-13.6375,0.603368,-0.764378,-0.0608657,-1.11737,0.108496,0.586046,0.0584876,-1.39281,-0.881725,0.22013,0.0821979,-0.676571,0.409617,-0.513811,-0.241957,1.12545,0.648926,-0.268559,0.428814
-13.4765,0.657188,-0.704649,-0.19351,-0.851182,-0.0477558,0.537854,-0.0213005,-0.983268,-1.15709,-0.193449,0.114118,-0.555525,0.46696,-0.340438,-0.44696,0.854104,0.633415,-0.371666,0.502615
-13.3663,0.894523,-0.736945,-0.229198,-0.999255,0.0663646,0.397899,0.287778,-1.27278,-1.46372,-0.0300839,0.174696,-0.490524,0.251026,-0.174453,-0.659971,1.18078,0.783312,-0.106764,0.438775
-13.5211,1.00159,-0.978319,-0.316381,-1.27173,0.0736609,0.514043,0.250894,-1.28933,-1.57633,-0.0182851,0.527878,-0.272057,0.252013,-0.0605654,-0.830754,1.20957,0.706062,-0.134593,0.483329
-13.2218,0.630037,-1.01239,-0.640229,-1.12269,-0.156692,0.698242,0.150097,-1.6079,-1.83323,-0.141632,0.140664,-0.545879,0.29778,-0.0338363,-0.291578,1.14185,0.831481,-0.351183,0.600634
-13.2707,0.639852,-0.849058,-0.338483,-1.04032,0.0712551,0.53125,-0.12149,-1.30642,-1.28812,-0.0181108,-0.00412492,-0.72034,0.695484,-0.403535,-0.0189265,1.23459,0.821069,-0.0403235,0.675602
-13.1781,1.09126,-0.735262,0.153695,-1.04545,-0.182205,0.595893,0.383451,-1.31266,-1.3739,-0.174897,-0.0188523,-0.769651,0.682089,-0.258809,0.28357,1.05129,0.56871,-0.0287891,0.654658
-13.1586,1.11694,-0.645579,0.0149014,-0.933764,-0.15619,0.313579,0.209941,-1.76596,-1.6361,-0.0926557,0.133927,-0.534234,0.597365,-0.365271,0.0215828,1.0328,0.686874,0.0228265,0.555185
-13.1357,1.07985,-0.329454,-0.0992238,-0.907458,-0.133126,0.470457,0.0196445,-1.57855,-1.62187,-0.134813,-0.00759446,-0.551761,0.419996,-0.420731,-0.105889,1.23987,0.786226,-0.222027,0.613463
-13.1467,1.16302,-0.429458,-0.515237,-1.22063,-0.0719129,0.579052,0.122297,-1.65728,-1.70865,-0.0987365,-0.226367,-0.684727,0.414108,-0.0545951,-0.643281,1.52052,1.04467,-0.0741193,0.584068
-13.2681,1.34346,-0.60356,-0.272408,-0.98229,-0.118353,0.129787,0.139161,-1.68189,-1.6079,-0.0713202,-0.0861974,-0.620029,0.31512,-0.139575,-1.06051,1.47471,1.10716,0.118986,0.350636
-13.3478,1.00189,-0.451699,-0.589795,-0.949686,-0.0044778,0.576045,-0.149664,-1.68247,-1.64814,-0.121654,0.0236897,-0.679337,0.559884,-0.34144,-0.521165,1.44994,1.10374,0.00846104,0.663069
-13.5387,1.05803,-0.477979,-0.0511737,-0.82519,0.207495,0.554793,-0.296684,-1.15219,-1.45254,-0.147553,0.0398893,-0.926914,0.66167,-0.588575,-0.184216,1.68098,0.672427,-0.173752,0.561681
-13.7967,0.732736,-0.447948,-0.0597821,-0.712507,0.225274,0.479396,-0.084299,-1.58597,-1.47376,0.0893299,0.0158011,-0.828778,0.875219,-0.863783,-0.281027,1.76193,0.54896,-0.172656,0.605273
-13.8636,0.754212,-0.605249,-0.253302,-0.806361,0.341191,0.66925,-0.268897,-1.62111,-1.32477,0.0702547,0.00674739,-0.845552,0.693103,-0.752579,-0.435872,1.60821,0.511449,0.0678231,0.721598
-14.1378,0.992018,-0.160088,-0.231719,-0.796577,-0.0472128,0.969115,-0.124793,-1.27002,-1.26962,-0.106745,-0.144111,-0.86965,0.751099,-0.374224,-0.682425,1.54705,0.731071,-0.124556,0.636057
-14.2909,0.79386,-0.731683,-0.581701,-0.645349,0.106153,0.683937,-0.0885735,-1.58852,-1.57807,-0.0840075,-0.113948,-0.561804,0.567196,-0.122808,-0.920944,1.68208,1.02784,-0.176034,0.672272
-14.6227,0.753168,-0.55747,-0.424784,-0.767158,0.164952,1.06842,-0.024432,-1.65035,-1.74883,-0.0747156,0.342493,-0.517466,0.213151,-0.0812149,-1.05009,1.65115,0.990704,-0.173039,0.58633
-14.4801,0.474379,-0.483599,-0.647475,-0.957594,0.157574,1.2387,-0.20574,-1.7731,-1.81811,0.175527,0.355282,-0.692632,0.612682,-0.269125,-0.630452,1.54814,0.848877,-0.265575,0.484577
-14.9353,0.446444,-0.412902,-0.13097,-0.793112,0.395683,1.06548,-0.231796,-1.32171,-1.54852,0.197942,0.321825,-0.904123,0.689353,-0.713168,-0.366221,1.70937,0.593632,-0.423547,0.462738
-14.6429,0.351387,-0.538345,0.161124,-0.72843,0.48627,1.00244,-0.150323,-1.56635,-1.52952,0.522066,0.208879,-0.716636,0.695242,-0.651771,-0.209185,1.73425,0.616522,-0.0271942,0.616726
-14.6994,0.284902,-0.327903,-0.0103255,-0.770932,0.618818,1.16737,-0.227999,-1.61707,-1.16766,0.453761,0.102479,-0.744152,1.06368,-0.632865,-0.284216,1.84137,0.384491,-0.0826527,0.719247
-14.9926,0.386458,-0.342969,-0.275921,-0.690617,0.0615713,0.951162,-0.209455,-1.19688,-1.41747,0.052023,0.0847056,-0.728362,1.08868,-0.398868,-0.860015,1.45304,0.456971,-0.340152,0.712892
-15.0042,0.761787,-0.249464,-0.255187,-0.492066,0.701066,1.39453,0.0260821,-1.50677,-1.63646,0.101858,0.372346,-0.613432,0.857345,-0.206426,-0.894821,1.33775,0.27697,-0.377871,0.627131
-15.3441,0.682728,-0.256134,-0.344447,-0.688966,0.263734,1.47987,0.0332506,-1.28242,-1.36029,0.0166505,0.269962,-0.809512,0.965884,-0.445365,-0.973178,1.20548,0.350843,-0.32932,0.745438
-15.2278,0.522621,-0.173568,-0.0119947,-0.932909,0.041261,1.24654,-0.0687483,-1.26199,-1.33668,0.0971829,0.271741,-0.787112,0.944655,-0.708323,-0.571667,1.36163,0.323943,-0.297644,0.754837
-15.0441,0.523559,-0.151662,0.460274,-0.845981,0.339712,1.29552,0.0552745,-1.43808,-1.4155,0.476555,0.0263537,-0.690088,1.09003,-0.771776,-0.230458,1.51503,0.375379,-0.389167,0.827823
-15.0397,0.406569,-0.360987,0.277868,-0.688312,0.251253,1.06826,-0.202003,-1.314,-1.47555,0.512584,-0.135992,-0.619075,1.3229,-0.888743,-0.299137,1.76391,0.289735,-0.55631,0.652587
-14.9735,0.749194,-0.206178,0.545354,-0.63982,0.146704,0.936524,0.00463954,-1.30707,-1.1607,0.443451,0.210495,-0.763489,1.00391,-0.970894,-0.274095,1.54905,0.414789,-0.217721,0.576919
-14.1113,0.825577,-0.303133,0.102573,-0.740722,-0.0400979,0.55517,-0.216848,-1.38071,-1.04061,0.1176,0.101898,-0.648996,0.897094,-0.77913,-0.720775,1.59202,0.416905,-0.361449,0.719627
-14.0529,0.944252,-0.701306,0.191834,-0.722067,0.269198,0.616938,0.11202,-1.40905,-1.54018,0.0730539,0.384087,-0.690094,0.386629,-0.60424,-0.77954,1.8332,0.980747,-0.155468,0.38406
-14.2005,0.840942,-0.361862,-0.0612756,-0.662655,0.523498,0.612251,-0.242004,-1.29279,-1.22522,-0.0836256,0.00514513,-0.957649,0.43756,-0.638399,-0.639838,1.65915,1.16063,-0.132229,0.45801
-13.9774,0.715011,-0.735831,0.271858,-0.805089,-0.0409879,0.606866,-0.083093,-1.11816,-0.90764,-0.369782,-0.0870229,-0.99309,0.637612,-0.737139,-0.272764,1.46365,0.429912,-0.144291,0.67029
-13.4841,0.654929,-0.849242,0.19204,-0.674119,0.340855,0.691374,0.136991,-1.46588,-1.25533,-0.0465841,-0.131963,-0.733971,0.715937,-0.654426,-0.239928,1.29824,0.164882,-0.118193,0.400217
-13.5959,0.763892,-0.647529,0.10447,-0.760661,-0.19672,0.25174,0.234762,-1.28932,-1.09799,0.156631,-0.0339352,-0.756815,0.798628,-0.467358,-0.0559881,1.46628,0.20737,-0.152874,0.273021
-13.5447,0.782618,-0.633271,0.14515,-0.855514,0.152111,0.961811,0.38109,-1.40713,-0.801309,0.192185,0.278695,-0.764019,0.695298,-0.616414,-0.200628,1.55277,0.322439,-0.0809759,0.236925
-13.3832,0.75866,-0.655207,0.192652,-0.608509,0.348244,0.836962,0.106559,-1.39879,-1.10449,-0.0956373,0.213076,-0.469386,0.865557,-0.323542,-0.629571,1.86623,0.405351,-0.100756,0.429978
-12.9073,0.905945,-0.659211,0.186163,-0.419281,0.41558,0.756993,-0.192776,-1.32907,-1.04593,-0.0252206,0.311063,-0.562492,0.678845,-0.491095,-1.03387,1.83951,0.58738,-0.151378,0.382705
-11.1881,1.81924,-0.70883,0.231635,-0.523566,0.587795,0.725715,-0.0057607,-0.715069,-0.384812,0.0955949,0.269227,-0.402192,0.435719,-0.42675,-0.604716,1.28163,0.0525763,0.0159417,0.311699
-11.8998,1.15306,-0.527447,0.468734,-1.03371,0.174355,0.53142,-0.343137,-1.11901,-0.556612,0.44714,0.164714,-0.00276633,0.24003,-0.665861,-0.0926632,0.947889,-0.176107,-0.388409,0.292091
-11.5872,1.31822,-0.505177,0.613471,-0.8548,0.240111,0.407147,-0.630407,-0.960293,-0.349411,1.24021,0.655378,-0.272757,0.0117952,-0.522697,0.250438,0.427898,-0.429256,0.0477069,0.336543
-12.3948,1.25668,-0.906129,0.35977,-0.802723,-0.02104,0.314227,-0.758675,-0.803265,-0.314276,1.15044,0.45371,-0.230827,0.187317,-0.446773,0.482189,0.387133,-0.248394,0.148979,0.44513
-12.2954,1.02322,-0.959473,0.169271,-0.815664,0.0173804,0.526259,-0.60791,-0.924117,-0.44409,1.0856,0.499704,-0.383568,0.107153,-0.493143,0.473701,0.428569,-0.573335,0.111297,0.493865
-11.7324,1.22912,-0.722351,0.118044,-1.18998,-0.0415819,0.345959,-0.726461,-0.811308,-0.396324,0.98673,0.615125,-0.200802,-0.186977,-0.503786,0.42504,0.131426,-0.673441,0.106195,0.456573
-11.8555,0.887649,-0.416675,0.494773,-0.959381,-0.182981,-0.250691,-0.869303,-0.704656,-0.409315,1.34473,0.763161,-0.294975,-0.189839,-0.409253,0.446133,0.0959786,-0.710601,0.0831978,0.629664
-12.056,0.739837,-0.68763,0.431268,-1.24273,-0.272309,-0.143501,-0.780605,-0.896941,-0.524435,1.4576,0.963256,-0.407094,-0.207271,-0.228782,0.357856,0.0129734,-0.793531,0.215707,0.55779
-12.1649,0.571428,-0.875798,0.73438,-0.955035,-0.285996,-0.224986,-0.807631,-0.900318,-0.627299,1.28357,0.925402,-0.403411,-0.186038,-0.503643,0.36714,0.0745964,-0.760672,0.123565,0.702864
-12.3628,0.513335,-1.03331,0.780631,-1.18783,-0.176219,-0.348904,-0.721064,-0.972512,-0.351239,1.29079,0.930178,-0.599581,-0.401139,-0.423541,0.401985,0.0830183,-0.805443,0.273546,0.572895
-11.9623,0.222372,-0.784324,0.711378,-1.2545,-0.589858,-0.438767,-0.51184,-0.90983,-0.273174,1.17453,1.15318,-0.292562,-0.231587,-0.139232,0.484645,0.00517252,-0.849473,0.108603,0.657217
-12.1395,0.183575,-0.718016,0.359425,-1.36671,-0.6845,-0.424211,-0.603235,-1.20077,-0.458033,1.16885,1.42532,-0.357963,-0.39518,-0.272217,0.420783,-0.0572377,-0.822043,0.202579,0.421541
-12.2227,0.372983,-0.695931,0.324303,-1.03157,-0.635099,-0.468278,-0.772465,-1.31831,-0.808352,1.17501,1.45763,-0.533068,-0.221641,-0.296455,0.279147,-0.116421,-0.826908,0.207053,0.518871
-12.2414,0.462918,-0.605906,0.346934,-0.809635,-0.510014,-0.40523,-0.836035,-0.933752,-0.875021,0.948908,1.39034,-0.519367,-0.10624,-0.321729,0.311346,-0.197354,-0.737754,0.243621,0.436647
-12.4178,0.334459,-0.624222,0.204892,-1.17668,-0.339079,-0.336569,-0.25842,-0.784012,-0.880358,0.870665,1.29658,-0.476993,-0.263317,-0.11626,0.355112,-0.0398332,-0.752756,0.237894,0.577364
-12.845,0.48611,-0.686561,0.030934,-1.25294,-0.30905,-0.743018,-0.148181,-0.908801,-0.601644,0.908692,1.28525,-0.765916,-0.0993525,0.125583,0.535414,-0.246597,-0.806839,0.00651831,0.824049
-12.501,0.449653,-0.473968,0.211895,-1.00604,-0.338801,-0.717484,-0.296534,-0.967077,-0.593683,1.08343,1.41526,-0.633279,-0.111397,0.00744822,0.57987,-0.20808,-0.902678,-0.108535,0.67452
-12.4757,0.186758,-0.63205,0.447273,-0.845556,-0.206319,-0.732256,-0.412386,-1.08806,-0.570093,1.07158,1.32743,-0.546019,-0.194607,-0.192382,0.428545,-0.20383,-0.932712,-0.15119,0.562167
-12.8076,-0.0919405,-0.840272,0.393596,-0.375185,-0.401798,-0.591075,-0.426272,-1.00346,-0.362658,0.995829,1.26459,-0.258275,-0.260602,-0.269337,0.688944,0.0568521,-0.720838,-0.048707,0.662144
-13.1421,-0.0710833,-0.858742,0.193001,-0.288753,0.102811,-0.0492386,-0.27424,-1.1288,-0.668474,0.734527,0.997167,-0.254836,-0.368921,-0.0361368,0.690016,-0.01326,-0.770048,0.265808,0.665739
-12.8477,0.0405349,-0.739882,0.310678,-0.503422,-0.343745,-0.48439,-0.657208,-1.19416,-0.593599,0.917071,1.10258,-0.291867,-0.469777,-0.293794,0.573445,0.116723,-0.786153,0.327115,0.651559
-13.0646,0.296225,-0.519753,0.623523,-0.515145,-0.638853,-0.54735,-0.884441,-1.2342,-0.474238,1.063,1.18866,-0.586148,-0.546225,-0.225276,0.478023,0.126105,-0.937027,0.214839,0.513788
-13.1764,0.126876,-0.359933,0.867378,-0.393796,-0.481087,-0.499836,-0.600881,-0.898333,-0.309914,0.909513,1.30357,-0.216487,-0.655227,-0.300904,0.408701,-0.141093,-1.22442,-0.0167971,0.510747
-13.3947,0.0253413,-0.667708,0.652768,-0.62007,-0.499155,-0.479219,-0.367521,-0.938167,-0.354395,0.994799,1.09342,-0.253648,-0.711732,-0.248317,0.386586,-0.129588,-1.03029,-0.0524622,0.53591
-13.7895,-0.266759,-0.831495,0.65728,-0.76492,-0.580176,-0.417509,-0.501442,-0.939489,-0.30917,1.03809,0.972041,-0.33496,-0.816523,-0.288048,0.419423,-0.108709,-1.15689,0.129235,0.641528
-13.3532,0.124285,-0.558232,0.523924,-0.651704,-0.550027,-0.180458,-0.471168,-0.889769,-0.448027,1.16164,1.32655,0.015142,-0.623317,-0.223526,0.573978,-0.0785488,-1.12408,0.0776253,0.561211
-13.0013,0.253508,-0.18261,0.418444,-0.65114,-0.839329,-0.0472661,-0.685352,-1.05984,-0.468022,1.34863,1.22387,-0.314701,-0.671215,-0.0595328,0.598885,-0.0277057,-1.00996,0.0846975,0.726873
-12.9988,0.124474,-0.766782,0.156845,-0.73022,-0.407895,0.134167,-0.529911,-1.22164,-0.70452,1.21322,1.33463,-0.363192,-0.246408,-0.266504,0.35458,-0.193502,-1.00583,0.0598241,0.761325
-13.4661,0.740677,-0.732487,0.278532,-1.0248,0.0612513,0.120768,-0.190897,-1.33572,-0.664685,1.29391,1.49401,-0.227508,-0.609346,-0.277255,0.105916,0.153225,-1.24489,-0.0087845,0.735533
-13.6332,0.467292,-0.713384,-0.141087,-1.13346,-0.12944,-0.0542665,-0.331222,-1.44027,-0.737562,1.4552,1.5414,-0.455731,-0.0782805,-0.261833,0.0435545,0.276117,-0.797258,-0.209615,0.991401
-13.7534,0.619277,-0.628704,-0.14081,-1.0572,0.0383061,0.249641,-0.436836,-1.56849,-1.00062,1.59322,1.51871,-0.532224,0.165142,-0.0817153,-0.431978,0.252013,-0.588522,-0.377166,1.00223
-13.9834,0.366408,-0.514398,-0.148181,-1.42525,-0.00535091,0.256994,-0.357285,-1.26126,-1.03409,1.68498,1.69348,-0.357071,0.369807,-0.293026,0.1518,0.329651,-0.846256,-0.399198,0.911096
-14.316,0.397082,-0.612656,-0.0023906,-1.66304,-0.032518,0.126042,-0.542195,-1.69876,-0.914819,1.58402,1.42729,-0.240414,0.227491,-0.634443,0.0662871,0.437332,-0.77544,-0.402999,1.02306
-13.8332,0.587387,-0.476608,0.0333529,-1.19107,0.093538,0.324434,-0.342879,-1.60806,-1.04085,1.42878,1.442,-0.215288,0.34793,-0.604213,-0.230561,0.275779,-0.728721,-0.588924,0.794473
-13.8243,0.260229,-0.417236,-0.0206451,-1.45708,0.0724296,0.687329,-0.359803,-1.45718,-1.41067,1.3808,1.56315,-0.441777,0.213094,-0.404923,-0.0778119,0.0472201,-0.632142,-0.290453,0.758813
-13.8068,0.202324,-0.647484,-0.12733,-1.03468,0.177327,0.610117,-0.0944641,-1.11366,-1.48471,1.35381,1.34582,-0.477953,0.24272,-0.682543,-0.147257,0.612256,-0.547344,-0.536636,0.74301
-14.0564,-0.0274056,-0.751749,-0.0341992,-1.19314,0.179201,0.894048,-0.0262195,-1.08331,-1.45098,1.03152,1.20541,-0.764316,0.0667101,-0.813321,0.128763,0.633316,-0.719269,-0.419597,0.753757
-14.2773,-0.316154,-0.83569,0.180594,-0.74735,0.374344,0.894547,0.0392714,-1.249,-1.22907,1.01579,1.41065,-0.429236,0.321848,-0.66578,0.204853,0.915904,-0.455935,-0.211212,0.763963
-14.4434,-0.402078,-0.604872,0.194988,-0.997812,0.127736,0.770114,-0.194013,-1.64787,-1.5993,1.39631,1.75214,-0.569204,0.0525141,-0.79966,0.055626,0.753587,-0.259046,-0.151647,0.794934
-14.5689,-0.332785,-0.725247,0.077018,-1.14223,0.185624,1.1562,-0.115133,-1.66413,-1.59244,1.52804,2.00569,-0.242188,0.384363,-0.475478,0.225259,0.58714,-0.580858,-0.0644049,0.769088
-14.4861,-0.154666,-0.658717,-0.106904,-1.20942,0.0245634,1.08637,-0.152428,-1.73527,-1.37565,1.56357,1.82579,-0.758932,0.228507,-0.594195,-0.102737,0.640763,-0.749467,-0.0105108,0.760794
-14.6087,-0.5609,-0.799055,0.0690401,-1.06303,0.225017,1.0913,-0.351337,-1.61017,-1.29925,1.46985,1.84685,-0.591969,0.393891,-0.69181,0.0465278,0.836412,-0.442846,0.0165692,0.792401
-14.8116,0.130258,-0.462766,0.17172,-1.03379,0.190021,1.22412,-0.148967,-1.43881,-1.57714,1.33818,1.681,-0.657893,0.301092,-0.712604,-0.14942,0.752271,-0.591573,-0.315405,0.750836
-14.219,-0.402748,-0.390015,-0.218066,-0.900629,0.376898,0.982523,0.203552,-1.09899,-1.5885,0.878277,1.38392,-0.234857,0.175004,-0.558139,-0.79835,0.369347,-0.295801,-0.443888,0.586424
-13.7884,-0.617811,-0.958731,-0.556206,-1.1781,0.640852,1.01932,0.529183,-1.11436,-1.27237,0.138892,0.891923,0.0272075,0.396747,0.685839,-0.506273,-0.0373471,0.324294,-0.0116574,0.59769
-14.2698,-0.514926,-0.594178,-0.425332,-1.06072,0.366527,1.12184,0.713076,-1.4826,-1.44714,0.0642439,1.10932,0.109074,0.161919,0.585393,-0.655107,-0.171106,0.260998,-0.296466,0.650785
-14.5255,-0.694463,-0.434017,-0.453491,-1.06951,0.422599,0.817673,0.770048,-1.02298,-1.16705,0.177808,1.34969,-0.0261833,0.175346,1.06488,-0.595139,-0.677629,0.198137,-0.623708,0.436684
-14.2947,-0.79456,-0.471176,-0.457911,-1.34844,0.508137,0.955997,0.77464,-0.76046,-1.33126,0.0880941,1.20851,0.222976,0.562012,1.05384,-0.686077,-0.391588,0.0954859,-0.330452,0.602498
-14.0011,-0.378387,0.00717334,-0.569562,-1.65291,0.263939,1.00918,0.45013,-1.21169,-1.5758,0.170817,0.958058,-0.15318,0.518466,0.790856,-0.747806,-0.502558,0.134559,-0.153937,0.638906
-14.2078,-0.0255969,-0.125491,-0.708644,-1.55917,-0.0254683,0.788751,0.644905,-1.04485,-1.66639,0.338811,1.24076,0.0502071,0.515038,0.606152,-0.682793,-0.324421,0.0527318,-0.373202,0.566318
-14.3885,0.223898,-0.056661,-1.01956,-1.54181,0.226231,0.523299,0.188074,-0.748133,-1.57765,0.433432,1.16679,0.0218481,0.465584,0.513081,-0.696763,-0.504174,-0.0256847,-0.294297,0.341689
-14.018,0.142278,-0.00714306,-0.12891,-0.952204,-0.100766,0.411011,0.253734,-0.701112,-1.37852,0.458526,1.26882,-0.3627,0.196617,0.682426,-0.766294,-0.913262,0.129355,-0.335798,0.244925
-13.0829,-0.289035,-0.572335,0.0682761,-1.52786,-0.251407,0.600151,0.735509,-0.72039,-1.60469,-0.284755,1.26237,0.0341488,0.0188683,0.91969,-0.381042,-1.39616,0.159564,-0.439282,0.0512809
-12.9199,0.103484,-0.397654,-0.172589,-1.60851,-0.504312,0.789215,1.11841,-0.434882,-1.32291,-0.209167,1.1899,-0.114569,0.195774,1.00263,0.0771966,-1.24902,-0.09358,-0.135051,0.183684
-13.229,0.088875,-0.324256,-0.316575,-1.44295,-0.218454,0.684652,0.901363,-0.667963,-1.55166,-0.334082,1.11534,-0.0663924,0.117,1.01315,-0.21198,-1.47979,-0.18587,0.00513782,0.187294
-13.5729,0.121856,-0.484912,-0.443762,-1.73548,-0.0962504,0.824062,0.932254,-0.216446,-1.75127,-0.610265,1.34607,0.0613391,-0.0876278,0.812532,-0.0156925,-1.41307,-0.153958,0.0192101,0.114712
-13.4406,-0.233431,-0.797943,-0.240413,-1.70788,-0.0307772,0.884936,1.01556,-0.130344,-1.62744,-0.562755,1.45524,0.123989,0.101447,0.728296,0.0136668,-1.39707,-0.0931136,0.0808046,0.0540632
-13.4065,-0.478662,-0.72814,-0.167196,-1.71243,-0.318316,0.947936,0.968637,-0.281579,-1.8267,-0.813566,1.41845,0.188,0.144875,0.664504,0.268235,-1.45994,-0.0724369,0.133263,0.288325
-13.3154,-0.386187,-0.496687,-0.131232,-1.51904,-0.250014,0.775649,0.971132,0.0281151,-2.12205,-0.915742,1.16841,-0.121977,-0.204364,0.813413,0.10467,-1.54461,-0.0245227,-0.27513,-0.205333
-13.552,-0.419178,-0.715815,-0.249922,-1.40686,-0.329014,1.22398,1.02939,-0.328712,-1.8831,-0.875721,1.17264,-0.20644,-0.233867,1.16857,0.244517,-1.42464,0.189464,-0.00552529,0.00788163
-13.5295,-0.372477,-0.476863,-0.334334,-1.29488,0.139858,1.21076,1.14288,-0.536706,-1.67029,-0.888497,1.13718,0.0827765,-0.0544002,0.80663,0.271059,-1.28041,-0.0408439,-0.272467,-0.323673
-13.2229,0.44306,-0.730972,-0.136014,-1.54738,0.131001,0.851383,0.917161,-0.251107,-1.32623,-1.00848,0.729886,-0.0280167,-0.208971,0.661188,0.120781,-0.771563,0.237322,0.0623952,-0.308835
-12.6473,0.000544038,-0.543804,-0.539209,-1.44606,-0.162814,0.983786,0.735564,-0.239689,-1.41458,-0.6593,0.884733,-0.30619,-0.0751158,0.953601,-0.118573,-1.05103,0.203032,-0.186937,-0.16413
-12.6958,0.0222569,-0.558012,-0.290362,-1.24328,-0.193184,0.839245,0.788393,-0.30792,-1.50056,-0.641377,0.897155,0.107475,0.151973,0.958998,-0.450857,-1.32406,0.350007,-0.0947291,-0.157293
-12.8478,0.201637,-0.243509,-0.0329941,-1.02032,0.0245903,0.952577,0.639665,-0.62622,-1.54954,-0.318632,0.993461,-0.0815055,0.105053,0.912622,-0.715104,-1.3702,0.388546,0.181952,-0.0398482
-13.1383,0.10171,-0.174478,-0.0614575,-1.06269,0.31487,0.917546,0.910679,-0.1926,-1.36956,-0.474237,0.981926,0.0715652,-0.1182,0.770316,-0.548028,-1.39824,0.476283,0.222718,-0.365425
-13.7647,-0.388174,-0.246709,-0.17138,-1.31026,0.0404148,1.0448,1.07061,-0.295858,-1.32985,-0.442965,0.781892,-0.0634422,-0.113657,0.818312,-0.443286,-1.30273,0.520125,-0.0303248,-0.101089
-13.5182,0.0275371,0.132793,0.131455,-1.29641,0.296468,0.934534,1.10214,-0.288396,-1.35692,-0.471205,0.734145,-0.24752,-0.00916291,1.08357,-0.40258,-1.46863,0.535127,-0.204056,-0.193221
-13.8604,-0.07871,-0.190313,-0.205169,-1.39226,0.03136,0.913155,1.21209,-0.296102,-1.64233,-0.377613,0.897869,-0.155468,-0.0068136,1.12807,-0.272093,-1.58349,0.635442,-0.169181,-0.147158
-13.4313,0.388128,0.0705131,-0.264135,-1.29067,-0.266404,0.396774,0.672225,-0.288437,-1.40261,-0.428245,0.705086,-0.0970605,-0.118938,0.680597,-0.731628,-1.50747,0.384305,-0.264395,-0.133635
-12.9815,0.480702,0.365751,0.0626735,-1.00802,-0.366977,0.480901,0.574396,-0.455892,-1.21825,-0.362421,0.598114,-0.396838,-0.287346,0.803049,-0.959812,-1.57459,0.170455,-0.094202,-0.145759
-12.5503,0.878837,0.19227,-0.188795,-0.742026,-0.379698,0.742038,0.790682,-0.74563,-1.11209,-0.320172,0.436318,-0.211786,-0.34554,0.694792,-0.86682,-1.56638,0.264385,0.00627372,0.035134
-12.3682,0.803148,-0.122668,-0.242786,-1.05638,-0.0487841,0.485104,0.538577,-0.396761,-1.52541,-0.612134,0.413854,-0.148691,-0.246568,0.504847,-1.23328,-1.83565,0.346595,-0.0916628,-0.0355414
-12.4595,0.979666,0.0975085,-0.194291,-0.912552,-0.330008,0.391935,0.427072,-0.525643,-1.20681,-0.621375,0.533225,-0.0108354,-0.388358,0.50028,-1.42011,-1.80817,0.0402139,0.0078517,-0.102582
-12.2956,0.985843,0.114178,0.175574,-0.942743,-0.29147,0.385724,0.814537,-0.411412,-1.34298,-0.586988,0.678458,-0.0919599,-0.29603,0.925704,-1.37234,-1.84093,0.396084,-0.0632667,-0.0425637
-12.5591,0.587023,-0.170765,-0.160699,-1.12963,-0.0402805,0.576085,0.861263,-0.405112,-1.32745,-0.760202,0.491861,-0.0898195,-0.367404,0.723235,-1.22978,-2.10026,0.25955,-0.138361,-0.0637899
-12.8993,0.693239,0.10353,-0.303885,-0.895521,-0.131793,0.591493,0.935258,-0.278165,-1.2228,-0.832414,0.350788,0.155128,-0.108995,1.12368,-1.18377,-2.01997,0.28528,-0.108246,0.0440788
-13.2646,0.298374,0.122916,-0.334614,-0.920042,-0.0990521,0.868796,0.616211,-0.34123,-1.19029,-0.857806,0.357014,-0.317725,-0.0847762,0.982148,-1.35261,-1.85197,0.290894,-0.0987222,0.225783
-13.4143,0.423866,-0.117792,-0.257345,-0.804822,0.29205,0.990471,0.935973,-0.51429,-1.38945,-0.70799,0.317316,0.0388901,0.00295018,0.891646,-1.26424,-2.02591,0.31594,-0.177283,0.279962
-13.6456,0.605904,-0.116949,-0.38213,-0.980014,-0.0854045,0.718392,0.87668,-0.847948,-1.5938,-0.624006,0.482611,0.0376214,0.258392,1.0331,-1.07994,-1.89772,0.536601,0.0324064,0.185095
-13.8068,0.577276,-0.110267,-0.490389,-0.939276,-0.141753,1.00409,0.926208,-0.573015,-1.52775,-0.558805,0.864665,-0.247952,0.216893,1.1284,-1.04906,-1.73272,0.534783,0.302619,0.0936084
-13.4812,0.0885037,-0.0959207,-0.213778,-1.09808,0.0526019,0.700219,0.876762,-0.598088,-1.25675,-0.603872,0.76404,-0.148559,-0.365768,1.33562,-0.687398,-2.32936,0.537709,0.0281002,-0.00576087
-13.244,-0.0512036,-0.225362,0.158003,-1.51464,-0.20268,0.779715,1.05102,-0.266338,-1.73139,-0.809357,0.955415,0.0977091,-0.0152141,1.51369,-0.372237,-2.41334,0.722302,0.227884,0.1481
-13.6877,-0.461006,-0.112829,0.00194597,-1.32078,-0.243256,0.566636,1.05034,-0.154907,-1.48731,-0.78738,0.855956,0.121783,-0.262565,1.52917,-0.293766,-2.43866,0.463532,-0.00811321,0.0590739
-14.1193,-0.269445,0.0537109,-0.144748,-1.28122,-0.128346,0.93301,1.09852,-0.495973,-1.56164,-0.785956,0.891297,-0.151966,-0.168979,1.51732,-0.750087,-2.17671,0.335174,-0.0575419,0.0165852
-14.3372,-0.00935294,0.177406,-0.0569217,-1.58372,-0.0748863,1.19007,1.43003,-0.441237,-1.76614,-0.556246,0.782942,-0.28676,0.109104,0.943674,-1.20512,-2.11362,0.311131,0.125342,-0.08892
-14.2722,0.106667,0.284582,-0.131309,-1.35307,-0.17132,1.24527,1.60851,-0.373605,-1.78233,-0.588076,0.742782,0.0738669,0.0727127,0.992753,-1.43078,-2.06842,0.657661,0.0908901,0.135275
-14.2159,0.326495,0.344474,-0.247293,-1.13305,-0.359079,1.0395,1.32929,-0.475817,-1.7512,-0.766095,0.539505,0.119382,-0.024844,1.04118,-1.06036,-1.62141,0.589657,-0.018737,-0.0602695
-14.6597,-0.0606146,0.0745263,-0.233773,-1.02019,-0.514267,0.579457,1.17859,-0.398084,-1.38899,-0.144481,0.91785,-0.27127,-0.270182,1.3611,-0.982592,-1.88456,0.894237,-0.281898,-0.148097
-14.8785,-0.272518,0.52785,-0.0766426,-1.30412,-0.760258,0.79913,1.65786,-0.383633,-1.74231,-0.889583,1.06626,0.44837,0.0354704,1.43962,-0.975383,-1.97036,0.914477,-0.1825,0.171789
-14.9155,-0.383534,0.038779,-0.052988,-1.19393,-0.427794,0.91972,1.66189,-0.242187,-1.46503,-0.953704,0.718169,0.209078,-0.24848,1.30893,-0.932248,-1.8775,0.849276,-0.414907,0.0978415
-14.8416,-0.234562,0.278747,0.0540947,-0.841797,-0.330142,0.700633,1.38831,-0.0894147,-1.31524,-0.580908,0.622218,-0.122394,-0.273738,1.1514,-0.970125,-1.89432,0.723815,-0.513192,-0.010803
-14.7613,0.237069,0.704342,0.153873,-0.797773,-0.442976,0.982884,1.3549,-0.288086,-1.21717,-0.254518,0.864144,-0.142828,-0.0198967,1.11736,-0.729591,-1.77016,0.553951,-0.223296,-0.0446254
-14.5748,0.625272,0.461783,-0.269387,-0.818888,-0.41252,0.631347,1.00808,-0.226038,-1.11971,-0.0690615,0.630024,-0.149418,-0.165204,0.999483,-0.829161,-2.03296,0.348164,-0.358492,-0.423557
-13.7068,1.04236,0.167931,-0.607642,-1.03313,-0.483309,0.588709,0.893759,-0.180673,-1.36503,-0.730309,0.768598,0.312636,-0.428644,0.876105,-1.09404,-1.97333,0.531039,-0.691671,-0.15557
-13.4552,1.26401,0.10904,-0.243925,-1.0541,-0.435394,0.462428,0.866337,-0.273192,-1.58493,-0.742157,0.609244,0.324674,-0.448509,0.929855,-0.981701,-2.17387,0.602121,-0.730401,-0.0105767
-13.5192,0.765308,-0.0856638,0.227225,-0.978705,-0.399724,0.608337,1.20674,-0.0159252,-1.39817,-0.4846,0.538762,0.503313,-0.366254,0.693764,-0.930451,-2.48542,0.365434,-0.453416,0.0946118
-12.7062,0.589744,-0.0954466,0.25161,-1.46369,-0.558947,0.176502,0.752639,-0.013267,-1.25118,-1.07614,0.605599,0.124683,-0.440922,0.547009,-0.515462,-1.96597,0.267973,-0.235872,0.086218
-12.396,1.02525,-0.384544,0.214585,-1.16003,-0.22526,0.287093,0.826175,0.104016,-1.27372,-1.27854,-0.0769535,-0.208691,-0.595014,0.338626,-0.32682,-1.43534,0.302327,-0.142099,0.258958
-12.7334,1.34731,-0.312726,0.301866,-1.16822,-0.167292,0.208143,0.781725,-0.226694,-1.01438,-0.894293,0.418169,0.0584037,-0.394631,0.370316,-0.305216,-1.79881,0.183999,-0.108077,0.066144
-13.1366,0.953215,-0.410854,0.239263,-0.997135,-0.0770519,0.0846953,0.537349,-0.125823,-1.14184,-0.809452,0.48448,0.235688,-0.32986,0.798675,-0.131658,-1.78396,0.473801,-0.178292,0.0950947
-13.1066,1.01463,0.249985,0.362242,-1.25214,-0.480094,0.089966,0.801688,0.244162,-1.15765,-0.828059,0.634689,0.388224,-0.224722,0.923054,-0.342002,-2.03826,0.0916748,-0.422927,0.204581
-12.5925,0.785239,-0.18077,0.157991,-1.17469,-0.471434,-0.0338107,0.426611,-0.00387573,-1.23416,-0.947823,0.473257,0.135452,-0.124173,0.787383,-0.498411,-2.21492,0.015317,-0.289591,-0.00249962
-12.0417,0.932485,-0.213445,0.32608,-1.01892,-0.577696,0.124458,0.534522,-0.0318868,-1.49024,-1.20506,0.452274,0.143899,-0.129182,0.511139,-0.307787,-2.15895,-0.156883,-0.171545,-0.0799421
-12.618,1.21298,-0.100138,-0.00344075,-1.17527,-0.707643,0.387213,0.744874,0.0837907,-1.5448,-1.15025,0.436741,0.057571,-0.700553,0.432998,-0.0442236,-2.41412,0.0663197,-0.083424,0.155764
-12.6443,1.28656,0.0541248,-0.20606,-1.4375,-0.529945,0.500625,0.841066,0.189144,-1.38867,-1.20474,0.539469,0.172674,-0.818794,0.208839,-0.308463,-2.37264,0.102457,-0.148273,-0.0944938
-12.5361,1.37621,-0.241384,-0.0564702,-1.31675,-0.716384,0.652173,0.610855,0.220793,-1.62197,-1.07826,0.584274,0.391869,-0.640621,0.292817,-0.174677,-2.3456,0.214112,-0.314602,-0.0337705
-12.3924,1.17138,-0.26036,-0.355474,-1.2708,-0.680235,0.519763,0.22201,-0.00858014,-1.19676,-1.29021,0.888097,0.447087,-0.611698,0.471127,-0.332949,-2.30059,0.0529803,-0.186064,0.0822888
-12.3473,1.333,-0.16286,-0.184707,-0.884785,-0.87994,0.430755,0.47678,0.164549,-1.34643,-1.02565,0.648723,0.356148,-0.454275,0.445311,-0.189757,-2.54885,0.173159,-0.141138,-0.313327
-12.307,1.00048,-0.209733,0.0668056,-0.958054,-0.768979,0.553996,0.488506,0.2823,-1.57456,-1.05149,0.598833,0.179299,-0.503388,0.349144,-0.0469675,-2.79575,0.0512047,-0.169332,-0.35966
-12.0531,1.02691,-0.0250383,0.19482,-0.916409,-0.427868,0.259964,0.413664,0.366127,-1.57485,-1.05519,0.570298,0.382699,-0.562213,0.512425,0.216849,-2.8206,-0.114979,-0.228134,-0.305147
-11.8248,0.641722,-0.212321,0.156581,-1.00816,-0.432732,0.478332,0.50007,0.118898,-1.0837,-1.03575,0.134773,0.111411,-0.373609,0.457542,0.339656,-1.78627,-0.294513,0.0961354,-0.297414
-10.5675,0.676627,-0.845831,-0.0335033,-1.60137,-0.489425,0.189274,0.208403,-0.0437206,-0.284849,-1.24105,-0.213349,0.0267001,0.0364229,-0.0906325,0.485081,-0.0576893,-0.371396,-0.26666,-0.257339
-10.8617,0.84295,-0.740693,0.194782,-1.88074,-0.574988,0.208632,0.577519,0.540013,-0.233625,-1.24396,-0.207645,-0.0948497,-0.432675,-0.184353,0.549347,-0.296213,-0.765399,-0.244607,-0.282504
-11.3493,0.937614,-0.288982,0.00182624,-1.95514,-0.59947,0.380153,0.631707,0.834762,0.105994,-1.2428,-0.257035,-0.0513464,-0.151035,-0.218852,0.208622,-0.6981,-1.02676,-0.343979,-0.0337296
-11.4703,0.82135,-0.353859,0.0427037,-1.81051,-0.620454,0.0218991,0.834295,0.791658,-0.0769937,-1.16454,-0.177989,0.0826446,-0.391659,-0.464314,0.239832,-0.567307,-0.969057,-0.359182,-0.0920059
-11.587,0.901504,-0.404096,0.249239,-1.75685,-0.755601,0.0943154,0.85963,0.762195,-0.0912216,-1.32379,-0.0467107,0.00791765,-0.518993,-0.427887,0.179502,-0.398323,-0.848683,-0.381887,-0.201324
-11.5504,0.718098,-0.53098,0.409295,-1.88568,-1.10338,0.213902,0.631064,0.850834,-0.230241,-1.61023,-0.275646,-0.0768779,-0.387948,-0.599081,0.157333,-0.303451,-0.660116,-0.565116,-0.269006
-11.5261,0.61288,-0.599071,0.580767,-1.63011,-0.995697,0.458774,0.807792,0.875288,0.0206908,-1.47733,-0.575906,-0.173557,-0.106189,-0.582948,0.287547,0.0989283,-0.714993,-0.330878,-0.111225
-11.7755,0.24385,-0.568753,0.597892,-1.67881,-0.85948,0.179432,0.852235,1.21329,0.176815,-1.40976,-0.625932,-0.212206,-0.174842,-0.576935,0.532161,0.126956,-1.06357,-0.499445,0.0248293
-12.1003,0.184562,-0.405274,0.673636,-1.71995,-0.774605,0.247365,0.745493,1.08517,-0.0128978,-1.11454,-0.607096,-0.0515959,-0.0929769,-0.390757,0.851119,0.0863702,-0.775989,-0.390211,-0.287364
-12.172,0.0790355,-0.355354,0.260867,-2.09293,-0.855995,0.423746,1.00522,0.914045,-0.160338,-1.15822,-0.722185,0.223066,-0.389077,-0.729661,0.721627,-0.0864532,-0.948417,-0.427578,-0.208495
-12.3077,0.274069,-0.301853,0.272592,-2.16241,-0.832692,0.235315,0.930089,0.896565,-0.0114564,-1.2024,-0.870924,0.18258,-0.0525892,-0.756238,0.586319,0.0626454,-1.06898,-0.394454,-0.0798152
-12.265,0.368516,-0.45897,0.119597,-2.01911,-0.673046,-0.127107,1.22091,0.909912,-0.125013,-1.21067,-0.787697,0.29886,-0.0912216,-0.598244,0.581278,0.349772,-1.10686,-0.430656,0.11354
-12.3019,0.305394,-0.593944,0.279335,-2.02562,-0.85214,0.0784386,0.880188,1.06,-0.247129,-1.1487,-0.728557,-0.0289405,-0.0434679,-0.660826,0.55971,0.543506,-0.897362,-0.492994,0.125631
-12.3614,0.39277,-0.829277,0.320217,-2.04694,-0.763313,0.31883,0.937314,1.01989,0.0632167,-1.27583,-0.647561,0.0219474,0.147504,-0.627414,0.401803,0.833705,-0.995646,-0.456722,-0.0231722
-12.357,0.810665,-0.665015,0.517612,-1.93773,-1.02412,0.104924,1.05734,0.98765,-0.02542,-1.16928,-0.509889,-0.0156131,0.12472,-0.621323,0.439984,0.833331,-0.912735,-0.49637,0.105003
-12.5218,0.567251,-0.765982,0.582832,-1.76267,-1.00878,-0.263637,0.615432,0.674812,-0.211306,-1.0732,-0.788943,0.203064,-0.121338,-0.422912,0.0626666,0.235709,-0.595388,-0.869309,-0.237961
-11.9289,0.892049,-0.9776,0.552312,-1.19868,-0.681928,-0.279964,0.301925,0.184486,-0.120607,-1.19433,-0.539372,0.192588,-0.0607356,-0.577082,0.0602805,-0.0901175,-0.285996,-0.781056,-0.108049
-12.3682,1.23965,-0.489966,0.523941,-1.40529,-0.475776,0.0288644,0.718109,0.291244,-0.374745,-0.995778,-0.411641,0.21671,-0.00014628,-0.574214,0.129716,0.0150238,-0.660845,-0.586528,-0.125419
-12.6308,1.60004,-0.291344,0.321953,-1.60558,-0.634747,0.263164,0.566637,0.491747,-0.312681,-1.0592,-0.412375,0.0669132,-0.156775,-0.772196,0.0585157,0.14858,-0.77801,-0.61814,-0.339835
-12.6246,1.79584,-0.513326,0.357311,-1.83093,-0.508665,-0.154065,0.630862,0.701009,-0.311483,-0.948276,-0.31995,0.0112421,-0.422511,-0.532052,-0.0203702,-0.0438206,-0.902338,-0.78135,-0.178146
-12.6369,1.51243,-0.533439,0.533668,-1.79041,-0.848505,-0.0127374,0.214055,0.653621,0.176816,-1.03543,-0.170815,0.0581986,-0.290722,-0.624898,0.202676,0.277411,-0.881704,-0.844197,-0.401557
-12.3839,1.63111,-0.665612,0.391004,-1.77224,-0.731395,0.110861,0.242529,0.690704,0.317516,-0.736665,-0.325022,-0.036243,-0.0813718,-0.727919,0.204746,0.28126,-0.978753,-0.56774,-0.138626
-12.672,1.07321,-0.678847,0.467209,-1.80732,-0.561553,-0.0679129,0.304768,0.719724,0.5791,-1.11172,-0.616656,0.301056,0.308409,-0.454358,-0.0234857,0.417253,-0.825922,-0.522603,-0.0836627
-12.4736,1.32005,-0.792329,0.747902,-1.48084,-0.604354,-0.129033,0.447407,0.596531,0.18152,-1.00071,-0.430742,0.272199,-0.0973003,-0.683649,0.141846,0.372686,-1.14868,-0.536148,0.0999975
-13.0052,1.19129,-0.906335,0.745261,-1.20088,-0.811524,-0.262112,0.545581,0.518947,0.115342,-1.18026,-0.376468,-0.00441847,0.152535,-0.73232,-0.0977743,0.52461,-1.1172,-0.449833,0.350782
-12.9246,1.49679,-0.605905,0.662227,-1.14987,-0.604387,-0.290246,0.260417,0.61158,0.116664,-1.16875,-0.260088,-0.0125756,0.164156,-0.84455,-0.075119,0.316961,-1.17621,-0.602168,0.270155
-12.8654,1.42552,-0.706591,0.597082,-1.55618,-0.666585,-0.0868466,0.491016,0.662471,0.0332989,-1.01748,-0.303566,-0.158666,0.171797,-0.891549,-0.00601135,0.384029,-1.10775,-0.602772,-0.0504392
-12.8294,1.0084,-0.681072,0.553967,-1.3,-0.615279,-0.271287,0.486386,0.837991,0.210645,-0.863247,-0.70315,-0.321745,0.349779,-0.662869,0.297765,0.739022,-1.12719,-0.61784,0.278176
-12.9211,0.860063,-0.848094,0.361858,-1.33357,-0.553826,-0.318126,0.543351,0.929839,0.262768,-0.784542,-0.557968,-0.401727,0.0220305,-0.913035,0.316519,0.711087,-1.30544,-0.708268,0.0732634
-12.9862,0.672321,-1.00162,0.39094,-1.43295,-0.740715,-0.00172878,0.2023,0.930184,0.196507,-0.96719,-0.513251,-0.630894,-0.0192163,-0.904862,0.459294,0.590807,-1.31839,-0.803818,0.127207
-12.8311,1.0687,-0.94638,0.386188,-1.62174,-0.820058,-0.119739,0.15246,1.10993,0.365411,-1.06435,-0.536514,-0.0458839,-0.154431,-0.959403,0.187992,0.641719,-1.35796,-0.807139,0.246958
-12.8387,1.39256,-0.750546,0.972887,-1.21696,-1.1038,-0.261051,0.543363,1.19637,0.421655,-1.12694,-0.676348,0.032157,-0.00650105,-1.01384,0.0136606,0.724987,-1.17068,-0.578997,0.0941005
-12.9511,0.939113,-0.864236,0.629953,-1.04933,-0.857854,-0.234605,0.630837,0.833651,0.37493,-1.31745,-1.04855,0.0409575,-0.306871,-1.03848,0.312935,0.705336,-1.09996,-0.93452,-0.111716
-12.9157,0.900407,-0.746557,0.660632,-1.20962,-1.07217,-0.568508,0.380553,0.906632,0.62453,-0.961652,-0.832698,-0.121053,-0.400878,-0.950391,0.475469,0.949727,-1.09383,-0.924792,0.322452
-12.1279,0.435036,-0.336573,0.361257,-1.07276,-1.19294,-0.611841,0.2732,0.781982,0.623693,-0.90497,-0.677717,-0.0601718,0.185913,-1.04687,0.0142977,1.08216,-0.67709,-1.17986,0.262745
-12.7971,0.548005,-0.236735,0.423038,-1.06095,-1.21502,-0.767722,0.580107,0.97061,0.566196,-0.934299,-1.07493,-0.209536,0.138588,-1.11766,-0.164214,1.11799,-0.505237,-0.922337,0.277865
-12.528,0.637318,-0.190675,0.380539,-1.1408,-1.17688,-0.61879,0.671517,0.958342,0.561307,-0.860562,-1.14388,-0.0692119,0.10052,-1.18568,-0.358499,1.02195,-0.570492,-1.06144,0.305608
-12.7996,0.550036,-0.389799,0.113129,-0.823769,-1.03145,-0.58589,0.468775,1.06142,0.575454,-0.894391,-1.0484,-0.285527,0.151306,-1.29899,-0.239861,1.23447,-0.581941,-0.98738,0.355973
-12.9306,0.53693,-0.491557,0.244486,-0.768699,-1.1386,-0.605269,0.0436499,0.970275,0.818917,-0.756536,-1.01487,-0.341594,0.0377081,-1.0944,-0.284613,1.1475,-0.80231,-1.13806,0.231596
-13.1606,0.614337,-0.238522,0.503139,-0.750327,-1.13294,-0.48656,0.477303,0.94564,0.799449,-0.80664,-0.938183,-0.254109,-0.157688,-1.17102,-0.228962,1.10853,-0.671498,-1.09657,0.388258
-13.0302,0.746957,-0.144885,0.439016,-1.02742,-1.06059,-0.53645,0.268547,0.965857,0.781074,-0.564318,-0.85051,0.200078,-0.0116412,-0.980245,-0.118509,1.1287,-0.576347,-1.09688,0.328151
-13.3408,0.665471,-0.261026,0.51372,-0.996987,-1.18421,-0.602492,0.294536,1.12887,0.63057,-0.729919,-1.08502,-0.107872,0.0785153,-0.974357,-0.307945,1.01254,-0.493859,-0.98948,0.325422
-13.4159,0.578867,-0.492599,0.326942,-0.985518,-1.13249,-0.349609,0.282513,1.12628,0.754598,-0.895069,-1.28694,-0.44341,0.11345,-1.09078,-0.395752,1.20409,-0.643733,-1.12235,0.290792
-12.8219,0.319694,-0.209264,0.704207,-1.07642,-1.25993,-0.44251,0.392471,1.19886,0.891991,-1.02155,-1.09302,-0.173546,0.266373,-1.19334,0.0917059,1.37222,-0.781054,-0.975103,0.471063
-13.6186,0.253472,-0.214266,0.56093,-0.958307,-0.813325,-0.339829,0.636932,1.01857,0.961201,-0.742638,-1.04626,-0.222475,0.138458,-1.1867,0.533655,1.5119,-1.09979,-0.920256,0.324761
-13.6189,0.429961,-0.432595,0.288401,-1.35648,-0.935995,-0.436886,0.595152,1.13005,0.703901,-0.891679,-1.02224,-0.0137534,0.174116,-1.04678,0.234569,1.2562,-0.939327,-0.849401,0.434919
-13.2161,0.0495451,-0.567427,0.0131091,-1.23621,-0.833254,-0.465971,0.133035,1.26183,0.867468,-0.921414,-1.01424,0.38596,0.363598,-1.11935,0.199087,1.50374,-0.699559,-0.877839,0.358621
-13.5484,0.0668525,-0.334093,0.279189,-1.19609,-1.05426,-0.275608,0.181431,1.34267,1.1541,-0.805212,-1.21082,0.105431,0.521444,-1.27097,-0.336867,1.44834,0.00367903,-1.1481,0.530565
-13.5192,0.113719,-0.149842,0.220396,-0.999098,-1.13136,-0.379239,0.303616,1.23673,0.976314,-0.617338,-1.2815,-0.0484785,0.471358,-1.37765,-0.209193,1.53821,0.0881113,-1.05276,0.490955
-13.4387,0.350108,0.0684703,0.331377,-0.888101,-0.83353,-0.32598,0.426463,1.62113,1.2716,-0.720087,-1.58414,-0.307473,0.232621,-1.37573,-0.175418,1.34085,-0.328488,-1.13269,0.537814
-12.841,0.285803,-0.244071,0.415415,-1.14023,-1.08739,-0.655474,0.281044,1.2832,1.23115,-0.617781,-1.34697,-0.179848,0.257338,-1.53405,-0.0961359,1.42803,-0.662561,-1.04839,0.440593
-13.4311,0.326351,-0.250094,0.498954,-0.792045,-0.596488,-0.744889,0.632039,1.30977,0.912818,-0.73489,-1.31679,-0.302244,0.258466,-1.44023,0.312512,1.34008,-1.17119,-0.678345,0.481267
-13.7665,0.380505,0.054609,0.574821,-0.689813,-0.763546,-0.604028,0.492267,1.24419,0.702566,-1.07069,-1.47501,-0.114647,0.252846,-1.46114,0.409276,1.30025,-0.797352,-0.891208,0.335574
-13.521,0.173317,0.184053,0.29911,-0.676595,-0.728995,-0.541909,0.376083,1.39633,0.542323,-1.11408,-1.18827,0.267324,0.374258,-1.58324,-0.227223,1.20322,-0.941846,-1.04806,0.572627
-13.2949,0.175139,0.00425666,0.270975,-0.861142,-0.744633,-0.817876,0.515952,1.10403,1.04748,-0.742535,-1.3251,-0.400585,0.441072,-1.62057,-0.394738,1.28407,-0.447893,-1.23796,0.516183
-13.7218,0.497656,0.124032,0.0859799,-1.08353,-1.01103,-0.846978,0.30641,1.303,1.36425,-1.01313,-1.60836,-0.349929,0.299686,-1.71137,-0.332049,1.57356,-0.47326,-1.33645,0.778684
-13.575,0.520909,-0.0483768,0.234233,-0.678077,-1.02685,-0.333208,0.426147,1.31522,1.19203,-0.776037,-1.40811,-0.395791,0.291572,-1.64807,-0.0233248,1.66882,0.146749,-1.22209,0.65532
-13.0088,0.0233245,-0.0676215,0.0550465,-0.7993,-0.834378,-0.625027,0.285111,1.28512,0.910057,-0.533984,-1.50463,-0.270381,0.202683,-1.46909,0.32971,2.0404,-0.137228,-1.04906,0.75158
-13.3292,0.130411,-0.333124,0.267108,-0.737309,-0.409454,-0.476676,0.306823,1.1303,0.560719,-0.746864,-1.53919,-0.403125,-0.13418,-1.54293,0.325555,1.41852,-0.443366,-0.780681,0.566686
-13.3343,0.17216,0.0540717,0.272454,-0.85579,-0.703356,-0.577548,0.377837,1.32924,0.416262,-0.69914,-1.21507,-0.0026168,0.0231478,-1.41767,0.395281,1.39183,-0.387217,-0.794469,0.553172
-13.5067,-0.254835,0.0588712,0.250916,-0.64223,-0.759259,-0.93544,0.416486,1.48722,0.479475,-0.672964,-1.0948,0.0422317,0.332257,-1.43217,-0.00906859,1.39526,-0.35463,-0.995869,0.466344
-13.4522,-0.0515024,0.13199,0.0794621,-0.791071,-0.589629,-0.551178,0.479638,0.898554,0.813168,-0.527377,-1.24321,-0.146035,0.30298,-1.49979,0.00464844,1.65566,-0.103992,-1.11047,0.631501
-13.7332,0.142776,0.0929789,-0.0265296,-0.786957,-0.793681,-0.480576,0.72664,1.25704,1.15354,-0.361074,-1.17377,-0.0716409,0.261521,-1.72044,-0.303806,1.85381,-0.0107217,-1.17677,0.446252
-14.1305,0.0925482,-0.0748935,0.11318,-0.769213,-1.03452,-0.405616,0.530541,1.07075,1.11829,-0.199365,-1.54993,-0.425876,-0.0208072,-1.39866,-0.0379311,1.91484,0.14224,-1.00128,0.541232
-14.2281,0.323123,0.205682,0.251322,-0.880528,-1.44689,-0.365941,0.829367,0.831282,0.8608,-0.469223,-1.36013,-0.0467531,0.278424,-1.39108,-0.198174,1.81833,0.245683,-0.653371,0.428201
-14.0527,0.190419,0.0297142,0.0503882,-0.915126,-0.970394,-0.1934,0.544949,0.707775,1.17314,-0.292177,-1.25437,-0.415058,0.195996,-1.4208,-0.0185564,1.92984,0.0403486,-0.627335,0.717268
-14.2577,0.173606,0.424485,0.374816,-1.02169,-1.2031,-0.162095,0.711616,1.03577,1.34268,-0.243005,-1.46631,-0.293496,0.113058,-1.27622,-0.0701893,1.72716,-0.00123619,-0.775733,0.564629
-14.4081,0.115227,-0.2438,-0.118577,-0.897131,-1.23221,-0.359672,0.749726,1.0905,1.02542,-0.0864951,-1.33351,-0.129001,0.309279,-1.15834,0.0892341,1.63182,0.142009,-0.556884,0.662758
-15.0464,0.376826,0.0742961,-0.250812,-0.899011,-1.26083,-0.449728,0.973742,0.772388,1.15976,-0.0669635,-1.76858,-0.174009,0.334643,-1.15372,0.223942,1.76948,0.0608005,-0.482996,0.497515
-14.9098,0.209588,0.179225,-0.090495,-0.620136,-0.989344,-0.49706,0.726172,0.876185,1.34118,-0.0758756,-1.85687,-0.349326,0.318479,-1.1759,0.139178,2.01761,0.234056,-0.470338,0.696863
-14.7769,0.18729,0.465941,-0.155235,-0.901957,-1.27387,-0.399564,0.616031,0.801864,1.33094,-0.0575066,-1.21271,-0.497339,0.35792,-1.19463,-0.0238342,1.95244,0.137727,-0.729142,0.539559
-14.5918,0.339119,0.252975,0.0990242,-1.0014,-1.3981,-0.44128,0.538408,0.942153,1.01604,-0.579255,-1.09777,-0.492589,0.1041,-0.940866,0.247274,1.95992,0.0812125,-0.683366,0.62027
-14.7357,0.457013,0.226124,-0.13151,-0.921522,-1.05273,-0.452535,0.340394,0.858863,1.34474,-0.0929996,-1.10244,-0.676829,0.0939904,-0.719004,0.267996,1.99125,0.143162,-0.744622,0.641805
-13.5317,0.0644357,0.0178476,0.0241426,-1.06735,-1.28472,-0.702717,0.426335,1.24016,1.21062,-0.271064,-1.35481,-0.00698206,0.426267,-1.16748,0.243802,1.78469,-0.0435736,-1.00661,0.403716
-14.0613,-0.165983,0.167855,0.441772,-1.19737,-0.663906,-0.704768,0.200863,1.16969,0.743067,-0.62648,-1.087,0.195665,-0.0152989,-1.22998,0.556172,1.79986,-0.0908395,-0.90704,0.504489
-14.6494,-0.194527,0.169398,0.922403,-0.988107,-0.534641,-0.808876,0.474098,1.01665,0.67802,-1.00479,-1.26582,-0.0445463,0.250438,-1.10663,0.268278,1.52063,-0.00715516,-0.915677,0.318529
-14.8558,-0.534396,0.272954,0.680727,-1.06571,-0.477955,-0.545387,0.0724887,1.20481,1.18801,-0.757935,-1.39913,0.0265881,0.396695,-0.892803,0.740817,1.87609,-0.143061,-0.911551,0.847449
-14.6999,-0.613009,0.115939,0.770095,-0.809529,-0.78385,-0.803188,0.338746,1.55491,1.13918,-0.885945,-1.44442,-0.172661,0.385809,-0.978481,0.451688,1.72173,-0.339572,-1.13615,0.561117
-14.6001,-0.501145,-0.199911,0.591184,-0.790555,-0.708613,-0.748473,0.344928,1.73227,1.30048,-0.695345,-1.20592,0.104681,0.125868,-1.13786,0.611181,1.77165,-0.201084,-1.01847,0.683948
-14.8512,-0.574945,-0.0150022,0.624309,-0.963401,-1.23546,-0.853851,0.208877,1.5866,1.16377,-0.772421,-1.56885,0.0404481,0.0778608,-0.985991,0.796082,1.72491,-0.123336,-0.948927,0.659411
-14.5263,-0.374458,-0.383687,0.291707,-0.823811,-0.732603,-0.262557,0.411997,1.45402,0.966964,-0.293761,-1.1469,0.0897035,-0.0479926,-1.03367,0.566476,1.53791,-0.21438,-0.822478,0.736807
-13.6311,0.300338,-0.562542,0.187381,-0.928713,-0.35328,-0.258213,0.319656,1.1656,0.695039,-0.187055,-0.940535,0.176408,0.143341,-1.02439,0.405835,1.26783,-0.178697,-0.571486,0.680016
-14.5361,-0.0360801,-0.374853,0.574653,-0.764591,-0.872052,-0.500428,0.436748,1.40924,1.01962,-0.313734,-1.35269,-0.18967,-0.0864145,-1.06017,0.719014,1.38793,-0.31014,-0.827048,0.668
-14.4166,0.240491,-0.177378,0.605332,-0.458347,-1.11897,-0.659825,0.322077,1.05169,0.836554,-0.273272,-1.39991,0.213407,0.146555,-1.05305,0.6337,1.46337,-0.196201,-0.785611,0.410237
-14.1535,0.244554,-0.558099,0.302336,-0.46139,-0.832209,-0.471755,0.427796,0.959469,0.394719,-0.325507,-1.1932,0.189932,0.166783,-1.1488,0.491699,1.41801,-0.233624,-0.793675,0.554564
-13.8784,0.305986,-0.480496,0.180401,-0.697387,-0.659319,-0.208666,0.435676,1.04116,0.674433,-0.529647,-0.942697,0.154177,0.309769,-1.18513,0.474273,1.47498,-0.133785,-0.596727,0.61912
-12.2793,0.853908,-0.580562,0.108978,-0.880379,-0.639021,-0.414382,0.263072,0.170947,0.174211,-0.460901,-0.590676,-0.00629223,-0.0483049,-1.10431,0.415364,1.19963,-0.151636,-0.650588,0.362379
-11.0998,1.00269,-1.06081,0.278931,-1.02764,-0.686787,-0.60155,0.242995,0.0190605,-0.0973181,-0.717619,-0.576172,-0.0867828,-0.187442,-0.52925,0.494065,1.04198,-0.0138425,-0.564751,0.487478
-9.73256,1.37741,-0.69217,0.471716,-0.787128,-0.046894,0.0429011,0.143233,0.0360429,-0.288632,-0.490101,-0.118786,0.126724,0.163544,-0.248695,0.605634,1.16147,0.218054,-0.316703,0.356324
-8.72484,2.27179,-0.427361,0.795035,-0.870366,0.128997,0.218738,0.108942,-0.279941,-0.108742,-0.305934,-0.070594,0.256375,0.0775171,-0.207441,0.268943,0.589002,0.409673,-0.306865,-0.141096
-8.26506,2.30351,-0.718579,0.768358,-0.428336,0.300554,0.16084,-0.00592505,-0.115685,0.155361,-0.225356,-0.27953,0.306138,0.218629,-0.146687,0.352037,0.496988,0.322209,-0.163989,0.116694
-8.17662,2.53868,-0.538916,0.875509,-0.34415,0.236462,0.343747,0.0732796,0.251091,0.336902,-0.304359,-0.394256,0.261601,0.141027,-0.4427,0.340484,0.58987,0.17197,-0.31643,0.253716
-8.2062,2.9249,-0.451441,0.884816,-0.277482,0.0397887,-0.186447,0.183839,0.396272,0.559034,-0.20765,-0.571357,0.263222,0.154054,-0.132018,0.166105,0.241454,0.284492,-0.0493008,0.265842
-8.48685,3.27951,-0.1111,0.693048,-0.238441,0.040298,-0.197344,0.240223,0.12825,0.238516,0.11669,-0.27432,-0.12409,0.191489,-0.0596328,0.134412,0.176925,-0.0161892,0.00400662,0.434643
-8.87521,3.31345,-0.251747,0.919964,-0.24514,0.299754,0.241893,0.270704,0.0566502,0.357824,0.029603,-0.342915,-0.18366,0.163848,-0.216068,0.272298,0.412315,-0.182183,0.08084,0.330527
-9.47302,3.17683,0.0163159,1.0655,-0.134034,0.358008,0.122053,0.325986,0.344562,0.349369,-0.106147,-0.229592,-0.120602,0.102274,-0.0148838,0.353546,0.505895,0.0699336,-0.0165225,0.339154
-9.63547,3.47542,0.0941004,1.16866,-0.0572292,0.449422,-0.297224,0.391665,0.598313,0.115511,0.0276306,0.120874,0.151398,0.182375,-0.103273,0.454397,0.530359,0.029729,-0.226558,0.474765
-10.0065,3.12745,0.40209,1.07133,0.241712,0.599793,0.0222883,0.484867,0.405879,0.0496737,0.0715186,0.0312743,0.195411,0.390366,-0.276923,0.0350304,0.489865,0.168375,-0.0976859,0.536821
-9.54016,2.89107,0.603995,1.30698,-0.0843832,0.350267,0.203646,0.152887,0.100865,0.276912,0.225885,0.137434,0.222104,0.307891,-0.316667,-0.0621486,0.371643,0.00807826,-0.0685615,0.52509
-8.93584,2.50655,-0.00427502,1.20887,0.0869155,0.36063,0.136577,0.0200567,0.0299122,0.178597,0.357409,0.0232207,0.11308,0.152593,-0.275786,0.0896613,0.632124,0.00296365,-0.105447,0.439086
-8.42578,2.62945,-0.113309,1.16159,0.0549627,0.377889,-0.16515,-0.0688931,-0.0950455,0.259484,0.239674,-0.0257812,0.241362,0.376409,-0.0465202,0.182138,0.309274,0.0585185,-0.182171,0.266431
-7.59857,2.69059,-0.101688,1.16384,-0.138126,0.381279,-0.182396,0.284629,0.0619266,0.172842,0.270834,0.280261,0.165061,0.0393414,-0.139578,-0.0910562,0.0281064,0.235128,-0.00441457,0.226902
-7.2745,2.60976,-0.0993939,0.984089,-0.507361,0.232492,-0.11489,0.229676,0.379177,0.447847,-0.222783,0.156393,0.362421,0.277417,-0.174545,-0.0902397,0.083226,-0.193383,0.106314,0.136365
-7.4005,2.83641,-0.35237,0.975327,-0.318043,0.260375,0.0915468,0.434797,-0.0193718,0.150129,-0.041378,0.228004,0.149789,0.189199,-0.18403,0.0280938,0.143257,-0.0327458,0.116937,0.10378
-7.47526,3.03059,-0.27716,1.03397,-0.248365,0.254501,0.129025,0.337754,-0.00618018,0.129202,0.0537782,-0.0697049,-0.0180612,0.34859,-0.157689,-0.0727657,0.0169916,-0.0521446,0.163426,-0.116256
-7.37314,2.6789,-0.353688,0.730845,-0.336528,0.317453,0.147805,0.317483,-0.184795,0.148459,0.0426619,0.40227,0.331224,0.132019,-0.161345,0.10321,-0.0248454,-0.00646577,-0.0336664,0.0856127
-6.65192,2.59712,-0.0796599,0.955881,-0.488935,0.050786,0.281969,0.193914,-0.0105296,0.189054,0.200064,0.00662841,-0.0111542,0.0662959,0.0950395,-0.121451,0.165647,-0.118782,-0.0306987,-0.00202878
-7.01275,2.31004,-0.208132,1.12438,-0.0595125,0.226315,0.296721,0.375842,-0.167162,0.290805,0.13067,-0.255322,-0.0985227,0.344549,-0.0632999,-0.212713,0.059215,-0.0841413,-0.334395,-0.0915569
-7.21031,2.46473,-0.17395,1.22778,-0.0725439,0.257827,-0.0642462,-0.0780298,-0.31406,-0.00569245,0.201693,0.218192,0.112347,0.277546,-0.442194,-0.0470685,0.421273,0.0146459,-0.171451,0.178999
-6.51952,2.66542,-0.354748,1.16714,0.100849,0.32332,-0.342198,-0.0808071,-0.167999,0.0548103,0.128521,0.0945477,0.24905,0.282023,-0.191262,-0.429474,-0.0393257,-0.0526105,-0.0397858,0.253877
-6.10265,2.36768,-0.293409,1.24793,-0.603858,0.0575841,-0.0599168,0.335869,-0.0687255,-0.274833,-0.132612,0.0410727,0.106809,0.178114,-0.498509,-0.180569,0.227715,-0.182826,-0.237404,0.166922
-5.97156,2.44742,-0.531031,0.995965,-0.654506,-0.0106389,0.046163,0.325068,-0.149409,-0.0414002,-0.0592416,0.12577,-0.150471,0.160476,-0.0747302,-0.0689381,-0.0290575,-0.315226,-0.273601,0.104606
-6.57175,2.656,-0.601847,0.688098,-0.370502,0.264806,0.0937848,0.0135575,-0.132334,0.262813,0.209048,0.160519,0.0673771,0.144499,-0.347287,0.0408963,0.0961714,-0.0619186,-0.101884,0.152694
-6.93296,2.54537,-0.643788,0.816337,-0.207758,0.158317,-0.259181,0.0802263,-0.25031,0.0147542,-0.113083,0.273038,0.128411,0.233207,-0.14323,-0.02031,0.0189559,-0.149969,0.195532,0.0525353
-6.74181,2.67649,-0.281212,1.31583,-0.286843,-0.134953,-0.38669,0.0556659,0.0113008,0.217937,-0.0108101,-0.0121914,-0.17594,-0.00314221,-0.194036,0.241463,0.236294,-0.0737933,-0.0794449,-0.0526896
-6.54664,2.2267,-0.37528,1.30354,-0.0673388,0.0636606,-0.0592001,0.256147,-0.0192007,0.219068,-0.038682,0.0562025,-0.22174,0.127462,0.0974247,0.264176,0.226384,0.0150421,-0.0224574,-0.272996
-6.52101,2.63764,-0.430764,0.92378,-0.536141,-0.0424834,0.117001,0.139416,-0.0559952,0.123652,-0.0508751,-0.0611894,0.0500721,0.348299,0.0202241,0.00797574,0.106632,0.149345,0.0458117,0.133242
-6.61911,2.47627,-0.669111,0.844624,-0.370814,0.030021,0.17729,0.549793,0.0780161,0.294618,-0.141683,-0.0858278,0.224879,0.20476,-0.0996725,-0.0589295,0.291107,-0.0837402,-0.157122,0.144554
-6.28104,2.87036,-0.719494,0.854189,-0.331068,-0.075597,-0.0804681,0.535463,0.257897,-0.0852408,-0.197258,0.124668,0.138582,0.212248,-0.251725,-0.176605,0.358619,0.216207,-0.173652,-0.108207
-5.98368,2.83389,-0.139833,1.10337,-0.491884,3.42472e-05,-0.0499862,0.519222,0.0771116,0.220514,-0.255368,0.306492,0.178446,0.217064,-0.263799,-0.193778,-0.0388991,-0.154938,0.193535,-0.0538001
-6.013,2.96368,-0.438073,0.828358,-0.20794,0.469031,0.151107,0.442821,0.282844,0.326952,-0.0327053,0.26161,-0.0269366,0.13515,0.0449336,0.0927512,0.0392104,-0.227705,0.229211,-0.057406
-6.33612,3.09101,-0.305824,1.14139,-0.181078,0.280014,0.224255,0.458103,0.0776299,0.0315545,-0.109072,0.0310737,-0.0991757,0.357222,0.0376978,0.0401154,0.080125,-0.11192,0.339401,0.152963
-6.43241,2.80816,-0.332983,1.04941,-0.293037,0.396408,0.0967599,0.371572,-0.0616099,0.0245953,-0.295127,-0.0101427,-0.00466226,0.255559,0.108433,0.053865,0.00493904,0.186259,0.176882,0.182932
-5.74559,2.69057,-0.377222,0.550408,-0.705391,-0.0431983,-0.0288007,0.469599,0.119348,0.114974,-0.0949383,0.162992,0.281963,0.322815,-0.242365,0.0195257,0.0670561,0.00430543,-0.0493066,0.00814216
-6.07803,2.6862,-0.295172,0.807902,-0.543362,-0.118556,0.00552251,0.429727,0.224905,0.474828,0.0418693,-0.109505,0.110085,0.382583,-0.14883,0.050313,0.125727,0.0586453,0.144061,-0.0745248
-6.26888,3.01531,-0.172685,1.21718,-0.221444,-0.134614,0.0862126,0.416657,-0.0184561,-0.0432271,-0.000383599,-0.0155474,0.11002,0.438312,-0.225131,-0.263727,0.206862,-0.0563815,0.0600332,0.022604
-6.19403,3.04518,0.00841901,1.09596,-0.243063,-0.0229057,0.0421644,0.284314,-0.209315,0.254163,0.233194,0.0995508,-0.175686,-0.0938065,-0.362154,0.0990421,0.213048,-0.286486,-0.0586816,0.144077
-5.92916,2.94404,-0.372884,0.885068,-0.461234,-0.0882859,0.122043,0.374497,0.0288018,0.141448,-0.123405,0.181604,-0.13347,-0.119644,-0.140233,-0.0388118,-0.131453,-0.289834,-0.090703,-0.0179597
-6.01819,2.65197,-0.630445,0.537795,-0.264562,0.272119,-0.0676778,0.208418,-0.0606998,-0.0816817,-0.169491,0.0569649,-0.0422079,0.00582927,-0.0839205,0.0500342,0.151615,0.0149576,0.311039,0.113869
-6.54389,2.73431,-0.351056,1.02958,-0.169221,-0.120718,-0.0716725,0.270788,-0.208656,-0.105605,-0.0228618,0.0589637,-0.167798,-0.0572882,-0.294228,-0.0129165,0.0799728,0.31176,0.239233,0.23364
-6.43847,2.69873,-0.494073,0.791926,-0.411219,-0.2902,-0.292785,0.505374,0.0133729,0.0176657,0.139726,0.25504,-0.0469581,0.26974,-0.177993,-0.105919,0.162583,-0.280729,-0.230229,-0.143247
-6.31412,2.82955,-0.429446,0.856604,-0.116243,-0.0215347,0.155336,0.513594,-0.0231509,0.303347,-0.000556619,0.00350985,-0.116739,0.398864,-0.235737,-0.119624,0.0419507,-0.187805,-0.0236685,-0.242127
-6.2451,2.52953,-0.215685,1.11476,0.0119974,0.223752,-0.00435211,0.290779,0.0232891,0.161981,0.20153,0.014778,0.221631,0.468812,-0.169548,-0.103079,-0.0878054,-0.262328,-0.0724341,-0.130046
-6.26231,2.80375,0.073788,0.9408,-0.0723494,0.446831,0.0313854,0.212551,-0.293094,0.320196,0.220755,-0.0896045,-0.137522,0.132046,-0.101113,-0.118848,0.0525479,0.134193,0.120803,-0.231616
-6.5265,2.70425,-0.131623,0.852859,-0.354023,0.160676,-0.0467672,0.367106,-0.116058,0.0629666,0.0402737,0.0419895,0.071874,0.305539,0.0251493,0.0587206,-0.07031,-0.00974369,-0.0010291,0.0523492
-6.64732,2.64844,-0.384275,0.952134,-0.19611,0.0465285,-0.0880126,0.0230099,-0.281364,-0.120767,0.0382432,0.210728,0.143821,0.406987,0.0346206,-0.165803,-0.0169632,-0.188635,-0.106628,0.191644
-6.31599,2.93676,-0.44581,0.904133,-0.451357,-0.0434252,-0.071743,0.396086,-0.168578,0.00276441,-0.0920594,-0.161701,-0.275557,0.217369,0.0195504,-0.124414,0.00310641,0.0174006,-0.0586611,0.0148696
-6.32777,2.98421,-0.13695,0.954398,-0.274088,0.0122863,-0.261604,0.184509,-0.0833923,0.244787,0.136319,0.141957,-0.0862085,0.0273082,0.128218,-0.240292,-0.13181,0.0803612,-0.101647,-0.149526
-6.70194,2.96921,-0.184539,0.692617,-0.298109,0.342689,0.178824,0.166283,-0.122563,0.14762,-0.0309528,0.383458,0.0538886,0.187203,-0.0373925,0.0399271,0.0785728,-0.0711138,-0.0478897,0.0314929
-6.5191,2.7814,0.103252,0.99457,-0.307373,-0.023988,-0.0208821,0.53294,0.0410784,0.250799,-0.121119,0.190764,-0.110083,-0.112973,-0.146368,-0.0422966,0.141913,-0.200413,-0.176478,-0.0348613
-6.1516,3.11939,-0.0208458,0.91165,-0.372675,-0.20683,-0.0426964,0.548442,-0.00960319,0.22707,0.186068,0.301251,0.194433,0.150032,-0.232426,-0.231157,-0.11401,-0.208676,-0.0130837,-0.078081
-6.24863,2.92428,-0.174432,0.969461,-0.520343,-0.176538,-0.188554,0.261199,-0.0729648,0.242876,0.232625,0.312017,0.353384,0.197842,-0.0935237,0.0882912,0.247602,-0.127416,-0.186181,-0.177279
-6.97372,2.58811,-0.189613,0.885124,-0.466197,0.0933633,-0.0453321,0.0678098,-0.0700385,0.35572,0.133859,0.262258,0.142823,0.223618,-0.142692,-0.0678676,0.116602,-0.188233,-0.239702,-0.0490106
-6.55996,2.84046,-0.580485,0.829388,-0.401419,-0.225887,-0.0487719,0.250941,0.143186,0.141331,0.0101068,0.262157,-0.0362469,0.112745,-0.0629156,-0.006228,0.0718311,-0.186002,-0.0743289,-0.0310483
-6.77779,2.59855,-0.579697,0.919426,-0.16124,-0.404297,-0.877768,0.0709534,-0.20711,-0.082168,-0.0125664,0.0217709,-0.109053,0.281921,0.159958,-0.120471,-0.15133,-0.158,-0.0329084,0.0188281
-6.64036,2.57177,-0.438766,0.967403,-0.434959,-0.0817194,-0.478476,0.0358269,-0.0962082,0.0356465,0.0447164,0.19359,0.00903195,0.181965,-0.28451,-0.158875,-0.0494534,0.034611,0.0922259,-0.0627161
-6.71627,2.92065,-0.325478,0.78565,-0.473853,0.0865573,0.163258,0.311901,-0.247192,-0.276723,0.182395,0.0305216,-0.152381,0.251985,-0.00230162,-0.0371344,0.164513,0.218635,-0.0187517,-0.169912
-6.42367,3.14119,-0.291466,0.831881,-0.166576,0.204121,0.292203,0.36854,-0.0945008,-0.0401154,0.0377747,-0.0126415,-2.61035e-05,0.331714,0.0435819,0.00567032,0.1566,-0.0421484,-0.307089,-0.294631
-6.41494,3.13216,-0.264355,0.859243,-0.100921,-0.0171164,-0.263336,0.266511,-0.0598783,0.0591618,0.0262705,-0.17082,-0.153548,0.271661,0.0682985,0.0799739,0.187706,0.100053,-0.308807,0.191881
-6.67004,3.01113,-0.111805,0.884025,-0.438796,0.0148204,-0.0708693,0.199481,-0.288867,-0.202232,-0.220956,0.249503,-0.0414247,0.0376323,-0.217965,0.164878,0.031016,0.0764366,0.267878,0.0283643
-6.88392,3.03151,-0.4393,0.594819,-0.417173,0.156732,0.316986,0.58273,-0.226555,-0.132351,-0.0692673,0.137383,-0.0169374,0.285422,-0.149947,-0.304167,-0.0447681,0.144891,0.197096,-0.103462
-6.63898,3.00102,-0.518873,0.575833,-0.236775,0.111841,0.0571723,0.278832,-0.289192,0.0356409,-0.257452,0.115454,0.138661,0.129101,-0.115462,-0.217004,-0.127982,0.0338365,0.0348188,0.131093
-6.71359,3.15084,-0.694894,0.601837,-0.190859,0.0116251,-0.22891,0.486784,0.147474,0.0691385,0.161245,0.301293,0.107737,0.281972,-0.209972,-0.317623,-0.208063,-0.282122,-0.223503,-0.0281974
-6.66809,3.31329,-0.448842,1.01508,-0.123167,0.136693,-0.252879,0.312642,-0.111412,-0.0348439,0.098539,0.218967,-0.277298,0.0201485,-0.168127,-0.172416,0.0596177,-0.134646,-0.28634,-0.155296
-6.5694,3.36368,-0.473466,0.815515,-0.305499,0.176486,0.0115675,0.330396,-0.310303,-0.150698,0.0414045,0.103127,-0.0480821,0.0233562,0.0914615,-0.166045,0.0240402,-0.332883,-0.119723,-0.069141
-7.13818,3.14074,-0.594596,0.664583,-0.465107,0.317699,0.249051,0.301408,-0.267871,0.126475,-0.0894657,-0.0908436,-0.0189254,0.187516,-0.0491925,-0.00766513,-0.0351783,-0.136729,0.0505656,-0.128248
-7.14708,3.16307,-0.370565,0.766081,-0.333818,0.274258,-0.00731801,0.0954941,-0.402069,-0.0364788,-0.150532,0.179884,-0.0361138,0.292964,0.0997171,0.166027,0.0462982,0.0367801,0.100998,0.0511407
-7.20244,2.92343,-0.839472,0.367487,-0.629256,-0.390547,-0.279322,0.470487,-0.0604903,0.129903,-0.0502332,0.146533,-0.163294,0.210641,0.035082,0.0738139,0.039434,0.120446,0.268736,0.255567
-7.13995,2.87965,-0.429767,0.639371,-0.606793,0.0967676,-0.140315,0.282949,-0.091359,0.283344,0.292159,0.282778,-0.0426619,0.207224,0.229607,-0.102571,-0.0368387,-0.124087,-0.071046,-0.0712629
-7.02851,3.00008,-0.506142,0.657325,-0.239774,0.140184,-0.0648061,0.346263,-0.206021,-0.0313623,0.0314911,0.396337,0.00694261,0.340272,0.130414,-0.249744,-0.227699,-0.0643388,-0.0234716,0.090727
-7.38233,3.41243,-0.44118,0.621544,-0.380037,0.348017,0.214839,0.760528,0.170216,-0.21972,-0.415325,0.127278,0.0930895,0.19795,-0.226205,-0.246647,0.0043326,0.152174,0.100191,-0.0934135
-7.08106,3.29696,-0.413038,0.919143,-0.278994,0.270604,0.0215067,0.256231,-0.0325828,0.285489,-0.30963,-0.0818185,0.0388077,0.250976,-0.193501,-0.0837992,-0.130159,0.132289,-0.0645986,-0.103377
-6.85151,3.10018,-0.552295,1.17638,-0.179665,0.146399,-0.294713,0.33412,-0.246351,-0.0992901,-0.347906,-0.00254072,0.10374,0.403078,0.0736037,-0.240713,-0.305595,-0.027055,0.0550975,-0.0233026
-6.8543,3.35665,-0.544328,0.866995,-0.491977,0.202434,-0.420591,0.0876923,-0.370368,0.133997,-0.0281332,0.109715,-0.227105,0.225742,0.112101,-0.105668,-0.0341674,-0.0141354,0.146422,0.0122512
-7.28451,3.36837,-0.382676,0.727744,-0.358489,-0.0203144,-0.263356,0.345934,-0.442256,0.19134,0.234673,-0.0432928,0.0969085,0.205264,0.259702,-0.236621,-0.0497024,0.154496,0.0981017,-0.0155466
-7.61239,3.45297,-0.204632,1.12169,-0.193618,0.0989206,-0.143722,0.405916,-0.333271,0.269276,0.179273,-0.00736031,0.196337,0.198243,0.200441,-0.14147,-0.194665,-0.0128247,0.000108261,0.0761014
-7.36927,3.61482,-0.306119,1.15734,-0.130067,0.0802492,-0.199846,0.255731,-0.0787184,0.496104,0.078724,0.188886,0.0723611,0.343074,0.20077,-0.117683,0.294138,-0.0290096,-0.100991,0.0695348
-7.31496,3.76174,-0.367839,1.01637,-0.338339,0.263399,-0.0845997,0.404711,0.228386,0.334331,-0.0265555,0.35294,0.132549,0.58249,0.152151,-0.142936,0.145606,-0.109733,-0.327499,0.170108
-7.75827,3.8806,-0.231405,1.12667,-0.240164,0.370923,-0.251318,0.441627,0.155773,0.340619,-0.100632,0.299607,0.079056,0.432744,0.23479,-0.269868,-0.138445,0.104505,-0.0213264,0.14236
-8.14331,3.97451,-0.0991309,1.29045,-0.231673,0.352505,-0.175213,0.312186,-0.145221,0.17858,0.146153,0.231823,-0.219253,0.471704,0.022083,-0.238279,0.0642396,-0.0147629,-0.249514,0.274842
-8.49829,3.58317,0.0653651,1.29611,-0.124624,0.377757,-0.393463,0.217114,-0.292182,0.28271,0.234721,0.381265,-0.142782,-0.103369,-0.00219072,-0.164978,0.382539,0.00510808,-0.284756,0.126064
-8.68772,3.5498,-0.487177,0.903141,-0.46438,0.497547,0.0361066,0.138103,0.0288417,0.273683,0.210582,0.3756,0.122382,0.127859,-0.0025348,0.0622603,0.127689,0.0437489,-0.232503,0.0690057
-9.14646,3.83368,-0.474682,0.932389,-0.515443,0.249664,0.0526098,0.278243,-0.153558,0.00917444,0.201647,0.425129,-0.226231,0.0570864,0.187745,0.284317,0.185246,0.149056,0.00814637,0.0266294
-9.50201,3.82493,-0.256799,1.31871,-0.448206,0.204327,0.145452,0.299282,-0.209314,0.0748691,0.0798935,0.477269,0.00943737,-0.0258976,0.123616,0.254504,0.472834,-0.0571752,0.0441804,0.284302
-9.96637,3.7928,-0.146795,1.30862,-0.187261,0.399725,0.20669,0.434194,-0.168025,0.162875,0.14478,0.131769,-0.0693612,0.299191,0.144222,0.208309,0.403658,0.11665,0.0100769,0.177882
-10.2309,3.88889,-0.24839,1.03503,-0.0327096,0.535403,0.0663885,0.368624,-0.346047,0.147749,0.247799,0.384618,-0.189068,0.314564,0.328713,0.133617,0.310365,0.0475238,0.0613107,0.162194
-10.6237,3.72884,-0.118792,1.3471,-0.2862,0.335149,-0.04718,0.398885,-0.146213,0.0850708,0.0162716,0.131975,-0.26246,0.033477,0.251728,0.191885,0.377204,0.467122,0.110936,0.11665
-10.7032,4.06375,0.105898,1.56756,-0.123398,0.386187,-0.243209,0.355466,0.0120123,0.271394,0.142173,0.0517458,-0.450252,-0.126159,0.291261,0.272814,0.159547,0.271626,0.0196349,0.0504973
-10.639,4.14532,-0.0935553,1.62145,0.161177,0.391271,-0.274941,0.161259,-0.0190655,0.269898,0.113103,0.158682,-0.184018,0.00162093,0.475252,0.287178,-0.108839,0.228538,-0.07073,0.0108554
-11.0895,4.20813,0.10817,1.44387,0.105731,0.380826,0.120172,0.389577,0.0360427,-0.0283509,-0.127663,-0.0104296,0.103668,0.46087,0.377846,0.0432102,-0.279381,-0.0125731,0.143138,0.292652
-11.29,4.22465,0.184603,1.56424,0.00121025,0.477945,0.0815971,0.364486,-0.184719,0.00444756,-0.0990897,0.162498,-0.0552273,0.0888139,0.354318,0.187637,-0.0577079,0.224195,0.153198,0.339424
-11.3837,4.29423,-0.14371,1.34456,0.147446,0.73311,0.1847,0.118468,-0.175999,0.269589,-0.166986,-0.168084,-0.186759,0.0862816,0.281435,0.366356,0.396895,0.163495,0.0246557,0.290231
-11.503,4.52331,-0.101405,1.34559,-0.0388229,0.479639,0.0171353,0.113964,-0.00038077,0.173726,-0.092336,-0.109374,-0.353159,0.153306,0.389153,0.28611,0.0933417,0.438989,0.272726,0.258284
-11.5668,4.40553,-0.195253,1.34921,-0.0726471,0.603452,0.0939778,0.208297,-0.14495,0.20379,0.0371721,-0.17359,-0.38414,0.14069,0.169137,0.359351,0.492787,0.43469,0.180836,0.104939
-11.8592,4.41981,-0.334979,1.40503,-0.25574,0.295519,-0.118455,0.253428,0.400015,0.524773,-0.134854,-0.069558,-0.0513941,0.19084,0.0574588,0.184817,0.201128,0.299673,0.271166,0.163948
-12.3171,4.34609,-0.153417,1.18829,-0.368816,0.27933,0.13136,0.457702,0.54697,0.355947,0.0505846,0.200581,-0.0799461,0.3786,-0.0203553,-0.148107,-0.112723,0.118817,0.139971,0.0657351
-12.4552,4.34255,-0.291294,1.24062,-0.0362555,0.74895,-0.061203,0.191175,0.0998553,-0.0578127,-0.114275,0.185961,0.218749,0.390027,-0.0528802,-0.155973,0.097084,0.275379,0.257789,0.307777
-12.8304,4.37413,-0.27558,1.37927,-0.0534646,0.676134,0.134436,0.541719,-0.121837,-0.169696,-0.40265,-0.0143766,0.278162,0.0539222,0.11556,0.236893,0.122159,0.166624,0.107843,0.3082
-12.8739,4.32084,-0.16079,1.46544,-0.0106431,0.150737,0.10038,0.546322,-0.105241,-0.160939,-0.367037,-0.0155704,0.0118143,0.153628,0.281369,0.0262704,0.186811,0.348193,0.0680208,0.217022
-13.1106,4.41185,-0.0557317,1.76288,-0.253719,-0.0753809,1.41594e-05,0.236903,0.158385,0.237103,-0.131415,-0.14499,-0.273594,0.267159,0.282939,-0.0362968,0.109161,0.261689,0.188033,0.15574
-13.4815,4.24975,-0.314142,1.44361,0.0127315,0.575886,0.218987,0.176798,0.0552477,0.171089,-0.059946,0.0508693,-0.14135,0.229921,-0.120347,-0.203959,0.173381,0.139118,0.187442,0.504766
-13.3508,3.95019,-0.159269,1.40597,0.294792,0.512054,0.243709,0.568138,0.188448,0.0912455,-0.268202,0.00440795,0.139952,0.347019,0.0151082,-0.204273,0.0359336,0.490497,0.155242,0.111903
-13.518,4.20891,-0.0145835,1.4212,0.228816,0.412475,0.269623,0.336265,-0.0800343,0.381222,0.080424,0.22687,0.0345717,0.0199437,-0.10224,0.0552193,-0.0491097,0.316305,0.1373,0.00641981
-14.1504,4.16516,-0.0131452,1.28483,0.29978,0.426208,0.270216,0.294661,0.139431,0.110292,0.257287,0.370191,-0.171432,0.130711,0.213627,-0.166983,0.130663,0.296254,0.255572,0.329672
-14.0243,4.19887,-0.233609,0.773947,0.238699,0.503762,0.153781,0.400128,0.403424,0.169079,0.0880065,0.0482319,-0.104983,0.287228,0.304364,0.146656,0.32316,0.365463,-0.0217639,0.0343262
-14.0135,4.25013,-0.156612,0.656304,0.114737,0.328322,0.521315,0.33922,0.248049,0.328826,0.290064,0.0409083,-0.167094,0.25311,0.286148,0.172813,0.326822,0.275005,-0.0776297,0.0890439
-14.3734,4.38372,-0.161659,1.10498,-0.0631125,0.494803,0.426598,0.463642,-0.00493916,0.149235,0.199775,-0.252978,0.131602,0.100768,0.218478,0.0218537,0.148264,0.186451,0.0343882,0.0581764
-14.2837,4.43013,-0.219708,1.14236,-0.0657279,0.115515,0.347686,0.419532,-0.00659384,0.0491592,0.0233791,0.165747,0.246026,0.26978,0.220161,-0.0596787,-0.232888,0.185389,0.0972135,0.0114987
-14.784,4.47165,-0.0628678,1.29649,-0.00529053,0.0499028,0.233421,0.380705,0.00716909,0.0900032,0.0348133,0.115832,0.0786662,0.437411,0.15582,-0.263063,-0.121233,0.319363,0.00699425,-0.0496434
-14.9289,4.39974,-0.162251,0.986579,0.285233,0.29067,0.165967,0.333943,0.0498062,0.128339,0.0617916,0.063383,0.116703,0.412281,0.173718,-0.162101,0.0561845,0.167253,0.185885,-0.183449
-14.967,4.46856,-0.33459,1.03121,0.0990736,0.256617,0.370719,0.218529,0.053621,-0.0259018,0.120623,0.280222,0.283683,0.128891,0.191821,-0.0024223,-0.18763,0.0846451,-0.0978765,0.0562189
-15.3995,4.37276,-0.110663,0.878353,0.196116,0.396556,0.256015,0.350049,-0.0565744,-0.101484,0.364611,0.413512,-0.0910487,0.310102,0.0555759,-0.236152,-0.177538,0.104704,-0.175462,0.0656968
-15.6622,4.31861,0.148788,1.13511,-0.153077,0.178332,0.43337,0.568202,-0.0404594,-0.140218,0.194444,0.539372,-0.0775721,0.006216,-0.0110601,-0.376571,-0.160115,0.0108546,-0.115289,-0.0676075
-14.5819,3.12932,0.672167,0.700293,0.489275,-0.146979,-0.0262972,0.600777,0.231466,-0.115732,-0.20727,0.201302,0.00587189,0.0263787,-0.170518,-0.0600294,-0.0733069,0.16419,-0.0112396,-0.213878
-15.5413,4.12541,0.102792,0.803301,0.141283,0.129025,0.279436,0.455387,0.322417,-0.139125,-0.0453552,-0.316899,-0.198246,0.0697882,0.0492588,-0.0341795,-0.136237,0.0323129,0.0115834,0.0693749
-15.9146,4.35669,-0.154858,1.0302,0.0662981,0.419656,0.608739,0.13864,0.203601,0.189775,-0.301099,-0.332363,-0.404355,0.0938344,0.0540007,-0.0245366,-0.139272,0.0965337,0.101298,-0.0515366
-16.0176,4.26838,0.082108,0.825351,0.3543,0.357449,0.363914,0.1436,0.211145,0.0790401,0.116042,-0.0428046,-0.244287,-0.0777658,-0.0422032,-0.151407,-0.215238,-0.20437,-0.00104178,0.114531
-15.9223,4.00535,0.411695,0.922833,0.251779,0.292322,0.422883,0.262604,0.0122952,0.0742708,-0.117584,-0.109775,-0.218832,0.113896,-0.00846171,-0.373722,-0.318505,0.258081,0.348509,-0.163973
-15.8735,4.00034,0.737269,0.968211,-0.00628678,0.126156,0.153844,0.254171,-0.265857,0.179023,0.270504,-0.0274671,-0.0414385,-0.0361018,-0.230284,-0.287822,-0.0586162,-0.0166472,0.0260971,0.00493564
-15.387,3.67623,0.635475,0.506301,0.0780651,0.19669,0.237391,0.0034481,0.280045,0.326551,-0.0326722,0.00746798,0.0511802,-0.0973944,-0.0433072,-0.256277,-0.0752918,-0.14489,-0.151432,-0.0207823
-16.4238,3.97017,0.465467,0.588813,0.184374,0.200501,0.116897,0.385546,0.143924,0.265236,0.226626,-0.0458689,-0.143368,0.127773,-0.0667898,-0.452911,-0.178253,-0.116523,-0.277558,-0.0971864
-16.2987,3.82971,0.461944,0.817762,0.282139,-0.293518,0.441498,0.10398,0.2201,0.0621783,0.340028,0.288216,-0.12744,-0.125975,-0.0262633,-0.0981258,-0.18456,-0.292388,-0.164325,-0.201644
-16.7183,3.99992,0.243831,0.504887,0.453531,0.320077,0.108532,0.385576,0.226833,0.400196,0.313011,0.0812309,-0.14373,-0.00209251,-0.0470283,-0.188066,-0.302893,-0.214147,-0.204802,-0.160608
-16.7343,3.65227,0.325937,0.732076,0.585039,0.095499,0.465624,0.0845093,0.229956,0.227427,0.358738,-0.0786545,-0.170065,-0.137681,0.0303269,-0.0025177,0.0344999,0.0118353,0.0415673,-0.233935
-17.1743,3.10286,0.127078,1.02898,0.431203,0.350841,0.716421,0.699326,0.337929,-0.0160947,0.0567198,-0.0460368,-0.0760779,-0.30064,-0.0327178,0.0238615,0.0838867,0.120511,-0.117195,-0.00789994
-17.1863,3.1282,0.825927,0.942297,0.647808,0.274634,0.574298,0.0686953,0.0609147,-0.175139,0.208213,0.000717486,0.164299,0.0953976,-0.00774962,0.218482,-0.226284,0.0353878,0.185053,0.159852
-17.3754,3.57967,0.435902,0.704701,0.517995,0.366538,0.331713,0.299034,0.275875,-0.0132096,0.0689967,-0.2134,0.248434,0.177126,-0.0887266,-0.245345,-0.331446,0.140902,-0.040034,-0.0294604
-17.0301,3.3549,0.781354,0.544671,0.254659,0.539131,0.148092,0.455364,0.228704,0.308682,0.0716049,0.0665278,0.275449,0.229191,-0.0405704,-0.192642,-0.192667,-0.356719,-0.149528,0.0463576
-17.3961,3.53903,0.651691,0.727111,0.513366,0.375982,0.202429,-0.104965,0.057187,0.506511,0.159083,0.145544,-0.0603122,0.00562283,-0.0333606,0.0537808,-0.107415,-0.141445,-0.310364,-0.0432624
-18.04,3.317,0.663122,0.925576,0.234838,0.0607042,0.131838,0.0861348,0.00729081,0.100208,0.12507,-0.0480286,-0.0478275,0.00639622,-0.0846335,-0.00571549,0.0134546,-0.0426218,-0.297533,-0.170562
-17.4085,3.17043,0.180004,1.02799,0.402709,-0.162146,0.039562,0.0754707,-0.019755,0.0785651,0.0746936,0.0691454,-0.00405532,0.0815593,-0.225375,-0.0365843,-0.0687123,0.134825,-0.22546,0.091184
-17.8772,3.17268,0.341599,0.965705,0.451939,0.387412,0.147081,0.0200622,-0.196735,0.0714738,0.160426,0.0361774,0.215418,0.472987,-0.111293,-0.346209,-0.109979,0.0101913,0.184222,0.188824
-18.0196,3.16814,0.44009,0.993405,0.424359,0.284799,0.32877,0.283173,-0.096963,-0.109261,0.141426,0.239722,-0.0587249,0.269932,-0.109729,0.0595153,-0.0686147,-0.0338228,0.247846,0.259734
-18.1427,3.19312,0.331054,0.908158,0.305655,-0.0298012,-0.0299155,0.133916,0.279102,0.177493,0.0210388,0.119651,0.0186726,0.0110731,-0.0284662,-0.00185478,0.0118087,0.22128,0.158826,0.0985052
-18.3926,3.15778,0.365254,0.658793,0.0933966,-0.120995,0.0643702,0.125619,-0.0948834,0.387726,0.512124,0.144961,-0.067713,-0.0163884,0.270756,0.262983,0.0827985,0.104668,-0.0125276,-0.0751736
-18.5075,3.15062,0.220177,0.860526,0.228759,-0.0052884,0.028902,0.209454,0.141821,0.1375,0.260606,0.219658,0.180361,0.0733302,0.280032,0.359989,0.111119,-0.159381,-0.172855,-0.00685382
-18.6214,3.10024,0.359928,1.10902,0.638673,-0.0447225,-0.0549306,0.011477,-0.00556997,0.28631,0.420707,0.279756,0.145102,0.0793351,0.0801668,0.0292831,0.041231,0.153787,0.00773046,-0.132253
-18.713,3.18419,0.4266,1.02757,0.565326,0.00220791,0.154103,0.0879267,0.107387,0.322929,0.266451,0.334926,-0.00236015,0.10254,0.294968,-0.148229,-0.130651,0.172444,0.00714812,0.0198002
-18.5695,3.35994,0.409291,0.714691,0.310368,0.163527,0.282498,0.0637054,0.103718,0.457638,0.414337,0.14064,0.144339,0.298232,0.169135,-0.0174532,-0.0902061,0.209126,-0.140539,-0.157053
-19.016,3.1341,0.512453,0.910999,0.540743,0.0985127,0.184462,-0.0406703,-0.283028,0.151432,0.113625,0.152702,0.384837,0.317472,-0.0581814,-0.151324,0.0423998,0.159092,0.104309,0.0288396
-19.2647,2.69673,0.529229,0.654728,0.583079,0.152805,0.212879,-0.00972578,-0.296814,0.23022,0.302796,0.0612087,0.183291,0.341218,0.244789,-0.0402701,-0.155195,-0.0472176,0.00845062,0.200278
-19.0737,2.64122,0.0482125,0.791574,0.696422,0.414945,0.1602,0.149055,0.0200404,0.0728701,0.0914962,-0.0310751,0.163609,0.025039,-0.0921583,0.0949734,0.0486581,0.0320394,-0.115637,0.0487285
-19.7809,2.41685,0.40982,0.891277,0.678444,0.24716,0.274772,0.324523,0.146346,0.149561,0.0904473,0.0983775,-0.0217497,0.0149851,0.0953043,0.043438,-0.0320142,0.303163,-0.030142,-0.0117596
-19.7601,2.62025,0.477221,0.514061,0.591073,0.310009,0.122536,0.273528,0.195739,0.227115,0.115776,0.121465,-0.0814121,0.229226,-0.0846535,0.0968156,-0.048367,-0.0160868,-0.128757,-0.0365218
-19.754,2.40464,0.500275,0.587018,0.382342,0.217396,0.172531,0.491191,0.154045,0.34387,0.312133,-0.0259227,-0.0645442,0.0501253,0.198159,0.121278,0.0553765,-0.00607619,-0.248128,-0.0551573
-19.8743,2.29707,0.275187,0.744711,0.297072,0.380458,0.189727,0.320694,0.500527,0.413768,0.216741,-0.0778886,-0.107682,0.0226427,-0.0589082,-0.106163,0.01232,-0.0286317,-0.0594784,-0.106316
-19.429,2.2477,0.688082,0.847635,0.29356,0.0383042,-0.0425355,0.225654,0.137557,0.323495,0.233771,0.0196468,-0.027905,0.257056,-0.115506,-0.0881395,-0.176467,-0.134679,-0.0236667,-0.0360349
-19.0838,2.2136,0.492593,0.663545,0.0451761,0.188832,0.125538,-0.0621239,-0.0394589,-0.196178,0.083411,0.0762702,0.00357433,0.111394,0.0786319,0.130288,0.173729,0.0538853,-0.0681946,-0.0854315
-19.4134,2.16945,0.360718,0.444336,0.508964,0.608482,0.185565,-0.0723932,-0.125406,-0.325086,-0.105667,0.311803,0.154611,0.280179,0.190839,-0.106588,-0.306439,-0.0251464,-0.206703,0.0120189
-19.4143,2.39047,0.563685,0.316864,0.214011,0.525313,0.336502,0.143597,-0.0330614,-0.13586,-0.168197,-0.206871,-0.374958,0.0235962,0.237613,0.121974,-0.403605,-0.0938488,-0.182719,-0.0476754
-19.078,2.53411,0.489425,0.270372,0.269457,0.454213,-0.0639148,-0.156604,0.0238752,-0.187066,0.0635168,-0.0434916,-0.159484,-0.0483793,0.210637,0.141859,-0.251132,-0.269669,-0.115347,0.0434043
-18.8008,2.63467,0.363372,0.427086,-0.0251531,0.149881,0.018876,0.35635,0.0822714,-0.254031,0.109833,0.0766011,0.240703,0.293159,-0.0135364,-0.053532,-0.532899,-0.406205,-0.162528,-0.147691
-18.6346,2.54467,0.309391,0.504021,0.0321764,0.326963,0.224683,0.339014,-0.0752616,-0.0606754,0.0638437,-0.14905,-0.108396,0.0890589,0.046782,0.148047,-0.225584,-0.329643,0.104709,0.0244473
-18.6685,2.46928,0.409872,0.383878,0.199541,0.250936,0.292917,0.0222168,0.0434394,-0.00979381,0.0923514,-0.141435,-0.0875689,0.177646,0.184619,0.375475,-0.157821,-0.57854,-0.313828,-0.100784
-18.6127,2.52918,0.423948,0.12628,0.185668,0.257741,0.435368,0.455191,-0.0416851,-0.293607,-0.00624009,-0.316355,0.267962,-0.0185928,0.057146,0.221911,-0.128697,-0.383133,-0.290246,-0.0631333
-18.6527,2.37321,0.389462,0.17917,0.0264759,0.510105,0.155022,0.189578,0.0978542,-0.0589508,0.212266,-0.22057,0.291652,0.233239,0.0577292,0.0356638,-0.196791,-0.499763,-0.151903,-0.0384802
-18.6442,2.19878,0.0867879,0.211117,0.185648,0.544062,0.134116,-0.279009,-0.369244,-0.209998,0.33871,-0.186654,0.358988,0.309988,0.09614,0.110981,-0.0562527,-0.379186,-0.246567,-0.136922
-18.9331,2.10081,0.137458,0.161701,-0.048091,0.213864,0.237454,0.00602025,-0.245737,-0.14692,0.0792863,-0.197922,0.273226,0.0707256,0.345248,0.149457,-0.189976,-0.495027,-0.196472,-0.0835194
-19.042,1.68953,0.377367,0.148496,0.172135,0.239993,0.199929,0.0340674,-0.330076,-0.0695948,-0.208081,-0.215274,0.209203,-0.038712,0.275738,0.345224,-0.148544,-0.603888,-0.142397,0.0288624
-19.4092,1.82716,0.554414,0.0552384,0.140371,0.401449,0.118758,-0.121563,-0.270417,0.00627632,0.074221,-0.0881946,0.300626,-0.137471,0.188116,0.0848266,0.0721106,-0.544653,-0.243837,-0.0293236
-18.9778,1.29978,0.429996,0.303148,0.345969,0.179428,0.0565282,0.0308839,0.19794,-0.00151235,0.209333,-0.0562423,0.282196,-0.0841066,0.332076,-0.0500467,0.0464137,-0.233395,0.100051,-0.105899
-19.1348,1.62076,0.636267,0.33858,-0.0318809,0.242731,0.210276,-0.0588102,0.177691,0.0388391,-0.0136064,-0.116817,0.44456,0.131706,0.136396,0.184332,0.211346,-0.256959,-0.124696,0.142801
-19.2947,1.37641,0.894406,0.38424,0.13254,0.370033,-0.128784,-0.0588523,0.00288665,-0.138148,0.0362354,0.341125,0.240207,-0.16975,0.151464,0.0152612,-0.0155362,-0.520789,-0.308848,-0.186116
-19.3656,1.30532,0.471094,0.378467,0.154271,0.37668,0.0175254,0.192064,0.0147196,0.246877,0.379842,0.184065,0.303061,-0.07943,0.275879,-0.00778281,0.238981,-0.4909,-0.148679,-0.0627484
-19.1584,1.2573,0.533986,0.579354,0.0774212,0.0478284,-0.00719282,0.330814,0.116727,0.287135,0.109195,-0.189095,-0.0143384,0.025503,0.295579,-0.149768,-0.00133228,-0.416501,-0.106962,-0.00432094
-19.3747,0.987844,0.655767,0.400265,-0.0752521,0.569976,0.363873,0.396463,-0.0158845,-0.0476965,0.076741,-0.108066,0.0757094,0.0318555,0.233949,0.0715066,-0.260134,-0.525905,-0.0813894,-0.209517
-19.2855,1.06741,0.830946,0.330785,-0.081683,0.43082,0.147508,0.356358,-0.152089,0.152469,0.102649,-0.0775804,0.10878,-0.121981,0.259399,0.189477,0.189247,-0.171488,0.0588504,0.196505
-19.5469,0.769463,0.654261,0.702844,0.196244,0.288593,-0.0641437,0.251406,0.268251,0.489352,0.245142,-0.201257,-0.0457882,0.0279663,-0.180522,-0.179188,0.366052,-0.0987415,-0.114029,0.000992172
-19.2678,0.912325,0.330161,0.462576,0.267466,0.54941,0.1037,0.103189,0.10416,0.0862725,0.190375,0.114558,0.298992,0.209976,0.239507,0.0703634,0.0559165,-0.40359,-0.0812303,-0.188926
-19.4328,1.03632,0.704297,0.412631,0.0437333,0.297849,-0.0539139,0.236373,0.0204625,0.205451,0.178457,-0.108603,-0.00451303,0.0746039,0.196285,-0.219219,-0.118965,-0.256219,-0.0874111,-0.00583151
-19.6574,0.804446,0.606695,0.215003,-0.010224,0.578867,0.0707438,0.2658,-0.0617576,0.0823813,0.0697692,0.0852423,0.300571,0.23222,0.19238,-0.193897,0.0479192,-0.0922412,-0.0970023,-0.262202
-19.3997,0.798211,0.611431,0.385734,0.0748128,0.441493,-0.0331901,0.242081,-0.17924,-0.184466,-0.00290734,0.206431,0.217166,0.139854,0.188474,-0.0329854,-0.00265854,-0.133751,0.0377532,0.0519755
-19.5838,0.973305,0.473551,0.609722,0.541576,0.383365,0.0873613,0.540052,0.10555,-0.145302,-0.105095,0.0706861,0.249535,0.0741107,0.0100234,-0.0794039,0.101975,-0.157274,0.0216609,0.0166782
-19.4136,1.03256,0.626655,0.314659,0.0483919,0.366225,-0.194906,0.295588,0.287262,0.141222,-0.00718031,0.123546,0.354096,0.0182626,-0.00628217,0.128821,-0.0795002,-0.298639,-0.0724173,-0.195575
-19.6074,0.91079,0.606567,0.374098,-0.110848,0.46714,0.0769213,0.430097,-0.0300904,0.164368,0.181651,0.0488152,0.217485,-0.189157,0.253366,0.159431,-0.0235115,-0.22864,0.135766,-0.082717
-19.9663,0.901965,0.852697,0.434962,0.0986301,0.500526,-0.0839517,0.0976379,0.0285493,-0.0893574,-0.00814052,-0.126648,0.0573222,-0.0971246,0.260256,0.0318064,0.0819303,-0.0208378,0.141212,-0.185934
-20.0547,0.814001,0.684404,0.295147,0.0442051,0.34932,-0.179915,0.129245,0.144934,0.273984,-0.00995058,-0.101008,0.176505,0.0919179,0.0995224,0.0643123,0.105201,0.0338713,0.149386,-0.211865
-20.0068,1.12725,0.838563,0.345672,0.0815877,0.504675,0.266557,0.0589532,-0.254071,0.00533609,-0.00333177,-0.13465,0.142976,-0.117491,0.187699,-0.0501983,-0.0834493,-0.0685766,0.101224,0.0376813
-19.9295,0.99473,0.833891,0.221087,-0.0748205,0.323548,0.292767,0.419297,0.135335,-0.0193243,-0.23487,0.12623,0.0748657,-0.14546,0.264389,0.105743,-0.0227189,-0.195309,0.0483651,0.191174
-19.3256,1.213,0.589652,0.132321,-0.26453,0.0568276,-0.085726,0.0120286,-0.402721,-0.154731,-0.339815,-0.241384,0.0951761,0.3857,0.459697,0.15215,0.274343,0.0971186,0.113341,0.167846
-19.2927,1.16769,0.591083,0.239221,-0.349314,0.17815,-0.237781,0.225171,-0.23954,-0.183271,-0.156856,-0.116457,0.0839229,0.0608473,0.48534,0.136377,0.140812,-0.295763,-0.0714212,0.0581248
-19.4654,0.952455,0.513326,0.226803,0.0718348,0.510691,-0.00721561,0.074804,-0.0973512,-0.110523,-0.248096,-0.244277,0.229671,0.418027,0.249081,0.00118127,0.135062,-0.110785,-0.033278,0.217609
-19.2431,1.34416,0.986709,0.0690261,-0.145646,0.391025,0.115159,0.00793671,-0.366789,-0.0389947,-0.177513,0.00706143,0.142561,0.145116,0.286498,0.101853,-0.0824884,-0.183591,-0.142277,0.060311
-19.3366,1.67213,0.857932,0.301806,-0.0601131,0.447328,-0.117684,0.314788,-0.0557416,-0.260774,-0.038225,0.00971227,0.153647,0.214333,0.168903,0.00325515,0.0807462,-0.32858,-0.197827,0.0159567
-19.7735,1.12712,0.798364,0.225523,-0.0279733,0.172498,-0.10362,0.162488,-0.174551,-0.0675703,-0.130654,-0.0250034,0.0826002,-0.147725,0.144383,0.0114925,0.060875,0.0852554,-0.0947836,-0.013634
-19.8088,1.05389,0.991826,0.267639,0.00884648,0.11389,-0.194142,0.320098,0.217718,0.0947831,-0.103596,-0.0858902,0.101234,0.00102618,0.206877,-0.160908,0.279572,-0.13721,-0.334896,0.0211327
-19.6382,0.995276,0.812603,0.500508,0.122516,0.420026,0.0876376,0.406795,-0.089526,-0.0329074,-0.22155,-0.149329,0.0520374,-0.0518831,0.0439558,-0.0361403,0.145997,0.0531669,-0.105423,-0.101691
-19.6354,1.11912,0.909821,0.276605,-0.0782674,0.0874323,-0.463025,0.162721,-0.0960425,-0.11582,-0.177263,0.0562819,0.0913286,0.235597,0.435087,-0.000837368,0.0469768,-0.137722,0.147694,0.0139223
-19.6482,1.25,1.00648,0.542478,-0.145978,0.0884976,-0.192688,0.23821,0.0224459,0.0254714,0.0244094,0.048575,-0.179266,0.051836,0.497034,0.222139,-0.0873508,-0.416968,-0.247684,-0.049634
-19.5356,1.25571,0.77397,0.299458,-0.0859044,0.261968,-0.281506,-0.0963326,-0.297942,-0.0568898,0.0366158,0.257704,0.108821,-0.312328,0.413608,0.455722,0.0974575,-0.473947,-0.399251,-0.0157858
-19.297,1.70097,0.778808,0.333118,0.0066861,0.0975911,-0.316157,-0.0648544,-0.336944,-0.399469,0.144008,0.31293,-0.017199,-0.178746,0.262846,0.167223,0.110044,-0.540193,-0.427552,-0.0604267
-19.131,1.89715,0.565634,0.455666,-0.165872,-0.101065,-0.351925,-0.137109,-0.750811,-0.267699,0.250106,0.381321,0.32023,-0.283739,0.53868,0.419022,0.124852,-0.469435,-0.111771,0.0411507
-18.8521,2.16426,0.258724,0.178022,-0.367234,-0.317545,-0.581257,-0.185521,-0.690764,-0.329652,0.255366,0.289565,0.353213,-0.0815874,0.345943,0.607254,0.220009,-0.401307,-0.363284,0.104748
-18.7891,2.16508,0.263981,0.345017,-0.413324,-0.138214,-0.473653,-0.435157,-0.861005,-0.506273,0.201828,0.450516,0.240324,-0.0224827,0.673864,0.612443,0.153523,-0.502142,-0.233127,0.164494
-18.1652,2.18147,-0.0786279,0.186311,-0.863008,-0.210004,-0.476481,-0.442551,-0.801143,-0.53743,0.0653311,0.386009,0.483037,0.0860633,0.796073,0.530075,0.0960281,-0.54887,-0.28104,0.228014
-17.2746,2.20074,-0.216061,0.228376,-0.761575,-0.124268,-0.577335,-0.339181,-0.716913,-0.241311,0.0523695,0.174471,0.463745,-0.0393867,0.755103,0.535682,-0.0410187,-0.694486,-0.274724,0.244728
-17.2403,2.24029,-0.035955,0.431572,-0.81993,0.016384,-0.60727,-0.51028,-1.07083,-0.594569,0.021434,0.586452,0.302671,0.0558555,0.703341,0.544443,0.0665169,-0.765397,-0.327188,0.235601
-17.3185,2.27682,-0.248044,0.387602,-0.73348,-0.0441621,-0.498097,-0.470545,-1.11523,-0.69332,0.0183573,0.684684,0.535777,0.0356547,0.85729,0.448338,-0.196801,-0.533564,-0.114832,0.31393
-17.41,2.40216,-0.142567,0.331782,-0.782671,-0.103287,-0.537774,-0.402924,-0.758506,-0.321381,0.117332,0.335899,0.317282,0.0593296,0.589424,0.370201,-0.0736205,-0.491403,-0.223354,0.0930218
-17.4094,2.27213,-0.109573,0.0952077,-0.887309,-0.304313,-0.60169,-0.271241,-0.601092,-0.42691,0.306022,0.462269,0.297832,-0.0345633,0.797028,0.646897,-0.0247121,-0.591297,-0.24624,0.100862
-17.7682,2.54177,-0.358557,0.013467,-0.847383,-0.177325,-0.741292,-0.313599,-0.468512,-0.464553,0.355073,0.622677,0.217976,-0.0932185,0.843127,0.428188,-0.13959,-0.836484,-0.193904,0.234767
-17.3999,2.34978,-0.577118,0.161402,-0.484366,-0.229527,-0.638699,0.0266097,-0.352439,-0.303825,0.395085,0.549719,0.142333,-0.203163,0.468157,0.346706,-0.19634,-0.86969,-0.336535,0.232019
-17.1161,2.29455,-0.47683,0.242715,-0.618047,-0.333889,-0.734491,-0.441036,-1.10455,-0.503133,0.266239,0.48969,0.127101,-0.107871,0.607256,0.197119,-0.182369,-0.624675,-0.220302,0.229167
-16.9991,2.46716,-0.503726,0.00557278,-0.688589,-0.117574,-0.558158,-0.208784,-0.552285,-0.357617,0.360532,0.504231,0.30114,-0.0948514,0.874819,0.457789,-0.165455,-0.570717,-0.231976,0.20218
-17.1566,2.50362,-0.546769,-0.122243,-0.614053,-0.00528992,-0.657062,-0.321709,-0.472409,-0.180386,0.398316,0.567045,0.0917899,-0.0788871,0.804077,0.472559,-0.0901905,-0.598669,-0.108326,0.166214
-17.5754,2.35601,-0.5863,0.0677603,-0.42094,0.00870866,-0.752828,-0.24494,-0.207268,0.00861037,0.780601,0.586783,0.182477,-0.240224,0.76799,0.436275,-0.208425,-0.706653,-0.122376,0.221319
-17.5889,2.40083,-0.615596,-0.0966262,-0.780589,0.133279,-0.627996,-0.368618,-0.445327,-0.491877,0.7294,0.269556,0.0819913,-0.0385199,0.750937,0.164236,-0.437737,-0.645719,-0.168665,0.362366
-17.5288,2.25378,-0.221404,0.0899129,-0.638433,0.209722,-0.965221,-0.530873,-0.231274,-0.250247,0.53588,0.142351,-0.114398,-0.254756,0.506083,0.426361,-0.258117,-0.873229,-0.464134,0.240986
-17.6267,2.38412,-0.0875959,-0.00809294,-0.467347,0.404268,-0.917505,-0.6044,-0.652455,-0.485453,0.574903,0.448241,0.273733,-0.19225,0.606601,0.420512,-0.443619,-0.833356,-0.192973,0.494753
-17.678,2.41206,-0.0125766,-0.089053,-0.716681,0.400311,-0.666543,-0.438818,-0.511771,-0.35301,0.95953,0.708564,0.268891,-0.332191,0.536007,0.44766,-0.363616,-1.07043,-0.174843,0.484603
-17.9251,2.22779,-0.280192,0.0452892,-0.388915,0.212909,-0.856451,-0.378866,-0.713243,-0.303025,0.91698,0.40954,0.286323,-0.220987,0.187862,0.376677,-0.426621,-1.2619,-0.418715,0.577295
-17.9851,2.09848,-0.231878,0.151469,-0.707085,0.119331,-0.815796,-0.631694,-0.900707,-0.111656,0.868698,0.634325,0.320591,-0.24093,0.353987,0.431274,-0.388144,-1.11804,-0.513192,0.32948
-17.8819,2.39319,-0.123017,0.228472,-0.759762,-0.0152238,-0.708903,-0.669607,-0.977697,0.00550879,1.04208,0.534362,0.206411,-0.148528,0.560659,0.536424,-0.03137,-0.719242,-0.249339,0.480552
-18.1964,2.07379,-0.0713011,0.0789491,-1.07357,-0.013566,-0.936031,-0.856625,-1.04029,-0.122129,0.976457,0.365521,0.107708,-0.134924,0.678457,0.509167,-0.080229,-1.0419,-0.31532,0.337341
-17.8696,2.19932,0.188829,0.174659,-0.900746,0.259063,-1.02264,-0.844159,-0.806338,-0.0737811,1.05124,0.478001,-0.0278418,-0.217849,0.458217,0.238442,-0.216264,-1.01067,-0.365206,0.515036
-17.7236,2.31763,0.082433,0.23612,-0.589319,0.200001,-0.927842,-0.731626,-0.708268,-0.235732,0.842399,1.01392,0.0736876,-0.144718,0.598482,0.161152,-0.0154168,-0.784303,-0.57365,0.51749
-18.0122,2.21431,-0.11154,0.29221,-0.500013,0.0559673,-1.0334,-0.586445,-0.482792,0.0616397,0.816158,0.981675,0.0610109,-0.497074,0.67422,0.4098,-0.0207186,-0.999127,-0.510206,0.317795
-17.8068,2.11723,-0.193007,0.588921,-0.688397,-0.316207,-0.973553,-0.558882,-0.817832,-0.0991119,0.892042,0.736588,0.256454,-0.424909,0.53557,0.582962,0.0498626,-0.830916,-0.268599,0.299165
-17.0255,2.06621,0.00472133,0.549709,-0.935382,-0.370432,-0.901568,-0.346433,-0.684764,-0.240102,0.464802,0.575899,0.384774,-0.224622,0.887988,0.583177,-0.126703,-0.697762,-0.259355,0.338704
-16.5938,2.13043,-0.281215,0.465421,-1.21685,-0.195192,-0.88653,-0.521366,-0.848869,-0.466714,0.391085,0.466143,0.550066,0.0467278,0.669828,0.160977,-0.157821,-0.547151,-0.243566,0.484632
-16.4209,2.14895,-0.68382,0.0524981,-1.36521,-0.437031,-0.899638,-0.502199,-0.497539,-0.168811,0.170467,0.354977,0.472178,0.0445741,0.803948,0.324069,0.0669637,-0.413078,-0.339583,0.3287
-16.7561,2.33771,-0.294193,0.168789,-1.08186,-0.537333,-0.664085,-0.241517,-0.734484,-0.167259,0.443655,-0.101621,-0.0754271,-0.197596,0.490174,0.231795,-0.157706,-0.486891,-0.381053,0.141562
-15.9969,2.37515,-0.620536,0.451266,-1.22236,-0.563827,-0.748136,-0.244873,-0.921095,-0.604042,0.0194186,-0.0141078,0.375691,0.0437648,0.560463,0.307603,0.356891,-0.665346,-0.420275,0.187263
-15.8272,2.60122,-0.613732,0.442145,-1.05117,-0.57444,-0.827424,-0.303546,-0.724647,-0.534359,-0.0350716,0.179537,0.567913,0.217092,0.671954,0.213645,0.242697,-0.348797,-0.193388,0.171245
-16.2311,2.41281,-0.276875,0.394127,-1.06326,-0.735703,-0.953326,-0.29237,-0.904496,-0.649185,-0.209365,0.208216,0.897586,0.225151,0.540409,0.280424,-0.0452426,-0.496012,0.133469,0.360312
-16.0864,2.18365,-0.0988239,0.625821,-1.11804,-0.711723,-1.02578,-0.402726,-0.976891,-0.763824,-0.312331,0.353534,0.855685,0.557966,0.517866,0.00441835,-0.209629,-0.579537,0.338648,0.420475
-15.9901,2.24798,-0.23558,0.606867,-1.31188,-0.678885,-0.8568,-0.262541,-0.698563,-0.579674,-0.213632,0.221779,0.833711,0.492523,0.526769,0.176495,0.00448918,-0.306877,-0.0772274,0.246969
-15.765,2.14381,-0.601869,0.386016,-1.03488,-0.482551,-0.858336,-0.219291,-0.607388,-0.272502,-0.0772424,0.203362,0.515257,0.31484,0.585286,0.425003,0.0990572,-0.693824,-0.0112732,0.247866
-16.2377,2.06107,-0.542961,0.020338,-1.0663,-0.388834,-1.05081,-0.223322,-0.47318,-0.439324,0.247447,0.332514,0.271036,0.336846,0.779975,0.308917,-0.0639552,-0.336852,-0.0461829,0.195826
-16.3418,2.25379,-0.750286,0.105477,-0.782402,-0.472714,-1.26651,-0.366124,-0.477692,-0.281467,0.190416,0.427059,0.328731,0.213564,0.63245,0.0731339,0.158099,-0.657025,-0.170715,0.390733
-16.3845,2.59686,-0.547728,-0.111558,-1.00687,-0.526092,-1.16897,-0.259658,-0.500812,-0.110695,0.143581,0.126138,0.297682,0.0338777,0.644431,0.284535,0.164777,-0.512668,-0.333599,0.254117
-16.4669,2.73705,-0.253339,-0.123497,-0.903748,-0.33063,-0.926516,-0.194513,-0.468954,-0.0763411,0.121026,0.325986,0.21727,0.138694,0.630778,0.0729206,-0.142651,-0.542122,-0.00533481,0.172794
-16.7175,2.5656,-0.637826,0.0858714,-0.980431,-0.434641,-0.786997,-0.177712,-0.245373,-0.353009,0.0269431,0.332729,0.493973,0.161267,0.390298,-0.0718959,-0.0419394,-0.557167,-0.204664,0.220543
-16.8571,2.47439,-0.47861,0.146608,-0.847974,-0.458817,-0.798982,-0.227194,-0.447648,-0.143878,0.196288,0.398015,0.326172,0.207485,0.45344,0.0499188,-0.139331,-0.701757,-0.130531,0.376812
-16.6608,2.58119,-0.361674,0.243249,-1.02506,-0.584485,-0.965032,-0.400855,-0.485007,-0.204771,0.0444149,0.174481,0.431181,0.0778746,0.647936,0.286145,-0.163868,-0.697787,-0.0800278,0.47551
-16.8995,2.47751,-0.209038,0.031254,-1.05193,-0.572846,-0.823662,-0.388912,-0.783764,-0.202956,0.0700179,0.338844,0.534141,0.267896,0.531996,0.195782,-0.20763,-0.798015,-0.0542968,0.495473
-17.203,2.59808,-0.0493293,0.321339,-0.75954,-0.327413,-1.04479,-0.462901,-0.566654,-0.268036,0.314806,0.416563,0.524327,0.44646,0.439478,0.0986527,-0.178908,-0.713197,-0.0432888,0.408906
-17.4045,2.51649,-0.385402,-0.0862597,-0.718259,-0.499789,-1.08546,-0.302325,-0.552192,-0.188538,0.614472,0.112589,0.699044,0.554598,0.660514,0.115636,-0.164692,-0.598232,0.0700125,0.288463
-17.4523,2.12215,-0.243899,-0.0721461,-0.685187,-0.422189,-1.13467,-0.349195,-0.273876,0.142978,0.535837,0.450693,0.495591,0.327119,0.595486,0.239938,-0.353953,-0.777707,0.0556768,0.332609
-17.3758,2.11831,-0.307537,0.0661367,-0.899083,-0.335393,-1.16388,-0.0929392,-0.462349,-0.0679401,0.809376,0.626473,0.648633,0.52683,0.561331,0.339906,0.000933743,-0.722375,-0.05912,0.370197
-17.8107,2.16987,0.0278782,0.171482,-0.956588,-0.511544,-1.49006,-0.596938,-0.620745,0.0380714,0.564808,0.0504805,0.583775,0.381243,0.630575,0.443863,-0.395353,-0.659087,0.199356,0.328145
-17.7942,2.24195,0.240009,0.320327,-1.04253,-0.219721,-1.33369,-0.499861,-0.558549,-0.41907,0.547465,0.227773,0.581756,0.529511,0.577555,0.243017,-0.376171,-0.730304,0.0984016,0.4045
-17.5809,2.2137,0.208392,0.317339,-1.08819,-0.190973,-1.05224,-0.41468,-0.487578,-0.245504,0.637599,0.103762,0.581177,0.468183,0.51026,0.239369,-0.120283,-0.575771,0.0448895,0.595259
-17.7977,2.05854,0.239503,0.295388,-1.18561,-0.280201,-0.948577,-0.611731,-0.757177,-0.301662,0.612207,0.278907,0.440186,0.246564,0.379257,0.403687,-0.336745,-0.726014,0.067147,0.720508
-17.6012,1.97632,0.0146044,0.0684107,-1.07766,-0.230016,-1.05567,-0.665391,-0.734613,-0.0892479,0.687777,0.423543,0.61751,0.299843,0.488283,0.395506,-0.134389,-0.697386,-0.207785,0.523567
-17.7387,2.00441,0.0830601,0.148009,-1.00918,-0.0535714,-1.19469,-0.652492,-0.835982,-0.181181,0.708605,0.582842,0.573114,0.323351,0.536389,0.37686,-0.237267,-0.737188,-0.103592,0.703768
-17.8323,2.01928,0.349678,0.381992,-1.02911,-0.0898327,-0.952672,-0.95735,-0.957584,-0.235579,0.827183,0.265387,0.403503,0.195245,0.35928,0.234751,-0.504274,-0.52642,-0.0347641,0.439538
-17.6924,2.02564,0.0595384,0.307784,-1.02184,-0.154725,-0.947568,-0.635929,-0.652849,-0.000149259,0.611222,0.224854,0.481341,0.339949,0.321791,0.302649,0.00293093,-0.513182,-0.320881,0.478558
-17.326,2.02349,-0.163854,0.282161,-1.14933,-0.0589672,-0.844614,-0.528876,-0.401927,-0.12853,0.395792,0.168843,0.505665,0.121276,0.249836,0.300031,-0.0589176,-0.578998,-0.567333,0.432049
-16.4263,1.82664,-0.474938,0.239554,-1.48777,-0.376483,-0.908648,-0.588089,-0.640058,-0.207898,0.593294,0.17688,0.265288,0.297261,0.688359,0.276973,0.070816,-0.110399,-0.237369,0.274806
-15.7339,2.19869,-0.73256,0.3484,-1.47404,-0.435418,-0.781222,-0.392497,-0.723834,-0.31812,0.25093,-0.0523479,0.350853,0.20088,0.545835,0.258074,0.149383,-0.188807,-0.261151,0.205298
-16.2729,2.17408,-0.517837,0.283404,-1.17445,-0.262735,-0.893579,-0.342686,-0.580495,-0.116674,0.243217,-0.00170507,0.418535,0.305417,0.526345,0.0977028,-0.143971,-0.18574,-0.409688,0.215673
-16.6791,2.0129,-0.214681,0.438052,-1.19949,-0.184736,-0.820202,-0.459887,-0.486983,-0.0860886,0.547983,-0.0781181,0.332,0.393635,0.38227,0.230623,-0.0450863,-0.360392,-0.144055,0.270692
-16.5358,1.88374,-0.261524,0.326665,-1.35905,-0.413034,-1.1237,-0.373536,-0.717156,-0.331708,0.217592,0.225153,0.480254,0.349929,0.344475,0.292015,0.1604,-0.314167,-0.13461,0.208739
-16.2003,1.67021,-0.205572,0.583368,-1.22075,-0.233988,-1.03469,-0.664877,-1.10831,-0.422425,0.334336,0.164702,0.45642,0.37807,0.221872,0.172332,-0.298617,-0.520558,-0.125092,0.223596
-16.1993,1.75561,-0.0775019,0.409932,-1.17889,-0.144216,-0.880142,-0.789927,-0.843564,-0.0438174,0.454629,-0.0575681,0.456284,0.462335,0.328117,0.0899175,-0.174077,-0.322699,-0.0939997,0.270399
-16.3989,2.04625,-0.405446,0.313888,-1.41553,-0.291981,-0.988526,-0.565876,-0.434905,-0.347881,0.0375644,-0.0443617,0.620053,0.546342,0.376465,-0.128795,-0.284645,-0.401015,-0.0869029,-0.00471117
-16.1843,2.08113,-0.188376,0.452844,-1.23512,-0.452794,-1.0165,-0.194519,-0.402403,-0.384503,0.0214156,-0.091825,0.736173,0.771438,0.134286,0.0454372,-0.0512771,-0.0800546,0.0831639,0.154926
-15.7425,2.02615,-0.176033,0.257797,-1.29944,-0.544038,-1.04916,-0.210348,-0.44639,-0.460631,-0.191874,-0.158641,0.675919,0.666276,0.293671,0.192424,0.0638289,-0.0370755,0.242873,0.209249
-15.7097,2.3441,-0.300523,0.136102,-1.51912,-0.543833,-0.753323,-0.0589381,-0.593403,-0.367885,0.0633266,-0.29416,0.438638,0.476229,0.193381,0.468053,-0.150352,-0.278015,-0.124164,-0.0773707
-15.774,1.99674,-0.535735,0.116903,-1.52062,-0.593454,-1.07294,0.0115792,-0.535128,-0.46558,0.310545,0.0470142,0.452189,0.431139,0.186205,0.373444,-0.0384597,-0.289259,-0.309126,-0.128023
-15.8177,2.20894,-0.354851,0.118607,-1.28088,-0.571607,-0.969858,-0.186008,-0.577991,-0.474545,0.100275,-0.0209004,0.489391,0.449856,0.257073,0.418247,0.0437375,-0.227665,-0.126892,-0.00332389
-16.1256,2.1555,-0.220822,0.607165,-1.2478,-0.665323,-1.39276,-0.214367,-0.515957,-0.574089,0.138935,-0.139447,0.229697,0.511636,0.329517,0.18532,-0.104425,-0.137592,-0.106223,0.0971266
-16.0454,2.16393,-0.343704,0.576601,-1.2558,-0.663046,-1.22252,-0.228004,-0.660453,-0.499494,0.359401,-0.169414,0.27805,0.43232,0.334161,0.388406,0.00995298,-0.313521,-0.0649788,-0.181005
-16.0396,2.19868,-0.224343,0.706828,-1.22937,-0.742651,-1.21261,-0.394226,-0.579702,-0.244183,0.309549,-0.188796,0.195408,0.20528,0.404563,0.539582,-0.13122,-0.272606,-0.227741,-0.12905
-16.0926,2.23932,-0.167338,0.387102,-1.09134,-0.519046,-1.32854,-0.437186,-0.778428,-0.414517,0.263069,0.00752792,0.443116,0.49697,0.327661,0.503156,-0.115868,-0.475126,0.0862399,0.14683
-16.1563,2.1241,-0.311359,0.443185,-1.19063,-0.531765,-1.26344,-0.383461,-0.858477,-0.791087,0.241602,0.0933527,0.627207,0.716367,0.193456,0.249657,-0.214732,-0.38323,-0.0582983,0.275577
-16.2509,2.21003,-0.167346,0.320667,-1.46191,-0.347659,-1.01287,-0.347754,-0.624954,-0.530419,0.394924,-0.0978622,0.638435,0.633403,0.399637,0.367366,-0.189726,-0.312323,0.129521,0.365497
-16.5002,2.24946,0.0519032,0.197273,-1.1141,-0.325114,-1.43822,-0.0501813,-0.362568,-0.654721,0.30745,-0.117474,0.569308,0.453309,0.107074,0.16147,-0.0795693,-0.415288,0.0513654,0.277906
-16.5641,2.17883,-0.201987,0.159824,-0.842133,-0.284655,-1.24551,-0.0185218,-0.501025,-0.209489,0.581615,-0.152774,0.445629,0.00767958,-0.0570316,0.28357,-0.213281,-0.53991,0.0877579,0.202204
-16.7877,2.10282,-0.388399,0.102232,-0.937045,-0.267879,-1.0494,-0.329078,-0.735818,-0.301894,0.685274,0.217573,0.570774,-0.0848797,0.235061,0.328317,-0.402345,-0.418697,0.130481,0.378801
-16.626,2.38136,-0.238334,0.15492,-0.961242,-0.205796,-1.12457,-0.375781,-0.886834,-0.266915,0.646205,0.0840639,0.537989,0.167504,0.532509,0.35208,-0.192425,-0.629219,-0.00615293,0.410293
-16.83,2.46243,-0.126597,0.464476,-0.786041,-0.110109,-1.00166,-0.790123,-0.848131,-0.483581,0.366416,0.248994,0.608929,0.0327758,0.435857,0.245551,-0.304064,-0.771333,-0.0836349,0.593053
-17.0456,2.30581,0.117349,0.534159,-0.798632,-0.223464,-1.10708,-0.649656,-0.643909,0.0667909,0.600321,0.192035,0.359823,0.000982392,0.518249,0.39458,0.151201,-0.724868,-0.292271,0.422554
-17.0843,2.25784,-0.155999,0.207895,-1.08117,-0.188033,-0.961512,-0.37444,-0.854463,-0.380406,0.540983,0.165662,0.0806275,-0.135395,0.599467,0.0345693,-0.132028,-0.666761,-0.19408,0.379921
-16.9294,1.97939,-0.432414,-0.106633,-1.21569,-0.14185,-1.45806,-0.530156,-0.77304,-0.559373,0.42141,0.304679,0.25327,-0.143766,0.626155,0.248392,-0.00714479,-0.548764,-0.0467057,0.658744
-16.7878,2.06575,-0.112531,0.0426081,-0.897857,0.0722745,-1.28967,-0.335199,-0.47888,-0.446569,0.561115,0.436223,0.16027,-0.187814,0.619821,0.128763,-0.236509,-0.664521,-0.255739,0.360829
-17.1259,2.23189,0.137571,0.0749758,-1.10082,0.0723047,-1.24866,-0.184314,-0.478243,-0.45875,0.812481,0.489122,0.25525,-0.0946078,0.612159,0.235138,-0.0511289,-0.544239,-0.263453,0.379923
-17.2634,1.87931,0.217415,0.13917,-1.22098,-0.0408757,-1.28447,-0.382727,-0.538297,-0.502943,0.638527,0.245824,0.213855,-0.217136,0.551277,0.19386,-0.0680569,-0.591762,-0.21202,0.46023
-17.5274,1.68624,-0.00996567,0.107022,-1.098,-0.149965,-1.35853,-0.224317,-0.395955,-0.426144,0.720112,0.400411,0.337354,-0.134075,0.437186,0.232845,0.0142684,-0.708266,-0.325246,0.584653
-17.583,1.56193,-0.13177,0.212623,-0.943121,-0.0590356,-1.5288,-0.508932,-0.544116,-0.313569,0.984044,0.311181,0.0219167,-0.322556,0.408738,0.315396,-0.197584,-0.790785,-0.330346,0.513814
-17.5077,1.68766,0.0315626,0.220613,-0.884607,0.00338989,-1.34084,-0.351745,-0.577243,-0.138782,1.29024,0.413248,0.185784,-0.178407,0.509599,0.432773,-0.165801,-0.777539,-0.360871,0.441694
-17.4706,1.69054,0.276246,0.337951,-0.762306,0.0231884,-1.445,-0.351803,-0.414347,-0.105935,0.839366,0.407002,0.250594,-0.256923,0.50762,0.480814,-0.119915,-0.739549,-0.421319,0.38847
-17.7289,1.6278,0.336877,0.123714,-0.929418,0.0238188,-1.36641,-0.344366,-0.406086,-0.133082,0.937599,0.324249,0.081337,-0.309452,0.550808,0.425122,-0.256493,-0.863164,-0.260674,0.335378
-17.8594,1.52351,0.382997,0.244088,-0.589302,0.24585,-1.2991,-0.256841,-0.48496,-0.261055,1.0854,0.665348,0.312901,-0.261791,0.380515,0.223722,-0.303161,-0.878482,-0.503081,0.375457
-17.5029,1.60994,0.21654,0.0830618,-0.908137,0.154416,-1.24149,-0.442339,-0.798664,-0.361107,1.12805,0.515977,0.350389,-0.449085,0.315589,0.33943,-0.199485,-0.895113,-0.19716,0.708211
-17.7376,1.33415,0.24092,0.300695,-0.735898,-0.0699906,-1.49034,-0.492348,-0.850342,-0.0755133,1.28468,0.560358,0.471813,-0.292179,0.511115,0.5293,-0.190774,-0.982363,-0.0826223,0.653788
-17.7572,1.41802,0.466494,0.587688,-0.694791,-0.0672663,-1.45908,-0.557636,-0.932262,-0.217167,1.16015,0.514128,0.54499,-0.366776,0.27349,0.325111,-0.327639,-0.810184,-0.101167,0.569565
-17.7026,1.61765,0.387178,0.354831,-0.619081,-0.0134103,-1.39968,-0.438142,-0.773536,-0.216714,1.00563,0.316084,0.254834,-0.283749,0.424837,0.179752,-0.532414,-0.858039,-0.183451,0.288295
-17.6039,1.42831,0.360734,0.0668436,-0.707078,-0.0186185,-1.27784,-0.275706,-0.667025,-0.166855,0.985122,0.3797,0.232118,-0.251208,0.288792,0.186675,-0.603657,-0.902554,-0.139547,0.305209
-17.6079,1.50143,0.346725,0.148222,-0.706579,0.168337,-1.40089,-0.566129,-0.796342,-0.248739,1.08989,0.665717,0.48489,-0.414221,0.22389,0.0282795,-0.473355,-0.716704,-0.0195232,0.462931
-17.7617,1.38597,0.390592,0.141245,-0.936368,0.021799,-1.37968,-0.152934,-0.481775,0.0259029,1.23889,0.665184,0.553949,-0.218447,0.425956,0.268234,-0.499103,-0.949112,-0.23046,0.488616
-17.6234,1.17159,0.326498,0.404657,-0.857148,-0.0925994,-1.38403,-0.239818,-0.433651,-0.083713,1.11097,0.628325,0.686622,-0.0613296,0.206396,0.191464,-0.507366,-1.1109,-0.268141,0.539601
-18.0366,1.27158,0.625091,0.364283,-0.959637,-0.323898,-1.56211,-0.250871,-0.36867,0.213963,1.15458,0.515765,0.490904,-0.18915,0.515459,0.425503,-0.370693,-0.887,-0.198075,0.311886
-17.8519,1.57951,0.741283,0.211366,-0.968177,-0.155335,-1.09289,-0.0243286,-0.532663,0.00549389,1.26721,0.697788,0.666402,-0.29199,0.394936,0.391693,-0.525948,-0.638248,-0.156184,0.575403
-17.685,1.48055,0.661858,0.582911,-0.898687,0.107121,-1.14414,-0.17867,-0.392293,-0.0191831,1.27923,0.883249,0.80142,-0.441533,0.291795,0.390023,-0.461667,-0.901198,-0.229597,0.630837
-17.5065,1.42493,0.663521,0.777286,-0.724974,0.253878,-1.0575,-0.211717,-0.2626,0.192997,1.46891,0.944547,0.786441,-0.250651,0.327621,0.301557,-0.536834,-0.752518,-0.297582,0.499876
-17.8994,1.42035,1.07309,0.889486,-0.600802,0.0741344,-1.23416,-0.0794386,-0.455648,0.0938263,1.42633,0.910339,0.822361,-0.210988,0.330798,0.403559,-0.419492,-0.613732,-0.0823006,0.592415
-17.8202,1.59518,1.05736,0.419456,-0.568708,0.148524,-1.13626,0.0145073,-0.22558,0.295351,1.26054,0.62239,0.837216,-0.0902131,0.210757,0.555813,-0.386945,-0.912768,-0.122324,0.501074
-18.0708,1.34119,1.1339,0.686507,-0.715043,0.0111025,-1.03146,0.240035,-0.285666,0.296415,1.65323,0.859166,0.612886,-0.0485492,0.468764,0.449398,-0.527622,-0.850269,-0.128552,0.601879
-17.5835,1.59635,0.910333,0.845942,-0.554073,0.159633,-1.24385,-0.136736,-0.247915,0.307127,1.63308,0.881792,0.582089,-0.311442,0.662793,0.593394,-0.583978,-0.81896,-0.209891,0.493523
-17.5893,1.5488,0.798052,0.738104,-0.671483,0.0625399,-1.13223,-0.00495502,-0.51145,0.205926,1.44038,0.904602,0.71345,-0.258069,0.450799,0.472476,-0.42526,-0.807147,-0.429647,0.590708
-17.8664,1.61838,0.889223,0.691051,-0.711678,-0.00717344,-1.10858,0.0157983,-0.337661,0.1828,1.45916,0.807621,0.702754,-0.39043,0.388449,0.343845,-0.599522,-0.821317,-0.321249,0.549201
-18.2146,1.49517,0.809039,0.42195,-0.59905,0.10334,-1.06448,-0.0187154,-0.409888,0.269348,1.43289,0.808678,0.780086,-0.32702,0.241221,0.199085,-0.71266,-0.739186,-0.189631,0.557284
-17.8287,1.36429,0.833151,0.704878,-0.668334,0.0735958,-0.990984,-0.0821084,-0.358961,0.402829,1.4182,0.823147,0.714133,-0.472549,0.289743,0.296219,-0.548307,-0.915425,-0.230743,0.679018
-17.7508,1.1489,0.61237,0.799922,-0.703443,0.00555288,-1.0576,-0.285601,-0.58432,0.248798,1.6004,0.882909,0.526464,-0.457175,0.334174,0.325054,-0.474155,-1.28366,-0.447023,0.588098
-17.9554,1.36853,0.946789,0.905284,-0.710153,0.236577,-0.943503,-0.348382,-0.553078,0.330173,1.70414,1.21461,0.557693,-0.616361,0.330236,0.361199,-0.444009,-1.04589,-0.310931,0.69681
-17.9226,1.34911,0.919477,0.705316,-0.682665,0.0131774,-0.631173,-0.151448,-0.347396,0.351616,1.53916,1.26111,0.810953,-0.337008,0.381959,0.393336,-0.516329,-0.851199,-0.298491,0.702157
-17.8898,1.37473,0.688164,0.490432,-0.687118,-0.036071,-0.695224,-0.161984,-0.306178,0.319032,1.32983,1.00107,0.730756,-0.148243,0.549884,0.354273,-0.41637,-0.883783,-0.390888,0.675515
-17.9068,1.06881,0.435542,0.434182,-0.787609,-0.0273313,-0.665702,-0.513038,-0.543223,0.228856,1.3755,1.04014,0.560987,-0.341294,0.325926,0.104743,-0.470536,-0.995183,-0.331449,0.590571
-17.6863,1.24938,0.467218,0.57101,-0.940884,-0.169227,-0.671003,-0.331021,-0.537615,0.22048,1.49174,1.12946,0.538244,-0.465518,0.550393,0.324723,-0.373431,-0.966379,-0.455241,0.591227
-17.836,1.08327,0.607159,0.513836,-0.795938,-0.206537,-0.965672,-0.567632,-0.555167,0.188924,1.2544,1.09519,0.422168,-0.651546,0.233077,0.153786,-0.605282,-1.10169,-0.53397,0.651334
-17.8394,1.2976,0.686537,0.569454,-0.711397,-0.213176,-0.865542,-0.415829,-0.436087,0.30351,1.29315,1.01611,0.559362,-0.442333,0.407651,0.281734,-0.527524,-1.00707,-0.456593,0.617605
-18.056,1.33992,0.590344,0.376962,-0.89312,-0.507052,-0.87913,-0.291207,-0.482928,0.315802,1.16857,0.720233,0.445805,-0.218418,0.570467,0.210034,-0.514878,-0.894691,-0.348738,0.846384
-17.9926,1.24264,0.249706,0.36363,-0.821383,-0.158766,-0.949181,-0.241675,-0.483403,0.479558,1.29981,1.14008,0.607286,-0.219869,0.481392,0.197255,-0.302031,-0.903116,-0.329157,0.612714
-17.9504,1.12536,0.437808,0.732449,-0.857444,-0.292216,-0.893657,-0.429665,-0.579296,0.13005,1.44775,1.14478,0.404813,-0.580509,0.330886,0.125957,-0.309023,-1.21093,-0.502847,0.662639
-17.6425,1.41529,0.717973,0.652626,-0.830385,-0.0216221,-0.784855,-0.460027,-0.421797,0.25835,1.38632,1.18281,0.188342,-0.687754,0.298394,0.235676,-0.443661,-1.18876,-0.323851,0.742534
-18.0625,0.963334,0.4491,0.587832,-1.11633,-0.430915,-0.971619,-0.485515,-0.548786,0.599795,1.29311,1.03172,0.0946089,-0.557873,0.61625,0.371273,-0.398359,-1.22743,-0.497972,0.70238
-17.9921,1.04734,0.496754,0.670179,-0.672237,-0.324849,-1.16289,-0.642785,-0.660404,0.232494,1.24446,1.07204,0.26158,-0.445926,0.329345,0.0478102,-0.254036,-1.1232,-0.332533,0.829228
-17.9947,1.16943,0.467603,0.4782,-1.06879,-0.485033,-0.939776,-0.416799,-0.722624,0.156062,1.07428,1.10345,0.405238,-0.674535,0.357963,0.145799,-0.200468,-1.02948,-0.303883,0.680268
-17.7216,1.59183,0.462201,0.604636,-0.880277,-0.372057,-0.794699,-0.310639,-0.630139,0.486244,1.20903,0.984864,0.310544,-0.832511,0.522889,0.204389,-0.399726,-1.08836,-0.345104,0.665345
-17.7144,1.32177,0.435514,0.637989,-0.956073,-0.385217,-0.891842,-0.337253,-0.699247,0.378303,1.12312,1.0108,0.413873,-0.73544,0.467758,0.178365,-0.404208,-1.15093,-0.300362,0.711828
-17.6419,1.31505,0.263075,0.612533,-0.817464,-0.307731,-0.727164,-0.30873,-0.639028,0.44027,1.15322,1.05646,0.611144,-0.800598,0.3613,-0.0350574,-0.575954,-1.19732,-0.342887,0.642794
-17.6093,1.38198,0.542361,0.648647,-0.732095,-0.572553,-0.831627,-0.380191,-0.699575,0.443686,1.02534,0.932119,0.534269,-0.577824,0.481796,0.229925,-0.279431,-0.870765,-0.290422,0.587784
-17.7778,1.20428,0.391977,0.840706,-0.666949,-0.648263,-0.833012,-0.386954,-0.707097,0.292921,1.02823,1.02951,0.531682,-0.505526,0.570792,0.0985335,-0.424844,-1.04229,-0.295435,0.678051
-17.2603,1.47377,0.179922,0.731998,-1.14037,-0.742106,-0.960326,-0.689859,-0.841972,0.334392,0.995725,0.767343,0.375175,-0.726409,0.73307,0.415585,-0.231813,-0.86507,-0.0986562,0.717575
-16.1257,1.37999,-0.0884362,1.02603,-0.995837,-0.447607,-1.03318,-0.780439,-0.82522,0.314729,0.841389,0.635803,0.487739,-0.495752,0.707754,0.318538,-0.21877,-0.805564,-0.0447605,0.573828
-15.9768,1.2879,-0.313335,0.627802,-1.2148,-0.437306,-1.19057,-0.987736,-1.03115,0.137635,0.671594,0.540465,0.578598,-0.377737,0.363404,0.24036,-0.0279218,-0.379809,0.0542774,0.646039
-15.7402,1.19195,-0.460882,0.643114,-1.25821,-0.421582,-0.917574,-0.633807,-0.740444,0.0974682,0.786255,0.290953,0.596422,-0.125105,0.564263,0.412977,-0.182628,-0.37173,-0.0487913,0.519147
-15.5949,1.33008,-0.430756,0.89891,-1.08495,-0.483301,-0.837319,-0.61354,-0.917109,-0.0781396,0.803927,0.187997,0.475368,-0.0129942,0.481152,0.0793022,-0.246536,-0.501106,-0.0693691,0.554739
-15.5528,1.64557,-0.252464,1.01793,-1.08549,-0.364749,-0.830556,-0.821492,-0.948508,0.0415971,0.728917,0.343204,0.453225,-0.243976,0.471278,0.0134543,-0.315274,-0.319473,0.1463,0.465261
-15.6442,1.56953,-0.197552,0.728571,-1.20782,-0.501,-1.18069,-1.00835,-0.936866,-0.060278,0.614354,0.221616,0.291275,-0.412602,0.399084,0.210268,-0.412785,-0.573573,0.0824482,0.633716
-15.3978,1.65539,-0.376153,0.56989,-1.38683,-0.444458,-0.967006,-0.785196,-0.950487,-0.288882,0.588144,0.306097,0.282686,-0.296981,0.354359,0.233955,-0.257807,-0.457338,0.0223943,0.665923
-15.4137,1.49927,-0.456331,0.48637,-1.30058,-0.522398,-0.872178,-0.749653,-0.867374,-0.07797,0.315497,0.15974,0.410047,-0.146953,0.348717,0.111584,-0.458614,-0.542556,-0.00301367,0.724249
-15.6116,1.6429,-0.374169,0.324037,-1.60253,-0.66175,-0.742866,-0.59431,-1.25699,-0.147106,0.39968,0.236013,0.302745,-0.164046,0.448352,0.219511,-0.375647,-0.600462,0.113171,0.732171
-15.5369,1.78587,-0.228065,0.448415,-1.49687,-0.518162,-0.734996,-0.411425,-1.042,-0.216804,0.469105,0.352993,0.365502,-0.0219585,0.747231,0.186748,-0.477972,-0.831268,0.138841,0.758011
-15.6151,1.62613,-0.433224,0.161316,-1.4498,-0.348166,-0.761909,-0.607743,-0.756869,0.0166162,0.6605,0.367745,0.467519,-0.144181,0.539427,0.15495,-0.708473,-0.887534,-0.0606337,0.691627
-15.6691,1.62529,0.0833344,0.358106,-1.41931,-0.382302,-0.762008,-0.721488,-0.965141,-0.113308,0.607356,0.436666,0.404326,-0.140454,0.461216,0.372943,-0.590568,-0.788095,-0.105373,0.733214
-16.1893,1.37008,0.0423354,0.525211,-1.21142,-0.36878,-0.614883,-0.766373,-1.20316,-0.10746,0.727545,0.726265,0.784214,-0.126262,0.472008,0.454264,-0.484455,-0.6857,-0.0254804,0.797003
-16.3485,1.38387,-0.0258443,0.57662,-0.868228,-0.275753,-0.821505,-0.847168,-1.08322,-0.0423827,0.810544,0.706179,0.561714,-0.16033,0.115914,0.120688,-0.539204,-0.836187,-0.0122167,0.600556
-16.5015,1.26875,-0.0394763,0.443831,-1.17892,-0.73942,-0.901252,-0.703339,-0.833806,0.0520146,0.828818,0.615536,0.457272,-0.385614,0.242378,0.378341,-0.431239,-0.657931,0.0030605,0.614589
-16.308,1.26416,0.0519108,0.247692,-1.34389,-0.539797,-0.889428,-0.588652,-0.68462,-0.0919017,0.850359,0.731881,0.479013,-0.228669,0.39928,0.456985,-0.296654,-0.867625,0.0465827,0.929081
-16.4913,1.60576,0.268429,0.289592,-1.49537,-0.594287,-0.633971,-0.420368,-0.85794,-0.183006,0.879955,0.585643,0.490467,-0.340534,0.480057,0.416954,-0.508309,-1.10916,-0.188294,1.0209
-16.6889,1.53373,0.0598815,0.234587,-1.16043,-0.430128,-0.746538,-0.332209,-0.780486,-0.125182,0.935948,0.650327,0.509573,-0.129469,0.28375,0.0900186,-0.528444,-1.02033,-0.299935,0.746826
-16.742,1.3444,0.159684,0.455901,-1.05303,-0.298444,-0.509263,-0.355614,-0.638635,0.0308206,0.843885,0.733524,0.520569,-0.203614,0.294511,0.0447682,-0.708597,-1.1475,-0.22054,0.777673
-16.6536,1.3613,-0.0941778,0.162831,-1.15,-0.531198,-0.553914,-0.588625,-0.657613,0.0114077,0.914855,0.770796,0.420335,-0.228987,0.44693,0.122252,-0.643352,-0.892494,-0.139148,0.797946
-16.5572,1.6466,0.011244,0.345339,-1.17956,-0.628921,-0.530797,-0.504715,-0.865264,-0.080685,0.917345,0.615017,0.170186,-0.197181,0.572898,0.0383373,-0.568179,-1.21067,-0.310925,0.943293
-16.8168,1.38518,-0.154591,0.453978,-1.18717,-0.714531,-0.507096,-0.666361,-0.748021,0.0515983,0.998639,0.91683,0.52557,-0.241434,0.619712,0.415263,-0.535788,-1.16326,-0.292475,0.922195
-16.7931,1.31599,-0.379573,0.487827,-1.0361,-0.726921,-0.362941,-0.556013,-0.678514,0.157352,1.01456,0.776839,0.285963,-0.393276,0.526112,0.260385,-0.750786,-0.979091,-0.380633,0.799323
-17.0582,1.65634,-0.181326,0.2323,-0.973213,-0.660236,-0.263628,-0.707177,-0.771085,0.0873955,1.0127,0.920741,0.326295,-0.389535,0.249492,0.234692,-0.549924,-0.821161,-0.253917,0.8239
-17.2106,1.75724,-0.137306,0.355694,-0.97797,-0.577251,-0.429285,-0.661775,-0.690269,0.060617,0.853739,0.924656,0.336898,-0.446717,0.46455,0.272409,-0.39916,-1.02187,-0.301657,0.872423
-17.3638,1.44858,-0.393352,0.416412,-1.01328,-0.861602,-0.588414,-0.900522,-0.782668,0.029181,0.981887,0.737921,0.218972,-0.348334,0.408058,0.0582919,-0.635762,-1.04135,-0.318624,1.00022
-16.4575,1.67177,-0.38807,0.552125,-0.793465,-0.702365,-0.596514,-0.729856,-0.658697,0.093049,0.745967,0.776225,0.32967,-0.22288,0.530092,0.32273,-0.405939,-0.736989,-0.15078,0.849471
-15.7464,1.809,-0.644119,0.608774,-0.849546,-0.503259,-0.29169,-0.64114,-0.77989,-0.044409,0.596548,0.753875,0.116326,-0.420317,0.0675727,-0.112535,-0.188459,-0.507398,-0.191521,0.39086
-15.5454,1.87352,-0.501727,0.846196,-1.11458,-0.450162,-0.401771,-1.161,-0.971396,0.0551481,0.47302,0.516791,-0.0883362,-0.249641,0.099057,-0.087891,-0.215757,-0.373531,0.0911678,0.362705
-15.1798,1.5971,-0.6767,0.581829,-1.03436,-0.540863,-0.31906,-0.858247,-0.798771,0.439021,0.433404,0.464039,0.0743533,-0.0924684,0.275397,0.270074,-0.24878,-0.400332,-0.0207613,0.410174
-15.2257,1.43602,-0.448268,0.591788,-1.1437,-0.627583,-0.442874,-0.757414,-1.06087,-0.0993817,0.318251,0.638889,0.14179,-0.195267,0.379563,0.336111,-0.219704,-0.502437,-0.0493679,0.518923
-14.9858,1.48317,-0.862252,0.428012,-1.36202,-0.78746,-0.380287,-0.846682,-0.968844,0.101218,0.416116,0.500343,0.119741,-0.0391649,0.590309,0.53734,-0.0344946,-0.314939,-0.0922398,0.421163
-14.4611,2.00733,-0.886643,0.742847,-1.20102,-0.467976,-0.28353,-0.544879,-0.792716,0.0443827,0.669921,0.373374,0.197178,0.165001,0.497467,0.515307,0.164079,-0.209108,-0.0888329,0.515707
-14.1909,2.15428,-0.57297,0.889073,-1.07926,-0.238553,-0.222112,-0.668143,-0.801892,0.0793281,0.331571,-0.0173583,0.0605914,0.181925,0.414738,0.197401,-0.0747763,-0.370431,-0.0115461,0.499041
-14.3874,2.29105,-0.443878,0.971366,-0.648002,-0.217364,-0.382849,-0.759637,-0.881767,0.143644,0.307874,-0.148876,0.146689,0.259905,0.509608,0.266082,-0.282135,-0.457744,0.102703,0.761822
-14.6158,2.21135,-0.403763,0.903124,-0.654793,0.0438828,-0.459889,-0.824527,-0.829894,0.105927,0.366344,0.166871,0.0665758,0.0578987,0.475774,0.29069,-0.210777,-0.598641,0.112066,0.46484
-14.5865,2.30996,-0.712503,0.54578,-0.954285,-0.000404787,-0.0856743,-0.637195,-0.680379,-0.119313,0.188909,0.259267,0.194108,0.165845,0.461701,0.413001,-0.0406268,-0.580973,0.126649,0.562674
-14.9612,2.18359,-0.625345,0.479855,-0.959431,0.0333005,-0.0508502,-0.680662,-0.739785,0.0839676,0.417172,0.130336,0.298876,0.156402,0.40607,0.347748,0.0243869,-0.505443,-0.0559585,0.414098
-15.2046,2.29133,-0.842133,0.415694,-1.02362,0.0391799,-0.0767762,-0.610052,-0.724998,-0.077624,0.503028,0.207324,0.296131,0.201363,0.312458,0.324001,-0.0768101,-0.452993,-0.0753826,0.398895
-15.3859,2.47336,-0.521959,0.438072,-0.870046,0.0375217,0.101733,-0.652783,-0.800303,-0.125709,0.154075,0.442245,0.32294,0.293102,0.380762,0.414907,-0.164029,-0.674797,-0.0116414,0.5789
-15.5664,2.54084,-0.492205,0.606246,-0.707977,-0.264092,0.254125,-0.586285,-0.830014,-0.244041,0.0498912,0.776528,0.309594,-0.0971461,0.518155,0.31841,-0.261475,-0.75392,-0.207612,0.45178
-15.7507,2.53477,-0.558573,0.566059,-1.03305,-0.274822,-0.0647474,-0.600314,-0.817546,-0.0699505,0.359693,0.205741,0.0513204,-0.100934,0.487166,0.266659,-0.229394,-0.6376,-0.0506888,0.643434
-16.0499,2.44214,-0.528515,0.96991,-0.671824,-0.0150252,-0.0670512,-0.718109,-0.666049,0.101515,0.448528,0.463713,0.254139,-0.0947716,0.547468,0.433866,-0.113239,-0.715703,-0.045489,0.902271
-16.5845,2.46757,-0.190642,1.03484,-0.666393,-0.124432,-0.110785,-0.625796,-0.479497,0.0622931,0.494641,0.255022,-0.168322,-0.0176279,0.540559,0.595766,-0.418392,-1.04518,-0.151881,0.878791
-16.5616,2.3904,-0.405981,0.589379,-0.554401,-0.156888,-0.116006,-0.674773,-0.378255,-0.0946555,0.309517,0.437982,-0.103992,-0.147864,0.572841,0.629452,-0.287473,-0.937418,-0.119847,0.6212
-16.8008,2.16418,-0.580739,0.632539,-0.463412,-0.299173,-0.233469,-0.752715,-0.653172,-0.0833736,0.756829,0.619535,-0.0714064,-0.159004,0.259783,0.574432,-0.0684959,-0.739961,-0.138528,0.427179
-16.8849,2.24079,-0.197154,0.588868,-0.479324,-0.245839,-0.495988,-0.900342,-0.703706,-0.274433,0.42945,0.50963,-0.0783284,-0.305125,0.299063,0.651642,-0.0358482,-0.571612,-0.0709628,0.548644
-17.1534,2.26746,-0.406949,0.550214,-0.628516,-0.33947,-0.358784,-0.83065,-0.543687,0.10784,0.448152,0.462274,-0.208147,-0.465816,0.133628,0.62224,-0.0806192,-0.63764,-0.0548842,0.603935
-17.0458,2.26328,-0.54113,0.539405,-0.679512,0.18195,-0.0093211,-0.806217,-0.432275,0.393883,0.470543,0.306764,0.0137011,-0.267232,0.124561,0.389848,-0.544658,-0.636579,-0.0810513,0.495303
-17.4849,2.02894,-0.754462,0.497211,-0.661786,-0.150677,-0.34351,-0.857654,-0.258909,0.406889,0.891909,0.665412,-0.236077,-0.194678,0.177817,0.494893,-0.282491,-0.656867,-0.0357949,0.352385
-17.0664,2.36283,-0.466729,0.488858,-0.706366,-0.0825288,-0.170838,-0.877761,-0.608193,0.177488,0.435435,0.31746,-0.110737,-0.21542,0.383807,0.609361,-0.549048,-0.737242,-0.101884,0.418951
-17.0765,2.22124,-0.434825,0.769502,-0.794638,-0.227483,-0.152258,-0.754146,-0.474729,-0.0414065,0.706177,0.257117,0.0980616,-0.0794974,0.420316,0.606113,-0.28262,-0.741822,-0.285681,0.652338
-17.3003,2.17756,-0.311444,0.783904,-0.559297,-0.0194206,0.0374977,-0.850012,-0.950476,-0.102562,0.618567,0.351454,0.131059,-0.128939,0.31432,0.416862,-0.181962,-0.820134,-0.2623,0.662264
-17.2323,2.27271,-0.354081,0.498154,-0.846519,0.0672584,0.198173,-0.569477,-0.690044,0.0731014,0.50343,0.325014,0.0988874,0.00442714,0.458261,0.517895,-0.39779,-0.855582,-0.336358,0.499168
-17.3994,1.98058,-0.552668,0.382047,-1.00218,-0.0846284,0.289883,-0.39939,-0.605524,0.124692,0.62139,0.495173,0.159328,-0.0748776,0.308916,0.33199,-0.459032,-1.00468,-0.397321,0.514729
-17.0302,2.01314,-0.625026,0.39635,-0.844795,-0.320514,0.120472,-0.548552,-0.760014,-0.0679516,0.549922,0.414354,0.208918,-0.142897,0.372742,0.264173,-0.247123,-0.761266,-0.412929,0.792334
-16.9951,2.32904,-0.490031,0.576729,-0.906093,-0.131221,0.0938862,-0.76002,-0.657372,0.0854632,0.471053,0.238336,0.0528088,-0.0553156,0.191131,0.12867,-0.230527,-0.730872,-0.345666,0.632621
-17.1059,2.25128,-0.451943,0.526966,-0.859288,-0.0567357,-0.148296,-0.709372,-0.716162,0.0734437,0.573747,0.473124,0.005721,-0.252564,0.154826,0.219141,-0.148102,-0.612925,0.0128236,0.766761
-16.8276,2.22977,-0.699061,0.630015,-0.848424,-0.0672615,0.205961,-0.501309,-0.809563,0.276953,0.451353,0.606912,-0.0150851,-0.209415,-0.0746183,-0.0673572,-0.265249,-0.593672,-0.10998,0.534889
-15.8799,2.2443,-0.480925,0.561369,-1.16132,-0.0734809,-0.151159,-0.702585,-1.04129,0.180394,0.030008,0.0852889,0.135933,-0.0575438,0.265025,0.257114,0.103535,-0.3923,-0.150544,0.415672
-15.8934,2.09015,-0.641257,0.463112,-1.16438,-0.289708,-0.336641,-1.11555,-1.04137,0.0972173,0.0546139,0.0264909,-0.0752021,0.208546,0.494311,0.401097,-0.159041,-0.394818,0.0983028,0.634798
-16.0489,2.04951,-0.833576,0.577282,-0.949597,-0.30639,-0.117124,-0.737961,-0.96376,0.171188,0.264711,0.118538,0.134117,-0.0657683,0.447403,0.286372,-0.19786,-0.48438,-0.108028,0.580301
-16.3982,1.91625,-0.660665,0.651279,-1.02256,-0.25177,-0.162914,-0.566539,-0.736063,-0.0135381,0.271086,0.359571,0.125528,-0.00266373,0.402451,0.449996,-0.023968,-0.612232,-0.0214106,0.559984
-16.3217,2.06609,-0.795641,0.513129,-0.938429,-0.150689,-0.443046,-0.531617,-0.65015,0.298304,0.00886637,-0.0119285,0.187388,0.196462,0.451414,0.361018,0.128903,-0.593653,-0.10783,0.623867
-16.1342,2.14016,-0.752172,0.757176,-0.890868,-0.509888,-0.611778,-0.835844,-0.752568,0.302135,0.160704,0.226302,0.0568817,0.150521,0.754226,0.407703,0.255549,0.0136156,0.324008,0.633091
-15.8964,2.55658,-0.407726,0.370892,-1.16783,-0.181263,-0.281192,-0.826592,-0.822435,0.267774,0.103877,-0.0953795,0.0989288,0.0718252,0.0908698,0.108961,0.322752,-0.178127,-0.0902405,0.527262
-15.5687,2.14391,-0.727238,0.300304,-1.14541,-0.346776,-0.284985,-0.684677,-1.00983,0.138917,-0.0753538,0.0882549,0.0336594,0.07419,0.358563,0.206138,0.0975059,-0.28706,0.187148,0.445019
-15.6909,2.20472,-0.610543,0.318641,-1.21309,-0.268181,-0.347511,-0.64805,-1.06513,-0.158651,0.110723,0.0487638,-0.0426094,0.150519,0.391524,0.505109,0.302071,-0.030274,0.398266,0.549481
-16.2033,2.19908,-0.723044,0.326764,-1.31,-0.232419,-0.548793,-1.15944,-1.0326,-0.146901,0.096665,0.0249135,-0.0688416,0.328417,0.313839,0.409045,0.361599,-0.0678412,0.509528,0.558018
-16.4645,2.38868,-0.375001,0.573596,-1.00242,-0.109449,-0.364012,-1.0537,-1.12566,-0.108236,0.074517,0.389429,-0.00363672,-0.0160244,0.451734,0.323027,0.163389,-0.27052,0.397457,0.331723
-16.4409,2.37063,-0.337502,0.80331,-0.951658,-0.503242,0.0317534,-0.700716,-1.12389,-0.083815,0.17901,0.268435,-0.168995,0.120787,0.417465,0.287943,0.190624,-0.376774,0.101997,0.40798
-16.1796,2.29877,-0.547144,0.46466,-1.10768,-0.318201,-0.217675,-0.688031,-1.03247,-0.156831,0.156743,0.0947669,-0.0717923,0.0416556,0.409385,0.127703,0.099758,-0.318441,0.0294363,0.590559
-16.6691,2.25255,-0.443282,0.630279,-1.02861,-0.216205,-0.127969,-0.737895,-1.06059,-0.127151,0.227885,0.168762,0.0054314,0.0344588,0.212945,0.0759338,0.217003,-0.322347,0.263572,0.627886
-16.6898,2.21442,-0.376314,0.807068,-0.83096,-0.131706,-0.399606,-0.568252,-0.89453,-0.0941004,0.126207,0.0116709,-0.211025,0.105572,0.595815,0.389823,-0.236216,-0.365308,0.419213,0.549583
-16.9277,2.05638,-0.765784,0.619234,-0.819781,-0.413084,-0.200073,-0.527772,-0.892494,0.016667,0.252715,0.243379,0.0857221,0.273545,0.654831,0.37017,-0.0258413,-0.381296,0.295842,0.699589
-17.0787,2.21041,-0.736773,0.44605,-1.02103,-0.107935,-0.280254,-0.724041,-0.879175,-0.0098814,0.339128,0.178257,0.0236376,0.081454,0.457084,0.324566,0.0403357,-0.451313,-0.0742273,0.473618
-17.049,2.17111,-0.47572,0.488466,-1.17153,-0.162551,0.0795539,-0.735953,-1.07495,-0.229941,0.411862,0.20388,0.039304,0.0528913,0.310883,0.352874,0.222669,-0.48461,-0.337742,0.444514
-17.4081,2.17358,-0.495448,0.512487,-1.01005,-0.0108855,0.0129961,-0.849941,-1.18865,-0.32983,0.220326,0.322488,0.308717,0.148004,0.295482,0.44838,0.374208,-0.342722,-0.103456,0.568914
-17.3707,2.38128,-0.520299,0.47266,-0.98382,-0.304719,-0.0183202,-0.567439,-0.82835,-0.20198,0.0496709,0.139935,0.0616865,0.081373,0.62141,0.59286,0.141614,-0.387198,-0.0617226,0.777255
-17.5509,2.45201,-0.476217,0.568484,-0.875714,-0.555991,-0.130319,-0.667343,-0.905634,-0.14507,0.0594719,0.24549,-0.206103,-0.0776501,0.504646,0.506901,0.125289,-0.473107,-0.130705,0.660366
-17.4278,2.73002,-0.43572,0.598908,-0.658475,-0.529357,-0.281996,-0.925738,-0.648118,0.0476087,0.17636,0.131133,-0.0555037,-0.0230294,0.729145,0.476752,-0.0148056,-0.527007,0.0119663,0.825673
-17.6252,2.20681,-0.672738,0.549478,-0.839774,-0.684742,-0.120899,-0.73895,-0.648376,0.162287,0.532737,0.163572,-0.0268287,0.0733687,0.901587,0.61491,-0.188972,-0.498507,-0.00657849,0.696367
-17.5505,2.29003,-0.504974,0.405049,-0.89865,-0.350224,0.0628799,-0.363342,-0.870332,-0.130417,0.33208,0.368849,-0.132666,-0.0898798,0.548191,0.590403,-0.111996,-0.758904,0.111391,0.804033
-17.7282,2.39454,-0.352686,0.40991,-0.734356,-0.190688,0.285043,-0.667152,-0.795819,-0.138026,0.354547,0.289693,-0.000844898,-0.154253,0.488035,0.399524,0.00937263,-0.740908,0.0953895,0.691181
-18.2845,2.37936,-0.245129,0.437894,-0.577877,-0.180494,0.293396,-0.624743,-0.582682,0.0862175,0.357884,0.457373,-0.120052,-0.0652819,0.149505,0.247957,-0.0684228,-0.656544,0.126643,0.45434
-18.0484,2.64131,-0.544117,0.444784,-0.699878,-0.319731,0.186023,-0.540872,-0.43263,-0.179277,0.0949759,0.527893,0.133799,0.00918267,0.322577,0.29364,-0.212164,-0.8101,-0.146557,0.600471
-18.1794,2.35068,-0.43515,0.29299,-0.870145,-0.606137,0.0720522,-0.487734,-0.690198,-0.134043,0.254808,0.328023,0.128622,0.0295191,0.653821,0.519412,-0.0383583,-0.667956,-0.109683,0.833501
-17.8866,2.47356,-0.43962,0.406409,-0.661026,-0.284588,0.201961,-0.466376,-0.747015,-0.0697612,0.331261,0.382238,0.0917716,0.139053,0.602479,0.414109,-0.041739,-0.648976,-0.0692512,0.853676
-18.1092,2.43635,-0.511537,0.346261,-0.557898,-0.124835,0.0563518,-0.727645,-0.480536,-0.250894,0.0951395,0.380431,0.0687774,0.0344237,0.34677,0.599415,0.14758,-0.598058,-0.00217931,0.62012
-18.2999,2.38747,-0.352759,0.5139,-0.48736,-0.19506,0.0153814,-0.770621,-0.476195,-0.0780939,0.264417,0.419069,-0.0938725,-0.0995097,0.243304,0.521645,0.0515753,-0.726711,-0.0290679,0.626971
-18.4194,2.20494,-0.460208,0.422265,-0.676147,-0.361776,0.0364096,-0.709059,-0.439058,0.140181,0.524652,0.40188,-0.0344882,0.061459,0.62993,0.312286,-0.255324,-0.768847,-0.000317028,0.685042
-18.4847,2.11533,-0.386789,0.470328,-0.529407,-0.131967,0.0228239,-0.974137,-0.568182,0.0457557,0.367922,0.538866,0.391608,0.1261,0.538227,0.2875,-0.188058,-0.852909,-0.0623159,0.824548
-18.5171,2.03818,-0.293149,0.688812,-0.406957,-0.428725,-0.043793,-0.873119,-0.823178,-0.000475777,0.439109,0.572124,0.106175,-0.182088,0.558318,0.3652,0.020835,-0.762713,-0.149468,0.762801
-18.5737,2.029,-0.175553,0.652913,-0.325216,-0.283525,-0.12807,-0.78443,-0.608187,0.0520053,0.356477,0.627786,-0.0772773,-0.209647,0.38407,0.343342,-0.11081,-0.97101,-0.204151,0.747617
-18.828,1.9346,0.058911,1.12958,-0.247761,-0.17865,-0.292526,-0.912092,-0.606386,0.109913,0.634544,0.80661,0.0563926,-0.225287,0.312545,0.473069,0.201192,-0.771932,-0.173295,0.673992
-18.8619,2.03774,-0.159163,0.883073,-0.542821,-0.440194,-0.174619,-0.904289,-0.563882,0.198338,0.429396,0.467494,0.107913,-0.346966,0.509739,0.61711,0.0237259,-0.911081,-0.342886,0.702156
-18.4809,2.05646,-0.0427639,0.63082,-0.695175,-0.191378,-0.0574918,-0.870018,-0.624794,-0.151438,0.617315,0.774988,0.0988946,-0.268156,0.471663,0.558679,-0.0933575,-0.823983,-0.0532578,0.668537
-18.6903,1.9226,0.0891955,0.845881,-0.561508,-0.223233,-0.0927729,-1.10997,-0.927504,-0.0732148,0.788201,0.844267,-0.0623509,-0.375457,0.29332,0.331459,0.00771643,-0.920095,-0.179497,0.758418
-18.8796,1.91921,0.0406301,1.01214,-0.335153,-0.0743842,-0.197815,-0.900625,-0.653356,0.0834393,0.869989,0.731796,0.112167,-0.20129,0.229668,0.379343,0.159942,-0.732418,-0.0570057,0.854154
-18.7742,1.90841,-0.149298,0.846388,-0.482558,-0.0132624,0.000565462,-0.953081,-0.757514,0.0119832,0.367934,0.546783,0.258711,0.0940428,0.403837,0.384418,0.00522793,-0.789623,-0.127836,0.669029
-18.9165,1.64726,-0.250088,0.883496,-0.654188,-0.215247,0.102903,-0.915295,-0.752485,0.047735,0.80582,0.836341,0.220404,-0.12792,0.350893,0.385027,-0.237925,-0.930241,-0.273415,0.65965
-18.6614,1.97797,-0.167176,0.486949,-0.866161,-0.469592,-0.069326,-1.02858,-0.521059,0.204116,0.532696,0.582034,-0.153307,-0.214591,0.466935,0.443203,-0.147659,-1.00575,-0.272593,0.682459
-18.5955,2.01077,-0.0591001,0.691126,-0.866153,-0.344019,0.104745,-0.779615,-0.687679,-0.0356192,0.750607,0.864534,0.256357,-0.208883,0.37965,0.511329,0.0433023,-0.81692,-0.225583,0.766829
-18.5533,1.74763,-0.173994,0.66201,-0.693145,-0.279793,-0.143947,-1.01966,-0.799685,0.0629107,0.596417,0.569109,0.0176337,-0.152026,0.34649,0.328341,-0.145875,-0.816538,-0.0630644,0.70828
-18.8253,1.63355,-0.0525793,0.715762,-0.825238,-0.193245,-0.0240853,-0.859762,-0.615017,0.0214499,0.781335,0.713175,0.154478,-0.21533,0.300408,0.459647,-0.0964973,-0.95137,-0.0679888,0.699456
-18.8564,1.99841,-0.0527054,0.508056,-0.623356,-0.207426,-0.0169643,-0.738711,-0.484458,0.246086,0.776948,0.589881,0.323844,0.0115738,0.317607,0.603965,-0.150284,-0.859531,-0.114395,0.700683
-19.0134,1.91345,0.065087,0.612931,-0.485597,-0.43458,-0.0493097,-0.686897,-0.590333,0.21953,0.774712,0.755589,0.291215,-0.0997671,0.233074,0.635466,-0.18081,-1.14969,-0.328172,0.67685
-18.913,1.78089,-0.186198,0.624088,-0.576531,-0.142727,-0.191678,-0.584104,-0.44104,0.33012,0.810042,0.88156,-0.0541307,-0.312648,0.0855848,0.560431,-0.315506,-1.19302,-0.238186,0.730434
-19.0525,1.60297,-0.335093,0.612546,-0.504069,-0.388811,0.00541117,-0.957506,-0.483607,0.169388,0.799062,0.994325,0.0230778,0.0824393,0.211031,0.538647,-0.177703,-1.07297,-0.139648,0.694546
-19.1923,1.79057,-0.130403,0.639564,-0.124714,-0.0843661,-0.108315,-1.05802,-0.472444,0.178793,0.892637,0.903211,-0.0583076,-0.117348,0.17679,0.469539,0.0737215,-0.889611,-0.108639,0.792409
-19.1195,1.7888,-0.498854,0.480262,-0.724694,-0.349324,0.115758,-0.783296,-0.4825,0.261914,0.86756,0.91607,0.012624,0.088961,0.236898,0.527226,0.0964801,-0.912795,-0.17432,0.726525
-19.1434,1.58152,-0.318238,0.66505,-0.635136,-0.246638,-0.344968,-0.889554,-0.49209,0.221605,0.78389,0.74671,0.220071,-0.202491,0.134795,0.632005,-0.126646,-0.982511,-0.241966,0.597951
-18.7433,1.42279,-0.28623,0.679401,-0.854785,-0.285976,-0.260555,-0.877721,-0.455704,0.198802,1.01164,0.844705,0.0317147,-0.304368,0.0875274,0.462151,-0.125353,-0.938832,-0.302231,0.42693
-18.6892,1.49623,0.04738,1.11205,-0.5675,-0.133124,-0.0663411,-0.811234,-0.429169,0.260865,0.995162,0.787605,-0.118579,-0.189179,0.197296,0.432013,-0.231753,-1.08014,-0.281335,0.805254
-19.2189,1.41229,-0.0806698,0.917382,-0.7984,-0.256664,-0.177956,-0.873184,-0.297161,0.0155492,0.938466,0.919861,0.0202993,-0.246524,0.0814433,0.71666,0.0311616,-0.956672,-0.230463,0.690506
-19.0514,1.36478,-0.428259,0.610577,-0.550581,-0.237152,0.158363,-0.610658,-0.364531,0.28582,0.919546,1.01624,0.10667,-0.224388,0.156136,0.40086,-0.203752,-1.08521,-0.264138,0.779032
-19.1614,1.60065,-0.0761196,0.848633,-0.649811,-0.454487,0.0876188,-0.536989,-0.46112,0.154977,0.795058,0.956935,-0.0739275,-0.086888,0.369391,0.592051,-0.174318,-1.23903,-0.415485,0.964755
-19.1465,1.52722,-0.226107,0.828642,-0.362025,-0.42659,-0.349368,-0.978266,-0.627743,0.204565,0.881265,0.923463,-0.295339,-0.174926,0.03736,0.668707,-0.00283154,-1.05215,-0.141947,0.768364
-19.313,1.10976,-0.29657,0.908933,-0.25022,-0.323566,-0.344371,-1.07627,-0.585382,0.24605,1.09499,0.931261,-0.153505,-0.236823,0.163358,0.492334,-0.216084,-0.847642,-0.109607,0.818409
-19.2781,1.34022,-0.0862011,0.921482,-0.184075,-0.272292,-0.37297,-1.20684,-0.693118,-0.0854527,0.71544,0.967922,0.111184,-0.203786,0.143025,0.761238,-0.0858923,-0.841542,-0.100002,0.763802
-19.1054,1.51941,-0.332376,0.893313,-0.275244,-0.148121,-0.0121274,-0.68388,-0.731614,-0.325657,0.70624,1.0887,0.215279,-0.245285,0.106975,0.557502,-0.17569,-0.964963,-0.298872,0.761013
-18.9605,1.46749,-0.182878,0.823929,-0.360353,-0.119392,-0.353432,-0.720081,-0.599974,0.134012,0.988754,0.891006,-0.0803405,-0.38759,0.241548,0.769,-0.354188,-1.12316,-0.179897,0.59339
-18.7485,1.15085,-0.258653,0.930609,-0.206372,-0.129172,-0.419411,-0.846247,-0.664016,0.0524973,0.979525,0.916832,-0.0426169,-0.300935,0.150359,0.509435,-0.267142,-1.04394,-0.229131,0.77996
-18.6648,1.29227,-0.0469835,0.958512,-0.384703,0.0192058,-0.129276,-0.676295,-0.52248,-0.147114,0.882406,0.754782,-0.165479,-0.288047,0.243523,0.612598,-0.315594,-1.15416,-0.174349,0.85396
-18.8399,1.35292,-0.276093,0.864302,-0.169174,-0.130008,-0.434491,-0.870268,-0.537937,0.0185824,0.871059,0.791316,-0.196286,-0.378386,0.182052,0.558268,-0.141375,-0.868576,0.0990958,0.929036
-18.5154,1.38938,-0.161523,0.951144,-0.308248,-0.24641,-0.453378,-0.724964,-0.421159,-0.0905425,0.598673,0.774339,0.0323714,-0.244441,0.141532,0.726131,0.144496,-1.01437,-0.365298,0.857379
-18.8184,1.44888,-0.157339,1.03856,-0.171935,-0.0361221,-0.163611,-0.850643,-0.720258,0.0922494,1.02044,0.939101,0.00622646,-0.286735,0.247679,0.69918,-0.330728,-1.10712,-0.25734,0.891666
-18.6668,1.75943,-0.222159,0.702523,-0.358631,-0.285287,-0.187638,-0.563023,-0.59509,-0.10798,0.905433,0.519852,-0.221098,-0.348564,0.103009,0.707595,-0.614711,-1.15357,-0.0950538,0.50884
-18.8642,1.47408,-0.163815,1.11236,-0.215386,-0.0965867,-0.429797,-0.598865,-0.426038,-0.0673916,0.835013,0.83471,-0.07799,-0.369201,0.11311,0.892758,-0.276929,-1.10939,-0.302366,0.504631
-18.6646,1.13649,-0.350805,0.567171,-0.271851,0.0811957,-0.258432,-0.570418,-0.224222,-0.140794,0.283796,0.647855,0.0691041,-0.158889,0.00637749,0.698897,-0.164008,-0.976238,-0.255767,0.538653
-19.1608,1.96404,-0.063966,0.491183,-0.524494,-0.248169,-0.495369,-0.362777,0.0686713,0.0860976,0.474287,0.414915,0.242272,-0.086221,-0.188215,0.28596,0.0657546,-0.896721,-0.335888,0.257046
-18.2505,1.76834,-0.298901,0.506874,-0.459017,-0.647629,-0.581421,-0.335272,0.434815,0.407607,0.308594,0.176895,-0.0362891,-0.125084,-0.271132,0.664229,0.580135,-0.598269,-0.593579,0.385037
-17.6652,1.64087,-0.424561,0.694116,-0.511877,-0.825767,-0.574716,-0.222437,0.466763,0.479247,0.269733,-0.0533659,-0.0539371,-0.27555,-0.337548,0.659006,0.653956,-0.395503,-0.818895,0.141447
-17.1613,1.57537,-0.392151,0.439951,-0.62837,-0.760258,-0.505501,0.0374196,0.192951,0.191767,0.1333,-0.0668235,-0.320784,-0.296001,-0.37626,0.525559,0.636461,-0.295999,-0.570764,0.218947
-17.0477,1.22804,-0.390858,0.353269,-0.693972,-0.628729,-0.198342,0.313507,0.080406,0.29682,-0.210515,-0.201522,-0.266821,-0.142506,-0.0749198,0.769851,0.766583,-0.16001,-0.400606,0.360279
-16.7075,1.49757,-0.686644,0.457249,-0.792766,-0.444924,-0.222154,0.107058,0.250908,0.057746,-0.595086,-0.479629,-0.290891,-0.487638,-0.246032,0.615407,0.676452,-0.108685,-0.521136,0.470651
-16.436,1.3838,-0.359158,0.649225,-0.963161,-0.417385,-0.396065,-0.0192194,0.11919,-0.0463726,-0.518341,-0.182379,-0.356785,-0.640653,-0.173336,0.583807,0.56669,-0.0100455,-0.484141,0.290047
-16.2154,1.41137,-0.405213,0.711187,-0.866741,-0.49875,-0.340157,-0.16257,-0.113691,0.0141765,-0.487408,-0.160956,-0.515337,-0.555599,-0.0203198,0.587368,0.276294,-0.236918,-0.44007,0.516875
-16.379,1.35942,-0.75954,0.639059,-0.354489,-0.0279856,-0.0714203,0.11227,0.00473334,-0.0744868,-0.742767,-0.229944,-0.418584,-0.564483,-0.0415771,0.412852,0.21947,0.00967905,-0.276175,0.451863
-16.5689,1.11804,-0.79053,0.690299,-0.833419,-0.394491,-0.0932676,0.0837908,-0.308337,-0.223806,-0.494488,-0.346049,-0.48909,-0.722357,0.175785,0.530454,0.328123,0.272367,-0.329706,0.484547
-16.5433,1.32363,-0.366707,0.774004,-0.707124,-0.52591,-0.246959,0.107313,-0.128741,-0.0614462,-0.676099,-0.184407,-0.478844,-0.655718,0.240644,0.648522,0.42632,0.160229,-0.375938,0.0904068
-16.496,1.90826,-0.547255,0.584176,-0.89875,-0.741216,-0.0797141,0.0133986,0.0316458,0.130669,-0.50786,-0.238931,-0.417887,-0.630172,0.0737298,0.524914,0.557102,0.165923,-0.483578,0.317201
-16.7702,1.92433,-0.427026,0.855849,-1.04527,-1.0822,-0.498805,-0.0873933,0.0719977,0.0169338,-0.412294,-0.151339,-0.541109,-0.71397,-0.181037,0.81103,0.787862,0.135418,-0.607485,0.214523
-16.7438,1.85502,-0.230894,0.630775,-0.887824,-0.798269,-0.402207,0.137627,0.301666,-0.00836843,-0.550414,-0.501965,-0.194377,-0.4822,-0.252555,0.31481,0.646765,0.333418,-0.453449,0.37847
-16.9079,1.97516,-0.116126,0.507215,-0.803976,-0.660524,-0.358102,0.0613042,0.0957071,-0.134006,-0.499231,-0.584921,-0.135627,-0.340556,-0.337413,0.405483,0.570423,-0.0424364,-0.299132,0.473768
-16.791,1.9306,-0.0697733,0.642827,-0.695212,-0.104233,-0.0996571,0.0695892,0.0467072,0.134224,-0.261187,-0.487852,-0.396986,-0.413481,-0.402208,0.609595,0.575571,-0.013303,-0.459365,0.534187
-17.1543,1.87665,-0.377029,0.428244,-0.966574,-0.375424,-0.404067,-0.226869,0.158074,0.193728,-0.332663,-0.57676,-0.419235,-0.517511,-0.370708,0.61854,0.808353,-0.0337091,-0.457303,0.643918
-17.1482,2.02481,-0.321731,0.376497,-0.667291,-0.616568,-0.326843,-0.206904,0.287503,0.0797108,-0.496594,-0.880822,-0.476239,-0.482304,-0.477606,0.612627,0.755846,-0.0590998,-0.532684,0.539178
-17.2771,2.04109,-0.428223,0.16886,-0.813828,-0.679769,-0.342104,-0.0446237,0.0710687,0.188682,-0.756237,-0.949946,-0.238725,-0.289517,-0.404189,0.729219,0.56124,-0.0361119,-0.446872,0.626816
-17.5903,2.02829,-0.23346,0.540098,-0.666864,-0.741357,-0.397036,0.0175614,0.290433,0.358344,-0.515302,-0.977247,-0.11116,-0.438354,-0.528232,0.748747,0.953095,-0.234103,-0.455846,0.677285
-17.8268,1.95344,-0.0452186,0.4844,-0.669489,-0.865791,-0.490211,0.189078,0.160419,0.287507,-0.46354,-1.17793,-0.291764,-0.150579,-0.624706,0.750456,1.09544,0.022749,-0.223311,0.664988
-17.4637,1.89874,-0.0866642,0.496271,-0.713566,-0.72787,-0.428124,0.198043,0.212899,0.277029,-0.271312,-1.04919,-0.35036,-0.287156,-0.491334,0.747158,0.985527,-0.154047,-0.350505,0.696348
-17.6169,1.92099,0.00712738,0.514129,-0.642196,-0.801609,-0.258046,0.239486,0.162364,0.216027,-0.470508,-0.809584,-0.228753,-0.304051,-0.541882,0.933953,1.17792,0.11234,-0.459951,0.375421
-17.4825,1.84749,0.0163167,0.656006,-0.792454,-0.852516,-0.214729,0.163648,0.472955,0.564958,-0.555113,-1.04873,-0.191266,-0.172121,-0.493653,0.716174,0.978605,0.0694963,-0.46001,0.621016
-17.7671,1.86569,-0.144468,0.665959,-0.641332,-0.735687,-0.122121,0.266671,0.344315,0.434216,-0.569375,-1.13813,-0.155504,-0.365541,-0.510314,0.817262,1.0653,-0.0992687,-0.401082,0.531224
-17.9307,1.96602,-0.150185,0.495863,-0.579569,-0.918549,-0.0348639,0.188726,0.0632509,0.593836,-0.433976,-0.82616,0.0227417,-0.59,-0.631859,0.905215,1.23926,0.00725956,-0.5244,0.453713
-17.8765,1.78851,-0.0718649,0.207087,-0.504682,-0.712851,-0.0845514,0.303406,-0.08431,0.51639,-0.558115,-1.06251,-0.138628,-0.2854,-0.587414,0.849419,1.04248,-0.206398,-0.451941,0.525903
-17.8236,1.53726,-0.319025,0.466275,-0.618033,-0.711827,-0.16337,0.183683,0.219895,0.613321,-0.572077,-1.07167,-0.0260107,-0.231886,-0.609985,0.929805,1.08566,-0.223662,-0.654874,0.569591
-17.6706,1.89459,-0.18871,0.498747,-0.765863,-0.990349,-0.0347656,0.180339,0.19349,0.440196,-0.401218,-1.0286,0.0201235,-0.0682348,-0.73331,0.675203,0.993394,-0.317078,-0.724724,0.428804
-17.1817,1.78786,-0.364449,0.611018,-0.521706,-0.555435,0.333907,0.419005,0.507244,0.431542,-0.483888,-1.1416,-0.111479,-0.0918244,-0.796009,0.262152,0.891773,-0.0787942,-0.407139,0.589712
-16.6855,1.62473,-0.437661,0.492339,-0.954334,-0.475235,0.111179,0.541886,0.149853,0.272171,-0.625234,-0.892935,-0.250808,-0.117014,-0.6705,0.508615,0.67694,-0.080798,-0.223087,0.514381
-16.4449,1.2466,-0.806495,0.736519,-0.882681,-0.73935,0.15237,0.465794,0.0651827,0.626908,-0.628872,-0.531542,-0.209445,-0.595204,-0.368123,0.651592,0.987526,0.143382,-0.305712,0.318702
-15.7683,1.19094,-0.868195,0.580963,-0.937722,-0.863986,0.0102438,0.583879,0.101161,0.45652,-0.457279,-0.50542,-0.059002,-0.323347,-0.27334,0.537607,0.572336,-0.176385,-0.557069,0.270787
-15.476,1.40971,-0.749038,0.531969,-1.08567,-0.575613,-0.132427,0.0319489,0.117651,0.441848,-0.619782,-0.760431,-0.25324,-0.354689,-0.468012,0.489243,0.655746,-0.341988,-0.581194,0.471829
-16.1242,1.25826,-0.593338,0.721693,-0.844648,-0.493597,0.076491,0.0449839,-0.189446,0.259523,-0.750392,-1.04204,-0.239124,-0.233593,-0.158583,0.780005,0.708354,-0.107201,-0.260347,0.480466
-16.0769,1.348,-0.646966,0.725107,-1.16145,-0.692053,0.00492269,0.385692,-0.154641,0.173026,-0.263683,-0.869412,-0.202884,-0.0806274,-0.335562,0.609623,0.591554,0.0863365,-0.279387,0.517901
-15.2446,1.73558,-1.20636,0.486326,-0.9327,-0.594194,0.052587,0.10383,-0.217486,0.225573,-0.266178,-0.836473,-0.446958,-0.799112,-0.234848,0.683879,0.383183,0.160328,-0.270148,0.465946
-15.1109,1.44329,-0.824774,0.432442,-1.0003,-0.485331,0.240924,0.214991,-0.495172,0.322325,-0.161468,-0.423312,-0.474294,-0.49204,-0.281595,0.752843,0.373244,-0.194681,-0.532082,0.365737
-15.5787,1.36094,-0.841442,0.458042,-0.946111,-0.459294,0.391493,0.456858,-0.299234,0.0909984,-0.108508,-0.467338,-0.30084,-0.582079,-0.423939,0.90149,0.504445,-0.332189,-0.718358,0.423336
-15.8586,1.35864,-0.689925,0.494632,-1.08582,-0.610104,-0.011436,0.317738,-0.377099,0.306202,-0.400506,-0.7871,-0.451618,-0.613184,-0.298197,0.588993,0.535559,-0.314293,-0.456608,0.462009
-15.7301,1.54797,-0.509291,0.566999,-1.14126,-0.544811,-0.0169728,0.326259,-0.304374,0.196645,-0.365868,-0.659357,-0.293906,-0.639822,-0.586079,0.362547,0.310732,-0.119914,-0.352897,0.36053
-15.7149,1.6761,-0.719401,0.359905,-1.10276,-0.619081,-0.233784,0.236035,-0.0508185,0.0941574,-0.437593,-0.778658,-0.284318,-0.377246,-0.694774,0.38106,0.221106,-0.118747,-0.013514,0.554797
-15.6504,1.81132,-0.570032,0.351222,-1.03971,-0.546197,-0.11501,0.289984,-0.169549,0.284031,-0.530955,-0.700905,-0.180781,-0.387256,-0.727941,0.424889,0.506002,-0.186846,-0.164571,0.77227
-15.7575,1.74113,-0.593712,0.33559,-1.06058,-0.636372,-0.123132,0.194906,-0.00689451,0.234416,-0.62685,-0.753109,-0.17568,-0.364987,-0.753806,0.382703,0.670899,-0.193363,-0.3504,0.729811
-15.9167,1.69334,-0.480532,0.159419,-1.09409,-0.465631,-0.134543,0.169614,-0.0531247,0.382327,-0.557766,-0.782752,-0.171071,-0.187584,-0.509778,0.661274,0.935741,-0.237868,-0.260001,0.801343
-15.7802,1.62377,-0.658802,0.25591,-0.875139,-0.676308,-0.216733,0.232387,-0.0237202,0.202131,-0.450552,-0.731912,-0.324527,-0.343129,-0.550642,0.655094,0.762242,-0.374445,-0.310966,0.734278
-16.295,1.19929,-0.549262,0.396995,-0.833838,-0.625716,-0.175922,0.307851,0.136821,0.611496,-0.221881,-0.679335,-0.299458,-0.418871,-0.601944,0.586391,1.12033,-0.335493,-0.728836,0.501161
-16.4373,1.3354,-0.344353,0.634182,-0.866444,-0.716409,-0.251339,0.215564,0.0781202,0.692652,-0.262698,-0.799736,-0.287769,-0.408457,-0.554537,0.638999,1.26208,-0.289718,-0.745544,0.61158
-16.594,1.33487,-0.276177,0.516728,-0.890963,-0.841062,-0.343236,0.181793,0.118366,0.438727,-0.598344,-0.995549,-0.414796,-0.37305,-0.660681,0.848513,1.1387,-0.398573,-0.659589,0.793639
-16.5703,1.4258,-0.316002,0.639048,-0.756229,-0.651675,-0.160881,0.267165,0.254525,0.402954,-0.821053,-1.05122,-0.403944,-0.446253,-0.479848,0.917159,1.23647,-0.108726,-0.46913,0.733992
-16.6538,1.20175,-0.104123,0.846533,-0.769927,-0.707131,-0.427767,0.335635,0.615766,0.497292,-0.797824,-1.31272,-0.527717,-0.248011,-0.678255,0.777339,1.39474,-0.0949198,-0.447677,0.644365
-16.7089,1.38941,-0.0334896,0.46898,-0.822616,-0.642886,-0.262216,0.368396,0.451226,0.400299,-0.711543,-1.22405,-0.376895,-0.381262,-0.947633,0.737433,1.41291,-0.336412,-0.473595,0.688144
-16.4312,1.49456,-0.110715,0.582685,-0.747299,-0.370143,-0.0670889,0.559236,0.430669,0.308112,-0.804157,-1.1434,-0.189702,-0.26205,-0.75818,0.87202,1.38913,-0.378449,-0.520891,0.559245
-16.6337,1.19761,-0.0288312,0.438856,-1.00117,-0.626961,-0.247963,0.218299,0.402924,0.512803,-0.766623,-1.26923,-0.235829,-0.105452,-0.71545,0.771133,1.51574,-0.46568,-0.65756,0.597916
-16.7715,0.958007,-0.245724,0.532785,-1.38237,-0.898566,-0.305632,0.422336,0.528888,0.493318,-0.746258,-1.0471,-0.224029,-0.304178,-0.845445,0.621845,1.38307,-0.313072,-0.553051,0.689504
-16.6976,1.21884,-0.0475733,0.3961,-1.01264,-0.696504,-0.185686,0.592126,0.632509,0.503085,-0.651291,-1.06978,-0.228149,-0.195653,-0.858023,0.555895,1.35107,-0.562753,-0.513695,0.663478
-17.2843,0.907395,-0.157438,0.325668,-1.01456,-0.844199,-0.113211,0.981163,0.826979,0.383432,-0.868798,-0.984903,-0.262745,-0.229241,-0.829706,0.504913,1.35325,-0.555901,-0.519154,0.743654
-16.8539,1.22122,0.0661639,0.404722,-1.05097,-0.633174,-0.0559408,0.574186,0.779599,0.602328,-0.755481,-1.09471,-0.0142657,-0.0173945,-0.859232,0.410304,1.2656,-0.718354,-0.623421,0.520245
-16.9787,1.22915,-0.22421,0.256944,-1.1315,-0.666467,-0.150804,0.405288,0.505976,0.744824,-0.429442,-0.971094,-0.129691,-0.224692,-0.720155,0.702982,1.58373,-0.590652,-0.736875,0.589471
-16.5054,1.15754,-0.283478,0.401037,-1.277,-0.734082,0.00753957,0.614953,0.621629,0.553692,-0.580139,-0.947981,-0.111226,-0.261879,-0.661677,0.446522,1.26846,-0.556257,-0.533192,0.738161
-15.8425,1.51351,-0.34834,0.532406,-1.30379,-0.841377,-0.160552,0.539396,0.556576,0.697223,-0.557018,-0.920555,0.00337915,-0.177541,-0.526212,0.161746,0.879823,-0.614154,-0.676152,0.727431
-15.7336,1.2749,-0.441727,0.485537,-1.55184,-0.743168,-0.167722,0.176112,0.587456,0.869616,-0.436194,-0.78991,0.0660503,-0.359015,-0.633164,0.340811,0.639264,-0.399855,-0.314551,0.656117
-15.3873,1.54609,-0.450716,0.604043,-1.47773,-0.797771,-0.243325,0.210671,0.353021,0.51347,-0.349587,-0.681306,-0.178932,-0.568154,-0.522202,0.425183,0.414019,-0.405463,-0.253149,0.626393
-15.149,1.60796,-0.638988,0.317628,-1.436,-0.45963,0.263851,0.295545,0.044173,0.33575,-0.266018,-0.75663,-0.2335,-0.672116,-0.518558,0.350311,0.598336,-0.267364,-0.176423,0.753402
-15.2095,1.57512,-0.68333,0.565079,-1.49106,-0.490626,0.0493326,0.202279,-0.00714198,0.450426,-0.339466,-0.636983,-0.212571,-0.521533,-0.348464,0.49776,0.710043,-0.1582,-0.457819,0.555464
-15.3322,1.38433,-0.619593,0.995777,-1.16463,-0.53474,-0.121106,0.469096,0.0822157,0.260831,-0.0885111,-0.354497,-0.258313,-0.60007,-0.232662,0.865918,0.885839,-0.183303,-0.694546,0.190349
-15.5525,1.44164,-0.409251,0.990407,-1.06261,-0.413394,-0.137807,0.246997,-0.130896,0.0737552,-0.412845,-0.792748,-0.298253,-0.658645,-0.660363,0.716948,0.981696,-0.0149408,-0.612232,0.285127
-15.3557,1.39394,-0.736635,0.552554,-1.08947,-0.560672,-0.119353,0.426066,-0.354646,0.0212,-0.210744,-0.613437,-0.0476358,-0.594419,-0.676012,0.578391,1.08364,-0.166227,-0.448188,0.384132
-15.241,1.44938,-0.646489,0.854719,-1.25402,-0.785429,-0.252296,0.515915,0.0235981,0.152608,-0.379483,-0.620683,0.0331744,-0.417862,-0.503571,0.400949,0.66684,-0.107336,-0.384216,0.460061
-15.3398,1.41624,-0.651146,0.893439,-1.16051,-0.795399,-0.409829,0.270546,0.15893,0.385532,-0.100729,-0.817289,-0.235355,-0.706662,-0.522801,0.641755,0.812893,-0.24447,-0.492543,0.474443
-14.9459,1.30874,-1.0556,0.325501,-1.45715,-0.345089,-0.00645969,0.207928,0.0634515,0.529388,-0.202848,-0.717685,-0.178425,-0.443031,-0.67778,0.190095,0.554331,-0.175247,-0.519628,0.289732
-15.0206,1.27227,-0.955325,0.048388,-1.38518,-0.412374,0.0373859,0.771062,0.186465,0.489019,-0.115473,-0.609684,-0.030398,-0.204003,-0.563436,0.294696,0.312131,-0.488749,-0.385196,0.491573
-15.0082,1.1623,-0.615201,0.398265,-1.59009,-0.792872,0.0586281,0.695321,-0.0703625,0.136256,-0.278678,-0.829401,-0.281823,-0.233507,-0.603391,0.143734,0.141169,-0.371052,-0.32483,0.613711
-15.036,1.28513,-0.428773,0.509381,-1.27148,-0.416559,0.0901531,0.633114,0.476193,0.396049,-0.386104,-0.815784,-0.170165,-0.344774,-0.744852,0.332584,0.443279,-0.376283,-0.241167,0.839618
-14.7729,1.39005,-0.442508,0.41877,-1.16156,-0.514678,-0.10648,0.285913,0.205009,0.325849,-0.235985,-0.629722,-0.138311,-0.417628,-0.660298,0.519127,0.698475,-0.42001,-0.428404,0.550193
-14.5433,1.5259,-0.546973,0.231868,-1.15667,-0.513016,-0.188794,-0.051474,0.0544767,0.205934,-0.529108,-0.72033,-0.0770911,-0.255707,-0.504264,0.503444,0.840163,-0.303361,-0.494833,0.573966
-14.9544,1.43805,-0.710815,0.405209,-1.04683,-0.186427,-0.0393804,0.335077,0.258681,0.0792019,-0.457726,-0.941319,-0.173796,-0.348087,-0.506289,0.703695,0.864808,-0.297539,-0.306424,0.715233
-15.2455,1.4212,-0.364626,0.360563,-1.29327,-0.420609,-0.161692,0.383739,0.345655,0.37358,-0.387792,-0.822593,-0.0711414,-0.265623,-0.706352,0.711197,0.91154,-0.42275,-0.374681,0.694775
-15.2104,1.25978,-0.725165,0.625209,-1.16908,-0.546659,0.0101158,0.617143,0.610319,0.536661,-0.338375,-0.811131,-0.202566,-0.411117,-0.632854,0.431412,0.827081,-0.327643,-0.432156,0.799298
-15.3274,1.17035,-0.765858,0.301504,-1.23028,-0.614003,-0.00868161,0.493929,0.338037,0.426671,-0.30091,-0.765718,-0.19162,-0.344549,-0.598675,0.335757,0.911732,-0.494136,-0.539993,0.573872
-15.5875,1.38778,-0.685734,0.00785426,-1.32787,-0.279678,0.0798419,0.103506,0.25898,0.773233,-0.495442,-0.958189,-0.147152,-0.259468,-0.71501,0.468768,1.03901,-0.428761,-0.384566,0.913476
-15.2072,1.30218,-0.825735,0.141061,-1.11731,-0.525976,-0.0828991,0.416354,0.198811,0.373879,-0.346942,-0.485507,-0.0678728,-0.201191,-0.493523,0.473104,0.929787,-0.55946,-0.419207,0.641394
-15.3355,1.23628,-0.654708,0.244299,-1.06183,-0.395656,0.0666845,0.416294,0.432051,0.361435,-0.718591,-0.608694,-0.0390033,-0.413811,-0.602414,0.337559,0.924213,-0.443096,-0.331275,0.628193
-15.5485,1.10975,-0.455942,0.230621,-1.08401,-0.641757,-0.262314,0.31242,0.642945,0.638855,-0.580386,-0.705748,0.0186613,-0.156891,-0.386138,0.542501,1.09485,-0.464154,-0.287697,0.683761
-15.6629,0.923617,-0.414456,0.00569086,-1.35102,-0.7701,-0.230768,0.379617,0.572266,0.567304,-0.726361,-0.977116,0.0137957,-0.00928913,-0.621859,0.453271,1.33503,-0.569404,-0.328119,0.872672
-15.6262,1.12302,-0.101837,0.539964,-1.15813,-0.479265,-0.0594204,0.594774,0.681786,0.477316,-1.01041,-1.11778,0.00336036,-0.174659,-0.804173,0.406839,1.29472,-0.35756,-0.24696,0.604773
-15.695,1.19746,-0.00390802,0.296152,-1.42649,-0.661929,-0.126023,0.573156,0.57807,0.537662,-0.843645,-1.28599,0.11479,-0.0711868,-0.929305,0.395303,1.27883,-0.515724,-0.238394,0.747005
-15.6556,1.15055,-0.0739947,0.0437185,-1.51537,-0.829366,-0.0903233,0.562108,0.734674,0.485757,-0.88471,-0.988817,0.301438,0.0676735,-1.13759,0.255203,1.31557,-0.416928,-0.320446,0.86466
-15.5675,0.800632,-0.494013,-0.0148376,-1.23629,-0.800073,-0.241187,0.535945,0.671981,0.357527,-0.801757,-0.967688,-0.0939832,-0.0978176,-0.70966,0.482999,1.15235,-0.55551,-0.350369,0.789101
-15.6375,0.761362,-0.516359,0.0556848,-0.973998,-0.693277,0.0489318,0.679082,0.563111,0.539681,-0.587266,-0.860725,-0.147541,-0.0253446,-0.61605,0.461762,1.30491,-0.472696,-0.561997,0.627923
-15.6791,0.815441,-0.468868,0.0304635,-1.12513,-0.602206,0.252001,0.946897,0.661202,0.314627,-0.816829,-0.811805,0.0295993,0.0487993,-0.794093,0.487942,1.1981,-0.364394,-0.38367,0.770705
-15.7756,0.751026,-0.00876184,0.297658,-1.30274,-0.832859,0.121604,0.714966,0.831166,0.522234,-0.841585,-1.07216,0.0326476,0.0143973,-0.724563,0.30736,1.00222,-0.462319,-0.459813,0.851307
-16.1301,0.745976,-0.0292073,0.131752,-1.01504,-0.626758,0.256587,1.03352,0.768166,0.309901,-0.984927,-1.31928,0.0565358,0.064352,-1.03294,0.674399,1.4796,-0.442995,-0.476541,0.959603
-15.9059,0.916188,0.0669228,0.183316,-1.18596,-0.842633,-0.014987,0.885533,0.558882,0.20019,-0.959889,-1.302,0.067332,0.232673,-1.02441,0.530845,1.27979,-0.630816,-0.557688,0.88789
-15.6079,0.937549,-0.00660969,-0.0306288,-1.0019,-0.512885,0.0402182,0.722188,0.685877,0.378852,-0.954727,-1.31051,0.0390927,0.0259567,-1.12413,0.691619,1.39873,-0.502701,-0.36231,1.03921
-15.735,0.68626,-0.0405345,-0.0334818,-0.93006,-0.666304,-0.211208,0.862403,0.639985,0.408686,-0.75986,-1.32556,-0.0597724,-0.0184452,-1.05184,0.857766,1.54633,-0.790374,-0.551387,0.843698
-15.5024,0.669043,0.0152028,0.188152,-1.11702,-0.842165,-0.165494,0.94972,0.811306,0.553498,-0.708757,-1.3084,-0.0953024,-0.0461223,-1.00943,0.738334,1.36054,-0.744665,-0.575807,1.03986
-15.5653,0.897575,-0.149504,-0.176921,-1.1324,-0.61297,-0.0191198,0.765551,0.76495,0.711334,-0.56613,-1.37048,0.0372799,-0.199138,-1.26505,0.625053,1.39683,-0.835491,-0.531177,1.00852
-15.9684,1.11051,-0.114777,0.389248,-0.999082,-0.793756,-0.171595,0.904925,0.987434,0.655555,-0.763924,-1.56941,-0.0201927,0.0462938,-1.27003,0.320284,1.20759,-0.759465,-0.428759,0.792572
-15.7214,1.3865,-0.748183,0.503216,-1.09295,-0.55025,-0.0723558,0.689166,0.616161,0.523813,-0.697253,-1.10099,0.116412,0.189122,-0.755272,0.372535,1.42908,-0.357587,-0.322481,0.531345
-15.6764,1.491,-0.983031,0.327807,-0.914082,-0.67419,0.18443,0.568991,0.391082,0.0236568,-0.796395,-0.721601,-0.00767151,0.190282,-0.749231,-0.100425,1.28287,-0.0961719,-0.315963,0.407081
-16.3259,1.22387,-0.644699,0.231089,-0.588132,-0.365567,0.47641,0.661435,0.259568,0.0150614,-0.300128,-0.396077,-0.213277,0.024837,-0.824205,-0.204944,1.11666,-0.0197546,-0.561503,0.194122
-15.775,0.592847,-0.560279,-0.244388,-0.703462,-0.0284324,1.04217,1.12529,-0.541512,-0.349615,-0.525954,-0.243676,-0.10545,-0.226766,-1.04395,-0.590832,1.27479,0.358808,-0.789627,0.239453
-15.9657,1.00893,-0.417391,-0.490861,-0.734372,-0.129775,0.919259,1.24135,-0.820634,-0.803911,-0.46599,-0.107127,0.134793,-0.149135,-1.08947,-0.374485,1.51821,0.535301,-0.836269,0.340516
-15.9382,0.960077,-0.448525,-0.685507,-1.20297,-0.264312,0.9663,1.09403,-0.462541,-0.401087,-0.385801,0.137587,-0.0483928,-0.246905,-1.00955,-0.551971,1.66608,0.632575,-0.810209,0.507991
-16.0323,1.25025,-0.323702,-0.808002,-1.07348,-0.251509,0.840125,0.985814,-0.604322,-0.41248,-0.228816,0.0227803,-0.134731,-0.279909,-0.879745,-0.65235,1.43219,0.481484,-0.89007,0.172503
-16.299,1.22106,-0.326553,-0.952342,-1.09607,-0.188714,0.947165,1.11927,-0.564866,-0.320428,-0.326759,-0.398865,0.18313,0.0377908,-0.95576,-0.635768,1.65352,0.661879,-0.871365,0.407518
-16.1559,1.16804,-0.398101,-0.48736,-1.15746,-0.31723,0.956498,1.11607,-0.468079,-0.622167,0.0445939,-0.0563257,0.109024,-0.157996,-0.880321,-0.485526,1.48584,0.603808,-0.873639,0.197846
-16.0797,1.16014,-0.611883,-0.413271,-0.794427,-0.454326,0.819258,1.19892,-0.321006,-0.475504,-0.231863,0.132172,0.00609802,-0.277799,-1.01317,-0.686941,1.53467,0.649584,-0.632506,0.249025
-16.0642,1.28427,-0.523537,-0.440926,-0.818381,-0.483512,0.75472,1.04243,-0.554396,-0.478474,-0.279391,0.1415,0.224313,0.0636562,-0.783338,-0.541904,1.60902,0.688815,-0.65521,0.239157
-16.3813,0.96644,-0.800261,-0.59921,-0.600724,0.0289647,0.843405,0.767829,-0.518781,-0.47571,-0.0394043,0.279226,-0.155694,-0.0300943,-0.761256,-0.754262,1.32946,0.536873,-0.758528,0.384216
-16.352,0.951802,-0.547537,-0.420083,-0.616135,0.104918,0.896523,0.807879,-0.691688,-0.549918,0.215512,0.200635,-0.11938,0.0614557,-0.990201,-0.660527,1.45599,0.497648,-0.663844,0.454276
-16.1292,0.820582,-0.398519,-0.409407,-0.920952,-0.00244255,1.10602,0.71963,-0.720961,-0.585525,0.0954826,0.215434,-0.248096,0.060482,-0.906624,-0.680599,1.66485,0.553328,-0.709281,0.377452
-16.0305,0.86134,-0.278858,-0.512337,-0.966932,-0.1724,1.03269,0.568722,-0.509815,-0.639657,-0.135449,0.387683,0.00452657,0.0168103,-1.0723,-0.713638,2.06103,0.716481,-1.17565,0.178115
-15.9139,0.931699,-0.29208,-0.477303,-0.967367,-0.178933,1.05108,0.735858,-0.335358,-0.579921,-0.0999743,0.573288,-0.148551,-0.217611,-0.999411,-0.69131,1.90813,0.609493,-1.04925,0.198369
-16.2674,0.752027,-0.298463,-0.690833,-1.00489,-0.0832209,1.17465,0.541626,-0.646638,-0.444517,0.0384046,0.448716,-0.181318,0.00267515,-0.942675,-0.550503,1.88594,0.438852,-0.974663,0.219357
-16.1404,0.617997,-0.386042,-0.753174,-1.12467,0.261139,1.29676,0.51412,-0.641921,-0.546417,-0.0915011,0.114855,-0.263003,0.101718,-0.925865,-0.727388,1.77245,0.639054,-0.798352,0.493508
-16.0852,0.779086,-0.0327938,-0.574994,-1.09421,0.0267959,1.18836,0.427225,-0.826995,-0.816496,0.056825,0.511198,-0.345025,-0.0528309,-0.922574,-0.639677,1.85831,0.368697,-0.910193,0.439289
-16.3078,0.376877,-0.167181,-0.61162,-0.807774,0.340442,1.26722,0.617912,-0.602506,-0.789826,0.0668792,0.575681,-0.27439,0.161477,-0.858073,-0.654937,1.85806,0.651939,-0.84042,0.175643
-16.4927,0.566936,0.187292,-0.91029,-1.35067,0.124291,1.11434,0.498286,-0.711105,-0.99913,0.2029,0.874408,-0.137237,0.220046,-0.707617,-0.575055,1.84365,0.588964,-0.829084,0.539522
-16.6436,0.550331,-0.0316306,-0.944301,-0.807337,0.541106,1.13733,0.719265,-0.426815,-0.801439,0.0938836,0.780279,-0.377561,0.0898734,-0.763675,-0.669775,1.8392,0.592711,-1.02405,0.252057
-16.4571,0.717263,0.0958752,-0.749565,-0.886927,0.253569,1.23902,0.407698,-0.611067,-0.847348,0.144368,0.675358,-0.310859,0.103901,-0.575239,-0.450565,1.7904,0.816897,-0.569714,0.360227
-16.8062,0.553026,0.304192,-0.772598,-1.09491,0.146895,1.34202,0.543428,-0.74953,-1.13997,0.223611,0.765308,-0.279552,-0.13351,-0.662647,-0.520954,1.86785,0.835566,-0.843003,0.430225
-16.6619,0.583836,0.0958903,-0.873478,-0.819952,0.166831,1.19298,0.693396,-0.651044,-1.00784,0.35252,0.747195,-0.107581,0.0349324,-0.792625,-0.65579,1.81574,0.591948,-0.806724,0.458203
-16.5027,0.562244,-0.0110795,-0.79656,-0.864846,0.177286,1.25261,0.354855,-0.781585,-0.952792,0.153462,0.657076,-0.214115,-0.0278527,-0.679628,-0.437091,1.85827,0.796361,-0.809995,0.475032
-16.7257,0.670867,-0.0508149,-0.883206,-0.763216,0.124893,1.41928,0.32966,-0.911796,-0.848401,0.202227,0.452957,-0.281861,0.116674,-0.734526,-0.68341,1.70055,0.825102,-0.632778,0.329068
-16.8712,0.699052,-0.0192747,-0.835122,-0.578465,0.131386,1.31321,0.423337,-0.810457,-0.864095,0.275082,0.563473,-0.0254134,0.236871,-0.8445,-0.679333,1.84037,0.823588,-0.778411,0.306572
-16.8997,0.474689,0.0167642,-0.708299,-0.74683,-0.0738226,1.40447,0.437404,-0.829397,-0.880698,0.435124,0.911347,0.176343,0.0531638,-0.901159,-0.590207,1.6648,0.689464,-1.00933,0.246142
-16.4626,0.469993,-0.123761,-0.557468,-0.524441,0.0752469,1.285,0.44184,-0.826322,-1.0959,0.588248,0.805351,-0.0995516,-0.147197,-0.891926,-0.491145,1.74197,0.674455,-0.639571,0.659163
-16.543,0.258077,-0.182994,-0.846606,-0.64339,0.169766,0.984805,0.20735,-0.751137,-0.910357,0.54992,0.886282,-0.0303416,0.0668248,-0.970003,-0.746178,1.7718,0.508508,-0.817334,0.498742
-16.6206,0.571046,-0.0639893,-0.787139,-0.744679,0.0368053,1.17279,0.44864,-0.774655,-1.15194,0.350154,0.881059,0.0334227,0.204736,-0.897157,-1.01854,1.89422,0.526886,-0.827372,0.546181
-16.5869,0.732152,-0.247794,-0.646934,-0.394634,0.253894,1.10613,0.359982,-0.707253,-0.923462,0.416696,0.866081,-0.00615031,0.23098,-0.518673,-0.812687,1.70378,0.644445,-0.712677,0.355495
-16.887,0.901468,-0.150733,-0.680286,-0.403638,0.607715,1.21862,0.300775,-0.754334,-0.919568,0.364585,0.400772,-0.212003,0.0615042,-0.619134,-0.985996,1.60034,0.773447,-0.669803,0.486827
-16.8575,0.973925,0.0473707,-0.640751,-1.00805,0.291038,1.11964,0.402421,-0.752517,-0.582932,0.28521,0.444314,0.111387,0.165336,-0.406795,-0.676777,1.33463,0.777431,-0.720592,0.184414
-16.618,1.44485,-0.122779,0.172507,-0.912897,0.0809162,0.482263,0.213879,-0.952601,-0.474578,0.0292022,0.131487,-0.0891125,0.447045,-0.354472,-0.593533,1.0976,0.535591,-0.626573,-0.0741038
-15.4162,1.17152,-0.107327,0.528578,-1.05685,-0.0458104,-0.29464,-0.294426,-0.854172,-0.566269,-0.223126,0.323311,0.782544,0.624257,-0.492926,-0.152185,0.764103,0.611071,-0.92204,-0.346474
-15.5829,1.14494,0.0490858,0.536229,-1.34322,-0.246977,-0.658325,-0.439138,-0.647475,-0.490246,-0.120035,0.775188,1.45133,0.499469,-0.153283,0.160548,0.767437,0.497532,-1.07648,-0.55656
-15.4461,1.00257,0.299668,0.910759,-1.29289,-0.126605,-0.490042,-0.635892,-0.426974,-0.338629,-0.00967531,0.656007,1.17538,0.86762,-0.0253309,0.140779,0.722966,0.107773,-1.55604,-0.275479
-15.5429,0.62256,-0.334924,0.480175,-1.23568,-0.565005,-1.11054,-0.527085,-0.359571,-0.40111,-0.0115331,0.934423,0.839726,0.837078,-0.0960324,0.149472,0.649401,0.300056,-1.40679,-0.515351
-14.8887,1.18988,-0.221412,0.403357,-0.662832,-0.423209,-0.878402,-0.335244,-0.467895,-0.4586,0.130387,0.750606,0.532259,0.526565,-0.397265,0.45194,0.529624,0.290409,-1.149,-0.579589
-14.6053,1.43195,-0.353256,0.23473,-1.05217,-0.167662,-0.872564,-0.55435,-0.734596,-0.675737,-0.333412,0.443652,0.755058,0.286196,-0.682766,0.0595288,0.447166,0.308354,-0.890217,-0.699513
-14.1722,1.81157,-0.217235,0.225273,-1.1202,0.0123977,-0.970954,-0.289008,-0.529327,-0.57262,-0.179707,0.4128,0.524989,0.16436,-0.54236,0.0785975,0.403607,0.339945,-1.04469,-0.782376
-14.0621,1.89361,-0.218914,0.496447,-1.28527,-0.441747,-0.89384,-0.317172,-0.673169,-0.714651,-0.0155902,0.428321,0.332076,0.0366805,-0.770665,-0.00471258,0.426426,0.293793,-1.15813,-0.692375
-13.9223,1.80093,-0.201803,0.745856,-1.32814,-0.528793,-0.80928,-0.132823,-0.451587,-0.666687,-0.0597499,0.413512,0.485765,0.295151,-0.423311,-0.0596743,0.538521,0.325998,-1.12098,-0.640637
-14.229,1.85345,-0.142076,0.617506,-1.24395,-0.524306,-0.887134,-0.32384,-0.686579,-0.698593,-0.06458,0.607682,0.384076,0.239557,-0.425794,-0.0592972,0.361158,-0.0209869,-1.0938,-0.490621
-14.5259,1.60776,-0.242965,0.639885,-1.07518,-0.404653,-0.893893,-0.640579,-0.673942,-0.909215,-0.18942,0.604999,0.594228,0.397379,-0.311069,-0.120276,0.093415,-0.163562,-1.27887,-0.398664
-14.5442,1.69288,-0.113359,0.661177,-1.06317,-0.352922,-0.753347,-0.638846,-0.716194,-1.04652,-0.247727,0.643501,0.64276,0.371649,-0.233543,-0.0666161,0.0161299,-0.0844062,-1.44352,-0.267976
-14.683,1.43941,-0.0236487,1.08789,-0.926652,-0.364449,-1.06274,-0.599937,-0.892634,-0.890645,-0.389233,0.575256,0.586424,0.2395,-0.247163,-0.19909,0.0342496,-0.0187649,-1.20475,-0.377587
-14.6799,1.75832,-0.133365,0.956421,-1.11461,-0.361607,-0.906525,-0.551092,-0.539483,-0.888592,-0.399875,0.389595,0.78793,0.377688,-0.181715,-0.270926,-0.267126,-0.174131,-1.20768,-0.364591
-14.9368,1.7342,-0.112902,0.685539,-1.1326,-0.0910629,-0.92949,-0.741831,-0.754355,-0.754717,-0.292717,0.688309,0.74771,0.279618,-0.431658,-0.247231,0.0212765,0.0532175,-1.25139,-0.503279
-14.8534,1.89356,-0.15095,0.587108,-1.3587,-0.139907,-0.647758,-0.640962,-0.580671,-0.85778,-0.236599,0.652389,0.822528,0.349252,-0.374872,-0.115367,0.392032,0.168544,-1.26354,-0.440269
-14.8524,1.97107,-0.211817,0.342797,-1.45632,0.0481148,-0.570779,-0.71701,-0.594311,-0.925093,-0.233387,0.812584,0.757855,0.378909,-0.18694,-0.135282,0.235425,0.302046,-1.25731,-0.525418
-15.1031,1.62203,-0.122829,0.410637,-1.40446,-0.242926,-0.714233,-0.793761,-0.703909,-1.08621,-0.262348,0.881542,0.921669,0.182492,-0.361616,-0.288414,0.240044,0.259668,-1.4677,-0.557351
-15.399,1.45362,0.143596,0.708914,-1.43364,-0.189989,-0.764265,-0.973347,-0.606561,-0.855888,-0.115715,0.793562,1.30362,0.300482,-0.496386,-0.165299,0.414995,0.437467,-1.35079,-0.547774
-15.2523,1.50021,0.0759847,0.637826,-1.41798,-0.13321,-0.651179,-0.639217,-0.447263,-0.982874,-0.119702,0.822147,1.17491,0.627184,-0.169307,-0.331943,0.182087,0.15081,-1.54337,-0.468214
-15.0882,1.60466,-0.061328,0.766039,-1.25152,-0.231322,-0.827678,-0.699616,-0.50379,-1.07175,-0.411857,0.786905,0.929259,0.629079,-0.300283,-0.378195,0.201196,0.146534,-1.3391,-0.528646
-14.9198,1.66298,0.264381,0.980641,-1.30231,-0.289695,-0.772516,-0.853711,-0.58064,-1.07822,-0.130257,0.838457,0.835169,0.328835,-0.743488,-0.429587,0.525018,0.351737,-1.54664,-0.622131
-15.1168,1.41711,0.496735,1.02981,-1.33557,-0.335787,-0.94223,-1.09767,-0.573061,-0.803327,0.0222886,0.861027,0.909958,0.315756,-0.913291,-0.480019,0.875106,0.603298,-1.51546,-0.659214
-15.2451,1.26972,0.518107,0.923397,-1.5599,-0.558781,-0.786726,-0.788244,-0.64902,-1.20745,-0.253911,1.08949,0.975098,0.0956414,-0.566915,-0.404926,0.60595,0.401831,-1.52433,-0.644911
-15.0781,1.50146,0.43684,0.879823,-1.46302,-0.506762,-0.864691,-0.777848,-0.564874,-1.00684,-0.230641,0.853605,0.968973,0.136645,-0.349274,-0.226917,0.54806,0.457792,-1.42844,-0.622362
-15.1161,1.45147,0.390368,0.778025,-1.40863,-0.340054,-0.91734,-0.96049,-0.676785,-0.949335,-0.110078,0.973885,1.03888,0.0523079,-0.269089,-0.238568,0.597303,0.470486,-1.38734,-0.596806
-15.0652,1.40887,0.154135,0.723655,-1.3505,-0.412184,-0.70553,-0.907519,-0.792338,-0.90083,-0.190904,1.11655,1.16868,0.356323,-0.357721,-0.423635,0.50335,0.559335,-1.45641,-0.558295
-14.9858,1.38547,0.216829,0.609358,-1.47932,-0.291739,-0.592276,-0.867288,-0.689437,-0.870356,-0.00801119,1.07515,1.19547,0.46658,-0.551107,-0.285617,0.487792,0.499861,-1.71183,-0.70946
-14.9024,1.3326,0.211511,1.10989,-1.15886,-0.0965986,-0.772935,-1.00671,-0.845068,-0.941751,0.0208271,1.00676,1.32112,0.392733,-0.703469,-0.35868,0.418542,0.524083,-1.47874,-0.573567
-14.7075,1.39495,0.0158478,0.866177,-1.18278,-0.327345,-1.05586,-0.894322,-0.755141,-1.12721,-0.24623,0.765743,1.27035,0.440208,-0.717875,-0.579992,0.394746,0.338192,-1.45916,-0.556805
-14.1288,1.69962,-0.268932,0.412357,-1.47327,-0.55065,-1.26522,-0.463471,-0.536155,-1.00105,0.0216225,0.700345,0.98351,0.40654,-0.621203,-0.38851,0.648282,0.349505,-1.05219,-0.447819
-13.6232,1.88166,0.0465794,0.604929,-1.51224,-0.505601,-1.00497,-0.302479,-0.806948,-0.907205,0.0136518,0.906197,0.689402,0.222422,-0.788021,-0.283997,0.645087,0.392262,-1.29357,-0.589345
-13.1123,2.03509,-0.28699,0.429252,-1.64746,-0.625108,-0.846164,-0.581029,-0.892748,-0.978037,-0.149937,0.376687,0.53992,0.137918,-0.758327,-0.207027,0.529932,0.340279,-1.44087,-0.706499
-13.4418,1.91151,-0.10691,0.837372,-1.60358,-0.476319,-0.885209,-0.751206,-0.913353,-0.911369,-0.0593566,0.476545,0.481629,0.130512,-0.578651,0.0389058,0.370302,0.236042,-1.43256,-0.612851
-13.6001,1.82225,-0.0557734,0.862221,-1.18465,-0.486324,-0.776471,-0.761432,-1.06324,-0.475494,-0.096985,0.4191,0.81544,0.220053,-0.443498,-0.100858,0.239168,0.0213538,-1.37054,-0.499174
-13.5654,1.731,-0.226799,0.745781,-1.51028,-0.765566,-0.739497,-0.516137,-0.707991,-0.599129,-0.0083422,0.54903,0.67324,-0.030476,-0.742846,-0.0274697,0.588656,0.401404,-1.29986,-0.668436
-13.4248,2.02846,-0.257667,0.89544,-1.38132,-0.733,-0.875673,-0.558795,-0.59981,-0.588116,0.180016,0.591443,0.425763,-0.00155261,-0.789849,-0.079759,0.633608,0.564725,-1.10576,-0.592043
-13.133,1.87813,-0.289319,0.5107,-1.57484,-0.838912,-0.740119,-0.468985,-0.616679,-0.631843,0.204819,0.386725,0.604449,0.388486,-0.851084,-0.206956,0.698559,0.584176,-1.10946,-0.752628
-12.9348,1.91362,-0.482314,0.298867,-1.31101,-0.576509,-1.03174,-0.585721,-0.612638,-0.837187,0.190177,0.304085,0.619757,0.468012,-0.681466,-0.0984422,0.687268,0.384117,-1.02335,-0.439312
-13.0254,1.95621,-0.436865,0.149388,-0.997311,-0.365787,-1.22837,-0.746676,-0.931247,-1.06056,-0.189322,0.3953,0.738188,0.398165,-0.609678,-0.27063,0.514836,0.150266,-0.976204,-0.44689
-13.4697,1.89965,-0.167508,0.418906,-1.18605,-0.73652,-1.09416,-0.649808,-1.12676,-1.18105,0.134745,0.649153,0.572122,0.205241,-0.646222,-0.0838095,0.666237,0.272615,-1.0775,-0.557188
-13.4728,1.85479,-0.446022,0.554142,-1.44321,-0.719586,-1.15668,-0.778013,-0.861609,-1.02998,0.103487,0.571369,0.766556,0.356881,-0.574638,-0.300299,0.552859,0.563194,-1.30736,-0.549757
-13.4938,1.96284,-0.283181,0.508144,-1.55969,-0.886298,-0.892214,-0.537308,-0.587618,-1.04069,0.124399,0.617873,0.736915,0.204717,-0.607798,-0.0841324,0.428238,0.449748,-1.38623,-0.673489
-13.6333,1.99355,-0.0803813,0.526776,-1.60711,-0.684539,-0.821348,-0.775194,-0.774839,-0.95991,-0.175822,0.441054,0.724461,0.129488,-0.62437,-0.361078,0.181953,0.32,-1.41416,-0.706446
-13.8607,1.96483,0.177185,0.631754,-1.38263,-0.283934,-0.764933,-1.0409,-0.989622,-0.958259,-0.034231,0.477855,0.691862,0.298207,-0.552535,-0.494458,0.0399256,0.267334,-1.51364,-0.521904
-14.1359,1.96738,0.131885,0.74653,-1.24382,-0.449408,-0.577466,-0.955438,-0.996965,-1.2377,-0.072703,0.824878,0.797063,0.331623,-0.587939,-0.413684,0.0801894,0.206192,-1.39079,-0.478234
-14.118,1.79848,-0.0893273,0.756785,-0.885002,-0.568756,-0.837318,-0.840991,-0.821031,-1.36031,-0.05829,0.732479,0.861347,0.613896,-0.545045,-0.40904,0.0807864,0.0774406,-1.35052,-0.554823
-14.0543,1.75421,0.0805113,0.232604,-0.999072,-0.585031,-0.95193,-0.689635,-0.998672,-1.06115,-0.0362431,0.908749,1.06674,0.376688,-0.832947,-0.124943,0.661603,0.312767,-1.22683,-0.80225
-14.0936,1.74084,0.00762171,0.0315562,-1.37052,-0.740011,-0.883828,-0.806668,-0.933738,-1.15174,0.187232,0.905171,0.762529,0.554656,-0.73919,-0.267046,0.739271,0.521602,-1.20729,-0.877963
-14.1568,1.7382,-0.0469918,0.358905,-1.60606,-0.900073,-0.774551,-0.951301,-0.863013,-1.0918,0.0665469,0.987809,0.717793,0.372182,-0.643398,-0.235213,0.412786,0.543483,-1.36349,-0.751472
-14.2042,1.83753,-0.47186,0.469106,-1.62563,-1.0138,-0.655313,-0.999114,-0.52136,-0.836781,0.282322,1.1605,0.933345,0.42074,-0.541058,-0.00345882,0.445696,0.549401,-1.61345,-0.642811
-14.6704,1.91874,-0.0209394,0.757368,-1.40161,-0.799615,-0.812383,-0.988979,-0.498877,-0.820967,0.375277,1.02159,1.02532,0.407373,-0.600068,0.0794831,0.278099,0.519597,-1.84735,-0.624525
-14.5043,1.61416,0.285383,0.625665,-1.52515,-0.952853,-1.06787,-0.771799,-0.818149,-0.888166,-0.0506998,0.920951,1.0708,0.239717,-0.751478,-0.181325,0.571854,0.649854,-1.59209,-0.653191
-14.4186,1.48455,0.350884,0.549936,-1.47731,-0.781353,-1.09757,-0.996053,-0.813948,-0.879746,0.0817596,0.940092,0.725272,0.326676,-0.671853,-0.247113,0.876952,0.720902,-1.37255,-0.77279
-14.4254,1.46605,0.117725,0.500535,-1.18645,-0.801182,-1.10099,-0.725212,-0.884315,-1.35718,-0.212975,1.03404,0.956185,0.449449,-0.73636,-0.271908,0.976163,0.716443,-1.08038,-0.913857
-14.3711,1.72411,0.0822169,0.743577,-0.718952,-0.557199,-0.823783,-1.00882,-1.06232,-1.38295,-0.0326766,1.02898,1.15267,0.262904,-1.0455,-0.258963,0.737708,0.820558,-1.05216,-1.04816
-14.4016,1.45921,0.0723097,0.759861,-0.943596,-0.494765,-0.918152,-1.25366,-1.00316,-1.458,0.169306,1.18134,1.2694,0.373205,-1.06525,-0.177998,0.888709,0.765493,-1.20804,-0.779913
-14.5046,1.79121,0.0569373,0.778569,-1.22012,-0.570084,-0.855863,-1.23048,-0.779205,-1.16191,0.029758,1.03105,1.135,0.36636,-0.762236,-0.123904,0.750603,0.807264,-1.52054,-0.519618
-14.2496,1.79114,0.0421845,0.885281,-1.28059,-0.341909,-0.85699,-1.20116,-0.658773,-0.907165,-0.119235,0.981873,1.14922,0.503108,-0.565159,-0.188245,0.53245,0.509864,-1.51572,-0.553366
-14.4811,1.79995,0.00606172,0.684975,-1.20171,-0.673114,-1.03172,-0.998973,-0.550039,-0.769108,-0.267881,0.855122,0.954277,0.408516,-0.385707,-0.145003,0.302731,0.44909,-1.53176,-0.716938
-14.5243,1.86344,-0.212649,0.700479,-1.00437,-0.46214,-0.784696,-1.10882,-0.499077,-0.959179,-0.19174,1.1088,1.07713,0.660161,-0.51316,-0.283974,0.360353,0.288067,-1.59186,-0.652532
-14.5138,1.32533,-0.163904,0.635117,-1.00789,-0.397157,-0.860845,-1.31581,-0.689256,-1.12084,-0.222567,1.18918,1.28168,0.682661,-0.710048,-0.465912,0.385999,0.117172,-1.4293,-0.679799
-14.372,1.7305,0.107305,0.69105,-0.892492,-0.650853,-0.912311,-0.960734,-0.755975,-1.28303,-0.0796941,0.867565,1.28201,0.748122,-1.04675,-0.547687,0.507135,0.23181,-1.20061,-0.768243
-13.9219,1.75163,0.168745,0.360841,-1.30415,-0.59228,-0.888247,-0.838365,-0.897724,-1.21058,-0.0131063,0.823031,0.847081,0.192038,-0.749877,-0.375869,0.356859,0.335723,-1.15804,-0.656007
-13.3309,2.17327,-0.0938176,0.620171,-1.59742,-0.704354,-0.624415,-0.788516,-0.606773,-0.925738,0.0513833,0.526231,0.493743,0.0969504,-0.597519,-0.176732,0.374861,0.247801,-1.17617,-0.670845
-13.0459,2.14223,-0.241283,0.607336,-1.46243,-0.753197,-0.760174,-0.811659,-0.382026,-0.739712,-0.0581928,0.611398,0.38433,0.132547,-0.568241,-0.0609277,0.519044,0.225022,-1.31254,-0.640038
-13.7906,1.89988,0.0665928,0.546681,-1.58247,-0.825304,-0.569452,-0.9823,-0.482711,-0.419174,0.222149,0.751274,0.712002,0.325902,-0.308533,0.0631791,0.516875,0.3843,-1.07262,-0.397434
-13.7813,1.94958,-0.297306,0.602603,-0.886228,-0.633582,-0.852071,-1.14599,-0.629661,-0.726106,0.0342473,1.2153,0.708612,0.076124,-0.52476,-0.197338,0.470348,0.447936,-1.08154,-0.574732
-13.343,2.05576,-0.350312,0.312924,-1.4481,-0.716043,-0.765241,-0.932535,-0.463342,-0.755285,-0.00825179,0.668127,0.429942,0.257892,-0.450027,-0.215088,0.422559,0.32641,-1.13269,-0.756474
-13.2448,2.02695,-0.463201,0.324245,-1.45276,-0.847653,-0.83733,-0.857942,-0.605602,-0.694631,0.0804906,0.656402,0.185056,0.169364,-0.435913,-0.0431683,0.683161,0.290002,-1.0808,-0.695937
-13.2867,1.8925,-0.26737,0.661252,-1.42934,-0.812985,-0.720311,-0.790799,-0.42247,-0.967484,0.0740631,0.618561,0.443864,0.213691,-0.568344,-0.0380544,0.64436,0.30372,-1.37432,-0.620472
-13.3547,1.71743,-0.323035,0.61154,-1.19632,-0.425877,-0.900535,-0.916927,-0.702603,-0.818916,0.0191022,0.729585,0.454713,0.295377,-0.446005,-0.0711066,0.407276,0.328109,-1.37186,-0.544821
-13.3582,1.56078,-0.36914,0.709584,-1.0199,-0.240298,-0.66507,-1.03405,-0.96977,-1.02521,-0.060771,0.759432,0.577426,0.260037,-0.460723,-0.0604151,0.481187,0.134706,-1.35687,-0.729819
-13.6234,1.58344,-0.444962,0.896179,-0.854405,-0.379558,-0.664614,-1.13634,-1.10813,-1.03791,-0.137443,1.18043,0.723394,0.361693,-0.684916,-0.404844,0.387093,0.117077,-1.36186,-0.661714
-13.6066,1.6326,-0.589361,0.718064,-1.1363,-0.399627,-0.839603,-0.948133,-0.928836,-1.0129,-0.12759,1.13767,0.724875,0.487766,-0.542833,-0.0897435,0.541485,0.206585,-1.33176,-0.68693
-13.4738,1.70479,-0.577149,0.67641,-0.957052,-0.635637,-0.721583,-0.996395,-0.888833,-1.10853,-0.108125,0.998339,0.776895,0.438441,-0.699774,-0.31499,0.606364,-0.0190429,-1.43969,-0.775486
-13.2737,1.53407,-0.169914,0.714156,-1.07736,-0.687274,-0.751169,-0.90069,-0.821737,-1.21825,-0.234112,0.774456,0.751918,0.236684,-0.60125,-0.406512,0.551797,0.0663446,-1.58035,-0.806129
-13.6082,1.69709,-0.116236,0.628626,-0.941256,-0.642001,-0.678518,-0.87507,-0.784099,-1.18507,-0.404293,0.802296,0.80068,0.349841,-0.510584,-0.415388,0.486499,0.162267,-1.48593,-0.716197
-13.9972,1.59193,-0.0139021,0.541562,-1.13693,-0.757412,-0.859344,-0.93911,-0.374406,-0.823167,-0.383714,0.835209,0.695835,0.491451,-0.399197,-0.301313,0.643762,0.317471,-1.14447,-0.699855
-14.3105,1.70458,-0.693709,0.602146,-1.4455,-0.437438,-0.675972,-0.592147,-0.758512,-0.646077,0.143542,0.534061,0.584911,0.524177,-0.356067,0.0296949,0.754862,0.339909,-0.726119,-0.380004
-14.4593,1.81826,-0.437654,0.496105,-1.13267,-0.118432,-0.761158,-0.456982,-0.730759,-0.87988,0.0483084,0.589231,0.409833,-0.0737631,-0.437963,0.0118213,0.781217,-0.109534,-0.863565,-0.431882
-14.4301,1.91708,-0.752023,1.06366,-1.09572,-0.0597751,-0.565768,-0.800343,-0.697187,-0.91432,-0.0737038,0.677651,0.490788,-0.158779,-0.325383,0.0105393,0.495701,-0.568864,-1.02088,-0.267825
-14.1365,1.63949,-0.482836,1.06433,-1.19199,-0.416664,-0.444643,-0.980545,-0.786055,-0.686988,0.223927,0.648141,0.423206,-0.191911,-0.335454,0.451623,0.398117,-0.567193,-0.898194,-0.137727
-14.2708,1.9916,-0.696248,1.00921,-1.13629,-0.580968,-0.409072,-0.904537,-0.793386,-0.684641,0.272947,0.527831,0.365911,-0.0740909,-0.585372,0.249782,0.447795,-0.59519,-0.757554,-0.163655
-14.5509,2.01571,-0.471572,1.07524,-1.14261,-0.82122,-0.357039,-0.747382,-0.721049,-0.46427,0.228836,0.4624,0.405662,-0.0424844,-0.429797,0.202866,0.318295,-0.483753,-0.716427,-0.225581
-14.4058,1.70286,-0.487746,0.972691,-1.08297,-0.778969,-0.314049,-0.790017,-0.627135,-0.591211,0.254509,0.631049,0.509978,-0.230648,-0.498834,0.424307,0.487412,-0.486719,-0.72816,-0.00293206
-14.8376,1.6325,-0.783437,0.848831,-0.920771,-0.733752,-0.220477,-1.14282,-0.541334,-0.208974,0.217721,0.809955,0.457308,-0.161161,-0.467999,0.457453,0.499427,-0.506301,-0.744279,0.0162611
-15.033,1.38636,-0.397387,0.884506,-0.923706,-0.728728,-0.156707,-1.00829,-0.626308,0.0110333,0.481641,0.917543,0.499161,-0.343536,-0.269303,0.704171,0.233944,-0.884158,-0.893377,0.158956
-14.8329,1.21066,-0.379959,0.592219,-0.906383,-1.0341,-0.331653,-1.25778,-0.672088,0.102,0.274105,0.689983,0.0612006,-0.0888253,-0.38293,0.381305,0.15495,-0.960064,-0.657807,0.13544
-14.9028,1.21514,-0.544889,0.786096,-0.921035,-0.720756,-0.194166,-1.01482,-0.643075,-0.0712521,0.441518,0.957201,0.302128,-0.198238,-0.431805,0.375388,0.0360031,-1.01221,-0.622244,0.175708
-14.9959,1.00941,-0.761657,0.945428,-0.701425,-0.695063,-0.2232,-0.93017,-0.648854,-0.0734325,0.569614,1.0597,0.487044,-0.144393,-0.457821,0.412818,0.0354519,-0.895299,-0.740878,0.299814
-15.1328,0.891994,-1.04535,0.720585,-0.900391,-0.780763,-0.369823,-0.92753,-0.665556,0.00212833,0.500037,1.28314,0.525927,-0.431171,-0.487047,0.509307,0.470391,-0.844319,-0.698045,0.4136
-15.0085,0.852422,-1.03651,0.395393,-0.888508,-0.691003,-0.327929,-0.923496,-0.592569,0.120057,0.364039,1.28345,0.495157,-0.660683,-0.503599,0.666697,0.259222,-0.893392,-0.661653,0.49932
-14.9392,1.01064,-0.635176,0.671613,-0.76387,-0.338775,0.0736718,-0.771847,-0.557153,-0.0423443,0.453748,1.27237,0.297958,-0.805491,-0.725392,0.510556,0.107731,-1.18348,-0.685765,0.538615
-15.1873,0.622932,-0.413068,0.778744,-0.734063,-0.519506,-0.213374,-1.17967,-0.7254,0.00559068,0.863152,1.42951,0.272306,-0.525885,-0.580636,0.597275,0.113972,-1.1813,-0.589402,0.59566
-15.128,0.490837,-0.281566,1.05609,-0.470082,-0.656951,-0.33933,-1.48826,-0.913436,0.0262818,0.954025,1.40077,0.324735,-0.566205,-0.536593,0.682581,-0.0893495,-1.25108,-0.69645,0.535722
-14.8846,0.62079,-0.273047,0.992195,-0.571634,-0.720362,-0.406243,-1.40492,-0.903819,0.0741393,0.925468,1.28392,0.172074,-0.605493,-0.537442,0.627667,0.0589356,-1.20581,-0.711728,0.518608
-14.9273,0.592759,-0.366268,0.836424,-0.588833,-0.594377,-0.398105,-1.43311,-1.05638,0.19634,0.747102,1.07006,0.376722,-0.418709,-0.445013,0.450912,0.0754578,-1.2496,-0.810999,0.718072
-14.99,0.546529,-0.0307579,0.828944,-1.02214,-0.679078,-0.305176,-1.19601,-1.03113,0.282134,0.994054,0.84683,0.307028,-0.415552,-0.458013,0.672262,0.228521,-1.18357,-0.993301,0.849917
-14.9114,0.564573,-0.188973,0.705089,-1.13585,-0.40315,-0.259236,-1.32386,-0.809705,0.508033,0.940049,1.08305,0.600611,-0.244444,-0.550944,0.576817,0.16378,-1.31336,-0.825325,0.597419
-15.0379,0.582247,-0.323383,0.835398,-1.08984,-0.70065,-0.371058,-1.30461,-0.865741,0.225801,1.05212,1.33655,0.275683,-0.493011,-0.686738,0.704742,-0.0346495,-1.19922,-0.524611,0.661827
-15.3289,0.485991,-0.457064,1.02361,-0.936586,-0.956452,-0.50577,-1.2756,-0.795831,0.326361,1.28224,1.48227,0.125351,-0.72811,-0.636807,0.756983,-0.113943,-1.28899,-0.79899,0.640803
-15.1526,0.489135,-0.534814,0.852309,-1.19128,-1.05023,-0.351247,-0.863867,-0.868809,0.312224,1.23513,1.47376,0.344783,-0.569911,-0.169153,0.695527,-0.188001,-1.27147,-0.760196,0.773125
-15.4117,0.416591,-0.482787,1.22004,-1.02819,-1.16912,-0.492168,-0.723522,-0.888636,0.202641,1.09455,1.46188,0.524202,-0.478835,-0.161055,0.537842,-0.177901,-1.49426,-0.944153,0.638319
-15.1966,0.372803,-0.507985,1.00293,-1.05803,-1.01427,-0.742482,-0.526648,-0.692668,-0.120828,0.869344,1.23437,0.810929,-0.359545,-0.291023,0.754987,-0.662548,-1.25031,-0.468557,0.231861
-15.0074,0.624361,-0.517094,0.474723,-1.14021,-0.744681,-0.546863,-0.369891,-0.483619,-0.0281586,0.490188,1.07876,0.724551,-0.318789,0.0579084,0.859733,-0.73413,-1.30939,-0.393152,-0.0523359
-14.8305,0.656642,0.132152,-0.00495595,-1.50779,-0.24947,-0.29715,-0.167485,-0.364026,-0.173164,-0.289167,0.831598,0.59186,-0.530742,0.731349,0.70164,-0.933955,-1.27198,-0.44006,-0.0882173
-15.053,0.707442,-0.220737,0.0396785,-1.3837,0.029055,0.0299516,-0.0987181,-0.578222,0.128766,-0.369569,0.520826,0.706386,-0.652737,0.73492,0.899074,-0.790271,-1.20999,-0.262479,-0.230859
-15.009,0.427437,-0.312445,0.141861,-1.27678,-0.016984,0.0527459,-0.204954,-0.529965,-0.108068,-0.41246,0.721551,0.416777,-0.726931,0.795623,1.08386,-0.878841,-1.40891,-0.338765,-0.040329
-15.1804,0.61286,-0.258545,0.15316,-1.51978,-0.14715,0.143608,-0.33047,-0.530305,-0.191475,-0.172068,1.0711,0.65173,-0.619557,0.699484,0.842443,-0.835947,-1.40194,-0.184217,-0.0395031
-15.1721,0.573275,-0.314109,-0.0962184,-1.48915,-0.208524,0.176197,-0.409552,-0.469142,0.0254852,-0.0951072,0.904001,0.700013,-0.26836,0.811134,0.864708,-1.01445,-1.33787,-0.221617,-0.0851997
-15.0971,0.690615,0.157013,0.0538445,-1.63158,0.0095448,0.43219,-0.336951,-0.575104,-0.212083,-0.102269,0.980963,0.6129,-0.399604,0.688025,0.710229,-1.13032,-1.41182,-0.313656,-0.104871
-15.1959,0.583302,0.113797,0.0823014,-1.53622,-0.0161719,0.186886,-0.156239,-0.262785,-0.173588,-0.133969,1.11199,0.712216,-0.498946,0.585517,0.614781,-0.960592,-1.26391,-0.557954,-0.271996
-15.5633,0.513832,0.0769993,-0.0654788,-1.4665,0.0547977,0.13202,-0.00849282,-0.117551,-0.169695,-0.102315,1.33316,0.818845,-0.44423,0.848786,0.597022,-1.12891,-1.14088,-0.462989,-0.282129
-15.4258,0.58416,0.0864993,-0.049405,-1.56107,-0.0496486,0.368322,-0.0619284,-0.461221,-0.132448,-0.268637,0.898413,0.821629,-0.574066,0.716482,0.500169,-1.3027,-1.09817,-0.0823836,-0.259534
-15.1684,0.408065,0.174313,0.30315,-1.44914,-0.138945,0.440721,-0.068198,-0.215059,0.0352748,-0.129462,0.985061,0.895479,-0.400914,0.782129,0.533632,-1.36465,-1.15942,-0.12477,-0.224801
-15.0893,0.447151,0.233228,0.143058,-1.53813,-0.314369,0.562258,-0.0553816,-0.277741,-0.01954,-0.339126,1.07244,0.719976,-0.601714,0.655444,0.792648,-1.34717,-1.28901,-0.213735,-0.445609
-15.0177,0.131667,-0.272836,-0.0402469,-1.46821,-0.375847,0.438992,0.0587735,-0.381491,-0.0401444,-0.174331,1.11444,0.850442,-0.57441,0.850025,0.763135,-1.39516,-1.21741,-0.238184,-0.257921
-15.0232,0.013163,-0.297988,-0.0902651,-1.50644,-0.383697,0.200588,0.0582715,-0.434506,-0.253226,-0.26684,0.926557,0.932364,-0.63958,1.06677,0.892762,-1.55884,-1.20426,-0.081755,-0.36171
-15.3069,0.145732,-0.35317,-0.0695442,-1.29707,-0.427206,0.267383,0.316408,-0.230802,0.0276603,-0.0873793,1.032,1.08394,-0.721656,1.11212,1.01108,-1.43867,-1.27868,-0.161875,-0.410893
-15.5635,0.524203,-0.279815,0.144333,-1.17052,-0.364409,0.178172,0.398369,-0.288419,0.0850283,-0.35271,0.773328,0.782823,-0.688319,0.621838,0.8952,-1.13194,-1.24366,-0.125442,-0.447068
-15.2082,1.11723,-0.126501,0.351696,-0.933133,-0.278594,0.082654,0.0919587,-0.360655,-0.290381,-0.564121,0.767982,0.703175,-0.592163,0.736055,0.802833,-1.09343,-0.649783,0.0350852,-0.112997
-16.0367,1.0374,-0.401529,0.0138082,-1.33759,-0.295418,-0.0735493,0.619422,-0.324007,-0.891976,-0.418373,0.527339,0.753024,-0.127619,0.884421,0.705974,-1.26908,-0.668852,-0.0698268,0.0688705
-15.6511,0.526597,-0.158831,-0.057806,-1.48193,-0.179896,0.214458,0.968396,-0.631828,-0.605997,-0.400547,0.457728,0.667065,-0.0103321,0.654784,0.586804,-1.73083,-0.539054,-0.270369,-0.163896
-15.5468,0.291726,-0.441561,-0.0780117,-1.35987,0.0358242,0.508153,0.944772,-0.367914,-0.420068,-0.337268,0.563497,0.633531,0.235984,0.635469,0.339257,-1.74097,-0.472439,-0.340179,-0.155323
-15.5072,0.326143,-0.419347,-0.239588,-1.22136,-0.0857732,0.469841,1.14003,-0.531785,-0.594688,-0.239662,0.739553,0.690761,0.14461,0.727264,0.56211,-1.78468,-0.479133,-0.295294,-0.022076
-15.6138,0.105807,-0.299625,-0.0548645,-1.28642,-0.251998,0.498502,1.29982,-0.94024,-0.759199,-0.298046,0.980459,0.729499,-0.131181,0.868131,0.679133,-1.62941,-0.490521,-0.250449,0.0636829
-15.8045,0.18227,-0.18145,0.000167096,-1.17841,-0.033483,0.504592,1.19846,-1.05117,-0.986537,-0.336444,0.72621,0.493514,0.0374301,0.976082,0.351774,-1.48543,-0.27104,-0.103927,-0.00135448
-14.9135,-0.039679,-0.772242,-0.357779,-1.3037,0.0661546,0.614358,1.28944,-0.567318,-0.97766,-0.0838188,0.818798,0.256483,0.151753,0.547522,0.113529,-1.20064,-0.0614226,-0.208795,-0.0595848
-14.6912,0.20356,-0.816966,-0.0580782,-1.43687,0.206013,0.710669,1.0183,-1.09751,-1.59085,-0.0298299,0.976934,-0.165193,0.182849,0.192811,-0.423102,-0.315911,-0.0282762,-0.163875,-0.133386
-15.3208,0.268589,-0.75214,-0.0706089,-1.14608,0.404472,0.67053,0.86721,-0.93231,-1.26125,0.221149,1.25559,0.00666978,0.435485,0.241588,-0.270601,0.110391,-0.106656,-0.088445,0.159105
-15.689,0.332795,-0.696618,0.261478,-1.03046,0.37825,0.728401,0.744912,-0.777289,-1.23681,0.212416,1.23215,-0.0046005,0.207713,0.0838015,-0.375907,0.184907,-0.184654,-0.298245,-0.0891541
-15.6258,0.164059,-0.793484,0.012321,-1.26028,0.521486,1.07553,0.923021,-0.785955,-1.50359,-0.0199684,0.969356,-0.10756,0.445992,0.22103,-0.434753,0.125285,-0.0360157,-0.28206,0.0463358
-15.7687,0.14111,-0.714074,-0.0991428,-1.45902,0.238356,0.993645,1.01576,-0.875788,-1.89616,-0.209898,1.01502,-0.11156,0.560352,0.223793,-0.497645,0.269017,0.00779139,-0.156654,0.176166
-15.658,0.124549,-0.842191,-0.138147,-1.37269,0.536251,0.901084,0.798501,-0.753736,-1.7724,-0.373823,0.891544,-0.347247,0.419483,0.440984,-0.493611,0.223557,0.130546,-0.233932,-0.077133
-15.8487,0.156135,-0.462608,0.0881943,-1.59727,0.441065,1.43292,0.755212,-0.942104,-1.73957,-0.25659,1.18545,-0.313835,0.294141,0.32951,-0.400839,0.0460138,-0.46198,-0.39827,0.00758731
-15.6316,0.188098,-0.428455,0.0586675,-1.6529,0.498467,1.24969,0.739217,-0.872339,-1.34081,-0.0883053,1.00852,-0.263247,0.324783,0.371768,-0.564822,0.358468,-0.0773273,-0.218661,0.124423
-15.5867,0.38222,-0.446898,-0.20797,-1.50291,0.352228,1.04792,0.690228,-0.718295,-1.29458,0.0169545,1.04671,-0.19814,0.63656,0.159234,-1.02367,0.138157,-0.280986,-0.614548,-0.0672945
-14.8541,0.915018,-0.213123,0.100995,-1.16358,0.221109,0.508549,0.398565,-0.761625,-1.55804,0.18972,1.0863,-0.028778,0.378485,0.0410964,-1.13498,0.173579,-0.0717326,-0.608572,0.0699263
-14.4965,1.14412,-0.306845,-0.0581577,-1.13135,-0.0159838,0.494422,0.322862,-0.885106,-1.21106,0.0138755,0.982085,0.211435,0.361232,0.168825,-0.949878,-0.272755,0.0548841,-0.260914,0.192861
-14.5954,1.20714,-0.593131,0.113527,-1.28083,0.0877795,0.068842,0.683585,-0.784149,-0.929764,0.089267,0.478139,0.062766,0.190097,0.14857,-0.649804,-0.769379,-0.283359,-0.207218,0.0528401
-14.5203,1.53075,-0.910152,0.131954,-1.35505,0.187874,-0.0611088,0.888146,-0.628848,-0.996126,-0.2528,0.135023,0.079695,-0.251517,0.19001,-0.853172,-1.15563,-0.0138236,-0.0658837,0.189354
-14.5333,2.03706,-0.448463,0.185006,-1.42034,0.0675925,0.0473021,0.892701,-0.35535,-0.958851,-0.275668,0.271549,0.125103,-0.133966,0.206653,-0.609218,-1.23877,-0.0954692,-0.072908,0.201224
-14.5976,2.02393,-0.375389,0.533142,-1.17702,0.147947,0.0586262,0.710241,-0.60669,-0.920444,-0.106242,0.170679,0.0408235,0.132709,0.0563708,-0.848689,-1.00523,-0.422155,-0.279607,-0.010279
-14.6283,1.60659,-0.370001,0.257352,-1.25318,0.331319,0.239983,0.672431,-0.835914,-0.627431,-0.475752,-0.150637,-0.208552,0.0730527,-0.0925223,-0.779391,-1.09745,-0.17882,-0.380171,-0.291715
-14.6019,1.82947,-0.117604,0.176846,-1.33508,0.306361,0.323566,0.760496,-0.605539,-0.558869,-0.380933,0.148228,-0.19858,-0.0840183,-0.00833969,-0.761409,-1.19317,-0.270443,-0.541626,-0.369903
-14.6369,1.60301,-0.0398218,0.339904,-1.00783,0.278357,0.561714,0.698298,-0.477994,-0.769995,-0.475841,0.183901,-0.209038,-0.00870796,0.0615458,-0.727242,-1.2662,-0.266599,-0.559965,-0.350695
-14.9633,1.60824,0.129127,0.0609359,-1.04163,0.0343956,0.230034,0.884734,-0.704072,-0.938405,-0.437164,0.123607,-0.0431261,-0.174782,0.149712,-0.886073,-1.26938,-0.426062,-0.810792,-0.262879
-14.8746,1.5779,0.324614,-0.0369403,-1.04833,0.0882245,0.208119,0.487854,-0.82322,-0.570647,-0.393886,0.172869,0.00461063,-0.167854,0.113565,-0.766517,-1.33637,-0.181866,-0.561292,-0.144562
-15.0174,1.43031,0.0793772,0.0248221,-0.880803,0.18809,0.219122,0.686684,-0.720277,-0.811785,-0.343148,0.32136,-0.106659,0.0249428,0.188556,-0.692166,-1.31172,-0.243783,-0.517343,0.0115248
-15.4196,1.20221,0.228866,-0.152859,-1.13423,0.0895755,0.378846,0.945108,-0.91892,-1.13886,-0.37722,0.355095,-0.0426872,-0.0995349,0.28205,-0.736934,-1.27041,-0.0719015,-0.436071,-0.0283421
-15.6692,1.10918,-0.243603,-0.209459,-1.14496,0.243986,0.320443,0.905068,-0.571681,-0.906549,-0.374183,0.434732,-0.0192823,-0.00887818,0.250482,-0.747189,-1.43344,-0.0284099,-0.313957,0.0584495
-15.7568,1.1916,-0.174002,-0.136833,-1.09238,0.341274,0.534651,1.12975,-0.746798,-0.85602,-0.100956,0.528096,-0.0630878,0.200597,0.491518,-0.584542,-1.4056,0.0894325,-0.0502025,0.173679
-15.6812,1.09525,0.0999086,-0.239243,-1.34963,-0.0506852,0.304692,1.16713,-0.951586,-1.13338,-0.20475,0.543949,-0.0147875,0.21719,0.437434,-0.814131,-1.29969,-0.0466465,-0.399549,0.12825
-15.8687,0.988363,-0.0225385,-0.0800114,-1.08264,0.124862,0.506056,1.16271,-0.869943,-1.17837,-0.316977,0.657452,0.276078,0.288023,0.741696,-0.592041,-1.28722,0.0811746,-0.639154,0.067906
-15.7225,1.1176,0.066459,-0.312104,-1.16273,-0.0884697,0.301383,1.16423,-0.712153,-0.987768,-0.168453,0.498512,0.171939,0.340847,0.65953,-0.664711,-1.46255,0.187303,-0.363597,0.096219
-16.0276,1.04127,0.22147,-0.238644,-0.96394,0.0585976,0.409671,1.48841,-0.455682,-0.90437,-0.351801,0.395616,0.112579,0.261509,0.6611,-0.784528,-1.42161,0.380814,-0.356424,0.256652
-16.34,0.781057,0.13235,-0.32939,-1.12878,0.0713748,0.438287,1.39426,-0.486998,-1.25421,-0.420607,0.619205,0.165563,0.304907,0.618203,-0.758728,-1.5127,0.406348,-0.163322,0.269194
-16.2271,0.891396,0.0824727,-0.315117,-1.01241,-0.282359,0.166548,1.32284,-0.493098,-0.931324,-0.593285,0.520123,0.208415,0.340034,0.730273,-0.767975,-1.39306,0.482283,-0.193514,0.336046
-16.2126,1.01035,0.212884,-0.251787,-0.911361,0.115368,0.370914,1.28665,-0.738815,-1.14418,-0.586716,0.405112,-0.0192753,0.21408,0.584136,-0.876038,-1.56838,0.113863,-0.21105,0.323102
-16.328,1.07816,0.145645,-0.167267,-0.773497,0.0426148,0.343018,1.33855,-0.484237,-1.24027,-0.642885,0.641597,0.185683,0.460681,0.737279,-0.76659,-1.60188,0.318177,-0.21822,-0.001183
-16.4477,0.891893,0.151611,-0.0396881,-0.57555,0.172354,0.523748,1.389,-0.6817,-1.16273,-0.793391,0.418178,0.0764592,0.553695,1.00852,-0.893355,-1.78521,0.257138,-0.0991845,0.112904
-16.4121,0.654135,0.0855167,-0.447455,-1.09165,-0.33951,0.499556,1.13017,-0.752631,-0.934825,-0.59091,0.795761,0.296153,0.488549,0.988711,-0.748921,-1.72285,0.476805,-0.150946,0.360615
-15.744,0.984754,0.219614,-0.260773,-0.891492,-0.269303,0.632108,1.2832,-0.499718,-1.15971,-0.91008,0.468086,0.298989,0.302893,0.73192,-0.537611,-1.47722,0.190189,-0.813691,0.14757
-15.148,0.794286,-0.0258196,-0.253891,-0.862095,-0.137936,0.491847,1.09945,-0.558582,-0.883937,-0.924806,0.45043,0.448369,0.156956,0.753049,-0.589719,-1.62909,0.205129,-0.513687,-0.0945498
-14.693,1.13893,0.0560296,0.00598923,-1.06374,-0.484928,0.396671,0.983598,-0.63562,-1.10192,-0.772472,0.419039,0.529711,0.413712,0.661633,-0.751064,-1.58374,0.267382,-0.802748,-0.273963
-14.4266,1.45084,0.114275,-0.114131,-0.969477,-0.359003,0.352696,0.916995,-0.467775,-0.874111,-0.848379,0.463827,0.548114,0.0332983,0.725301,-0.700053,-1.9093,0.0771058,-0.734806,-0.132902
-14.7939,1.13826,0.154794,0.0351405,-0.84032,-0.420263,0.472593,0.946866,-0.561095,-1.16831,-1.08511,0.229479,0.394809,-0.110369,0.576789,-0.79366,-1.9051,0.272207,-0.548223,-0.066078
-14.338,1.013,0.293217,0.00967082,-0.794296,-0.314969,0.437277,0.790401,-0.690113,-1.08393,-0.708566,0.415966,0.546731,0.141915,0.677291,-0.684447,-1.95725,0.110499,-0.457531,-0.0541634
-14.4928,1.00704,-0.00654033,-0.206918,-0.917896,-0.450502,0.374019,0.754063,-0.391399,-1.34542,-0.774754,0.389522,0.341532,-0.0201116,0.584637,-0.644087,-1.86548,0.180327,-0.234024,-0.104449
-14.2825,1.32108,-0.0189061,-0.0525256,-0.760832,-0.253588,0.624068,1.0094,-0.243407,-1.09153,-0.658441,0.243147,0.116031,-0.00282468,0.568092,-0.83315,-1.85902,0.172393,-0.380133,-0.141636
-13.8207,1.2638,-0.274047,0.156598,-0.958633,-0.313536,0.370821,0.673882,-0.389524,-1.36186,-0.694855,0.0236037,0.372195,-0.203757,0.527389,-0.89246,-2.06181,0.0710482,-0.464946,-0.144945
-13.695,1.18052,-0.245233,0.0237369,-1.07543,-0.439127,0.387627,0.980012,-0.235646,-1.10844,-0.749878,-0.118029,0.104254,-0.298587,0.274667,-0.706544,-2.01126,0.198044,-0.372585,-0.319076
-13.3788,0.965142,-0.0293195,0.343932,-1.08003,-0.622568,0.0467288,0.66546,-0.346717,-1.00845,-0.90293,0.331571,0.354152,-0.0910463,0.479907,-0.427637,-1.95341,0.0441125,0.0904478,-0.354906
-13.458,1.38855,-0.0445034,0.565713,-0.823182,-0.433402,0.0134712,0.810166,-0.293924,-0.819682,-0.810073,0.31036,0.272901,-0.362024,0.156639,-0.218221,-1.65891,-0.00603565,0.0561745,-0.522416
-13.5364,0.882525,-0.0211645,0.400835,-0.827353,-0.122014,0.062456,0.632817,-0.486783,-0.911148,-0.917485,0.162284,0.176806,-0.409307,0.326899,-0.225309,-1.97919,-0.462581,-0.170798,-0.665145
-13.8032,0.970136,0.36756,0.410454,-1.18719,-0.308163,0.132148,0.7343,-0.269538,-0.701215,-0.884852,0.189629,0.171741,-0.459275,0.391483,-0.215341,-1.95533,-0.434088,-0.193958,-0.616133
-14.0952,0.866971,0.452757,0.540019,-1.12007,-0.340973,0.197905,0.818128,0.0408322,-0.6953,-1.01561,0.157887,0.212966,-0.421974,0.342811,-0.281617,-1.92631,-0.25484,-0.0200648,-0.690102
-14.4167,0.577268,0.367023,0.215622,-1.12499,-0.321469,0.356535,0.979048,-0.0973048,-0.705798,-0.872651,0.351367,0.299621,-0.355229,0.586575,-0.108387,-1.93423,-0.0796499,0.0704791,-0.752391
-14.8399,0.457913,0.200997,0.0532509,-1.33808,-0.398858,0.458876,1.04385,-0.0963207,-0.828062,-0.803897,0.459156,0.608078,-0.261175,0.471034,-0.067277,-1.89072,-0.177105,0.133637,-0.671229
-14.5071,0.692122,0.047943,0.0305157,-0.91205,-0.220817,0.368093,1.07851,-0.00411128,-0.532371,-0.834782,0.00475943,0.523725,-0.175964,0.609459,-0.00872257,-2.00012,-0.161271,-0.0630844,-0.873418
-14.7549,0.765931,0.304812,-0.0182269,-0.868628,-0.165021,0.392413,1.21454,-0.189196,-0.861354,-1.05025,-0.000401231,0.575129,-0.486982,0.682437,0.14854,-2.11036,-0.036386,0.00720262,-0.947223
-14.5592,0.790962,0.220869,-0.10009,-0.877103,-0.191963,0.231718,1.03929,-0.00200541,-0.695884,-0.906694,0.163478,0.535149,-0.308501,0.579988,-0.237935,-2.42936,-0.0747815,0.101461,-0.755135
-14.6313,0.579794,0.509659,0.172922,-0.698169,-0.35712,0.23398,1.24356,-0.264024,-1.03988,-0.977733,0.271465,0.679153,-0.0654385,0.674895,-0.152079,-2.39195,-0.146937,0.131019,-0.583544
-14.9909,0.55653,0.839777,-0.199944,-0.588323,-0.288634,0.10321,1.27994,0.0628605,-1.15332,-1.04373,0.284522,0.609877,-0.241626,0.975239,-0.0261707,-2.71602,-0.118206,0.174141,-0.595317
-14.7207,0.470246,0.332085,-0.342986,-0.80175,-0.525635,0.150522,1.17704,0.189588,-1.1078,-1.09746,-0.036021,0.328599,-0.344999,0.574198,-0.0878089,-2.53291,-0.118214,0.213244,-0.554105
-14.8804,0.45931,0.399616,-0.292228,-0.653632,-0.396208,0.146297,1.01476,0.182199,-1.17327,-1.37879,0.141333,0.437759,-0.37583,0.708835,0.0590644,-2.51131,-0.206651,0.28398,-0.663044
-15.138,0.353206,0.0528516,0.124643,-0.923514,-0.321307,0.265411,1.06899,0.308814,-1.04027,-0.983457,0.116899,0.550994,-0.434666,0.70664,0.365779,-2.20562,-0.450267,0.214478,-0.382071
-14.5598,0.729532,-0.615674,0.466194,-0.961104,-0.559829,0.0626706,1.17865,0.581831,-0.765584,-0.949432,-0.393954,0.535735,-0.0878266,-0.0304401,0.389423,-0.7263,-0.455932,-0.0610554,0.0117465
-13.8896,0.48001,-0.772172,0.234909,-1.37969,-0.722271,-0.0480055,1.38286,0.976456,-0.432065,-1.14489,-0.760978,0.377943,0.0631525,-0.338521,0.670132,-0.0350608,-0.190606,-0.236999,0.333504
-14.1061,0.403282,-0.552063,0.37275,-1.62691,-0.845642,0.240083,1.50948,1.36964,-0.296415,-1.09198,-0.812203,0.506041,-0.0189164,-0.792856,0.675344,0.0156499,-0.411592,-0.62105,-0.00978878
-14.1133,0.435729,-0.571323,0.317893,-1.55639,-0.674656,0.246849,1.28364,1.3916,0.107833,-1.3008,-0.835684,0.417471,-0.156003,-0.715631,0.45501,-0.0184795,-0.477371,-0.535348,0.172984
-14.3825,0.401105,-0.7824,0.143848,-1.57472,-0.91134,0.0496385,1.02978,1.09983,-0.101018,-1.32205,-1.07417,0.35343,-0.0115446,-0.397476,0.714629,0.228815,-0.401473,-0.287612,0.337729
-14.512,0.466412,-0.831624,0.363033,-1.47422,-0.820848,-0.0174854,1.01899,1.09901,0.0779949,-0.922747,-0.868015,0.391155,-0.062921,-0.413999,0.890342,0.224084,-0.354953,-0.252889,0.345933
-14.4444,0.456017,-0.604094,0.521411,-1.55248,-0.97497,0.0383328,1.18736,1.10299,-0.127646,-0.994048,-1.06534,0.396139,-0.14642,-0.757047,0.717552,-0.0545272,-0.637542,-0.481039,0.249016
-14.5229,0.194938,-0.60603,0.222554,-1.71412,-1.07648,0.197917,1.12488,1.24301,0.000765619,-1.27907,-0.896154,0.464126,-0.191378,-0.79489,0.84144,0.280502,-0.502967,-0.645878,0.348583
-14.2294,0.337969,-0.63437,0.370662,-1.26615,-0.948632,-0.156164,1.06245,1.15876,0.132505,-0.877381,-0.760231,0.335623,-0.0489369,-0.761908,0.908931,0.597192,-0.479447,-0.718412,0.207838
-13.9658,0.652027,-0.534851,0.415631,-1.30832,-1.14001,-0.550567,0.765703,0.89415,-0.0538242,-0.875173,-0.600162,0.189945,-0.188413,-0.807147,0.80295,0.641508,-0.434777,-0.940248,0.0453656
-13.7421,0.786538,-0.315083,0.578836,-1.12504,-1.0054,-0.413032,0.820104,1.04227,-0.0579351,-0.843919,-0.751831,0.283519,-0.107173,-0.821063,0.517502,0.33248,-0.447804,-0.962108,0.00795246
-13.4621,1.10006,-0.251992,0.595162,-1.28697,-0.931727,-0.280696,0.724135,1.02773,0.0814107,-0.922928,-0.848246,0.422565,-0.000875283,-0.776836,0.33044,0.0578899,-0.47713,-0.889583,0.120606
-13.2236,0.955002,-0.223219,0.407027,-1.19604,-0.910632,-0.269565,0.853583,0.907018,0.150515,-0.761786,-0.640145,0.290154,-0.313942,-1.21732,0.252631,0.212929,-0.783396,-1.05029,0.0655617
-13.0983,1.02098,-0.687308,0.263851,-1.09237,-0.822663,-0.362111,0.542058,0.68223,0.14068,-0.897609,-0.86693,0.343809,-0.246535,-0.960393,0.235956,0.143533,-0.54313,-0.922337,-0.0841951
-13.3197,1.21273,-0.661273,0.375765,-0.942052,-0.981852,-0.417488,0.666301,0.853424,-0.0707083,-0.833091,-0.750441,0.370276,-0.342059,-0.877528,0.472011,0.189698,-0.694339,-1.15331,-0.0661637
-13.4171,1.09424,-0.639666,0.138931,-1.27724,-0.942582,-0.449813,0.561414,0.917396,0.313377,-0.63769,-0.873952,0.47253,0.00990546,-0.906155,0.216101,0.278714,-0.612698,-0.934169,0.0500473
-13.495,0.935328,-0.766271,0.10131,-1.37213,-1.02228,-0.354068,0.603867,0.824273,0.276216,-0.682349,-0.739051,0.469639,-0.204633,-0.701396,0.410907,0.474803,-0.553115,-1.06635,0.149976
-13.5896,0.799661,-0.691808,-0.031218,-1.45339,-1.00773,-0.354031,0.545623,0.622357,0.0911891,-0.644472,-0.761388,0.35844,-0.147591,-0.790379,0.527934,0.558076,-0.692699,-1.17738,0.157017
-13.5395,0.946962,-0.483853,0.0905509,-1.10857,-0.588892,-0.342211,0.538539,1.00985,0.328986,-0.738065,-0.788749,0.136608,-0.244953,-0.8194,0.456505,0.301238,-0.741687,-1.06538,0.30112
-13.6793,1.17587,-0.420419,-0.0297544,-1.09667,-0.580154,-0.466835,0.502432,0.891871,0.36765,-0.651368,-0.880407,0.0532238,-0.0904134,-0.984077,0.11868,0.231502,-0.907773,-1.3139,0.214035
-14.1903,1.25483,-0.724577,0.0626819,-1.4242,-0.660409,-0.527662,0.482078,1.03456,0.335175,-0.738904,-0.751571,0.502518,0.105586,-0.734821,0.325413,0.380909,-0.603786,-1.10641,0.315274
-14.1004,1.03252,-0.587226,0.201032,-1.09066,-0.460231,-0.529572,0.686792,1.03418,0.386371,-0.750587,-0.961726,0.382921,-0.021698,-0.913616,-0.0138235,0.0895654,-0.81976,-1.1899,0.126734
-14.5044,1.16777,-0.243914,-0.132023,-1.04742,-0.597213,-0.567425,0.756072,0.981894,0.190257,-0.69423,-0.724866,0.573684,-0.0897992,-1.00866,0.0451059,0.334406,-0.645106,-1.1867,0.0539005
-14.4878,0.939021,-0.335285,-0.090459,-1.3475,-0.844479,-0.457994,0.76127,0.655532,0.266143,-0.536701,-0.779088,0.304367,0.122786,-0.616839,0.268397,0.615247,-0.313957,-0.893254,0.189649
-14.0567,1.27624,-0.443216,-0.0407989,-1.25205,-0.561237,-0.556424,0.759052,0.771972,0.258291,-0.667175,-1.09474,-0.23982,-0.0111005,-0.447605,-0.0136887,0.44761,-0.459792,-0.934721,0.180078
-14.5512,1.82388,-0.348147,-0.236105,-1.02483,-0.625324,-0.924644,0.880968,1.01559,0.210801,-0.456666,-0.74467,0.0728057,-0.248456,-0.177622,0.268294,0.523759,-0.394267,-1.14095,0.151256
-14.797,1.59839,-0.598549,-0.223804,-1.28932,-0.93352,-0.66115,0.416957,1.05359,0.410383,-0.555913,-0.765732,0.0523679,-0.0922263,-0.657151,0.295401,0.579287,-0.735394,-1.05821,0.155282
-14.7773,1.22384,-0.722108,0.137062,-1.21779,-0.997223,-0.559985,0.982826,1.14581,0.61639,-0.425953,-0.819011,0.481236,0.156063,-0.563219,0.331711,0.522787,-0.629905,-0.841082,0.184499
-14.4762,1.07823,-0.916988,0.146472,-0.97045,-1.01261,-0.383997,0.65581,0.739603,0.760943,-0.274215,-0.761308,0.262629,-0.154944,-0.620265,0.307443,0.491224,-0.50944,-0.910986,-0.0272402
-14.7898,1.24395,-0.0468905,0.185884,-1.00328,-0.749148,-0.455532,0.435135,0.670023,0.432214,-0.429122,-0.764007,0.17723,-0.0450308,-0.777938,0.0982806,0.760284,-0.808261,-0.928439,-0.00822391
-15.005,1.05929,0.133333,0.593725,-1.09766,-0.77535,-0.541955,0.19261,0.379345,0.0709531,-0.475646,-0.822602,0.307257,0.261589,-0.477408,0.23559,0.504072,-0.409118,-0.456798,0.189263
-14.7395,1.41363,-0.276821,0.588666,-0.779887,-0.729206,-0.433769,0.0440336,-0.0826979,0.149667,-0.526554,-0.738986,0.300642,0.129876,-0.563189,0.052017,0.223174,-0.611502,-0.571957,0.289676
-14.8208,1.3051,-0.163445,0.283752,-0.665817,-0.528699,-0.343555,0.334682,0.389679,0.414721,-0.586969,-0.925413,0.337852,-0.119629,-0.837061,0.185828,0.437446,-0.783587,-0.85487,0.152016
-15.1103,1.35811,0.0971065,0.34761,-0.964645,-0.787925,-0.533653,0.207426,0.442114,0.382926,-0.913321,-1.19162,0.465555,-0.0796188,-1.12403,0.121762,0.477993,-0.682832,-0.998294,0.10142
-15.1601,1.28402,-0.148767,0.549943,-0.341462,-0.469929,-0.411624,0.277036,0.670623,0.367217,-0.382635,-1.03046,0.176443,-0.222075,-1.03585,0.238506,0.714777,-0.48676,-0.992503,0.213089
-15.3648,0.907848,-0.0569649,0.692604,-0.689915,-0.721649,-0.650685,0.43934,0.991069,0.673908,-0.527429,-1.14535,0.339236,-0.0191552,-1.17769,0.0634224,0.587186,-0.606605,-0.798392,0.183128
-15.5939,1.08426,-0.296591,0.449795,-0.816412,-0.720549,-0.757489,0.463885,1.04134,0.693594,-0.639187,-1.23333,0.325282,0.00362749,-1.09733,0.249988,0.880369,-0.674013,-0.873519,0.175269
-15.1237,1.59782,-0.333435,0.0651135,-1.11897,-0.785004,-0.442828,0.425042,0.859673,0.465883,-0.701423,-1.27922,0.452608,-0.00606887,-1.15883,0.386719,0.677405,-0.690228,-1.26636,0.21889
-15.1264,1.31276,-0.556174,-0.162763,-1.02867,-0.881556,-0.366275,0.452722,1.1031,0.728925,-0.843278,-1.19659,0.103507,-0.392993,-1.19836,0.212071,0.667392,-0.729795,-1.24659,0.206725
-15.6423,1.7179,-0.248029,0.147735,-0.400886,-1.14279,-0.340561,0.913077,1.13941,1.02307,-0.923064,-1.65469,0.242861,-0.287001,-1.083,0.421893,0.678253,-0.451853,-1.28225,0.344238
-15.4771,1.67291,-0.108675,0.0779386,-0.459493,-0.627377,0.0426227,0.917829,1.33687,0.721283,-0.851488,-1.42583,0.157383,-0.117544,-1.31625,0.465605,1.55393,-0.47302,-0.881325,0.454107
-15.1018,1.37717,0.144541,0.208825,-0.512635,-0.657199,-0.197111,1.1504,1.42641,0.829546,-0.728588,-1.48548,0.0475644,-0.0588226,-1.36455,0.577505,1.42398,-0.637761,-1.04579,0.350519
-14.69,1.08316,0.277957,0.455958,-0.671847,-0.444288,-0.18724,1.08824,1.51483,0.938234,-0.749126,-1.34216,-0.0559576,-0.174009,-1.04941,0.855231,1.29683,-0.695347,-0.852266,0.761387
-14.7371,1.22495,0.408986,0.461994,-0.637918,-0.728744,-0.342274,1.26202,1.31795,0.995034,-0.502913,-1.11424,0.000329015,0.0271681,-1.11228,0.853059,1.25315,-0.890728,-0.83082,0.581885
-14.9129,1.43962,0.412872,0.18316,-0.551818,-0.64549,-0.265854,0.934031,1.09505,0.920324,-0.58218,-1.27476,0.112128,0.130711,-0.864441,0.914531,1.19097,-0.738837,-0.79552,0.634623
-14.2286,0.409811,0.402726,0.648013,-0.487178,-0.517937,-0.238958,0.758057,1.63068,1.30372,-0.72823,-1.32072,-0.188649,0.515665,-0.974856,0.229263,1.64347,-0.513531,-1.22513,0.687215
-14.762,0.60753,0.382495,0.5561,-0.68226,-0.629555,-0.580131,0.563144,1.41353,1.18655,-0.541289,-1.42684,0.0159023,0.725476,-0.829588,0.107976,1.64727,-0.476698,-1.17997,0.894635
-15.0432,0.684215,0.422765,0.542569,-0.559194,-0.977164,-0.547068,0.863297,1.36119,1.08442,-0.386343,-1.23395,-0.135001,0.503444,-1.12373,-0.205247,1.54289,-0.362702,-1.32601,0.459366
-14.9325,0.633237,0.409253,0.547073,-0.629903,-0.62583,-0.339772,0.726713,1.34228,1.07116,-0.472571,-1.31812,-0.230128,0.373095,-1.18488,-0.186097,1.79121,-0.140314,-1.30764,0.367358
-15.1686,0.502784,0.198139,0.331061,-0.809218,-0.574068,-0.368211,0.537095,1.2124,1.03752,-0.593718,-1.54459,-0.157741,0.401794,-0.923734,-0.209589,1.70083,-0.213905,-1.39216,0.733583
-14.5468,0.422886,0.337615,0.419496,-0.770195,-0.593706,-0.485708,0.600308,1.27409,1.0761,-0.641849,-1.54618,-0.24993,0.559815,-1.08226,-0.136174,1.84274,-0.0444877,-1.36393,0.660295
-15.351,0.410288,0.053736,0.110581,-0.639116,-0.368421,-0.239577,0.811333,1.23049,1.19324,-0.502802,-1.34858,0.063832,0.291286,-1.11582,0.320605,1.38024,-0.370348,-1.09562,0.690698
-14.6295,0.416773,-0.133003,0.188655,-0.647599,-0.374911,-0.29516,0.529062,1.18604,1.09432,-0.642133,-1.36727,-0.138507,0.281651,-1.2672,-0.046259,1.59714,0.0420046,-1.14077,0.393714
-14.2634,-0.122798,-0.319623,0.880934,-0.48374,-0.632747,-0.419693,0.524862,0.98357,1.40452,-0.320435,-1.2952,-0.288495,0.51981,-0.914828,-0.38983,1.61088,0.103672,-1.1922,0.50284
-14.6538,-0.180646,-0.555416,0.501266,-0.457721,-0.552948,-0.376618,0.30555,0.822452,1.48731,-0.55959,-1.08775,-0.016921,0.46865,-0.955643,-0.598968,1.87735,0.253407,-1.223,0.753682
-14.7494,-0.258498,-0.397617,0.610483,-0.254993,-0.597055,-0.495328,0.458799,0.911527,1.42339,-0.663055,-1.20946,-0.174553,0.344619,-1.24719,-0.602274,1.83248,0.0829415,-1.36902,0.499986
-14.642,-0.21233,-0.0462024,0.371011,-0.505757,-0.514384,-0.245523,0.274007,1.15106,1.29848,-0.688497,-1.43262,0.0809374,0.419233,-1.21542,-0.431244,1.95579,0.287388,-1.16174,0.776244
-14.8704,0.0319467,0.17519,0.542665,-0.731394,-0.663361,-0.552986,0.0607201,1.2702,1.35265,-0.612034,-1.44993,0.232951,0.534257,-1.39745,-0.218651,1.46806,0.0246383,-1.08316,0.667465
-15.0872,-0.0146293,0.353698,0.223982,-0.707699,-0.492428,-0.570518,0.412732,1.29479,1.33101,-0.410549,-1.35342,0.1247,0.356203,-1.48089,0.205506,1.84279,-0.168527,-1.21221,0.479743
-15.0296,-0.95934,-0.0762112,0.701387,-0.573311,-0.520357,-0.546833,0.301004,1.17979,1.47093,-0.333306,-1.41382,-0.282676,0.616358,-0.894689,-0.511501,1.82172,0.0875519,-1.26273,0.438492
-14.6024,-0.457056,-0.447163,0.455599,-0.710957,-0.906052,-0.84523,0.580037,0.893158,1.42205,-0.541319,-1.37569,-0.100961,0.502605,-0.792596,-0.876356,1.6915,0.684464,-1.0687,0.569469
-14.791,-0.612249,-0.504653,0.463435,-0.763639,-0.888223,-0.739938,0.713834,1.06679,1.64244,-0.207927,-1.07034,-0.0828162,0.597092,-0.83398,-0.836833,1.91546,0.701112,-1.15685,0.640615
-14.863,-0.61723,-0.0370371,0.417041,-0.77266,-0.852346,-0.814674,0.545749,1.38708,1.48445,-0.353751,-1.40533,-0.019086,0.79498,-0.979953,-0.606198,1.99509,0.415835,-1.08958,0.779985
-14.2856,-0.600855,0.00195342,0.423855,-1.00482,-0.812956,-0.640448,0.573883,1.46239,1.43589,-0.568619,-1.37676,0.133431,0.493688,-1.20414,0.142813,1.70094,-0.0559082,-0.932356,0.794354
-14.0414,0.0374785,-0.127742,0.198429,-1.0825,-0.432206,-0.474534,0.570644,1.14939,1.40354,-0.688019,-1.17196,0.106614,0.202978,-1.05086,0.710924,1.78887,-0.0828428,-0.91868,0.705815
-14.1412,-0.41762,-0.00682491,0.117674,-0.890496,-0.398077,-0.453654,0.51614,1.39109,1.41688,-0.836143,-1.3224,0.134357,0.468467,-1.35395,0.528431,1.96295,0.36168,-0.949876,0.686905
-14.4618,-0.6931,-0.405618,0.538477,-0.915793,-0.528939,-0.607802,0.431316,1.19049,1.67769,-0.246709,-1.20986,-0.0425726,0.602591,-0.834273,-0.0987695,2.15645,0.532457,-0.989361,0.894718
-14.7994,-0.754502,-0.0516791,0.699773,-1.05242,-0.947262,-0.971431,0.664763,1.29238,1.81264,-0.543404,-1.49588,-0.292886,0.478253,-1.15661,-0.19156,1.97041,0.609334,-1.27208,0.745952
-15.0536,-0.607398,0.101037,0.424442,-0.858282,-0.458743,-0.708306,0.405142,1.5074,1.96919,-0.387869,-1.812,-0.4571,0.466727,-1.45697,-0.332025,2.27762,0.659162,-1.21769,0.738819
-15.3544,-0.563447,0.16958,0.202622,-0.951548,-0.301204,-0.591475,0.600228,1.52339,1.7251,-0.297325,-1.54566,-0.0523032,0.438687,-1.72836,-0.242761,2.4082,0.389294,-1.47888,1.07244
-15.2301,-0.609701,0.350834,0.415114,-0.856678,-0.576699,-0.736651,0.279294,1.38897,1.47154,-0.606134,-1.72391,-0.20905,0.976418,-1.35419,-0.133675,2.01318,0.635417,-1.0349,1.06502
-15.0198,-0.582848,0.345597,0.535651,-0.802403,-0.48587,-0.457993,0.121607,1.04907,1.37854,-0.440329,-1.35876,-0.344779,0.680478,-1.27502,-0.366049,1.95486,0.521753,-1.00759,0.901971
-14.9339,-0.338443,0.27958,0.336767,-0.799271,-0.158187,-0.212913,-0.0508424,0.829935,1.12572,-0.622946,-1.36194,0.0419302,0.681784,-1.23629,-0.544591,1.83979,0.257202,-1.37477,0.808091
-15.0349,-0.419623,0.312424,0.653701,-0.499438,-0.363486,-0.531975,0.373392,0.988096,1.34593,-0.468104,-1.49978,-0.00590117,0.781405,-1.03003,-0.34602,2.19121,0.62274,-1.53469,0.824176
-15.1181,-0.373743,0.312141,0.775486,-0.328979,-0.239957,-0.551971,0.568677,1.07239,1.59326,-0.510259,-1.66419,-0.0464607,0.556235,-1.20095,-0.408733,1.98562,0.579196,-1.47011,0.735526
-14.8981,-0.323095,0.397443,0.522976,-0.577448,-0.298946,-0.706927,0.488619,1.00375,1.35494,-0.433977,-1.74707,0.056992,0.68301,-1.00133,-0.131914,1.9832,0.48869,-1.17337,0.760783
-14.5523,-0.466709,0.0363759,0.259224,-1.23451,-0.559722,-0.44844,0.535297,1.19062,1.10322,-0.648305,-1.86232,0.0209691,0.390775,-1.33997,0.257095,2.06456,0.351473,-1.05247,0.276994
-15.1042,-0.385187,0.500524,0.747704,-1.27859,-0.988368,-0.856412,0.721222,1.62524,1.40904,-0.567078,-1.77683,-0.223586,0.492084,-0.669928,0.652815,1.6116,-0.169171,-0.681962,0.189118
-14.8465,-0.450759,0.0330573,0.287884,-0.888483,-0.837095,-0.506874,0.67639,1.70166,1.38278,-0.330169,-1.55578,-0.305584,0.307398,-0.940469,0.630941,1.79391,-0.578894,-0.72211,0.346069
-14.5368,-0.156331,0.048332,0.414281,-0.959022,-0.705833,-0.388251,0.661869,1.56766,0.914443,-0.599172,-1.17787,-0.15179,0.0523978,-1.10363,0.558613,1.85464,0.207196,-0.336659,0.355705
-13.3887,0.389023,-0.509071,0.0655388,-1.00282,-0.500762,-0.180576,0.323648,0.856495,0.604506,-0.542138,-0.95591,-0.13803,0.23319,-0.821501,0.567033,1.49649,0.0767095,-0.516053,0.368355
-12.781,0.964657,-0.432573,-0.133662,-1.18947,-0.344458,0.138825,0.4538,0.695728,0.488297,-0.338704,-0.822037,0.058147,0.372448,-0.958865,0.348139,1.17261,-0.252989,-0.576306,0.552015
-11.9573,1.14776,-0.781808,-0.178332,-0.885615,-0.0139523,0.438993,0.58988,0.260702,0.278942,-0.0502032,-0.35435,0.0804369,0.36499,-0.633093,0.219505,1.05771,-0.127546,-0.531449,0.357539
-11.1242,1.65623,-0.759585,0.0011945,-0.687863,0.18319,0.53603,0.61954,0.0261848,0.251299,0.124346,-0.454396,-0.155511,0.421677,-0.462257,0.202912,0.929406,0.0333742,0.0335898,0.55755
-10.1493,1.91685,-0.774665,0.269476,-0.556326,0.364159,0.554234,0.531425,-0.114836,0.35942,0.308531,-0.0843599,0.388628,0.359836,-0.357654,0.133461,0.573939,0.0387049,-0.0817455,0.308474
-9.52215,2.19888,-0.738908,0.540291,-0.257086,0.366027,0.500284,0.798511,0.124191,0.302671,0.225665,0.0798285,0.208733,0.11321,-0.293449,0.329556,0.539355,-0.0107138,-0.177733,0.261258
-9.02269,2.38725,-0.356467,0.892884,-0.118687,0.302364,0.0712789,0.325153,-0.229664,0.591272,-0.00235952,-0.135732,-0.0849436,0.260085,0.40915,0.310893,0.50823,0.0166942,-0.116858,0.250206
-8.76957,2.65603,-0.456098,1.04001,-0.195444,-0.0356608,0.0211039,0.515364,-0.178792,0.0916854,0.0959175,-0.0233,0.275006,0.422998,0.313813,0.295756,0.307413,0.133759,0.0631252,0.564839
-8.83225,2.79149,-0.716543,0.865791,-0.250056,0.169492,0.119698,0.187977,-0.132072,0.23,0.21583,-0.162739,-0.0364945,0.296374,0.15115,0.234114,0.354199,0.247027,0.398387,0.400587
-8.94512,2.96643,-0.347324,1.13124,-0.304258,0.161688,0.045107,0.297171,0.123918,0.277138,0.0139928,-0.214738,0.0836027,0.274767,0.0955964,0.282246,0.277727,0.180382,0.0568977,0.109485
-9.17699,2.9481,-0.289036,0.841348,-0.140906,0.652187,0.392971,0.597524,0.111257,0.306742,-0.0353775,-0.292175,-0.0246825,0.203789,-0.23084,0.0616083,0.279129,-0.117177,-0.0697829,0.079649
-9.51639,3.05089,-0.168663,1.05035,-0.189126,0.278743,0.288869,0.655293,0.32301,0.491308,-0.079336,-0.235241,0.083312,0.189956,-0.28502,-0.0688998,0.215601,-0.345502,-0.224967,-0.0788465
-9.62015,2.98366,-0.0959274,1.05077,-0.247357,0.155724,0.310525,0.487688,0.204976,0.305921,-0.254938,-0.236108,0.151458,0.188108,-0.252851,-0.0583107,0.372324,-0.339181,-0.220348,0.240644
-9.91883,3.01821,0.0421089,0.881811,-0.411802,-0.0575375,0.178094,0.224874,0.0769777,0.229078,-0.289172,-0.188302,0.0267021,0.195178,-0.355004,0.0781505,0.519642,-0.114003,-0.0251619,0.4657
-10.1592,2.93999,-0.0709497,0.981747,-0.344435,-0.290777,-0.129803,0.175011,0.131674,0.492273,0.128875,-0.241783,-0.226045,0.30741,-0.227068,0.280633,0.539687,-0.168872,0.00421742,0.406269
-9.68882,2.69294,0.207073,1.08492,-0.431707,-0.0539123,-0.121766,0.574853,0.181284,0.308609,0.0575311,-0.3805,-0.138469,0.286969,-0.338683,0.0715056,0.374383,-0.256415,-0.0878595,0.175436
-8.92869,2.39997,-0.163217,0.704519,-0.579962,-0.011916,0.216491,0.475649,-0.0523773,0.403047,0.0646472,-0.0436223,0.182366,0.499274,-0.325897,-0.174011,0.037623,-0.32045,-0.37504,-0.0671555
-7.91856,2.43362,-0.480487,0.868416,-0.514306,0.0438154,-0.157098,0.22896,-0.120691,0.188265,0.118251,-0.179156,-0.0852631,0.159882,-0.286769,0.012094,-0.0916054,-0.284292,-0.0707633,0.185373
-7.83849,2.40776,-0.623601,0.768488,-0.0599336,0.491631,0.0352043,0.00238517,0.0704059,0.33331,0.0875136,-0.112351,-0.150301,0.18948,-0.229356,0.0739566,0.0565018,-0.152899,0.275965,0.408181
-7.56147,2.43947,-0.691552,1.07493,-0.212515,0.276699,-0.0954187,0.0919873,-0.217949,0.129751,0.126235,-0.158425,-0.356784,0.251899,0.054799,-0.119255,0.341951,0.0733168,0.16551,0.353478
-8.00524,2.86457,-0.530721,0.899237,-0.774047,-0.222227,-0.186452,0.0475536,-0.0235771,0.128118,-0.177753,0.0523074,-0.233705,0.251806,0.00653144,-0.242263,0.214151,0.0239843,-0.030853,0.222765
-7.9981,2.71145,-0.429001,0.772218,-0.496569,-0.0285654,-0.147782,0.101845,-0.23606,0.100596,-0.00347108,0.332937,0.106596,0.143951,-0.112642,0.0205685,0.0680353,-0.133411,0.0253766,0.22335
-7.38306,2.71732,-0.463133,0.749691,-0.553469,-0.138364,-0.178816,0.213833,-0.330612,-0.0170237,0.129037,-0.00147349,-0.15862,0.20331,0.063299,-0.214829,0.117555,-0.100266,0.0932013,0.278506
-7.01979,2.53991,-0.587552,1.04523,-0.374097,0.0531677,-0.105924,0.42232,-0.232891,0.00194178,-0.203951,0.0907272,-0.108017,0.299473,-0.0138573,-0.108895,0.306405,0.00185892,0.0638145,0.110496
-7.22752,2.35939,-0.761079,0.920333,-0.459932,0.22595,-0.0134524,0.271441,-0.173566,-0.129808,-0.321167,-0.127719,-0.209136,0.474896,0.203123,-0.11543,0.322017,0.266298,0.105044,-0.064151
-7.17472,2.71086,-0.708413,0.718324,-0.757466,0.305363,0.0160145,0.135374,-0.194641,0.0428306,-0.321408,-0.266874,-0.206025,0.0599388,-0.239144,-0.110622,0.212405,-0.109544,0.0711785,-0.00658809
-7.32716,2.74377,-0.580787,0.608253,-0.584304,0.158337,-0.0995958,0.0910725,-0.284033,0.29636,0.0634572,0.0543967,0.0855972,0.167365,0.190716,-0.123249,-0.0716892,-0.164462,-0.0650826,0.0622663
-7.12426,2.56444,-0.328782,1.38378,-0.262089,-0.13542,-0.662243,0.304554,-0.0443663,0.21844,0.207089,-0.00393138,-0.245246,0.0276206,0.0890483,0.105407,0.214067,0.0337564,-0.186649,-0.0541779
-7.14098,2.60635,-0.160212,1.29146,-0.355631,0.115221,-0.144077,0.39255,0.0393335,0.212259,0.348564,0.318061,-0.347398,-0.035337,0.0866053,0.0330469,0.0250681,-0.0156433,-0.0853666,0.0868363
-7.23205,2.63916,-0.331335,1.03163,-0.419884,0.11002,-0.0875423,0.229415,0.118805,0.343467,-0.111647,0.208584,-0.0521044,0.243133,0.0129686,0.0724527,0.162666,-0.269553,-0.192648,0.251107
-7.05994,3.14746,-0.138919,0.865408,-0.367451,0.153869,-0.226083,0.205265,0.0250999,0.00285374,0.0712582,-0.0219364,-0.20109,0.450792,0.399413,-0.0362935,-0.241059,-0.0244863,-0.0856728,0.077754
-6.90436,3.13571,-0.215707,1.10247,-0.208467,0.0755107,0.185697,0.530358,0.0904714,0.18918,0.0729715,0.0149844,-0.136681,0.322566,0.0929603,-0.0935019,0.183188,-0.0764598,-0.0181126,-0.0251566
-6.92551,2.61714,-0.136183,1.11263,0.0902358,0.218543,0.0681211,0.499732,-0.169516,0.127187,-0.014821,0.0424158,-0.0339276,0.389097,0.0782533,-0.021716,0.386871,-0.14281,-0.380964,-0.178163
-7.13358,2.76441,-0.499947,1.2532,-0.222057,0.432934,-0.00869356,0.302369,0.0792069,-0.0219111,-0.167169,-0.186067,-0.148625,0.296528,0.103485,0.0681285,-0.0352334,0.013491,0.0662104,-0.120235
-6.98221,2.92817,-0.218577,1.15052,-0.331067,0.143534,-0.0430214,0.198754,-0.235263,0.14192,0.00784952,0.285345,0.0224851,0.0554631,-0.0829251,-0.00515107,0.0610691,-0.074492,-0.313516,-0.259735
-6.35591,3.15798,-0.136073,0.898212,-0.32085,0.0967342,-0.319517,0.239359,-0.171102,0.0521855,-0.00768997,0.112263,-0.162453,0.168978,0.136926,-0.16337,-0.290425,0.0717813,-0.0420336,-0.234529
-6.44554,3.0378,-0.108324,1.3156,-0.329715,-0.163358,-0.0852627,0.350399,-0.599891,-0.178518,0.22979,0.0483031,0.185312,0.365116,-0.0460761,-0.4437,-0.0476365,0.131758,0.0837041,0.00107737
-6.72313,2.85805,-0.506841,1.26795,-0.241778,-0.0263396,-0.181145,0.30137,-0.489353,0.105909,0.253044,0.0655767,0.384301,0.506175,-0.103129,-0.397563,-0.0495375,-0.2839,0.050612,0.181868
-6.67662,2.71469,-0.53526,0.912249,-0.566755,0.105881,-0.347929,0.00502261,-0.170594,0.160305,0.334132,0.12248,0.285988,0.615697,-0.0568317,-0.342982,-0.0817226,-0.231497,-0.0370432,-0.0142204
-6.4117,2.93205,-0.526263,0.85243,-0.393334,0.0877801,-0.181764,0.101972,-0.131334,0.359784,0.298799,0.117463,0.234796,0.193381,0.00919663,-0.103145,0.0134629,0.0995479,-0.044441,-0.0670116
-6.47864,2.6015,-0.325155,1.15054,-0.172745,0.0508419,-0.0583682,0.242102,-0.0717982,0.302004,0.152363,-0.0367763,-0.0292715,0.247613,0.172254,0.0713708,0.0121412,0.0452222,0.0226653,-0.0225832
-6.72719,2.69461,-0.376663,0.88242,-0.167582,0.117009,0.0862883,0.626649,-0.0817208,0.246834,0.160507,0.0540499,0.215835,0.175647,-0.00355663,-0.0267082,0.0499084,0.163096,0.0205599,0.150688
-6.80323,2.86979,-0.17683,0.932595,-0.293566,-0.0547376,0.198999,0.250464,-0.405525,0.0026526,-0.161259,0.142188,0.100282,0.207598,0.0320672,-0.05808,-0.172641,-0.284627,0.045178,-0.0849676
-6.18151,3.20881,-0.189344,0.86327,0.0601908,0.124792,-0.0895253,0.191539,-0.202506,0.331013,0.0791891,0.0960709,-0.0279867,0.0773624,-0.12183,0.0664559,-0.135571,-0.141735,-0.149674,-0.150044
-5.95824,3.08567,-0.25461,1.13171,-0.112585,0.0722205,-0.357538,0.166808,-0.0968697,0.406673,-0.0423299,0.0299536,-0.10718,0.0224253,0.112291,-0.208082,-0.320599,0.0888679,-0.267111,-0.362352
-6.04189,3.13899,-0.480385,0.579828,-0.430692,0.224221,0.0431681,0.319424,-0.0431787,0.23668,0.0288549,-0.0781792,0.0201257,0.0815681,-0.217752,-0.298163,-0.36336,-0.0130907,-0.138136,-0.198024
-6.17653,3.1108,-0.303335,0.797054,-0.19561,0.333313,-0.144174,0.135615,0.0450405,0.00229655,0.0480595,0.139065,0.142378,0.199174,-0.00980528,-0.335979,-0.280383,-0.0918247,-0.207456,-0.0786983
-5.90331,2.73513,-0.544335,0.5989,-0.233749,0.142758,-0.127173,0.276143,-0.202359,0.16236,0.113206,0.36401,0.219153,0.375345,0.178955,-0.264096,-0.041335,0.119932,-0.150944,0.131264
-6.16709,3.18968,-0.0665374,0.734521,-0.55916,0.0875588,0.0159796,0.315677,0.018654,0.181587,-0.0427845,0.0666563,0.232037,0.344139,0.127241,-0.0609152,-0.0419087,0.0159387,0.113166,-0.0213088
-6.20061,3.49593,-0.274366,0.835194,-0.0663517,0.227871,-0.055074,0.299253,0.218719,0.349767,-0.0507879,0.129129,0.16789,0.263582,0.00774592,-0.0709992,0.0359986,-0.0225381,-0.027222,-0.0432223
-6.44685,3.25654,-0.163403,1.26713,-0.0121649,0.18445,-0.119667,0.277414,0.00745837,0.21819,-0.0167812,0.00480335,0.158904,0.319538,0.116976,-0.341703,-0.114204,0.0633843,0.0184584,-0.0170555
-6.55463,2.92816,0.0358039,1.43269,-0.326176,-0.145442,0.0475909,0.4507,-0.287323,0.0461163,-0.0743221,-0.119088,0.279045,0.470505,-0.120366,-0.332365,-0.125741,0.121249,-0.0356789,0.0556053
-6.45091,3.16817,-0.167164,0.912299,-0.189866,-0.0208921,-0.199946,0.422459,-0.164153,0.0769922,0.0690559,0.0946055,0.175655,0.192822,-0.21589,-0.341475,-0.127431,0.186925,-0.306405,0.0239709
-6.40253,3.33973,-0.242465,0.873839,-0.384532,0.147935,-0.249298,0.213078,-0.169186,0.164912,-0.0140995,0.132684,-0.00829358,0.432884,0.024487,-0.237937,-0.28818,-0.0398132,0.0304811,-0.0954507
-6.49949,3.07994,-0.177269,0.929194,-0.348794,0.437552,-0.164352,0.175864,-0.141194,0.233338,-0.090975,-0.07339,-0.146171,0.144414,-0.113632,-0.304148,-0.128894,0.307024,-0.00984234,-0.119871
-6.25514,3.37747,-0.228484,0.684822,-0.104179,0.036144,-0.156106,0.379111,-0.212768,-0.0848588,0.0146518,0.221017,-0.000989042,0.133062,-0.161677,-0.158303,-0.0631724,0.028656,0.0269175,0.0871712
-6.54997,2.94465,-0.467557,0.563788,-0.154142,0.166507,0.062564,0.581154,-0.0526558,-0.0197299,-0.217269,-0.0162188,-0.070185,0.0238778,-0.0342219,0.00775432,0.0865031,0.14257,-0.120715,-0.0563122
-6.70582,2.86734,-0.523936,0.775749,-0.297767,0.338541,-0.0561907,0.433389,-0.0555665,0.0682354,-0.141969,0.0168182,0.271821,0.133032,-0.13173,-0.170127,-0.165086,0.142501,0.10082,-0.041561
-6.73003,2.99349,-0.363163,0.813101,-0.231377,0.36794,-0.0575504,0.243444,-0.0714281,0.041385,-0.0636943,-0.0356694,0.236631,0.171236,-0.00185729,-0.103713,-0.17721,0.0623268,-0.143837,-0.0984848
-6.65749,2.68604,-0.775081,0.670897,-0.384772,-0.0138761,-0.138659,-0.00908243,-0.155946,-0.0167215,-0.0141359,-0.0781379,-0.143378,0.163465,0.148571,0.0989295,0.284915,-0.0626613,-0.060809,0.09624
-6.84404,2.77393,-0.580368,0.902211,-0.261623,0.0867025,0.0156747,0.182289,0.0560797,0.250622,-0.015006,0.1425,-0.2716,-0.0678679,-0.217012,0.0350959,0.0543525,-0.313957,-0.121113,0.0973744
-6.85562,3.11978,-0.636156,0.768833,-0.175026,0.0351784,-0.214148,0.0815739,-0.117825,0.0643025,-0.147628,0.0470548,0.135842,0.0512937,-0.0175721,-0.0794624,-0.119444,0.142346,-0.00516112,0.0513108
-7.07292,3.01069,-0.559527,0.740435,-0.29402,0.38326,0.0731639,0.179198,-0.0956233,-0.0470114,-0.290078,-0.0920112,0.225683,0.289057,0.0769654,-0.119939,-0.121411,0.0916403,0.0827297,0.152346
-6.87421,2.889,-0.599899,0.768735,-0.084705,0.35631,-0.0993592,0.0892534,-0.526053,-0.318039,-0.105102,-0.0220158,0.204923,0.473984,-0.0764093,-0.0466478,-0.0121888,-0.0732162,0.0161632,0.537861
-6.76335,2.63379,-0.42944,0.717396,-0.165308,0.239092,-0.143127,0.169151,-0.344514,0.0406017,0.0556088,-0.0379798,-0.175229,0.515066,-0.0887614,-0.100413,-0.14868,-0.111598,-0.0634552,0.181699
-7.34652,2.72112,-0.120538,0.834328,-0.396852,0.295492,0.201981,0.345244,-0.371517,-0.000225456,-0.0509972,-0.378516,-0.133823,-0.0280252,-0.0761944,0.108166,0.0813946,-0.141496,-0.32061,0.0686237
-7.62856,2.86338,-0.549897,0.773221,-0.347868,0.259424,0.127571,0.35323,-0.0394122,0.189229,-0.189794,-0.187198,-0.358731,-0.148049,0.105478,-0.110065,-0.155415,-0.266082,-0.371374,-0.158259
-7.57906,2.82468,-0.311918,0.624034,-0.688276,0.194533,-0.310824,-0.0768591,-0.247447,0.0400874,-0.010378,-0.0117677,-0.0710838,-0.0946783,0.0745976,-0.0332329,-0.26312,-0.00105371,0.132774,0.131444
-7.31891,2.62811,-0.754352,0.36391,-0.465838,0.193887,-0.431348,0.106632,-0.0977562,-0.046402,0.183389,0.0195607,-0.211797,0.127425,-0.00771148,-0.0217335,-0.0959137,0.0726544,0.0395118,0.153062
-7.4432,2.54234,-0.796454,0.890362,-0.241589,0.289903,-0.544537,-0.0188581,0.0310466,0.391366,0.0538817,0.254628,0.19984,0.12004,-0.132057,-0.153041,-0.136732,-0.177523,-0.196818,-0.107688
-7.51302,3.20499,-0.535161,0.901617,-0.363946,0.0386095,-0.109185,0.35401,0.0833302,0.306831,0.0231495,0.0242482,-0.133987,0.0708783,0.0560031,-0.0390416,-0.0169057,-0.157207,0.0848272,-0.0832708
-7.5541,3.00467,-0.318774,1.049,-0.567251,0.0800629,-0.265968,-0.0817713,-0.272634,0.00285561,-0.120262,0.172485,-0.116999,0.301602,-0.0819372,-0.0832725,-0.113588,0.00733851,-0.122071,-0.0357526
-7.31964,2.72851,-0.514107,1.06733,-0.146907,0.369898,0.0629525,0.170167,-0.434378,0.0911471,-0.111699,-0.105215,-0.336193,0.234662,-0.0386783,0.0128478,0.142613,0.170678,0.182427,0.335321
-7.81107,2.61005,-0.288806,1.22218,-0.0561327,0.230476,-0.183195,0.25207,-0.164698,0.319057,-0.105164,-0.061333,-0.327904,0.354334,0.045658,-0.0203056,0.0072104,-0.199295,-0.0642006,0.151361
-7.84496,2.91493,-0.341535,1.26809,-0.114334,0.204711,-0.155414,0.0168196,-0.0886921,0.309594,-0.151344,-0.18054,-0.0764593,0.00439637,0.135659,0.116,0.167223,0.0355104,-0.115899,0.024144
-8.01071,2.81026,-0.315278,0.881499,-0.411388,0.365895,-0.00919826,-0.0843543,-0.336566,0.297746,-0.14653,-0.172787,-0.0592724,0.0589605,0.147215,-0.0161051,0.17818,-0.10458,-0.36316,0.0453424
-7.6426,2.89458,-0.391746,0.848401,-0.389725,0.183013,-0.273177,0.0061074,-0.312555,0.296985,-0.0537487,-0.175679,-0.0635849,0.355459,0.193762,-0.155193,-0.047172,0.000106396,-0.249495,0.161168
-7.9023,2.68374,-0.476801,0.910036,-0.107969,0.368015,-0.0658991,0.220127,-0.202147,0.0717091,0.0564663,0.0457077,0.152155,0.386015,0.0341088,-0.336097,-0.264747,0.0935402,0.0798775,0.176176
-8.18004,2.71639,-0.353951,1.0072,-0.017556,0.427761,0.0377026,0.283722,-0.0244824,0.343401,-0.0163261,0.0356639,-0.00525076,0.310998,0.0720927,-0.456915,-0.18451,0.0266003,0.118167,0.0926767
-8.23527,2.90565,-0.580785,0.779067,-0.332661,0.703103,0.266295,0.275066,0.0746509,0.399276,0.0462175,0.143495,0.0334536,0.401591,-0.0289085,0.028784,0.22959,0.09022,-0.158577,-0.0312105
-8.38814,3.00955,-0.538191,0.690482,-0.453293,0.275456,0.0595098,0.275229,0.109675,0.220332,-0.00278771,-0.00236625,-0.138454,0.547156,0.0964506,-0.0780272,0.28965,0.208405,0.15393,0.277259
-8.39572,3.24382,-0.416656,0.836893,-0.203162,0.177578,0.20825,0.418062,0.304558,0.409909,-0.123425,-0.113239,-0.0565574,0.431508,0.251962,0.121597,0.242436,0.106818,0.236994,0.276747
-8.48973,3.21345,-0.209759,0.992219,-0.0589619,0.158867,-0.139093,0.483191,0.263196,0.230623,0.0145865,-0.00327695,0.0875396,0.544542,0.116183,-0.262331,0.168016,0.00281548,-0.0532308,0.1716
-8.55538,3.12438,-0.371305,0.948886,-0.272197,0.285206,-0.198065,-0.0333377,0.132062,0.615698,0.0971854,-0.0488692,-0.00136335,0.244181,-0.0912797,0.054897,0.0875734,-0.253382,-0.00795477,0.446917
-8.80255,3.30936,-0.341601,1.19284,-0.408394,0.215558,-0.0277824,0.133879,-0.0112025,0.285938,-0.0064529,-0.158741,-0.441018,0.298682,0.162298,0.0844725,0.201427,-0.0406447,-0.158487,0.416147
-9.04626,3.53197,-0.311918,1.01108,-0.0536015,0.193022,-0.0947342,0.193127,-0.312732,0.0567968,-0.135072,-0.0566507,-0.144797,0.219352,0.221328,0.0324911,0.0955255,-0.0101091,-0.104772,0.193586
-9.29593,3.55581,-0.105367,1.09683,-0.244944,0.244682,0.0357251,0.361781,-0.067086,-0.00320537,-0.129172,0.125126,0.118035,0.33149,0.134197,0.0097361,0.0532329,-0.139177,-0.102731,0.121725
-9.11383,3.54273,-0.128725,1.28348,-0.342444,0.0343601,0.155867,0.399151,0.156582,0.101638,-0.207929,0.0460067,0.092597,0.51472,0.00123966,-0.0502767,-0.0395973,-0.0456455,-0.0516357,0.301244
-9.68907,3.49429,0.00937765,1.34829,-0.121611,0.367598,0.184751,0.148297,0.106255,0.123584,-0.297281,-0.0944614,0.193834,0.532749,0.148916,-0.0507942,-0.038086,-0.144928,-0.173699,0.391809
-9.95306,3.71992,0.173607,1.01938,-0.416475,0.246015,0.32259,0.445609,0.107784,0.229712,0.0621867,0.12302,-0.0407522,0.192173,-0.0444412,0.0792542,0.171877,-0.264681,0.0482951,0.488483
-10.3277,3.63935,0.0144315,0.949087,-0.284983,0.419218,0.45058,0.457513,0.158896,0.196536,-0.0429693,-0.00590513,-0.15379,0.12059,0.00132422,0.169814,0.0256378,-0.207553,0.194384,0.467492
-10.2937,3.33395,0.0208017,1.04374,-0.321078,0.36659,0.3682,0.328805,0.120335,0.31561,-0.069791,0.140314,-0.180237,0.124426,0.0679713,0.27347,0.179927,-0.0221806,0.0259128,0.403978
-10.2247,3.47157,-0.238686,0.716668,-0.25497,0.369665,0.30679,0.319645,0.116284,0.298339,-0.20474,-0.159959,-0.136672,0.298923,-0.0110175,-0.0461363,0.423275,0.0468566,0.229862,0.565849
-10.5384,3.41778,-0.195145,0.657368,-0.483377,0.560756,0.487167,0.327716,0.236048,0.0390764,-0.428855,-0.31569,0.0163492,0.344863,0.0261418,0.0443307,0.322126,-0.0101977,0.170356,0.35314
-10.9744,3.30219,-0.346176,0.88245,-0.462408,0.381979,0.362622,0.368836,0.494871,0.399255,-0.0568954,-0.248714,-0.0826989,0.237506,-0.218832,-0.0100092,-0.041298,-0.0940713,0.223347,0.442789
-11.0269,3.31125,-0.18879,0.911091,-0.153843,0.560054,0.197911,0.120928,0.391305,0.216145,-0.265346,-0.286745,0.139917,0.347472,-0.0434772,0.127756,0.220352,-0.0687253,0.132854,0.619913
-11.0833,3.39898,-0.268589,0.734371,-0.166731,0.381778,0.209002,0.17271,0.130954,0.350327,-0.180608,-0.331272,0.0199962,0.412534,0.0901529,0.131286,0.565161,-0.0808027,0.0263426,0.502886
-11.0791,3.58374,-0.145132,0.873423,-0.251,0.236544,0.275263,0.134138,0.0328175,0.491671,-0.144338,-0.323374,-0.462868,0.10528,0.056894,0.325322,0.41188,-0.0621501,0.100978,0.619988
-11.1669,3.51187,0.0453973,1.06339,-0.238623,0.257192,0.0498823,0.0690959,0.0234528,0.364642,-0.249403,-0.377126,-0.276549,0.0489637,-0.136137,0.354115,0.721725,-0.0526548,-0.0730125,0.367564
-11.7363,3.32354,-0.0721682,1.00724,-0.10356,0.475012,0.178269,0.275508,0.203634,0.317492,-0.117936,-0.408953,-0.521395,0.0967687,0.00328173,0.296959,0.454197,-0.345081,-0.0127082,0.311788
-11.8123,3.35578,-0.188229,0.950922,-0.224968,0.398596,0.112955,0.529408,0.290504,0.298967,-0.32179,-0.256161,-0.200727,0.121929,-0.010305,0.173417,0.277259,-0.450522,-0.00715664,0.43156
-11.7941,3.25123,-0.0408988,0.953161,-0.449968,0.268986,0.224989,0.266919,0.0281939,0.260902,-0.454891,-0.343302,-0.0660302,0.0172605,-0.238968,0.0928943,0.402948,-0.067737,0.143037,0.400984
-11.9605,3.50733,0.326152,1.00311,-0.339223,0.445822,0.401266,0.245793,-0.088108,0.338989,-0.440425,-0.408373,-0.061053,0.242096,-0.139276,0.152919,0.48254,-0.337651,0.1007,0.504865
-12.4708,3.2493,0.309833,1.26194,-0.0917796,0.386298,0.437943,0.454665,0.118138,0.241593,-0.349082,-0.485119,-0.125916,0.289203,-0.232709,0.127396,0.622737,-0.169285,-0.120388,0.345549
-12.5925,3.41258,0.213541,1.24142,-0.214852,0.24651,0.273538,0.623027,0.357064,0.366289,-0.118254,-0.331667,-0.240431,0.268293,-0.0947152,0.0974511,0.491687,-0.274212,-0.0169441,0.392601
-12.6001,3.36332,0.109745,1.079,-0.327901,0.22501,0.368652,0.574096,0.315164,0.455152,-0.114159,-0.300782,-0.18793,0.0408623,-0.324685,0.200612,0.648381,-0.177336,0.0570828,0.271705
-13.1038,2.71464,0.164237,1.03485,-0.587862,0.219226,0.524526,0.605836,0.347607,0.718145,0.0124583,-0.24103,-0.108979,0.0862486,-0.172226,0.328268,0.844404,-0.0443626,0.10941,0.221089
-12.9372,2.69155,-0.0897763,1.06182,-0.58494,-0.121213,0.293276,0.655989,0.385288,0.543844,-0.120174,-0.103607,-0.0103839,0.202774,0.139459,0.369552,0.608815,-0.214638,0.0574375,0.348452
-13.0456,3.00701,-0.168134,0.830387,-0.548662,-0.0316292,0.368597,0.63707,0.343056,0.569034,-0.150864,-0.12433,0.170304,0.447734,-0.0192769,-0.0291427,0.551849,-0.475513,0.0178109,0.465479
-13.3776,3.16924,0.0257073,1.10545,-0.424536,-0.0710199,0.277603,0.691072,0.40378,0.36632,-0.404105,-0.0730948,0.08285,0.326975,-0.0999985,-0.0720241,0.514813,-0.324607,-0.0232598,0.288948
-13.6583,3.07196,0.240427,0.921944,-0.370838,0.0908628,0.121612,0.56485,0.289511,0.416081,-0.180176,0.00352101,0.0456676,0.141101,-0.392003,0.147057,0.759742,-0.302761,0.105047,0.335277
-13.5091,2.82311,0.217146,1.11918,-0.28197,-0.0497901,0.23037,0.753843,0.288743,0.519172,-0.165007,-0.329606,0.0299439,0.261704,-0.285436,0.173729,0.904494,-0.258769,0.0429193,0.353442
-13.678,2.82726,0.146263,0.991469,-0.382502,-0.0560498,0.506631,0.768305,0.495286,0.643626,-0.377415,-0.363735,-0.141052,0.296284,-0.0731485,0.106028,0.953698,-0.349864,-0.00254756,0.574382
-13.8189,2.97929,0.224165,0.959251,-0.448507,0.040334,0.315797,0.511058,0.599741,0.559587,-0.486688,-0.179505,0.124918,0.129814,-0.277781,0.312307,0.963171,-0.432747,0.00511531,0.61704
-14.0427,3.1055,0.338722,1.02442,-0.349301,-0.0568017,0.271251,0.361244,0.142684,0.532739,-0.232953,-0.114147,-0.0721374,0.248827,-0.156914,0.240533,0.785388,-0.501709,-0.0742875,0.455856
-14.7044,2.8541,0.548108,0.956284,-0.473045,-0.13539,0.145788,0.396413,0.524194,0.874833,-0.183638,-0.0839698,0.0515976,0.201703,-0.145987,0.333158,0.85678,-0.544502,-0.143588,0.326248
-14.4698,2.61051,0.144436,0.810609,-0.336479,-0.216503,0.260264,0.339031,0.65833,0.899476,-0.361143,-0.354349,0.0120074,0.1727,-0.306766,0.212953,0.999392,-0.338414,-0.091189,0.468601
-14.5068,2.40617,-0.0804438,0.453805,-0.39046,-0.0115872,0.55965,0.394234,0.728813,0.903498,-0.305647,-0.370593,-0.00352139,0.41292,-0.323642,0.278834,1.13772,-0.340266,-0.124836,0.682026
-14.3784,2.52852,0.103937,0.970085,-0.336981,-0.274805,0.42674,0.671234,0.839078,0.517496,-0.521932,-0.27044,-0.0432077,0.340441,-0.260778,-0.0381663,0.771612,-0.389976,-0.0715942,0.40022
-14.7195,2.6629,0.379286,1.02547,-0.210204,-0.101086,0.627247,0.601919,0.719996,0.449589,-0.376086,-0.22024,-0.14176,0.359371,-0.415936,-0.0246102,0.559799,-0.61536,-0.279595,0.347987
-14.8947,2.74542,0.466316,0.929276,-0.0885804,0.162169,0.443954,0.607726,0.352054,0.348638,-0.212915,-0.494756,-0.0830164,0.343706,-0.601262,0.0672346,0.944317,-0.720896,-0.237626,0.441371
-14.8486,2.69116,0.507772,0.859708,0.22036,0.105989,0.415038,0.518957,0.51504,0.581806,-0.620182,-0.683786,-0.349844,0.0202028,-0.533358,0.192293,1.07186,-0.644117,-0.226246,0.484533
-14.959,2.50894,0.691852,0.891265,0.119047,0.328237,0.284838,0.266116,0.680287,0.931986,-0.547799,-0.960584,-0.501379,-0.0821975,-0.61934,0.459099,1.19996,-0.708079,-0.36277,0.450688
-15.0005,2.6691,0.361451,0.85152,0.0192097,0.158969,0.572349,0.576197,0.528515,0.499273,-0.669548,-0.490382,-0.348417,-0.120251,-0.578035,0.126844,1.06563,-0.599029,-0.338582,0.490979
-15.5559,2.41404,0.53731,0.922082,-0.131984,0.196515,0.642426,0.868397,0.608407,0.450544,-0.690627,-0.357349,-0.338818,-0.380221,-0.639235,0.31545,0.981966,-0.668081,-0.141371,0.562885
-15.4111,2.34704,0.467702,0.816491,-0.0799544,0.330502,0.425861,0.523925,0.549623,0.675655,-0.784285,-0.720008,-0.265805,-0.129996,-0.528187,0.306766,1.0968,-0.614098,-0.137503,0.449696
-15.4552,2.08804,0.381642,0.624539,-0.307381,-0.224025,0.119149,0.250933,0.511646,0.599524,-0.845873,-0.802696,-0.224772,0.102132,-0.477107,0.390057,1.36748,-0.617339,-0.251075,0.588348
-15.5661,2.05168,0.320905,0.450517,-0.421176,-0.259465,0.101772,0.399081,0.445739,0.52434,-0.62553,-0.903365,-0.359599,0.23773,-0.452951,0.34511,1.48502,-0.616009,-0.114299,0.757658
-15.7927,2.05254,0.165319,0.344678,-0.492781,-0.202885,0.33934,0.585452,0.756637,0.410213,-0.70203,-0.545085,-0.251705,-0.075744,-0.660425,0.296248,1.36283,-0.573399,-0.110844,0.700118
-16.1461,2.05761,0.326786,0.707659,-0.407657,-0.423894,0.31367,0.606962,1.0333,0.427571,-0.593336,-0.564359,-0.0183729,0.272207,-0.389909,0.142991,1.12361,-0.603162,-0.402032,0.33053
-16.0958,2.26157,0.272989,0.348282,-0.551904,-0.39635,0.169777,0.450305,0.891938,0.413155,-0.526875,-0.37451,0.146942,0.301769,-0.544324,0.294567,1.25945,-0.795927,-0.359689,0.578995
-15.9676,2.06117,0.173253,0.46338,-0.555539,-0.406536,0.204103,0.567814,0.850522,0.598474,-0.276885,-0.365221,0.156553,0.423106,-0.60003,0.275487,1.06961,-0.775093,-0.429797,0.42294
-16.0561,1.84606,0.302138,0.533839,-0.510824,-0.324957,0.136564,0.484085,0.894754,0.867276,-0.17664,-0.485524,-0.131697,0.138413,-0.701912,0.22435,1.17577,-0.989877,-0.610855,0.383444
-16.08,1.88159,0.339894,0.346129,-0.748653,-0.492893,-0.0138193,0.661909,0.872267,0.697493,-0.375759,-0.334883,0.0899976,0.295704,-0.543543,0.117411,1.27497,-0.928222,-0.641282,0.589303
-16.0521,1.89061,0.394291,0.439464,-0.551819,-0.467052,0.00897971,0.837834,0.907393,0.472118,-0.335866,-0.451984,-0.0349745,0.299562,-0.66725,0.193582,1.14094,-0.834239,-0.471984,0.561908
-16.0274,2.11161,0.339084,0.430737,-0.648597,-0.382644,0.231531,0.658266,0.791008,0.453616,-0.690597,-0.516972,-0.0108867,0.174632,-0.68713,-0.0344675,1.1031,-0.81437,-0.665293,0.551244
-16.0345,1.99133,0.322742,0.31413,-0.550345,-0.272197,0.166483,0.745757,0.933528,0.480956,-0.534445,-0.815536,-0.130721,0.408534,-0.742444,-0.0577428,0.932532,-0.904723,-0.558982,0.613858
-15.987,1.94047,0.345702,0.499372,-0.67431,-0.574109,-0.0994558,0.34225,0.780708,0.430143,-0.796103,-0.707128,-0.214288,0.225731,-0.689208,0.0302454,1.22457,-0.688773,-0.472753,0.496651
-16.3773,2.04059,0.73374,0.52294,-0.516617,-0.640315,-0.0219278,0.63556,0.95026,0.517434,-0.653089,-0.851477,-0.191027,0.24186,-0.83234,0.194721,1.36342,-0.973217,-0.476077,0.659372
-16.4234,1.87771,0.396842,0.588635,-0.531457,-0.334165,0.142207,0.498155,0.860943,0.518843,-0.645514,-0.855889,-0.285699,0.0814017,-0.622131,0.337637,1.4046,-0.863164,-0.520984,0.612645
-16.498,1.71023,0.307789,0.539383,-0.643217,-0.328934,0.310544,0.546416,1.00466,0.473324,-0.685238,-0.595425,-0.0841048,0.0829976,-0.672167,0.525587,1.37344,-0.734648,-0.482518,0.429216
-16.5684,1.38873,0.153855,0.211903,-0.801966,-0.233331,0.518258,0.502597,1.08253,0.619137,-0.840432,-0.559857,0.0754727,0.0461584,-0.704711,0.371868,1.35976,-0.689839,-0.456119,0.506278
-16.5221,1.4565,0.245629,0.22142,-0.8405,-0.299647,0.389975,0.657428,0.874077,0.579412,-0.498572,-0.692886,-0.0451919,0.22705,-0.810366,0.317974,1.43977,-0.793897,-0.521712,0.487736
-16.9155,1.64333,0.52051,0.367303,-0.624101,-0.573162,-0.0615368,0.702184,0.882128,0.658392,-0.267804,-0.821563,-0.0668864,0.385627,-0.810518,0.423873,1.49441,-1.00003,-0.667469,0.472175
-17.1871,1.55112,0.216825,0.323936,-0.435085,-0.451052,0.0822778,0.7539,1.06523,0.593166,-0.407007,-0.769218,-0.0497827,0.393423,-0.550892,0.383846,1.33683,-0.911112,-0.535911,0.417235
-17.1285,1.29438,0.0838447,0.286704,-0.59129,-0.265973,-0.0165891,0.702198,1.12341,0.917417,-0.267211,-0.808069,0.089499,0.453404,-0.541362,0.778918,1.39305,-0.92232,-0.433997,0.445307
-17.1604,1.43486,0.180422,0.295848,-0.674218,-0.357257,-0.182183,0.486637,0.702417,0.85382,-0.288144,-1.00604,-0.152527,0.262084,-0.652092,0.598606,1.59343,-0.843277,-0.532847,0.227844
-17.2262,1.27834,0.436925,0.489521,-0.758068,-0.65452,0.0834746,0.781987,0.960795,0.83141,-0.513723,-0.594381,0.0943315,0.189043,-0.601676,0.484749,1.49741,-0.91497,-0.664557,0.321057
-17.3806,1.21014,0.490852,0.462444,-0.75745,-0.791205,-0.0445818,0.60085,0.882614,0.674691,-0.564037,-0.900386,-0.0454127,0.179873,-0.630298,0.492085,1.51156,-0.842422,-0.52771,0.334797
-17.5745,1.13542,0.350961,0.49808,-0.821624,-0.646627,-0.0158472,0.797786,1.12693,0.827537,-0.737851,-0.737806,0.203181,0.336652,-0.680959,0.632021,1.57359,-0.811168,-0.35676,0.565992
-17.2674,1.14039,0.265523,0.647198,-0.506949,-0.775635,-0.161719,0.724257,0.965143,0.840367,-0.716427,-0.93691,-0.187227,0.353434,-0.537863,0.565184,1.42248,-0.574017,-0.338571,0.415795
-17.1829,0.924914,0.148235,0.330066,-0.731754,-0.688618,-0.142071,0.522637,0.897282,0.925046,-0.511699,-0.810735,-0.0945016,0.240057,-0.467835,0.671366,1.41904,-0.75056,-0.358259,0.541953
-17.3427,1.05853,0.463466,0.627115,-0.562752,-0.801416,-0.17287,1.09602,0.97991,0.642967,-0.523989,-0.944013,-0.000455863,0.462308,-0.542607,0.574986,1.52964,-0.70625,-0.155643,0.598395
-17.4891,1.14667,0.369599,0.388577,-0.463739,-0.42708,0.129131,0.962427,0.767995,0.5968,-0.565677,-1.09731,-0.0947667,0.490633,-0.607486,0.582372,1.64062,-0.609468,-0.197684,0.498232
-17.6155,1.33204,0.417497,0.186384,-0.632049,-0.458048,0.210174,0.85543,0.725673,0.772304,-0.508292,-0.798702,-0.0802573,0.272347,-0.574409,0.530237,1.64462,-0.669826,-0.148374,0.73397
-17.6209,0.697673,0.0628679,0.272068,-0.387262,-0.444435,0.136396,1.15381,0.905412,0.840925,-0.141349,-0.615094,-0.182479,0.0631404,-0.614372,0.728289,1.55474,-0.684732,-0.516041,0.311298
-17.4232,0.888353,0.214268,0.603632,-0.442321,-0.480415,-0.0166401,1.05105,0.862161,0.759209,-0.455691,-1.13963,-0.231201,0.295524,-0.653438,0.782677,1.62894,-0.661248,-0.298959,0.436991
-17.479,0.812999,0.335672,0.677197,-0.450884,-0.532289,-0.0668702,1.03513,0.99913,0.593927,-0.607514,-0.909548,-0.169025,0.327191,-0.761754,0.776793,1.7973,-0.619422,-0.664665,0.406717
-17.1396,1.20191,0.341721,0.499929,-0.650016,-0.214407,0.0423632,0.457922,0.91897,0.734379,-0.55506,-0.853553,-0.0184316,0.190809,-0.956652,0.420207,1.42398,-0.59019,-0.509518,0.294672
-17.6707,1.03647,0.440845,0.538702,-0.540782,-0.441771,0.0391582,0.600479,0.918271,0.545822,-0.523485,-1.07283,-0.0558129,0.393946,-0.698682,0.414951,1.45985,-0.843875,-0.510247,0.526621
-17.6764,0.989943,0.377145,0.608326,-0.531839,-0.0898333,0.222504,0.46299,0.980965,0.640105,-0.451023,-0.813839,-0.0676007,-0.0262391,-0.730606,0.597475,1.5394,-0.686041,-0.79936,0.514944
-17.4902,1.12331,0.303808,0.680839,-0.548444,-0.207157,0.0805105,0.534336,1.06307,0.41252,-0.487942,-0.903071,0.125937,0.204278,-0.700956,0.70738,1.63195,-0.537194,-0.611784,0.537165
-17.5241,1.18234,0.22313,0.382835,-0.828542,-0.263715,0.0876583,0.512701,0.94753,0.455011,-0.609504,-0.90966,0.161589,0.283239,-0.627557,0.583051,1.60662,-0.745997,-0.583871,0.718378
-17.1952,1.2534,0.268017,0.403337,-0.992026,-0.686854,-0.247197,0.28923,0.740289,0.410007,-0.509461,-0.778258,0.118493,0.325895,-0.681514,0.389568,1.44266,-0.89034,-0.666825,0.533784
-17.5601,0.867602,0.0280514,0.272845,-0.948334,-0.517901,-0.146073,0.384154,0.836546,0.531977,-0.507667,-0.608903,0.112141,0.39128,-0.534174,0.598551,1.50414,-0.769131,-0.579205,0.554487
-17.529,0.914539,-0.0795722,0.369067,-0.790513,-0.400906,-0.215646,0.501714,0.73112,0.585195,-0.375752,-0.623123,-0.0190749,0.421395,-0.560579,0.547458,1.44194,-0.562376,-0.334689,0.553063
-17.6175,0.840059,0.00332023,0.384376,-0.662881,-0.421572,-0.208933,0.670264,0.961382,0.830973,-0.500371,-0.665734,0.0193178,0.418477,-0.537516,0.507953,1.59227,-0.73412,-0.427288,0.374205
-17.5074,0.794364,0.288622,0.707554,-0.941298,-0.505434,-0.326237,0.614294,0.835499,0.654677,-0.640899,-1.0235,-0.151046,0.258458,-0.725507,0.466947,1.48078,-0.725586,-0.490491,0.448449
-17.7078,0.79252,0.28505,0.6766,-0.832129,-0.578396,-0.0497574,0.852447,1.02203,0.615188,-0.709338,-1.12452,-0.0578564,0.385571,-0.937972,0.175162,1.48257,-0.759153,-0.501029,0.458845
-18.1826,0.798118,0.587849,0.595139,-0.834014,-0.679956,-0.279401,0.51882,0.839828,0.737509,-0.730951,-1.06801,-0.0542439,0.514818,-0.812738,0.369955,1.49397,-0.838457,-0.495554,0.497437
-18.1099,0.710054,0.00118319,0.272286,-0.719485,-0.477213,-0.174422,0.430772,0.816042,0.727735,-0.521273,-0.72538,-0.11702,0.302067,-0.663698,0.446657,1.31081,-0.946519,-0.651851,0.510948
-18.1168,0.746088,0.0287543,0.243126,-0.679044,-0.305434,0.0238282,0.436611,0.692708,0.608122,-0.671617,-0.913448,-0.270054,0.259071,-0.613556,0.641115,1.59229,-0.762208,-0.5719,0.409447
-17.7475,1.01675,0.131878,0.307889,-0.656224,-0.118885,0.0551766,0.633396,0.72098,0.484503,-0.431291,-0.864025,-0.0467165,0.415096,-0.590303,0.913444,1.65252,-0.819311,-0.523426,0.472048
-17.803,0.980596,0.235478,0.654486,-0.873061,-0.642094,-0.150202,0.15964,0.710365,0.717277,-0.49311,-0.862632,-0.147154,0.32058,-0.475246,0.526569,1.51097,-0.677755,-0.627257,0.302997
-18.468,0.820846,0.485944,0.814431,-0.635499,-0.532909,-0.24362,0.167162,0.853353,0.602237,-0.593963,-1.06156,-0.261434,0.310444,-0.399332,0.702455,1.30597,-0.955676,-0.5559,0.390845
-18.4171,0.741109,0.46143,0.645057,-0.725298,-0.397818,-0.0899435,0.186027,0.877772,0.788712,-0.39423,-0.835085,-0.0841331,0.158226,-0.477564,0.677915,1.67261,-0.728611,-0.619836,0.334764
-18.1094,0.662351,0.292374,0.757089,-0.595269,-0.428337,-0.243929,0.401065,0.987579,0.787514,-0.273462,-0.740992,-0.231188,0.0145825,-0.651304,0.844602,1.65603,-0.823157,-0.7257,0.359533
-17.7882,1.14416,0.249243,0.272807,-0.836761,-0.553003,-0.430943,0.197561,0.682798,0.621611,-0.312987,-0.817979,-0.00195699,0.353283,-0.600417,0.875479,1.90525,-0.797613,-0.52963,0.59655
-17.7487,0.897304,0.00293352,0.2923,-1.20035,-0.402802,0.0761545,0.210085,0.787362,0.616331,-0.710176,-0.629004,0.217223,0.160351,-0.585063,0.6107,1.45293,-0.655058,-0.44902,0.346526
-17.5047,1.19462,0.118903,0.752127,-1.00528,-0.394047,-0.0627315,-0.0710535,0.525667,0.625202,-0.620592,-0.614637,0.142164,0.171216,-0.247389,0.745382,1.42484,-0.479608,-0.523154,0.366269
-16.704,1.39733,0.483451,0.759453,-1.41449,-0.391035,-0.358511,-0.200929,0.418155,0.382375,-0.737155,-0.609136,0.339955,0.186622,-0.147509,0.565412,1.07802,-0.281123,-0.279434,0.347736
-16.153,1.40993,0.0230136,0.464303,-1.35334,-0.570255,-0.394902,-0.22485,0.322701,0.307863,-0.532993,-0.537939,0.277704,0.223145,-0.351007,0.481247,1.09881,-0.219363,-0.337729,0.246731
-15.7948,1.99912,0.220153,0.559836,-1.36254,-0.590335,-0.289134,-0.105216,0.428719,0.29351,-0.611992,-0.366843,0.462269,0.369934,-0.28869,0.481587,1.13622,-0.142236,-0.339488,0.330852
-16.078,1.8984,0.0284363,0.477935,-1.40001,-0.823256,-0.401649,-0.287362,0.536216,0.303018,-0.739417,-0.453834,0.412171,0.50903,-0.121048,0.257177,0.920947,-0.120418,-0.213322,0.246237
-16.3336,2.05761,0.122816,0.501726,-1.42553,-0.676183,-0.346097,-0.408153,0.409881,0.493418,-0.685594,-0.574643,0.483963,0.4844,-0.311475,0.350695,0.987462,-0.177616,-0.164897,0.440001
-16.6192,1.79367,-0.114481,0.344286,-1.38864,-0.520819,-0.415844,-0.307327,0.462917,0.486383,-0.385555,-0.559267,0.393566,0.387962,-0.449691,0.464416,1.1932,-0.138791,-0.0291239,0.354288
-16.9186,1.49366,-0.352963,0.268677,-1.19229,-0.973043,-0.47853,0.104519,0.489654,0.32743,-0.576823,-0.837227,0.00593956,0.180611,-0.502241,0.198584,1.08075,-0.294379,-0.0583406,0.417663
-16.649,1.68613,-0.361236,0.202358,-0.972652,-0.763389,-0.2363,0.0744803,0.377876,0.366511,-0.552391,-0.73342,-0.127095,0.132799,-0.477226,0.416586,1.23525,-0.325381,-0.170019,0.49965
-16.481,1.63209,-0.513475,0.188553,-0.883829,-0.65967,-0.199331,0.256392,0.37445,0.147585,-0.604831,-0.501197,0.0595435,0.158224,-0.380005,0.389525,1.12189,-0.359766,-0.0498507,0.448559
-16.7236,1.51943,-0.111357,0.717482,-0.869613,-1.00981,-0.391166,0.262933,0.445768,0.24168,-0.530958,-0.629176,0.0314308,0.304588,-0.313591,0.1662,0.963329,-0.285296,-0.237739,0.22466
-16.8017,1.6318,-0.0503188,0.599226,-0.840229,-0.891265,-0.355102,0.135597,0.353175,0.169882,-0.677995,-0.510799,0.180537,0.400231,-0.431991,0.160065,0.950914,-0.372314,-0.350968,0.17103
-16.9033,1.69024,-0.0868322,0.329633,-0.994737,-0.493202,-0.100084,-0.0716325,0.294194,0.157519,-0.649219,-0.418015,0.211014,0.158178,-0.406217,0.515003,1.29365,-0.230156,-0.302989,0.496422
-17.4223,1.46522,0.0174699,0.265838,-1.16183,-0.631939,0.0575683,0.335902,0.589233,0.416757,-0.496009,-0.454659,0.289034,0.0557974,-0.580486,0.591499,1.46044,-0.626383,-0.33464,0.70131
-17.1805,1.62155,-0.118006,0.149801,-0.805997,-0.623122,-0.241765,0.194332,0.512437,0.488454,-0.276674,-0.457098,0.0366329,0.288748,-0.537549,0.522791,1.38979,-0.647437,-0.398262,0.459287
-17.5489,1.40376,-0.25668,0.191583,-1.04312,-0.885785,-0.176311,0.228885,0.515703,0.513389,-0.340247,-0.343541,0.115791,0.325874,-0.51111,0.387523,1.34506,-0.495054,-0.345143,0.403531
-17.9157,1.33123,0.158307,0.556643,-0.924134,-0.787687,-0.37919,0.246529,0.709026,0.503613,-0.397608,-0.544915,0.0936954,0.235182,-0.574122,0.446196,1.26476,-0.417712,-0.280836,0.301482
-17.599,1.3579,0.0744152,0.480074,-0.922461,-0.705821,-0.210235,0.0633091,0.477184,0.508587,-0.513785,-0.479609,0.341155,0.528291,-0.275727,0.617858,1.35189,-0.304131,-0.205735,0.384183
-17.6112,1.3715,0.205104,0.258213,-1.11714,-0.775684,-0.356933,0.0374502,0.481558,0.339457,-0.808906,-0.601809,0.356628,0.558862,-0.379029,0.689872,1.43824,-0.357271,-0.180613,0.448367
-17.656,1.4489,0.282667,0.408124,-0.949314,-0.86315,-0.48429,0.0933788,0.482484,0.241359,-0.926068,-0.794103,0.16096,0.561852,-0.34618,0.749143,1.59527,-0.59111,-0.226207,0.43444
-17.6048,1.50434,0.296078,0.353952,-0.893691,-0.817582,-0.42321,0.0987515,0.39614,0.269111,-0.671653,-0.686698,0.0506821,0.507443,-0.315635,0.547443,1.39495,-0.665952,-0.400114,0.196861
-17.7628,1.60414,0.364983,0.317163,-0.892378,-0.655095,-0.180243,0.0292218,0.520148,0.504577,-0.651644,-0.643733,0.101055,0.421497,-0.431042,0.475478,1.25812,-0.714231,-0.390559,0.328992
-18.0546,1.27745,0.318637,0.516495,-0.919557,-0.776577,-0.371129,0.0208037,0.624251,0.531971,-0.864793,-0.648465,0.320935,0.541056,-0.343233,0.585172,1.15237,-0.595226,-0.393199,0.193861
-17.4643,0.999149,-0.0268265,0.483212,-1.11088,-0.790687,-0.384718,-0.0787638,0.521083,0.601538,-0.641363,-0.46658,0.309277,0.295849,-0.226315,0.773664,1.46958,-0.0224796,-0.101147,0.285772
-16.1815,1.01164,-0.423318,0.366701,-1.48082,-0.524768,-0.407377,-0.19982,0.384136,0.356635,-0.854397,-0.425025,0.429383,0.13041,-0.182553,0.738702,1.09896,0.129135,-0.072374,0.257101
-15.7085,1.17676,-0.450832,0.36419,-1.61939,-0.500861,-0.255364,-0.0112262,0.295287,0.275392,-0.731393,-0.47991,0.375974,0.221455,-0.290172,0.662783,1.02643,0.286766,-0.10826,0.297262
-15.7482,1.59385,-0.185094,0.549834,-1.40237,-0.549103,-0.340232,-0.20806,0.157594,0.234792,-0.667315,-0.403473,0.258543,0.116495,-0.0981521,0.495617,0.780299,-0.000721867,-0.301203,0.116429
-16.2437,1.38655,-0.150862,0.613813,-1.11258,-0.583971,-0.495092,-0.0876004,0.338813,0.407808,-0.573607,-0.47205,0.234526,0.157054,-0.154118,0.670361,0.885558,0.0934803,-0.227425,0.0983444
-16.0024,1.55175,-0.429271,0.482285,-1.12777,-0.499071,-0.326318,0.10286,0.176307,0.0912083,-0.594642,-0.296516,0.212949,0.194049,-0.212675,0.349324,0.744792,-0.188904,-0.08081,0.215431
-15.7368,1.43837,-0.486795,0.599324,-1.12642,-0.68123,-0.490406,0.161236,0.128747,-0.0832551,-0.612828,-0.358647,0.226778,0.236242,-0.133408,0.252518,0.788238,-0.0448385,-0.241989,0.145321
-15.2406,1.81256,-0.29304,0.655785,-1.10593,-0.66408,-0.626074,-0.0436344,-0.104421,-0.194568,-0.357424,-0.000214861,0.284498,0.219357,-0.0743631,0.63957,0.888365,-0.145157,-0.361965,0.0697506
-15.2228,1.88611,-0.508877,0.270021,-1.26288,-0.531049,-0.591858,-0.123098,0.056229,0.0974929,-0.163249,-0.170971,0.215591,0.308861,0.222972,0.592013,0.703214,-0.0676926,-0.0258622,0.136831
-15.739,1.76627,-0.281164,0.653402,-1.10798,-0.576434,-0.461745,-0.25835,0.0934966,0.167426,-0.195743,-0.27863,0.11149,0.050308,0.0794113,0.543911,0.763112,0.193232,-0.141885,-0.0337603
-15.9955,1.75963,-0.13989,0.75598,-0.891235,-0.505331,-0.622096,-0.288384,0.12393,0.298289,-0.0993355,-0.119144,-0.110492,-0.0312291,0.125281,0.858878,0.957676,-0.319077,-0.387034,0.185664
-15.7377,1.73884,-0.46577,0.45281,-0.955173,-0.654589,-0.495535,-0.255739,0.0363538,0.128846,-0.306271,-0.295933,-0.086072,0.142129,-0.0831167,0.606963,1.01774,-0.0784999,-0.206435,0.22757
-15.7467,1.75033,-0.578568,0.275604,-1.23383,-0.742235,-0.224774,0.0407527,0.142215,-0.0745614,-0.610032,-0.167752,0.0197092,-0.0104323,-0.226591,0.144402,0.736199,-0.0704909,-0.0943462,0.359089
-15.9807,1.83587,-0.355015,0.432675,-1.05112,-0.771177,-0.261238,0.16474,0.0490333,-0.103186,-0.420368,-0.0495543,0.150455,0.278495,-0.195897,0.0715475,0.713624,-0.0827674,0.0469726,0.175575
-16.4022,1.96198,-0.421483,0.519553,-1.03859,-0.64449,-0.0934303,0.183088,0.116232,-0.0243186,-0.385108,-0.369044,-0.0767694,0.334675,-0.16211,-0.117035,0.654268,0.23407,-0.0491563,0.09863
-16.5844,1.75975,-0.316951,0.376709,-0.785635,-0.360859,-0.179168,0.240009,0.335445,0.11606,-0.461301,-0.210701,0.120687,0.272847,-0.135807,0.0655845,0.730024,-0.168858,-0.0598337,0.207225
-16.8051,1.51342,-0.263567,0.71701,-0.73083,-0.726756,-0.196993,0.358053,0.29989,0.148815,-0.519269,-0.398803,-0.00741654,0.0602791,-0.178822,0.192102,0.841246,-0.145908,-0.241527,0.172665
-16.6857,1.51114,-0.310497,0.436198,-0.616875,-0.439741,-0.188557,0.317059,0.160416,0.132619,-0.581044,-0.382253,0.0227082,0.0697654,-0.188452,0.50111,1.00729,-0.244922,-0.364923,0.000230489
-16.7041,1.57632,-0.200651,0.41095,-0.681882,-0.291752,-0.350806,-0.0815817,0.225264,0.115408,-0.679001,-0.537335,0.033582,0.163265,-0.11287,0.564895,0.735904,-0.233692,-0.07177,0.202106
-16.9633,1.61475,0.169294,0.403343,-0.841484,-0.694864,-0.484887,-0.0726127,0.268407,0.166024,-0.50902,-0.400852,0.381323,0.491699,-0.144822,0.449182,0.941104,-0.0633882,-0.0147298,0.102359
-17.1876,1.48117,0.18643,0.573053,-0.828625,-0.726766,-0.748049,0.193808,0.0789379,-0.0383786,-0.520481,-0.416473,0.382115,0.283739,-0.341205,0.594665,1.00339,-0.0898037,-0.226935,0.0291906
-17.1854,1.39883,-0.118086,0.338687,-1.05793,-0.832309,-0.326582,0.181685,0.174188,0.170945,-0.573406,-0.294921,0.295198,0.264647,-0.158077,0.500843,1.00325,-0.178067,-0.157429,0.277197
-17.062,1.37124,-0.186312,0.389267,-0.933454,-0.986662,-0.266986,0.213683,0.160576,0.213839,-0.441572,-0.253071,0.128378,0.172591,-0.153075,0.513501,1.23164,-0.213299,-0.386304,0.202532
-17.3923,1.34357,-0.0523052,0.251281,-0.906524,-0.850881,-0.378988,-0.0449026,0.0523461,0.469724,-0.658567,-0.416759,0.217026,0.351307,0.0074343,0.599931,1.35601,-0.313629,-0.305772,0.271462
-17.4782,1.59952,0.160825,0.434069,-0.934763,-0.899165,-0.222055,0.106375,0.131565,0.274346,-0.639989,-0.511124,0.0969092,0.0884322,-0.223686,0.605868,1.16917,-0.265201,-0.485309,0.275651
-17.4858,1.63134,0.206057,0.535079,-0.818269,-1.16791,-0.441961,0.352217,0.23535,0.206035,-0.66062,-0.595427,0.072667,0.152779,-0.126871,0.41706,1.1231,-0.217954,-0.278116,0.289196
-17.3774,1.6885,0.110796,0.289887,-0.937679,-1.05551,-0.663291,0.0263989,0.159851,0.341073,-0.619728,-0.620829,0.221308,0.217248,-0.194952,0.431111,1.19167,-0.0602682,-0.157296,0.416972
-17.4345,1.5875,-0.149872,0.160585,-0.83288,-1.07602,-0.355508,0.177982,0.0128381,0.257492,-0.42683,-0.396974,0.0769117,0.34957,-0.0692073,0.449202,1.34529,-0.241591,-0.218996,0.430317
-17.6122,1.53146,-0.156308,0.275591,-0.656384,-0.914395,-0.205631,0.371442,0.17185,0.176387,-0.562224,-0.296811,0.193411,0.291849,-0.173884,0.623734,1.49268,-0.34455,-0.330211,0.316257
-17.971,1.53521,-0.0519397,0.242819,-0.7775,-0.857269,-0.214114,0.198219,0.273482,0.43035,-0.421881,-0.51468,0.128973,0.159647,-0.306527,0.55615,1.07746,-0.637229,-0.412575,0.276778
-17.1205,1.31069,-0.0154886,0.580024,-1.16018,-1.12101,-0.701627,0.0605049,0.168064,0.2298,-0.558142,-0.447363,0.336925,0.201082,-0.0183179,0.795077,0.817823,-0.211824,-0.0443804,0.340471
-15.982,1.48865,-0.190449,0.707342,-1.01866,-0.659883,-0.470671,0.0165253,0.0192087,0.158944,-0.354634,-0.121197,0.463244,-0.0387762,0.00891431,0.853575,0.968192,-0.0233337,-0.166572,-0.00321319
-15.2401,1.76386,-0.100008,0.891874,-1.12345,-0.697271,-0.576946,-0.00260184,-0.0261815,-0.110334,-0.518485,-0.150834,0.131215,-0.0964935,0.0196693,0.72989,0.868804,0.0749701,-0.261255,0.00186187
-15.051,1.81435,-0.144349,0.541925,-1.07175,-0.487737,-0.649547,-0.0957207,0.0113506,0.131184,-0.547792,-0.401154,0.266525,0.208479,-0.149495,0.552268,0.659641,-0.126961,-0.294267,0.00921426
-15.979,1.81246,-0.166849,0.50703,-1.09936,-0.641428,-0.400617,-0.0907387,-0.102025,0.118526,-0.462708,-0.172516,0.119047,0.0354451,-0.13983,0.515704,0.681566,-0.293221,-0.364929,-0.152777
-16.1168,1.72497,-0.092326,0.483315,-1.24658,-0.748867,-0.717052,0.0230306,0.172568,0.0777198,-0.289489,-0.346584,0.137463,-0.115978,-0.375014,0.571398,0.628288,-0.23792,-0.293045,0.0748948
-15.9923,1.33817,-0.527658,0.386019,-1.5073,-0.796803,-0.554706,-0.212696,-0.0620516,0.140035,-0.481521,-0.357556,0.148753,-0.0603669,-0.146635,0.668563,0.687615,-0.0795421,-0.237649,0.0270671
-15.732,1.5405,-0.381746,0.61105,-1.21629,-0.849613,-0.503153,-0.0206378,0.0983926,0.399595,-0.234408,-0.302952,0.143388,0.0559855,-0.0572926,0.65006,0.768484,-0.0486886,-0.268604,0.0619279
-15.4428,1.4714,-0.631582,0.372109,-1.19612,-0.716684,-0.459168,0.176676,0.0748136,0.167749,-0.026221,-0.200705,0.153449,0.167236,-0.179711,0.600023,0.704356,-0.129597,-0.00195655,0.207782
-15.5424,1.7065,-0.301223,0.493343,-0.883,-0.349828,-0.620696,-0.0246652,0.0399518,0.250609,-0.112307,-0.300518,0.106845,0.00359154,-0.261213,0.585863,0.791387,-0.456894,-0.249669,0.0981148
-15.8541,2.06466,0.0533841,0.693859,-1.02098,-0.76846,-0.372572,0.000929383,-0.127081,0.0760685,-0.192938,-0.29999,0.215832,0.382268,-0.0867002,0.542946,0.740448,-0.242596,-0.22516,-0.0104661
-16.1106,2.08264,0.0863213,1.02238,-1.00961,-1.12992,-0.792564,0.0420213,-0.0679932,0.0147529,-0.298654,-0.440636,0.0683438,0.35079,0.0436265,0.467958,0.688338,-0.0283373,-0.313815,-0.30288
-15.9452,2.04482,-0.0924488,0.761089,-0.942319,-0.881909,-0.379081,0.160724,-0.210226,-0.134047,-0.770528,-0.341112,0.319552,0.392381,0.189681,0.436195,0.740477,-0.035944,-0.195026,-0.130591
-15.7743,2.17172,-0.0906767,0.712257,-0.827141,-0.81497,-0.399323,0.18675,-0.0724452,-0.196816,-0.666456,-0.277987,0.337547,0.352915,-0.13899,0.33807,0.716495,-0.0333718,-0.079736,0.0707943
-15.8634,2.05066,-0.196052,0.731929,-0.809185,-0.86848,-0.227179,0.141862,-0.0985753,-0.140148,-0.52854,-0.184369,0.272287,0.143079,-0.136328,0.258031,0.546857,-0.198803,-0.217399,0.146714
-16.2392,2.05566,-0.0139294,0.755623,-0.907754,-0.73137,-0.212653,0.2951,0.0658317,-0.139853,-0.376117,0.045839,0.322989,0.1482,-0.269022,0.152321,0.455311,-0.317332,-0.0866961,0.145805
-16.828,1.85998,-0.165521,0.628718,-0.869926,-0.503407,-0.124508,0.174727,0.0494282,-0.0243476,-0.141437,0.0274446,0.301234,0.262668,-0.147955,0.147232,0.347404,-0.286635,-0.173872,0.125638
-16.4825,1.90759,-0.216941,0.765798,-0.969512,-0.647766,-0.268272,0.243203,-0.0026995,-0.11827,-0.239352,-0.0734038,0.382559,0.337675,0.014749,0.32047,0.766542,-0.256145,-0.324078,0.242703
-16.3558,1.89369,-0.206269,0.540007,-1.07821,-0.74854,-0.384259,0.123877,0.119461,0.0396705,-0.580302,-0.251865,0.298321,0.217967,-0.156554,0.219906,0.635235,-0.415242,-0.148935,0.14008
-16.5301,1.8916,-0.0997191,0.469612,-1.10458,-0.805162,-0.112941,0.259259,0.265519,0.133334,-0.548364,-0.298611,0.319613,0.244237,-0.199698,0.102016,0.796429,-0.468727,-0.127007,0.332235
-16.6833,2.02585,-0.256826,0.341565,-0.836128,-0.721012,-0.181713,0.0476901,0.304355,0.533734,-0.445501,-0.212762,0.173604,0.335581,-0.0172275,0.233164,0.846977,-0.419885,-0.215047,0.292798
-17.0289,2.03723,-0.247481,0.468506,-0.852771,-0.948027,-0.370962,0.0364279,0.154494,-0.118262,-0.783004,-0.0528176,0.394576,0.188407,-0.130913,0.358741,0.718353,-0.453308,-0.134609,0.127814
-17.3482,1.87321,-0.0185293,0.53523,-0.826663,-1.04175,-0.439005,-0.059803,0.125572,0.0511665,-0.612239,-0.219252,0.458903,0.322782,-0.364489,0.330909,0.889141,-0.474466,-0.146117,0.0995394
-17.0657,1.79962,0.117627,0.459665,-1.01386,-1.02199,-0.377814,0.0917521,0.154778,0.238167,-0.483317,-0.236538,0.445512,0.377802,-0.354501,0.398828,1.28375,-0.327695,-0.195414,0.287072
-17.1118,1.46539,-0.176782,0.173817,-0.922397,-0.831521,-0.302993,-0.074361,0.108407,0.517931,-0.642528,-0.561279,0.260685,0.37636,-0.21839,0.66636,1.25713,-0.320069,-0.273902,0.481707
-17.2287,1.35653,-0.257024,0.431725,-0.820506,-0.762317,-0.0364226,0.114562,0.421336,0.595279,-0.51872,-0.351346,0.164919,0.0968995,-0.185539,0.388618,0.948852,-0.464865,-0.440972,0.354762
-17.4893,1.69609,-0.0334499,0.243279,-0.904149,-0.564614,0.0163886,0.175276,0.292233,0.505436,-0.466317,-0.567366,0.213319,0.163729,-0.431778,0.264512,0.999017,-0.486303,-0.413502,0.298711
-17.5956,1.65093,-0.095993,0.426981,-0.635173,-0.787655,-0.0824752,0.397296,0.262518,0.243761,-0.702706,-0.486941,0.266167,0.178001,-0.466736,0.257373,1.01523,-0.444995,-0.394477,0.311697
-17.8621,1.43,-0.101136,0.264512,-0.642774,-0.705284,-0.0207283,0.575055,0.507287,0.44931,-0.655969,-0.645052,0.243256,0.32625,-0.544416,0.0319662,0.945486,-0.540163,-0.293403,0.454328
-17.5219,1.45417,0.024673,0.200782,-0.755435,-0.859198,-0.147965,0.601019,0.504943,0.488267,-0.512113,-0.33494,0.457795,0.439268,-0.524782,0.178029,1.11401,-0.476474,-0.317065,0.324663
-17.7209,1.25713,-0.035148,0.117287,-0.875736,-0.86745,-0.182081,0.438969,0.459762,0.338096,-0.555683,-0.531038,0.222369,0.174472,-0.56434,0.320916,1.2138,-0.649511,-0.442857,0.282942
-18.1717,1.14586,-0.103016,0.165791,-0.801228,-0.812985,0.00329769,0.702095,0.677992,0.240131,-0.533694,-0.590312,0.133883,0.269178,-0.59565,0.384478,1.19485,-0.528826,-0.30061,0.364674
-18.1815,1.13763,-0.0256608,0.326946,-0.734329,-1.03029,-0.089468,0.513008,0.421318,0.310694,-0.682377,-0.475864,0.124096,0.110951,-0.408727,0.479491,1.16154,-0.396027,-0.251596,0.212157
-18.2048,1.12702,0.0239126,0.213377,-0.678409,-0.740961,-0.14434,0.315475,0.234029,0.538261,-0.499397,-0.557159,0.243219,0.235255,-0.308173,0.728331,1.39201,-0.371435,-0.25232,0.422897
-18.0999,1.13026,-0.0800348,0.10547,-0.658824,-0.730233,-0.19034,0.382573,0.362036,0.423397,-0.778921,-0.754451,0.216886,0.407374,-0.49483,0.550721,1.4807,-0.386824,-0.177031,0.652251
-18.3201,1.21345,0.179801,0.245307,-0.797825,-0.66125,-0.0376623,0.723334,0.701085,0.664312,-0.578329,-0.643462,0.352481,0.376778,-0.623957,0.349789,1.32932,-0.642767,-0.370686,0.620246
-18.0761,1.13878,0.0915102,0.276432,-0.718825,-0.715133,-0.235218,0.494582,0.501523,0.470256,-0.330413,-0.788216,-0.093609,0.249312,-0.637206,0.263942,1.32419,-0.529989,-0.354168,0.640036
-18.1841,1.01606,-0.0149134,0.248977,-0.857025,-0.594993,-0.265771,0.300207,0.518048,0.399453,-0.202354,-0.436696,0.303698,0.263675,-0.45044,0.621215,1.27573,-0.61056,-0.35164,0.58967
-18.7824,0.902025,0.0119346,0.37979,-0.5936,-0.518759,-0.172887,0.351105,0.748998,0.596675,-0.586722,-0.877048,-0.0104112,0.336374,-0.402951,0.222358,1.24092,-0.702904,-0.448893,0.677646
-17.986,1.25052,-0.0508745,0.155697,-1.01006,-0.573581,-0.169234,0.199614,0.52947,0.622367,-0.340182,-0.571919,0.17273,0.168392,-0.530487,0.2584,1.1489,-0.623377,-0.366295,0.559103
-18.1614,1.16422,0.0362247,0.109337,-0.85409,-0.404138,-0.22677,0.489509,0.531109,0.395504,-0.370643,-0.62399,0.289969,0.287271,-0.513716,0.531735,1.37801,-0.818515,-0.444731,0.444534
-18.3451,0.830114,0.0365661,0.519802,-0.883136,-0.494515,-0.101931,0.297739,0.701667,0.522715,-0.202535,-0.643292,0.222328,0.138852,-0.413221,0.690914,1.57591,-0.527335,-0.57923,0.449739
-18.1441,1.00604,0.057622,0.320072,-0.88026,-0.627888,-0.258168,0.0327765,0.709955,0.532915,-0.321418,-0.420816,0.571399,0.383307,-0.361136,0.515073,1.35269,-0.46512,-0.40387,0.585635
-18.2934,0.888713,0.295064,0.393276,-0.858045,-0.419966,-0.292513,0.147597,0.849027,0.59021,-0.127492,-0.481169,0.231424,0.209998,-0.502086,0.574011,1.31382,-0.716837,-0.501045,0.701222
-18.2806,0.669823,-0.135269,0.291521,-0.850285,-0.655843,-0.191724,0.389106,0.896439,0.382795,-0.401443,-0.674152,0.00838319,0.0356882,-0.541956,0.364246,1.05384,-0.657839,-0.440127,0.639985
-18.0478,0.725235,0.00235409,0.373029,-0.755926,-0.635551,-0.606718,0.180071,0.867656,0.523508,-0.137777,-0.724451,-0.0389919,0.148457,-0.295743,0.816985,1.55828,-0.355761,-0.26294,0.647878
-18.1552,0.725907,-0.117519,0.138171,-0.910535,-0.445165,-0.303026,0.406096,0.833359,0.571907,-0.319335,-0.640752,-0.0581141,0.31064,-0.447341,0.588228,1.29333,-0.570952,-0.427503,0.591547
-17.8926,0.65354,-0.202256,0.208545,-0.869274,-0.385096,0.00569025,0.504198,0.827422,0.46075,-0.126964,-0.451323,-0.00281076,0.191572,-0.491233,0.659425,1.04395,-0.537904,-0.395859,0.694131
-18.4136,0.586584,-0.128332,0.368779,-0.616626,-0.473628,-0.207862,0.373355,0.685624,0.502663,-0.147494,-0.535991,0.0969676,0.257912,-0.474544,0.482632,1.14014,-0.576131,-0.532659,0.236739
-18.4828,0.545436,-0.41093,0.120369,-0.781787,-0.14271,0.273754,0.649061,0.926433,0.687764,-0.314232,-0.466208,0.241404,0.417755,-0.555962,0.366822,1.2723,-0.585138,-0.456973,0.568298
-18.3757,0.538868,-0.0411706,0.431452,-0.651703,-0.54013,-0.253502,0.501364,0.858332,0.70024,-0.401649,-0.798697,-0.172478,0.291882,-0.361846,0.567873,1.29408,-0.709315,-0.52431,0.410414
-18.3157,0.805675,-0.00686192,0.0533805,-0.633379,-0.313776,0.0818988,0.728265,0.895701,0.645327,-0.516492,-0.691153,0.0599457,0.27038,-0.509745,0.396209,1.25848,-0.716436,-0.265116,0.537367
-18.4303,0.751172,0.00237953,0.160106,-0.840678,-0.602302,-0.143452,0.449375,0.751051,0.472866,-0.572056,-0.490628,0.165913,0.213885,-0.348606,0.432209,1.20581,-0.597244,-0.152832,0.501935
-18.5816,0.989368,0.079309,0.302268,-0.615659,-0.502399,-0.248749,0.356187,0.489178,0.389668,-0.517215,-0.497412,0.101182,0.467835,-0.436768,0.506131,1.46056,-0.454849,-0.142731,0.431943
-18.1539,0.994165,-0.240817,-0.00266891,-0.63188,-0.287932,0.0816357,0.277251,0.393086,0.520754,-0.552875,-0.653143,-0.0506361,0.276743,-0.448312,0.282684,1.16784,-0.546859,-0.226128,0.527612
-17.5194,1.21252,-0.560416,-0.0872694,-0.695469,-0.335622,-0.0853396,0.305269,0.548609,0.571055,-0.210855,-0.269407,-0.0322901,0.00605974,-0.331734,0.532633,1.05599,-0.642351,-0.116473,0.573614
-18.0907,0.942107,0.0163482,0.128398,-0.784305,-0.479634,0.101811,0.526134,0.617769,0.683128,-0.446609,-0.560646,0.0943529,0.135449,-0.60241,0.204574,1.25779,-0.65501,-0.585391,0.203633
-18.6207,0.543056,-0.00703306,0.181536,-0.652953,-0.40934,0.104197,0.715177,0.75963,0.252839,-0.769443,-0.628455,0.112363,0.327487,-0.359709,0.627866,1.35568,-0.649831,-0.437694,0.382775
-18.8056,1.01482,0.132371,0.272754,-0.64747,-0.435435,0.123084,0.553359,0.518448,0.276247,-0.766101,-0.415211,0.287156,0.402746,-0.198282,0.710664,1.44446,-0.481981,-0.265107,0.304059
-19.019,0.88038,0.206589,0.516527,-0.589028,-0.378503,-0.101415,0.369177,0.850424,0.859312,-0.447133,-0.539661,0.13961,0.311268,-0.316765,0.721669,1.39656,-0.493911,-0.440062,0.297042
-18.6799,0.912182,-0.094137,0.329665,-0.496439,-0.0169905,-0.0375035,0.319838,0.658357,0.781852,-0.458784,-0.586103,0.144029,0.334769,-0.257167,0.763897,1.66373,-0.395741,-0.284546,0.338992
-18.727,1.12448,0.200508,0.669819,-0.491747,-0.56113,-0.188754,0.535219,0.51108,0.597165,-0.656905,-0.62481,-0.0114988,0.285768,-0.313944,0.546714,1.85439,-0.515567,-0.449831,0.127799
-18.6718,0.941926,0.240265,0.411665,-0.643037,-0.540646,-0.127224,0.5548,0.632262,0.54936,-0.534799,-0.578765,0.127188,0.436612,-0.178605,0.690337,1.63903,-0.441659,-0.307882,0.418019
-18.9097,0.820213,0.26195,0.36407,-0.654763,-0.304467,0.0551398,0.795072,0.615025,0.381993,-0.488964,-0.642491,0.0989134,0.331104,-0.523567,0.358537,1.54556,-0.397451,-0.502531,0.204497
-19.2905,0.980814,0.208434,0.548143,-0.7021,-0.402475,-0.0602144,0.63034,0.673049,0.732335,-0.568047,-0.567596,0.0765206,0.25205,-0.496627,0.382898,1.30681,-0.571449,-0.314824,0.240119
-19.2229,1.23189,0.198359,0.362032,-0.444297,-0.579314,-0.129175,0.727106,0.78699,0.90706,-0.481933,-0.557124,0.204706,0.282552,-0.545838,0.437709,1.40445,-0.635179,-0.210897,0.298048
-18.6929,1.29084,0.393241,0.471686,-0.428399,-0.554519,-0.365311,0.37266,0.716835,1.0185,-0.422489,-0.609365,0.112141,0.0204952,-0.50117,0.701069,1.37322,-0.772943,-0.334407,0.430422
-18.6766,1.18001,0.31681,0.426284,-0.491805,-0.532835,-0.144957,0.37781,0.770862,0.874946,-0.685645,-0.490753,0.271688,0.229403,-0.296622,0.651372,1.53402,-0.478478,-0.211383,0.490994
-18.9524,1.25567,0.170709,0.378876,-0.375637,-0.356137,-0.0502765,0.324919,0.669615,0.670612,-0.414901,-0.657986,0.0350785,0.279327,-0.335406,0.727473,1.30314,-0.786133,-0.336519,0.447547
-19.2949,1.04059,-0.173704,0.118603,-0.594927,-0.320711,0.0110279,0.787839,0.602983,0.848795,-0.335279,-0.585387,0.204556,0.324716,-0.519469,0.398654,1.244,-0.648676,-0.338583,0.361266
-19.2431,1.2666,0.185411,0.199826,-0.641495,-0.466474,-0.0142366,0.616807,0.635186,0.934235,-0.472458,-0.673599,0.231352,0.293922,-0.600476,0.349762,1.37103,-0.632795,-0.145962,0.49267
-19.1992,0.86541,0.266512,0.346131,-0.602919,-0.509444,-0.0949323,0.625438,0.8966,1.10128,-0.621078,-0.770612,0.0783983,0.273648,-0.750919,0.421662,1.47661,-0.545293,-0.263702,0.612043
-19.3077,0.88493,-0.0699104,0.291241,-0.4374,-0.329898,0.230567,0.795551,1.05843,1.0729,-0.544606,-0.626801,-0.0691269,0.162798,-0.716749,0.424527,1.4721,-0.654013,-0.354688,0.561027
-19.05,0.981909,0.146348,0.495936,-0.607453,-0.402661,-0.217026,0.448815,0.70547,0.74066,-0.450845,-0.781318,0.0557782,0.37978,-0.530397,0.687554,1.55474,-0.6258,-0.351874,0.342221
-19.1857,1.35668,0.283535,0.707814,-0.631854,-0.413098,-0.281522,0.570769,0.764849,0.708685,-0.398373,-0.837738,0.122055,0.568283,-0.580237,0.35923,1.26438,-0.671698,-0.224899,0.282588
-19.2732,1.26629,0.0415286,0.454224,-0.766714,-0.325069,-0.184169,0.477961,0.673071,0.674705,-0.460164,-0.600196,0.0935592,0.266145,-0.50599,0.666053,1.40828,-0.750439,-0.234656,0.275062
-17.6849,1.57045,0.0298277,0.783787,-0.826543,-0.393804,-0.509152,0.210826,0.454954,0.24994,-0.51884,-0.545557,0.102025,0.113913,-0.158083,0.788992,1.08165,-0.548424,0.0772025,0.315882
-17.0523,1.71306,0.048547,0.91049,-0.981268,-0.599225,-0.584209,-0.148108,0.121549,0.0846163,-0.307414,-0.341345,0.386048,0.34413,0.00796885,0.819288,1.21199,-0.385627,-0.268109,0.0942502
-16.4137,2.2312,-0.124146,1.00345,-0.897654,-0.352544,-0.659142,-0.252618,-0.166049,-0.124523,-0.171026,-0.0525021,0.326526,0.069278,0.194367,0.635954,1.14826,-0.0447242,0.0228584,-0.0445475
-16.4829,1.97162,-0.297585,0.91829,-1.02473,-0.498563,-0.878753,-0.170208,-0.0989449,0.166524,-0.54566,-0.419576,0.281191,0.501861,0.344834,0.510849,0.944866,-0.0630536,0.11872,0.0527758
-16.0823,1.98748,-0.542165,0.236645,-1.23973,-0.553392,-0.615254,-0.282877,-0.563697,-0.0662504,-0.270478,-0.284961,0.174977,0.214124,-0.0147892,0.369294,0.996266,-0.00277436,-0.0408742,0.143839
-16.237,2.30195,-0.2708,0.772681,-1.31689,-0.602485,-0.465671,0.0513683,-0.04687,0.113361,-0.655616,-0.190312,0.41655,0.385707,-0.0873208,0.368654,0.937362,-0.0920921,0.170543,0.119669
-16.5086,2.06803,-0.26189,0.287273,-1.01746,-0.331421,-0.193098,0.0614219,0.151493,0.315053,-0.361273,-0.244592,0.311005,0.319486,-0.183668,0.615089,0.942807,-0.330322,-0.0115651,0.279503
-17.075,1.817,-0.471302,0.467399,-0.976173,-0.431556,-0.2639,0.309473,0.157796,0.23958,-0.330663,-0.182659,0.208372,0.440581,0.0238017,0.336534,1.08394,-0.0255808,0.349888,0.257249
-17.5345,1.81074,-0.413388,0.522824,-0.764946,-0.266428,-0.190062,-0.0129304,-0.115051,0.0622468,-0.454832,-0.173354,0.376082,0.380039,0.0951004,0.494253,0.778053,-0.340643,-0.0521479,0.289241
-17.4471,1.90204,-0.367967,0.543468,-0.89968,-0.253557,-0.137335,-0.0133851,-0.205968,0.21763,-0.388171,-0.301899,0.317239,0.475076,-0.126424,0.462499,0.985416,-0.22608,-0.216217,0.122911
-17.3196,2.03183,0.0373396,0.551429,-0.869168,-0.412187,-0.303115,0.191738,-0.148926,0.180872,-0.467789,-0.465795,0.242496,0.272231,-0.516187,0.415816,0.932228,-0.335048,-0.195186,0.192612
-17.4972,1.80703,-0.185957,0.605867,-0.68398,-0.4447,-0.0772938,0.274261,0.411322,0.407214,-0.371459,-0.400537,0.0862184,0.258002,-0.316004,0.416037,0.860569,-0.394421,0.00247281,0.168616
-18.0017,1.85041,-0.121383,0.639668,-0.77901,-0.529191,-0.356526,-0.17282,0.182788,0.345133,-0.432553,-0.330318,0.0166764,0.210351,-0.322037,0.548922,0.922239,-0.346344,-0.20682,-0.172578
-17.8382,1.95709,-0.0516989,0.785742,-0.946498,-0.712631,-0.291117,0.168704,0.186464,0.29173,-0.269871,-0.243026,-0.0134834,0.307203,-0.0957024,0.446499,0.6558,-0.415523,-0.00931406,0.196302
-17.932,1.73684,-0.19478,0.45586,-1.0509,-0.805198,-0.274696,-0.0056633,0.0445559,0.496271,-0.263594,-0.115832,0.200453,0.18715,-0.147511,0.530573,0.843771,-0.438667,-0.219388,0.155156
-18.1452,1.74997,-0.121237,0.516163,-0.966434,-0.858365,-0.394022,0.134886,0.256002,0.558031,-0.498752,-0.236588,0.49917,0.509044,-0.0551895,0.468342,1.12438,-0.38257,-0.0576045,0.494712
-18.1233,1.6098,0.122829,0.498,-0.781042,-0.644841,-0.38857,-0.0913442,0.335469,0.645839,-0.507193,-0.512232,0.200189,0.248294,-0.385133,0.507457,1.30963,-0.466633,-0.208715,0.296666
-18.2665,1.73796,0.0431679,0.313184,-1.12781,-0.624918,-0.261249,0.0992291,0.242702,0.271506,-0.513285,-0.243079,0.42622,0.313857,-0.27757,0.715132,1.12297,-0.309995,0.0058905,0.546983
-18.3599,1.80403,0.221418,0.281831,-0.957214,-0.561733,-0.224742,-0.0673148,0.0702777,0.290473,-0.417011,-0.42312,0.382122,0.378354,-0.27022,0.337108,0.972614,-0.474982,-0.256965,0.303784
-18.5997,1.80917,0.231092,0.500436,-0.667093,-0.624875,-0.326099,-0.0968808,-0.0599101,0.496761,-0.582276,-0.355109,0.149845,0.291188,-0.135352,0.518495,1.2457,-0.512575,-0.115335,0.32197
-18.4849,1.63981,0.240925,0.671838,-0.489273,-0.772818,-0.587832,0.05598,0.142046,0.44695,-0.534419,-0.60799,0.18892,0.608649,-0.228972,0.659792,1.14095,-0.571489,-0.150123,0.371978
-18.4062,1.42894,0.0868981,0.54822,-0.880718,-0.777036,-0.346436,0.199679,0.221579,0.386876,-0.500535,-0.43868,0.450717,0.591022,-0.222342,0.609216,1.29983,-0.390945,-0.288808,0.383686
-18.5018,1.57812,0.270085,0.737054,-0.658588,-0.691449,-0.441926,0.196074,0.423359,0.429899,-0.480252,-0.4381,0.231865,0.38753,-0.284255,0.58036,1.11519,-0.463985,-0.283399,0.330664
-18.2911,1.67709,-0.0401537,0.639566,-0.635059,-0.405823,-0.0795676,0.241608,0.366183,0.391553,-0.277182,-0.449717,0.158795,-0.00469033,-0.398975,0.456164,1.04119,-0.304779,-0.0757861,0.29515
-17.8462,1.82379,-0.117921,0.633058,-0.851128,-0.675803,-0.136384,0.22251,0.127091,0.283312,-0.179866,-0.23327,0.175301,0.224812,-0.176773,0.550298,0.916221,-0.258668,0.0286522,0.402154
-17.5913,1.57327,-0.305156,0.693738,-1.11599,-0.684493,-0.693127,-0.20471,-0.101036,0.370207,-0.534568,-0.451403,0.231035,0.168071,-0.249837,0.521507,0.96585,-0.0369988,0.133236,0.117377
-16.4082,1.99529,0.09933,0.829145,-1.02942,-0.627235,-0.276094,-0.0938012,-0.166039,0.136684,-0.405754,-0.0763476,0.368591,0.0107369,0.0405557,0.434194,0.876258,-0.00630807,-0.025939,0.29826
-16.2409,1.9288,-0.402354,0.637968,-0.879655,-0.753401,-0.460189,-0.0501534,-0.32954,-0.300349,-0.391032,-0.051433,0.250761,0.205823,-0.27293,0.144909,0.679311,-0.0221843,-0.078957,-0.070722
-16.0918,2.18094,-0.577866,0.634081,-0.922798,-0.634203,-0.305817,0.233197,-0.459644,-0.160698,0.0107775,-0.0437814,0.0459051,-0.0137614,-0.34132,0.116056,0.542018,-0.141387,-0.0735481,0.127767
-15.7858,2.37993,-0.492871,0.64209,-0.857679,-0.42153,-0.494378,0.0874092,-0.356219,-0.254274,-0.220936,0.180635,0.461437,0.177791,-0.444061,0.259453,0.470971,-0.326212,-0.214653,0.148765
-15.9344,2.19866,-0.270536,0.782394,-0.845034,-0.317774,-0.892479,0.00105549,-0.446845,0.0368759,-0.487868,-0.211226,0.495496,0.403077,-0.00535651,0.290862,0.662675,-0.0949397,-0.2448,-0.0374206
-16.095,2.06752,-0.364596,0.804303,-0.805877,-0.551381,-0.777127,-0.0561222,-0.382945,-0.137021,-0.516064,-0.295222,0.51387,0.663619,0.3132,0.37513,0.645782,0.284386,0.390856,-0.0511804
-16.0415,2.02375,-0.318403,0.639132,-0.954606,-0.536257,-0.668334,-0.435454,-0.31571,0.117754,-0.101515,-0.237535,0.144029,0.509797,0.168218,0.48676,0.692432,0.301132,0.142026,0.0288897
-16.2405,2.19201,-0.50406,0.478178,-1.19391,-0.678416,-0.411753,-0.146963,-0.626325,-0.253413,-0.0946485,-0.0612931,0.267561,0.268466,0.17068,0.177157,0.578168,0.232453,0.191076,0.206869
-16.171,2.06215,-0.747253,0.470511,-0.770735,-0.489178,-0.603049,0.0392766,-0.243742,0.184404,0.00600135,-0.2067,0.170917,0.248574,0.0723121,0.228543,0.384131,0.00409332,0.135657,-0.0557408
-16.2169,2.25057,-0.47839,0.395971,-0.900738,-0.33571,-0.332461,0.0334362,-0.0991247,0.109465,-0.165297,-0.0676593,0.396973,0.0431391,-0.31737,0.29811,0.572066,0.0498619,-0.0146895,0.100757
-16.273,2.31554,-0.2832,0.554789,-0.81242,-0.513865,-0.415516,0.0874155,-0.029784,0.0135409,-0.172869,0.015113,0.411216,0.262115,-0.330157,0.0219992,0.388309,-0.153565,0.199914,0.140904
-16.3486,2.46467,-0.264674,0.503373,-0.752752,-0.410348,-0.354726,-0.139012,-0.226086,0.110566,-0.0211123,-0.135388,0.27769,0.279235,-0.271757,0.00579515,0.356864,0.164908,0.156642,0.130416
-16.5603,2.26408,-0.118404,0.7438,-0.622391,-0.71193,-0.500997,0.0900859,-0.225728,-0.0824134,-0.15165,-0.19811,0.20323,0.0714665,-0.297341,0.0782686,0.361591,0.116371,0.158617,0.195387
-16.8381,2.22424,-0.513257,0.534077,-0.712864,-0.382101,-0.357001,-0.0379611,-0.0396169,0.0972794,-0.224222,-0.323969,0.0975104,0.0199408,-0.443746,-0.0905568,0.39329,-0.0832248,0.142074,0.267942
-16.8686,2.20501,-0.387407,0.360625,-0.915231,-0.20222,0.0576504,0.234932,0.1168,-0.0222906,-0.25885,-0.309648,0.112188,-0.0611792,-0.316984,0.307806,0.614977,-0.14555,0.267745,0.304482
-17.2393,2.12974,-0.30026,0.672062,-0.61157,-0.0768555,-0.0656427,0.117087,0.28592,0.276701,-0.333872,-0.3998,0.0323427,0.0519365,-0.0631254,0.43831,0.752803,-0.230784,-0.0966657,0.194219
-17.3677,2.13439,-0.393577,0.46884,-0.486539,-0.290442,-0.163755,0.0405542,0.0965596,0.244225,-0.21286,-0.505455,-0.0232316,0.349649,-0.315035,0.420598,0.75917,-0.338775,-0.114448,0.290679
-17.7268,2.05779,-0.113879,0.50541,-0.517623,-0.109014,-0.142464,-0.147805,0.00177674,0.197009,-0.394581,-0.224214,0.138566,0.217154,-0.167356,0.345654,0.7522,-0.317347,-0.133499,0.131983
-18.0345,1.9844,-0.30225,0.835394,-0.582429,-0.4796,-0.515295,-0.0483946,-0.0793872,-0.17374,-0.292638,-0.15168,0.345381,0.379054,-0.179785,0.595867,0.762734,-0.32631,-0.113587,0.357224
-17.946,1.97744,-0.114422,0.962424,-0.581002,-0.36673,-0.469707,0.0244757,-0.082153,-0.202018,-0.507065,-0.295947,0.532373,0.310179,-0.199022,0.509763,0.874787,-0.23357,-0.08497,0.0218061
-17.8006,2.04248,-0.176794,0.548316,-0.793007,-0.783806,-0.363951,-0.000842736,-0.0502704,0.076989,-0.718569,-0.442755,0.352587,0.434137,-0.0353017,0.227772,0.947966,-0.231068,-0.112514,0.326757
-17.8914,2.11901,0.101458,0.524744,-0.658739,-0.759299,-0.437603,0.10157,0.0379571,0.140267,-0.442572,-0.439541,0.259234,0.416661,-0.161349,0.506718,0.991169,-0.156015,-0.0235627,0.292303
-18.2495,2.15172,-0.146178,0.322892,-0.789751,-0.466349,-0.376782,-0.411921,0.328385,0.485579,-0.294428,-0.348226,0.511771,0.436246,-0.10698,0.694683,1.01931,-0.208588,-0.139947,0.309649
-18.5191,1.75145,0.237373,0.795953,-0.605522,-0.500109,-0.41004,0.0321181,0.329077,0.25227,-0.515075,-0.30405,0.463736,0.332031,-0.139766,0.61251,0.932877,-0.261049,-0.162047,0.341472
-18.4613,1.61429,-0.215633,0.709287,-0.574147,-0.479748,-0.322467,0.00557823,0.351715,0.420271,-0.391038,-0.289242,0.310194,0.341277,-0.220159,0.433861,0.97166,-0.227276,-0.0902282,0.261624
-18.1271,1.56274,0.16749,0.959545,-0.470762,-0.641007,-0.238248,0.164581,0.431126,0.435017,-0.342216,-0.538133,0.0900988,0.397187,-0.024425,0.401182,1.15467,-0.353918,-0.233732,0.35832
-18.3529,1.87546,0.339202,0.605537,-0.684032,-0.365023,0.046292,0.243373,0.374017,0.426392,-0.782936,-0.453723,0.382515,0.29678,-0.389253,0.173248,1.33697,-0.246552,-0.307748,0.321287
-18.4051,1.6106,-0.0353114,0.379471,-0.589588,-0.179012,0.110174,0.065755,0.149904,0.241111,-0.976238,-0.576355,0.174259,0.334376,-0.2652,0.495108,1.10891,-0.105532,-0.171561,0.436037
-18.6783,1.78736,0.0653954,0.510601,-0.454107,-0.315268,0.00698253,0.212744,0.251507,0.198388,-0.498923,-0.501335,0.0642825,0.236109,-0.351483,0.191779,1.04842,-0.026686,0.0181127,0.162778
-18.5512,1.66137,-0.0420682,0.317623,-0.401493,-0.340972,-0.102461,-0.0656483,0.160795,0.416908,-0.424591,-0.531556,0.241163,0.46611,-0.159151,0.669553,1.14668,-0.255434,-0.215703,0.216076
-17.3774,1.73845,-0.239563,0.497866,-0.803959,-0.200557,-0.222332,-0.112682,0.106918,0.513462,-0.235236,-0.0878928,0.383766,-0.0635278,-0.411737,0.445676,0.791456,0.0430049,0.0474727,0.075976
-16.3589,1.93853,-0.354141,0.51009,-1.03787,-0.459769,-0.606612,-0.385257,-0.242135,0.125557,-0.320704,-0.287746,0.492668,0.369747,-0.0957435,0.629847,0.869405,0.168125,-0.119267,-0.0332805
-15.8254,1.96496,-0.314906,0.587905,-0.7515,-0.225064,-0.56703,-0.580357,-0.451572,-0.0954862,-0.207138,-0.113969,0.297751,0.0954389,-0.130409,0.597217,0.54682,-0.144665,-0.120899,-0.15621
-15.7516,2.28156,-0.386827,0.706568,-0.60766,-0.623587,-0.639918,-0.171132,-0.521367,-0.255524,-0.0247782,-0.0899381,0.284622,0.122736,-0.0271429,0.521886,0.672657,0.170038,0.000539221,-0.14501
-16.2125,2.33135,-0.319652,0.89868,-0.492692,-0.507951,-0.786994,-0.184584,-0.358117,-0.196998,-0.120865,-0.305226,0.15915,-0.062665,-0.144703,0.643712,0.853269,-0.0822156,-0.171124,-0.136217
-16.8197,1.98635,-0.271564,0.537905,-0.820818,-0.429632,-0.494404,0.0669805,0.0756571,0.11089,-0.432168,-0.422724,0.283547,0.202143,-0.0231122,0.381537,0.563256,-0.0379072,0.125456,0.286155
-16.479,2.10242,-0.150848,0.473887,-0.986015,-0.441214,-0.665529,-0.0314312,-0.165044,-0.0876687,-0.285693,-0.543294,0.0386822,0.0542766,-0.246528,0.515822,0.842313,0.112455,-0.1073,0.0979199
-16.1807,2.06823,-0.409958,0.546572,-0.887347,-0.491142,-0.677998,-0.137435,-0.070513,0.0862572,-0.214045,-0.323905,0.0912175,0.0508894,0.00360181,0.666639,0.613487,-0.015108,-0.132004,0.103413
-16.4142,1.96177,-0.252619,0.507194,-0.775506,-0.339872,-0.73066,-0.137551,-0.108654,-0.0363979,-0.286032,-0.222498,0.0990579,0.142671,0.00961985,0.721433,0.67274,-0.142726,-0.100866,0.161615
-16.5212,2.01763,-0.266662,0.619698,-0.797526,-0.200089,-0.456605,-0.00328907,-0.357281,-0.259364,-0.330296,-0.255742,0.193917,0.261535,-0.23163,0.305826,0.549568,-0.154762,-0.214674,0.15527
-16.5278,2.42805,-0.333771,0.553896,-0.687331,0.0870527,-0.208635,-0.105099,-0.37568,-0.479453,-0.349758,-0.281107,0.388757,0.241923,-0.0882559,0.576717,0.518045,-0.247956,-0.211644,0.209177
-16.0427,2.23266,-0.242304,0.846821,-0.780716,-0.366818,-0.364092,0.0580968,-0.126927,-0.274095,-0.252398,-0.346369,0.160856,0.200123,0.00693645,0.22872,0.581966,0.0432892,-0.00381965,0.0434846
-16.365,2.32463,-0.207678,0.490057,-1.04987,-0.543153,-0.315547,0.0363802,-0.109189,-0.138253,0.0285684,-0.145275,0.186584,0.168622,-0.133722,0.309078,0.571683,-0.191214,-0.187202,0.196855
-16.9296,1.94173,-0.497325,0.429217,-0.508352,-0.173637,-0.17951,0.284528,0.170879,0.0366177,-0.16983,-0.172581,0.025592,0.170616,-0.188681,0.137446,0.418196,-0.174977,0.0623939,0.284052
-17.0806,2.18558,-0.341231,0.437257,-0.626933,-0.434551,-0.302728,0.315424,0.0693128,-0.106119,-0.338455,-0.0621962,0.221543,0.189928,-0.257499,-0.246485,0.374516,0.0213001,-0.00643635,0.129589
-16.9423,2.18344,-0.666167,0.440554,-0.693983,-0.705431,-0.189036,0.0894938,-0.152031,-0.15706,-0.292699,0.0113251,0.358253,0.392511,-0.201591,-0.178149,0.360797,-0.208674,-0.0576064,0.221084
-16.963,2.0691,-0.788478,0.368144,-0.880657,-0.535038,-0.0218764,0.329063,0.206873,0.0421257,-0.0946029,-0.270184,0.154354,0.147269,-0.379969,-0.169672,0.39525,-0.0289869,0.0711424,0.376412
-16.8512,1.93307,-0.572732,0.572144,-1.02528,-0.695951,-0.341662,0.107798,-0.0896613,-0.0991669,-0.160384,-0.415131,-0.0268378,0.150281,-0.229964,0.11291,0.508063,-0.0960913,-0.00153327,0.15421
-16.6203,2.31828,-0.375992,0.411437,-0.878011,-0.290343,-0.353655,-0.221226,-0.231518,-0.116144,0.00589748,-0.126514,0.204302,0.334053,0.0708499,0.354578,0.687467,-0.167164,0.00628365,0.16575
-16.841,2.81144,-0.239729,0.342672,-0.685607,-0.32593,-0.395222,-0.247402,-0.22633,0.00204762,-0.0245769,0.164943,0.277522,0.169042,-0.00602915,0.263694,0.526671,0.0105337,0.0549518,0.175284
-17.182,2.53965,-0.254827,0.251105,-0.964962,-0.443404,-0.211924,-0.190469,0.00736365,0.0239184,0.070242,-0.0208881,0.366288,0.268988,-0.248397,0.323112,0.532908,-0.213306,0.0545013,0.29645
-17.5688,2.57051,-0.285143,0.236793,-1.09841,-0.46382,0.00678244,0.0284159,0.152434,0.160863,-0.0665637,-0.0132062,0.426073,0.286333,-0.413215,0.199079,0.586954,-0.313755,-0.136757,0.366644
-17.4684,2.19121,-0.427391,0.153502,-0.946014,-0.522073,-0.426105,-0.0267266,0.0862339,-0.10629,-0.205271,-0.300907,0.398108,0.569084,-0.210794,0.174362,0.445008,-0.300085,-0.208539,0.144243
-17.7442,1.66016,-0.390055,0.360368,-0.699475,-0.447038,-0.418001,-0.0363711,0.164555,0.273246,-0.00973166,-0.205095,0.295148,0.574943,-0.125729,-0.10291,0.543885,-0.217185,-0.0197606,0.264586
-18.1687,1.99651,-0.108087,0.448777,-0.619536,-0.283739,-0.381194,-0.201579,-0.146547,0.0160874,0.0392141,-0.117827,0.526779,0.715767,-0.170507,0.253389,0.404348,-0.136603,0.164401,0.31016
-18.0806,2.3266,-0.348817,0.384874,-0.73028,-0.399766,-0.0458925,-0.075657,0.00777123,-0.069916,0.0467247,0.0555091,0.324575,0.239369,-0.328585,0.0296996,0.271614,-0.227883,0.0366726,0.385192
-17.8258,1.76154,-0.327753,0.230677,-0.966181,-0.419678,-0.0121283,0.0705222,-0.107098,-0.0720963,-0.0323221,-0.287681,0.361057,0.451959,-0.261497,0.180106,0.472111,-0.309028,-0.268087,-0.0134468
-17.7002,1.98298,-0.150653,0.6284,-0.662246,-0.458579,-0.0631767,0.100233,0.0616063,-0.129544,-0.112286,-0.365103,0.113894,0.110965,-0.199607,0.358768,0.604337,-0.375205,-0.210712,0.197041
-17.9425,1.98099,-0.300735,0.387755,-0.787789,-0.298306,-0.0444936,0.0777251,0.276866,0.168197,0.0172904,-0.226489,0.221859,0.505391,-0.273918,0.0824946,0.549726,-0.179033,-0.177854,0.0866744
-17.9333,1.99647,0.137126,0.379138,-0.774031,-0.503612,-0.00502574,0.112406,-0.070668,0.111112,-0.0981922,-0.0274006,0.121643,0.261462,-0.256595,0.265078,0.605131,-0.241513,0.0698419,0.333118
-18.3097,2.16449,-0.0687166,0.255433,-0.614436,-0.487127,-0.00748044,-0.0780306,-0.1829,0.0981159,0.115274,-0.21579,0.192727,0.177835,-0.144313,0.219355,0.535633,-0.190862,0.0729637,0.0734681
-18.2525,2.17978,-0.00471803,0.231229,-0.564144,-0.542677,-0.293509,0.165638,0.111491,0.161032,-0.128395,-0.298264,0.181674,0.139267,-0.475923,0.243993,0.591214,-0.374884,-0.0424113,0.270911
-18.2595,1.84312,0.0879769,0.260823,-0.881222,-0.471002,-0.283626,0.14595,0.178619,0.214047,-0.219632,-0.331051,0.372653,0.398581,-0.421679,0.371058,0.688487,-0.273448,-0.120719,0.338782
-18.5611,2.05079,0.000151803,0.253159,-0.693305,-0.401354,-0.198798,0.293172,0.0471696,-0.105559,-0.357718,-0.292197,0.401106,0.233351,-0.579109,0.121378,0.704411,-0.618101,-0.202206,0.211573
-18.8235,1.84027,-0.12944,0.245154,-0.572312,-0.517958,-0.0472343,0.131082,0.187888,0.185786,-0.229991,-0.295847,0.401279,0.204007,-0.407689,-0.0113242,0.395043,-0.345525,-0.170123,0.351984
-18.6682,1.75957,0.133748,0.409853,-0.753031,-0.309671,-0.0385031,0.23,0.180581,0.459294,0.0841893,-0.272088,0.351456,0.146105,-0.35837,0.0125686,0.432178,-0.340651,-0.232572,0.336316
-18.6196,1.49214,0.189429,0.692954,-0.6868,-0.345272,-0.171599,0.0985244,0.405499,0.286434,0.0213936,-0.291009,0.146095,0.0394388,-0.313112,0.185485,0.536497,-0.329316,-0.266175,0.172855
-18.6407,1.51142,0.0803125,0.595653,-0.783532,-0.377168,-0.465096,-0.123912,0.141258,0.286965,-0.0680351,-0.466985,-0.124674,-0.0276619,-0.299518,0.453101,0.71736,-0.50607,-0.2287,0.108513
-18.627,1.69045,0.408934,0.740129,-0.572783,-0.270323,-0.0420629,0.122103,0.230368,0.255666,-0.198289,-0.374391,0.203282,0.351755,-0.411209,0.122796,0.788269,-0.334483,-0.194972,0.246868
-19.0194,1.61612,0.201981,0.690002,-0.457991,-0.510694,-0.409657,0.122399,0.413619,0.106604,-0.0821364,-0.259606,0.467029,0.511048,-0.266675,0.185053,0.490176,-0.174649,0.129357,0.458207
-19.0452,1.60292,0.126361,0.716822,-0.477659,-0.512037,-0.407478,0.10228,0.0738317,0.274059,-0.162454,-0.407701,0.59701,0.431518,-0.385807,0.0641284,0.458981,-0.242144,0.100351,0.387937
-18.798,1.7746,0.0975457,0.532738,-0.381447,-0.337097,-0.105783,0.0685177,0.0766352,0.269562,0.092064,-0.388819,0.288572,0.285523,-0.232529,0.486802,0.775078,-0.351886,-0.182492,0.199917
-18.9651,1.41267,-0.0333127,0.396492,-0.589029,-0.312826,-0.106638,0.0756683,0.240789,0.735142,0.230774,-0.531339,0.0561081,0.170501,-0.238927,0.346283,0.721439,-0.636637,-0.589712,0.0470024
-18.6796,1.6208,0.0089696,0.618658,-0.873602,-0.452376,-0.00632274,0.258445,0.325206,0.439762,-0.2558,-0.471656,0.100624,0.24317,-0.441877,0.303005,0.655978,-0.101187,-0.16754,0.143883
-18.7544,1.76445,0.167129,0.589244,-0.695497,-0.420162,-0.0171009,0.0531295,-0.0621538,0.295542,-0.0714769,-0.287191,0.215565,0.128493,-0.394296,0.360087,0.646406,-0.356225,-0.154667,0.197047
-19.2892,1.28989,0.0661737,0.910217,-0.252674,-0.488054,-0.494265,-0.218116,-0.135787,0.262549,0.0978055,-0.311576,0.224112,-0.0448391,-0.386408,0.434928,0.612816,-0.133296,-0.195414,0.539797
-19.0695,1.63488,0.209436,0.755335,-0.398948,-0.179504,-0.103607,-0.0193409,0.35689,0.265111,0.0654328,-0.396225,0.204675,0.173823,-0.229015,0.402372,0.555562,-0.167781,-0.10947,0.278505
-19.01,1.38757,0.0839088,0.611715,-0.635585,-0.341528,-0.0707631,0.0728299,0.257816,0.293295,-0.131222,-0.460646,0.0156371,0.0213271,-0.195258,0.597325,1.01992,-0.124739,-0.272793,0.277324
-19.06,0.985305,-0.0242735,0.525839,-0.529486,-0.275825,0.0136572,0.34561,0.552922,0.399611,-0.0402288,-0.59454,0.04309,0.0213321,-0.301774,0.479917,0.605765,-0.519815,-0.453977,0.108908
-19.5086,1.14107,0.121988,0.760861,-0.395321,-0.308948,0.0224151,0.263501,0.744405,0.591094,-0.188678,-0.704057,0.0621232,-0.137328,-0.378665,0.498533,0.729177,-0.487736,-0.465348,0.276486
-19.2918,1.55082,0.40338,0.716688,-0.532788,-0.229451,-0.0436022,0.095564,0.375006,0.764606,0.118652,-0.531901,0.216314,0.0529565,-0.421487,0.399428,0.765479,-0.526892,-0.350441,0.304685
-19.4403,1.32825,-0.00245068,0.80527,-0.467281,-0.206586,-0.0183063,0.260583,0.708481,0.475418,-0.0485718,-0.805772,0.0734533,0.0169586,-0.314856,0.342911,0.714336,-0.467353,-0.304284,0.271146
-19.1856,1.37198,0.216834,0.49968,-0.378801,-0.0250275,0.282806,0.335167,0.618881,0.585821,-0.22703,-0.745214,0.179346,0.0728623,-0.461244,0.310109,0.934949,-0.150254,-0.235737,0.243506
-19.5391,0.970862,0.154231,0.598802,-0.833179,-0.463035,0.0744712,0.284718,0.676399,0.199801,-0.517538,-0.848792,-0.11232,-0.0897095,-0.378958,0.491186,0.859509,-0.400782,-0.402906,0.315056
-19.0299,1.14853,0.179741,0.548792,-0.305064,-0.0639254,0.122398,0.25021,0.407099,0.375504,-0.269396,-0.466303,-0.0740588,0.0431109,-0.283727,0.569123,1.13793,-0.193308,-0.199494,0.124835
-19.5713,1.32373,0.319815,0.94332,-0.14215,-0.285859,-0.219562,0.113596,0.458437,0.162128,-0.170121,-0.740776,0.0186922,0.195851,-0.234718,0.341317,0.792444,-0.297987,-0.188228,0.242584
-19.4449,1.39199,0.338576,0.612992,-0.117829,-0.00360652,0.115576,0.0961655,0.416117,0.436829,0.0693983,-0.393908,0.356992,0.211848,-0.427154,0.127521,0.750593,-0.0779271,-0.195822,0.194468
-19.7846,1.33673,0.0268559,0.624782,-0.261373,-0.0284356,0.24774,0.467642,0.614229,0.565097,-0.259494,-0.557671,0.14989,0.13569,-0.22498,0.409654,0.75224,-0.232787,-0.0104923,0.213512
-18.9741,1.1827,0.145026,0.759575,-0.534942,-0.520359,-0.386269,0.227984,0.424935,0.281632,-0.273528,-0.900706,-0.0487016,0.161653,-0.292948,0.409073,0.659944,-0.365303,-0.212162,0.0917703
-19.0924,1.3319,0.463968,0.900237,-0.804302,-0.254224,0.026525,0.315324,0.501312,0.526388,-0.00661346,-0.642179,0.217666,0.232777,-0.184492,0.420759,0.924042,-0.33076,-0.397648,0.151436
-19.0084,1.42606,0.314102,0.97866,-0.413674,0.130969,0.133433,0.319511,0.480845,0.38625,-0.0902888,-0.401019,0.174742,0.137784,-0.213702,0.528527,0.795082,-0.339544,-0.279847,0.283903
-19.5307,1.41162,0.172006,0.603769,-0.445819,0.0527137,0.312465,0.248799,0.715194,0.346211,-0.0245114,-0.435522,0.29478,0.468439,-0.167844,0.461592,0.739507,-0.307485,-0.0829839,0.37607
-19.0306,1.39107,-0.0278167,0.54385,-0.216159,-0.116678,-0.171871,0.215201,0.437603,0.553155,-0.0569981,-0.399286,0.122734,0.263365,-0.22033,0.315049,0.666519,-0.198582,-0.0614932,0.207128
-19.0603,1.54272,0.533337,0.966035,-0.381794,-0.039957,0.0677854,0.256632,0.462234,0.49554,-0.0357164,-0.597322,0.244399,0.229738,-0.383062,0.380999,0.76918,-0.429246,-0.512617,0.048963
-18.2746,1.64129,0.24273,0.821325,-0.315455,0.038697,-0.00354283,0.299214,0.449831,0.402362,-0.0766473,-0.396314,0.170488,-0.0964809,-0.316474,0.596981,0.65854,-0.401773,-0.351652,0.0188222
-19.0539,1.51081,0.28718,0.741541,-0.393576,-0.0214542,0.206891,0.113085,0.38001,0.365954,-0.203043,-0.520133,0.203564,0.0560861,-0.449484,0.415998,0.488833,-0.242656,-0.137291,0.261994
-19.7182,1.72093,0.506727,0.989874,0.0126289,0.292715,0.307706,0.15299,0.387268,0.558098,-0.112196,-0.521862,0.328741,0.156026,-0.474633,0.0936651,0.474458,-0.342887,-0.275481,0.424636
-19.5492,1.5228,0.317406,0.890919,-0.208488,-0.0682605,0.167056,0.466208,0.628826,0.296925,-0.145826,-0.391216,0.0517541,-0.0887566,-0.397288,0.514088,0.456142,-0.419361,-0.263758,0.30074
-19.4069,1.54048,0.268868,0.819204,-0.367645,-0.228787,0.301627,0.627798,0.262656,0.305761,-0.214304,-0.538386,0.281825,0.205554,-0.0655476,0.376654,0.910374,-0.207169,-0.228867,-0.0109981
-19.1892,1.49877,0.345798,0.777851,-0.396741,0.000406252,0.31817,0.410299,0.395673,0.37509,-0.234071,-0.61168,0.0403965,0.0791605,-0.15083,0.647982,0.76983,-0.240372,-0.139423,0.107972
-19.2576,1.44474,0.242461,0.784244,-0.235015,-0.139626,0.39496,0.420912,0.68184,0.308335,-0.0839377,-0.412484,0.135897,0.268501,-0.127063,0.551772,0.68394,-0.0407258,-0.118609,0.0430202
-19.1666,1.53564,0.247468,0.740852,-0.300344,-0.101574,0.0629059,0.368672,0.456826,0.304586,-0.0638663,-0.389635,0.210179,0.175731,-0.3067,0.428369,0.731931,-0.280477,-0.164832,0.38584
-17.9707,1.81918,-0.0267546,0.3055,-0.149689,-0.448159,0.307679,0.45697,0.264047,0.0240588,0.383087,0.289277,0.184634,0.158851,-0.189847,0.398585,0.556706,-0.0729188,-0.0458604,0.108925
-19.2745,1.47958,0.0695219,0.859097,-0.326831,-0.270425,0.158841,0.711622,0.68911,0.397653,-0.18331,-0.300341,0.332552,0.245723,-0.181908,0.714293,0.748297,-0.220603,-0.0663734,0.146492
-18.7615,1.43127,-0.0860291,0.618562,-0.468513,-0.000331807,0.434061,0.55443,0.491653,0.201597,-0.385674,-0.415006,0.318539,0.0521299,-0.0384989,0.444899,0.653776,-0.31617,-0.342757,0.0362131
-18.3432,1.98723,0.0507139,0.636548,-0.228991,-0.0384282,0.12283,0.0380965,0.277444,0.265406,0.116883,-0.261532,0.187044,-0.0543741,-0.0728743,0.370176,0.52067,-0.169112,-0.13243,0.0109565
-19.1493,1.4977,-0.142813,0.506576,-0.152681,-0.0974854,0.0605185,0.00662435,0.376321,0.683825,0.148702,-0.0834972,0.127579,-0.128148,-0.25867,0.379007,0.72461,-0.0143097,-0.1657,0.112168
-19.0362,1.74819,-0.0467994,0.671718,0.0565051,0.270134,0.199472,0.52765,0.298918,0.351093,-0.129879,-0.486721,-0.0356443,0.01476,-0.104836,0.620746,0.590629,-0.210038,-0.101172,-0.0838653
-19.0674,1.80208,-0.108582,0.418526,-0.455419,-0.281423,-0.130546,0.00194657,0.446102,0.415321,-0.166212,-0.162869,0.323608,-0.00170422,-0.234783,0.384591,0.423924,-0.254457,-0.193426,-0.0852344
-19.243,1.69766,0.0356953,0.726576,-0.373745,-0.215716,0.0996657,0.292502,0.573467,0.496566,0.030695,-0.234936,-0.0649599,-0.034087,-0.259507,0.372756,0.518413,-0.118416,-0.0791346,-0.171677
-19.0188,1.65468,0.0645553,0.705072,-0.0591691,0.194523,0.300243,0.494928,0.37011,0.419936,-0.0635634,-0.413248,0.0105899,-0.155533,-0.24728,0.39956,0.654317,-0.0364464,0.107753,0.318469
-18.736,1.60958,0.0393313,0.575352,-0.350853,-0.136111,0.160516,0.259113,0.202626,0.170843,-0.307308,0.0136715,0.182603,0.0335065,-0.190819,0.402187,0.376635,-0.126479,-0.340049,0.000512562
-19.5372,1.48797,0.115003,0.592678,-0.210309,-0.197505,0.298632,0.300815,0.165068,0.398189,-0.0610422,-0.195072,0.281613,0.0252084,-0.295944,0.179652,0.501172,-0.121025,-0.0942048,0.162052
-19.0262,1.86754,0.132625,0.63279,-0.11947,-0.211928,-0.121764,-0.0783243,0.071211,0.459083,0.00301233,-0.134239,-0.044229,0.0214821,-0.141434,0.395915,0.589056,-0.118296,-0.0267652,0.0139517
-19.1296,1.45958,-0.39099,0.319975,-0.298437,0.110286,0.515371,0.501402,0.357776,0.168499,-0.0968649,-0.295945,-0.0482605,0.163312,-0.280108,0.294067,0.440688,-0.247521,-0.0858818,0.120378
-19.2301,1.67067,0.0810699,0.531184,-0.421692,-0.288156,0.156627,0.470808,0.5008,0.240956,-0.157876,-0.336267,0.0537122,-0.117106,-0.257174,0.420765,0.237696,-0.18567,0.0971517,0.0855584
-19.2726,1.70367,0.0726134,0.793709,-0.357574,-0.266289,0.0321973,0.18806,0.507194,0.420561,-0.0132029,-0.344971,-0.11663,0.0638184,-0.203696,0.320119,0.320424,-0.169934,0.160779,-0.157487
-19.8066,1.70356,0.0402279,0.579948,-0.08846,0.0141674,0.192231,0.353943,0.317276,0.239115,-0.282976,-0.215949,0.00809366,0.117754,0.0416753,0.254723,0.382198,-0.240834,-0.0717499,0.0528541
-19.8988,1.72314,0.317048,0.382437,-0.321522,0.0364238,0.263502,0.522488,0.211197,0.0735221,-0.0214817,-0.362602,-0.0170582,0.132023,0.0834991,0.422453,0.572692,0.0944241,-0.0311298,-0.123915
-19.1334,1.95984,-0.0623023,0.515943,0.122169,0.037117,0.0574087,0.110635,-0.0771366,0.0766904,-0.273813,-0.322477,0.154472,0.298077,0.272221,0.605678,0.508699,-0.0346966,0.0308676,0.114728
-19.1413,1.89797,0.0380397,0.697229,-0.00381617,-0.141047,0.114554,0.0451713,0.225505,0.152618,-0.316151,-0.2646,-0.0982309,0.0845986,0.114706,0.532968,0.365707,-0.291332,-0.274843,-0.198665
-19.2755,1.99122,0.088809,0.644881,-0.303298,0.056361,0.221759,0.0780127,-0.0239362,0.231455,-0.290369,-0.498415,-0.103741,-0.0484217,-0.0362008,0.411195,0.530872,0.182897,0.0827911,-0.0428528
-19.6963,1.78559,0.0367591,0.433354,-0.214548,-0.00609406,0.167732,0.12902,0.266179,0.378434,-0.18302,-0.419895,-0.166363,-0.118009,0.0272373,0.534719,0.351747,0.0293181,-0.00721924,0.0290848
-19.6516,1.93243,0.0477291,-0.0556871,0.172788,0.199307,-0.0126415,0.0448232,-0.0266841,0.0530734,-0.0667277,-0.141486,-0.117855,-0.30033,0.0188846,0.408883,0.265411,0.276703,0.1242,0.143964
-19.8575,1.74036,0.347408,0.181875,0.164409,-0.0704955,-0.0775478,0.144934,-0.0378873,0.219988,-0.0269155,-0.16863,-0.0258333,-0.144127,0.0373868,0.284869,0.101366,0.1287,-0.27937,-0.285544
-19.7022,1.6325,0.114431,0.0825367,-0.0404075,0.062501,-0.145017,0.03433,0.0744973,0.209609,0.07465,-0.255485,-0.192417,-0.0612959,0.0275439,0.140221,0.195493,0.242655,-0.228297,-0.0517234
-19.758,1.49799,0.427433,-0.0426864,0.13424,0.1175,0.0745746,0.368743,-0.0198158,0.0139269,0.0761033,-0.0530623,-0.227282,-0.0208184,-0.0385953,0.116391,0.333631,0.174942,-0.00705569,0.00317296
-19.8709,1.42397,0.0891301,0.0434399,-0.0894708,0.100796,0.190512,0.372972,0.0308729,-0.0384704,-0.205784,-0.0372625,-0.112709,-0.0220607,0.0645932,0.0640554,0.0172805,0.0466891,0.0832001,-0.148571
-19.6845,1.38888,0.29475,0.46134,0.193103,0.33269,0.426879,0.0878508,0.171541,0.0369733,0.21132,0.0228952,-0.147839,-0.0375592,0.0359579,-0.0745458,0.0785482,-0.0727987,-0.00517694,0.131222
-19.3029,1.44917,0.487102,0.37764,0.15109,0.366699,0.0395899,0.113336,-0.0407805,-0.0668102,-0.0824644,-0.20198,0.0220128,-0.0449396,-0.304735,0.330307,0.167241,0.0198757,-0.135544,-0.140138
-19.6354,1.55824,0.419147,0.223927,0.0600645,0.349247,0.150098,0.327975,0.109547,0.167758,-0.181386,-0.280787,-0.0950258,-0.296284,-0.23024,0.472727,0.229987,-0.0531478,-0.0101864,-0.0500249
-19.7171,1.68959,0.511304,0.0978242,-0.133682,0.341478,0.319704,0.406494,0.112899,-0.0128178,-0.0241651,0.0121553,-0.190398,-0.127665,-0.0116834,0.517655,0.441536,-0.0821154,-0.169977,0.0972575
-19.6238,1.657,0.475888,0.313191,0.0604152,0.38885,0.448903,0.595598,0.305339,0.0679035,0.0307892,0.234202,-0.0532979,-0.117674,0.00646387,0.258206,0.241045,0.139665,-0.0726894,0.11508
-18.8176,1.51078,0.319093,0.208814,0.0210212,0.421639,0.126947,0.206589,0.103082,-0.00675357,-0.0626086,0.0284784,0.0792194,-0.121365,-0.0226234,0.194064,-0.128649,-0.227872,-0.0685436,0.117206
-19.7114,1.56637,0.339304,0.142824,0.127912,0.20738,0.0827664,0.00500829,0.142278,0.131839,0.0199093,0.136122,0.00846731,0.248293,0.153506,-0.0862024,0.0310875,0.296213,-0.028914,-0.0692645
-20.2513,1.33297,0.104452,0.112229,0.150901,0.466214,0.381395,0.257771,0.00415754,0.141083,0.0293419,-0.0436141,-0.138947,-0.152389,-0.0487062,0.24178,0.0827119,-0.0518604,0.134895,-0.21672
-19.7686,1.77903,0.446526,0.154519,-0.0439711,0.459852,0.390173,0.445724,0.0371866,-0.0221253,0.242363,0.0299823,0.0360014,0.0449643,-0.0741008,0.202404,0.0731421,0.0488493,0.101991,0.0915893
-20.4139,1.39145,0.483282,0.573496,-0.146688,0.112922,0.0468459,0.25488,0.0498074,0.329421,0.227843,-0.154648,0.019641,0.1124,0.212267,0.313191,0.0628012,-0.265553,-0.120428,-0.0506881
-19.8521,1.68542,0.384179,0.427522,0.538424,0.282367,0.0166932,0.0364995,-0.107309,0.229691,0.150339,0.493636,0.248338,-0.204826,-0.0639428,0.0301401,0.125236,-0.037031,0.0289817,0.0823881
-20.2596,1.43924,0.514903,0.389629,-0.0612687,0.202022,-0.0993566,0.17811,-0.11134,0.113774,0.202853,0.0930672,0.120081,0.30032,0.179439,0.257203,-0.0243302,-0.029407,-0.201914,-0.00323236
-20.0763,1.67327,0.466851,0.520974,-0.0890179,0.262082,-0.0353126,0.266766,0.143069,0.048304,0.0564538,0.0651656,-0.23117,0.164468,0.0783741,0.0584815,0.188745,0.0351628,-0.203952,0.0830419
-20.0862,1.62038,0.273915,0.3745,0.204508,0.270217,0.0358808,0.170958,0.152865,0.207969,0.243062,0.207111,-0.144412,0.15059,0.086418,0.185186,0.00832156,-0.0520995,-0.0674162,-0.144996
-20.0693,1.75474,0.641587,0.581852,-0.11428,0.151393,0.217224,0.492677,0.133578,0.0860124,0.276631,0.175567,0.158639,-0.260883,-0.329144,0.108095,-0.118974,0.0623655,0.116706,0.255019
-20.4269,1.54701,0.376046,0.428694,-0.100855,-0.0271908,-0.23883,-0.0533966,-0.238023,-0.182415,0.07819,-0.0218658,0.086874,0.0278682,-0.00679941,0.0784317,-0.102027,-0.104897,0.144545,-0.0664958
-19.7644,1.79794,0.190399,0.688387,0.233326,0.120317,-0.00298647,-0.152097,-0.33333,0.0621824,0.132878,-0.122758,0.114755,-0.18467,-0.0268085,0.0115975,0.0127099,0.124423,0.270959,0.0964234
-20.1476,1.86059,0.561788,0.548179,0.111311,0.482484,0.192184,-0.0581494,-0.248608,-0.11765,0.0449881,0.102564,0.0594274,-0.0412018,0.276457,0.0562718,-0.128405,0.056999,-0.0535001,-0.0237495
-20.184,1.73829,0.609658,0.45418,0.0919773,0.435928,0.166885,-0.107644,-0.0543927,-0.0607192,-0.0750816,-0.0373373,0.0746324,0.0497298,-0.0601986,-0.0143471,-0.163219,-0.0887744,0.0261387,0.142644
-19.9882,1.84483,0.0551017,-0.102604,-0.303571,0.134852,-0.165199,-0.0301903,-0.100556,-0.141255,0.0328513,0.0501021,0.100186,0.10594,-0.211873,0.0721854,0.17239,-0.00850673,0.0293523,0.0518903
-19.7467,1.99109,0.344287,0.655963,0.478871,0.155754,0.0448908,0.225486,-0.0581063,-0.157522,-0.101877,-0.0573959,0.0198343,0.148522,-0.0465286,0.115252,-0.0535881,-0.092345,0.0437506,0.211062
-20.478,1.65785,0.357,0.564962,0.191675,-0.0773975,-0.0915621,-0.0904572,-0.229802,-0.0668278,0.2705,0.074509,-0.0243836,-0.147663,-0.223422,-0.320127,-0.058515,0.229625,0.0645191,0.217855
-20.3603,1.84744,0.47479,0.580921,0.306326,0.152648,0.439733,0.172858,-0.123976,-0.170799,-0.11848,0.187585,0.0727575,0.159277,-0.158172,-0.108445,0.0591705,0.155552,0.130303,0.277275
-20.2378,1.91898,0.390133,0.278357,0.0502041,-0.0268879,0.0527004,0.314659,0.0377385,0.0362182,-0.147387,0.103089,-0.0293027,0.0180318,0.177474,0.141814,0.0761562,-0.106749,0.0847585,0.233173
-20.2709,1.89691,0.451274,0.663037,0.373807,0.413289,-0.052536,-0.0190485,0.0321659,0.0780518,0.0656902,0.177442,-0.188445,-0.00976287,-0.0216931,0.0779131,-0.0627315,0.119615,-0.0717058,-0.160873
-20.468,1.62985,0.505698,0.710541,0.198824,0.257797,0.209809,0.0930598,0.0333133,-0.108649,-0.225848,-0.159418,-0.0483126,-0.0555732,0.140188,-0.0244754,-0.249605,-0.0145433,0.101874,0.0486127
-19.9453,2.16505,0.648432,0.668629,0.0983027,0.202659,-0.102859,0.027464,0.0624469,-0.145642,-0.224591,0.0944869,0.132467,-0.0579333,0.04101,-0.126438,-0.208415,-0.0397857,0.182561,0.186947
-20.3747,1.6905,0.281796,0.516431,0.466618,0.431913,0.33026,0.302797,-0.210213,0.0259925,0.128136,-0.173892,-0.10669,0.0758529,0.280172,0.427572,0.232582,0.265439,0.0835223,0.11885
-20.2072,1.99118,0.297421,0.481273,0.239602,0.259419,0.294456,0.106948,-0.169313,0.134809,0.181718,-0.0096113,-0.156156,0.165026,0.0229544,0.0449941,0.000481798,-0.0126814,0.235734,-0.0968484
-19.8684,1.91521,0.181343,0.775985,0.455831,0.456408,0.102464,0.239259,-0.0421339,0.0947967,0.0518691,0.090829,0.226327,0.279552,0.111427,0.152441,-0.0395194,0.0256636,-0.114524,-0.0852956
-20.1415,1.66747,0.239376,0.681063,0.461533,0.27806,-0.111055,0.0950696,0.111228,0.151166,-0.0176039,0.0318774,-0.223166,-0.0148024,-0.112819,-0.0101271,0.199198,0.286248,-0.0246911,-0.0439204
-19.9842,1.75764,0.154849,0.339002,0.273853,0.384922,-0.0424626,0.26524,-0.0376071,0.176028,0.310681,0.249307,0.157477,0.179876,0.0483203,-0.0384545,0.0277823,0.123026,0.240938,-0.0600378
-20.27,1.93076,-0.0217746,0.477645,0.447556,0.254526,-0.206145,0.0240971,0.0145702,0.151752,0.292138,0.15608,-0.0143174,0.133442,0.250469,0.13167,0.0059243,-0.0529967,-0.129501,0.101848
-20.2228,1.86276,0.244407,0.480233,0.342971,0.168181,-0.303103,-0.106905,-0.09204,0.229489,0.139337,-0.107143,-0.103617,0.265073,0.178958,0.18132,0.187108,0.0885875,-0.000110024,0.16945
-20.0541,1.79878,0.287482,0.671271,0.127665,0.284149,-0.161924,-0.0262981,0.242231,-0.0383763,0.121674,0.0980895,0.180285,0.153453,0.162662,0.0283739,-0.0323929,0.195895,0.111208,-0.0626864
-20.352,1.75737,0.458275,0.910775,0.162232,-0.075811,-0.597231,-0.15786,0.213952,0.30686,0.238122,0.262846,-0.128021,-0.078387,0.0737826,0.185976,-0.0102587,0.0169941,-0.0202362,-0.0397426
-20.4446,1.64754,0.219324,0.498489,0.0624615,0.148686,0.00645188,0.144331,0.0826857,0.343099,0.23221,0.0723344,0.053214,0.111586,0.101755,0.372506,-0.0642856,-0.0817697,0.0146041,0.173908
-20.389,1.23471,0.372227,1.03772,0.331886,0.109562,-0.0705364,0.0537776,0.208469,0.237318,0.228398,-0.147163,-0.125371,-0.0868157,-0.0470499,0.157331,-0.0118762,-0.0934568,-0.0501903,-0.104265
-20.0792,2.00896,0.372261,0.475431,0.0322694,0.416958,0.218194,0.126953,-0.0336968,0.0639649,0.029832,0.279956,0.25982,0.168937,0.26204,0.108936,0.17579,-0.17682,-0.0996764,-0.156523
-20.1239,1.32297,0.39912,0.620687,0.0138952,0.549442,0.142065,0.0984103,-0.122713,-0.125613,0.0520264,0.0718341,-0.241119,-0.0241007,0.0705308,0.123624,0.024852,0.064859,0.167536,0.262687
-20.2875,1.43772,0.463366,0.55856,0.128198,0.51739,0.200462,0.294511,-0.216885,-0.157706,0.43584,0.0901153,-0.111692,0.0529764,0.0139214,-0.0481512,-0.0408461,0.115129,0.127752,0.234043
-19.952,1.7391,0.287761,0.981418,0.408576,0.0904147,-0.104061,0.175417,0.0609062,0.0978275,0.146075,-0.0563641,-0.195252,0.154479,0.318782,0.216096,0.114535,0.0957169,0.0999006,0.218233
-19.7285,1.90141,0.389893,0.647806,0.196892,0.150964,-0.111431,0.0865462,0.0227828,-0.011522,-0.182694,0.0827062,0.231834,0.0998077,-0.0843278,0.219811,0.226736,0.236805,0.250322,0.156272
-20.1614,1.48246,0.0645239,0.501638,0.429963,0.357853,0.117985,0.010958,-0.0724162,0.141695,-0.12073,-0.232235,-0.374513,-0.252164,0.0458921,0.358906,0.500884,0.0776946,0.0842724,0.0347343
-19.632,1.53209,0.234026,0.327982,0.170411,0.0981922,-0.124072,0.110118,0.0161126,-0.105344,0.0301743,0.299966,-0.170635,-0.00943664,-0.0187314,-0.00225324,-0.11967,0.0999808,-0.0169959,0.0389568
-19.6823,0.941722,0.279649,0.400134,0.217171,0.219665,0.0271287,0.071714,-0.0787596,0.247664,-0.0881246,-0.171173,-0.153867,0.330722,-0.0454323,0.102836,0.0686158,0.230879,0.117195,0.109257
-18.3069,0.52376,-0.115951,0.70807,0.316152,0.49737,-0.0304529,-0.14934,-0.129112,-0.0259371,-0.00182319,-0.259543,-0.147404,-0.00754206,0.0618007,0.286341,-0.157746,0.00560902,0.0895621,0.278049
-18.1519,0.900794,-0.0272779,0.702541,-0.0788576,0.139973,-0.0833099,0.052072,0.12748,0.271523,0.0431481,-0.153632,0.0758826,0.0937681,0.0147472,0.101638,-0.175019,-0.225225,0.0786659,0.10657
-18.3686,1.23342,0.107591,0.929956,-0.112573,0.449184,0.146642,-0.00109614,-0.216193,0.126188,-0.10322,-0.233067,-0.141817,0.404124,-0.0960565,0.0676233,-0.121682,-0.129468,-0.0348119,0.000987131
-18.3035,1.10442,0.000843424,0.782099,0.155469,0.479413,0.0257204,-0.0839506,-0.140595,0.101539,-0.0700073,-0.0146626,-0.0446033,0.224858,-0.254047,0.0261484,-0.0975891,-0.136389,0.0297641,0.0942194
-18.5377,1.1327,0.00315272,0.679758,-0.144116,0.0847217,-0.136221,0.260675,-0.00757086,0.0758233,0.059683,0.0770542,0.0197383,0.169183,0.0267523,-0.00908834,-0.0345304,0.0597062,0.22582,0.0583033
-18.6447,1.02346,0.0187507,1.09424,0.120338,0.427795,-0.0377038,-0.106409,-0.150722,-0.147587,-0.103387,0.0056033,0.147908,0.261973,-0.190487,-0.110752,0.031474,0.0439676,0.070792,-0.00483713
-18.7434,1.30742,-0.0655212,0.736011,0.216324,0.232192,-0.380933,-0.111421,-0.205798,0.102832,-0.0588127,-0.111554,-0.0743365,0.132332,0.0186157,0.319556,0.102895,-0.0974901,-0.0177546,-0.217298
-18.1845,1.86154,-0.138899,0.438457,-0.243064,-0.0236628,-0.133239,0.0918769,0.133852,0.253109,-0.165591,-0.172738,0.00738072,0.0936046,-0.133072,-0.0386474,-0.115762,0.242227,0.182297,-0.0557596
-18.8847,1.61382,0.219007,0.463933,-0.148433,0.117968,0.0396565,0.0765685,0.250588,0.277751,0.358559,-0.168097,-0.253047,0.170417,-0.112786,0.00518726,0.178028,-0.00679363,0.139579,0.000853137
-19.1978,1.55255,0.140057,0.481963,-0.183932,0.27829,-0.12802,0.114161,0.163606,0.0820841,-0.0084724,-0.156272,-0.19061,0.0615266,0.0886608,0.197474,0.0746996,0.125611,-0.0909724,0.111788
-19.0238,1.41578,0.0160433,0.462926,0.0320481,0.4675,-0.202535,-0.253409,0.0400296,-0.0635302,-0.088263,-0.0742982,0.0590756,0.0507858,-0.055931,0.0411478,0.0193122,-0.0178296,0.227027,0.342579
-19.2418,1.4534,0.0966274,0.405737,0.130001,0.143271,-0.191508,-0.00130019,-0.0499296,0.0733694,0.204416,0.0678483,-0.0873728,0.0735751,-0.131149,-0.0236748,0.0969622,-0.0103731,-0.134261,0.172797
-19.1344,1.34957,0.122375,0.274324,0.158189,0.18021,0.171801,0.141046,0.136976,0.202174,0.0134422,-0.148278,-0.111743,0.231572,0.215695,0.0042332,-0.116903,-0.21093,0.0163549,-0.0166639
-19.0339,1.61745,0.165373,0.311127,-0.176866,0.0537378,0.00710385,0.0414701,-0.0730719,0.00489407,-0.0571905,-0.118991,-0.105486,0.0715443,0.211681,0.427162,0.196961,-0.0588087,0.11615,0.295604
-18.9526,1.78316,0.0948434,0.315361,-0.387382,-0.0428259,0.0618795,0.184246,0.0614373,0.117376,-0.00681456,0.0842049,0.0225906,0.0321151,0.0166092,0.135391,0.1016,0.176942,0.217625,0.0675077
-19.0756,1.48322,-0.273199,0.60922,0.209876,0.0727514,-0.0790185,0.0637385,0.22228,-0.0979871,-0.249733,-0.20664,-0.447102,-0.28142,-0.00436674,0.0747834,-0.120205,0.0578284,0.070232,0.25387
-19.2445,1.74658,0.102893,0.255093,0.0874573,0.336523,0.0695454,0.0968718,0.0452946,-0.0584773,-0.118631,-0.0241588,0.0805315,-0.0827915,-0.193544,-0.179886,0.0313628,0.199113,-0.0547532,-0.0593547
-18.856,2.00146,0.227192,0.390802,-0.0632076,0.337323,0.019575,-0.0113275,0.0179981,-0.00458085,-0.127151,0.0941488,0.218254,0.0538213,0.00754587,0.169072,-0.0304245,-0.110163,0.0183588,0.12434
-19.5417,1.29891,-0.0776043,0.443141,-0.0108071,0.175232,0.0276896,-0.0940175,0.0282684,-0.0661959,-0.0402479,-0.138161,0.0304543,0.0861215,0.107898,-0.0531468,0.0595703,-0.0443565,0.0323787,0.158848
-19.5146,1.72821,0.0852715,0.508831,0.357284,0.227388,0.161634,-0.00903411,-0.269494,0.0512764,-0.0611639,0.0129593,-0.0352698,-0.0399307,0.0876471,0.0531598,-0.129591,0.0737629,0.125823,0.169818
-20.0464,1.25676,-0.180225,0.287502,0.00295959,0.284292,0.120831,0.0729562,0.00543529,-0.0622469,-0.0869037,0.150988,0.212195,0.17232,0.0122089,-0.0781248,-0.181728,-0.0352715,0.204454,0.125309
-19.8811,1.81225,0.250312,0.684431,0.207129,0.306818,0.032269,-0.280449,-0.0818311,0.167922,0.12669,-0.0632454,-0.278978,-0.039577,0.0891948,-0.15664,-0.118923,-0.0585925,-0.0840431,-0.0745365
-19.6205,1.88777,0.233265,0.623516,-0.285068,-0.145171,-0.158409,0.186148,-0.159152,-0.284788,0.0272167,-0.11095,-0.148689,0.115343,0.00619029,0.0835528,0.0461558,0.0375165,-0.0623434,0.000219589
-19.7182,1.57044,0.351626,0.691885,-0.297501,0.0456851,-0.0547125,0.022501,-0.198563,-0.262149,-0.0745104,0.0472765,0.175115,0.0901094,0.314735,0.169786,-0.123811,-0.221614,0.0691211,0.140235
-19.6999,1.32595,-0.0655496,0.747711,-0.224539,0.141187,0.140714,0.260111,0.158785,0.251088,0.21176,0.153365,-0.144177,-0.00192573,0.26319,0.360696,0.113529,0.166672,0.186384,0.317349
-19.6351,1.30573,0.0712035,0.587428,-0.0661836,0.0844571,0.0659521,0.0287441,0.263333,0.367504,0.110647,-0.109315,-0.124778,0.222712,0.179107,0.277845,-0.0211269,0.128604,-0.000278668,-0.140571
-18.4956,1.40948,0.103911,0.194188,-0.174827,-0.0142565,0.0363993,0.324603,0.0637446,-0.179616,-0.00596395,0.144236,0.0996413,-0.0269068,-0.193298,0.320397,0.0812724,-0.166181,-0.0715707,0.113084
-19.0905,1.45931,0.105838,0.432125,-0.321303,0.0604944,0.2328,0.342704,0.0286775,-0.0845517,-0.0977364,0.0497188,-0.187196,0.0757439,0.235157,0.0602305,-0.293963,-0.117056,0.129484,0.138656
-19.5737,1.48779,-0.151339,0.458339,-0.214908,0.0692882,0.0509218,0.208826,-0.00664639,0.122533,0.136664,0.158693,-0.067372,0.181726,0.3336,0.193161,0.270935,0.233388,0.101161,0.191541
-19.9806,1.50788,0.249158,0.21244,-0.116192,0.263376,0.0500656,-0.047157,0.118512,0.105577,0.0888425,0.188199,-0.022389,0.0106662,-0.0703241,-0.00564023,0.0144456,-0.14975,0.0746155,-0.102724
-19.7639,1.51818,0.120058,0.609451,-0.136551,0.0484022,0.00677502,0.0733693,-0.181246,-0.051533,0.194826,0.225667,-0.0743234,-0.0621115,-0.0055247,0.25251,0.0266594,0.0640843,0.174475,-0.031147
-19.508,1.68059,0.234194,0.583599,-0.0589387,0.252314,0.176961,-0.0279282,-0.0816924,0.201562,0.442698,0.203136,-0.0433785,0.148627,-0.128295,-0.0420995,-0.155716,7.88365e-05,0.11478,-0.13369
-19.4365,1.50374,-0.0926495,0.608296,0.0407315,0.322581,0.00053147,-0.137073,-0.0155168,0.185113,0.0148486,0.137814,0.101149,0.211928,-0.069955,-0.323999,-0.212522,-0.0726327,0.16371,-0.0437179
-19.4846,1.37005,-0.116699,0.526866,-0.0345795,0.239691,-0.0329238,0.158937,0.0660479,0.15265,0.0155556,0.161487,0.0939956,-0.0443935,-0.0656223,0.11843,0.206924,0.212092,0.116407,0.0780303
-19.072,1.32452,-0.297653,0.528235,0.0775386,0.0235749,-0.100205,0.127972,-0.135125,0.307839,0.312168,0.2142,0.0372878,0.161055,0.080492,0.155235,0.0565283,-0.209554,-0.0541443,-0.009581
-19.2316,1.05388,-0.388174,0.474226,-0.0598664,0.18202,-0.0524445,0.260322,0.040679,0.192458,0.296153,0.292776,0.26158,0.21601,0.188333,0.0334156,0.068508,0.155902,0.120826,0.0176799
-18.4019,1.43138,-0.123757,0.616682,-0.154064,-0.241638,-0.170939,0.411378,0.092107,0.0389602,-0.0341435,-0.122243,0.142565,0.331615,0.0296313,0.0356868,0.214966,0.338245,0.146815,0.0772622
-18.5983,1.40617,-0.330284,0.126815,0.191665,0.392411,0.0288399,0.0830483,-0.12766,-0.0445132,0.227047,0.10684,0.0594098,0.104605,-0.232404,-0.165219,-0.103952,0.070024,-0.0693668,0.0742756
-18.9469,1.26901,-0.204476,0.516744,0.0907866,0.277934,0.113944,-0.00718216,-0.163618,0.156605,0.221308,-0.0815435,-0.226112,0.0913647,0.203959,0.109331,0.204633,-0.0729357,0.0191025,0.152178
-19.0072,1.30359,0.089107,0.512035,0.178008,0.313374,-0.0737318,0.158226,-0.138383,0.200336,0.342714,0.176296,0.185575,0.107748,-0.185289,-0.0296629,-0.0476224,-0.00119486,-0.0431545,-0.230492
-19.1482,1.14038,-0.239993,0.38659,-0.00417436,0.115124,-0.0457499,0.151305,-0.0287166,-0.221741,-0.185443,-0.0402778,-0.100805,0.0998377,0.224278,0.135888,-0.33584,-0.131168,0.243499,0.407292
-19.135,0.804467,-0.354836,0.458109,0.122125,0.378537,-0.000654848,0.0873091,-0.0622146,-0.10608,0.0574591,0.134922,0.176208,0.152071,0.224156,0.126942,0.00798306,0.132817,0.156335,0.104195
-19.2578,1.16215,-0.114535,0.436073,0.0923046,0.219548,-0.108069,0.231358,-0.0549359,0.100917,0.015135,0.136026,0.088583,0.172893,0.10162,0.035871,0.154995,0.237464,0.250928,0.177361
-18.986,1.60623,-0.299002,0.167534,0.296218,0.0237305,-0.0855671,0.15403,-0.0503156,-0.0995644,-0.0437165,-0.00172931,0.0240119,0.153678,0.125212,0.0428361,-0.0320914,0.24011,0.133185,0.100887
-19.2364,1.3729,-0.0735826,0.388131,0.0235384,-0.0513308,-0.245354,0.1614,-0.118489,-0.116031,0.0792903,-0.0536251,0.0710051,0.268241,0.195862,0.147919,0.124725,0.135419,3.62458e-05,0.204758
-19.2491,1.42578,-0.237976,0.410922,0.140092,0.185386,0.23521,0.314332,-0.120686,0.0338039,0.0494052,0.0420917,-0.12766,0.122028,0.00546951,-0.0339516,-0.085602,0.224326,0.217156,-0.0933333
-19.5527,1.47929,-0.138899,0.550216,0.141406,0.0789707,0.115591,0.27064,0.265421,0.079671,-0.101227,-0.0894073,0.283558,0.312753,0.176365,-0.0178745,-0.139416,-0.20772,-0.19585,0.0224576
-19.3114,1.87044,0.0458033,0.689114,0.186318,0.00281005,0.0961718,0.163618,0.072224,-0.0115968,-0.255936,0.0719724,0.0207898,0.042033,0.124777,0.0116153,-0.0876147,-0.211193,-0.169495,0.0606832
-19.2392,2.1872,0.468056,0.767101,0.482148,0.207052,0.191572,0.2848,0.0811104,-0.12874,-0.37573,-0.0718064,0.08071,-0.00314379,0.130644,0.126045,0.199632,-0.164622,-0.0865165,-0.00823852
-19.2634,2.20278,0.472608,0.842733,0.502726,0.162797,0.313915,0.183098,0.190852,0.223357,-0.270424,-0.128261,0.0888078,0.175726,0.00586709,0.00888206,0.240574,0.115542,0.202663,0.212973
-19.454,1.83325,-0.0480731,0.638844,0.485111,0.486561,0.454755,0.290053,0.150021,0.0470456,0.1135,0.13015,-0.269495,0.0989813,0.0458015,0.209201,-0.0266434,-0.063382,0.118813,0.190138
-19.3089,1.83002,-0.0410456,0.720372,0.559183,0.358412,-0.132338,0.160044,0.177015,0.0701336,0.0693357,0.108247,0.0748749,0.111728,-0.00401113,-0.000984408,-0.148466,-0.0217604,0.111326,0.140878
-19.3667,1.92191,0.205508,0.891991,0.466705,0.219038,-0.241738,-0.0412015,0.10906,-0.0115977,-0.0198621,0.0558783,-0.0485425,-0.076355,-0.0202193,0.0727516,0.088251,0.127527,0.0486841,-0.154569
-20.9262,2.08589,0.2705,0.904822,0.307508,0.341521,-0.102044,-0.0940904,-0.11486,0.0025901,0.279318,0.25517,0.321873,0.0284252,0.0265982,0.0512059,-0.00222363,0.197201,0.143053,0.0148309
-29.711,0.653615,-0.372387,0.234883,-0.223739,-0.310725,0.168862,0.327556,0.381379,0.215811,-0.0232754,0.152349,0.0214391,-0.103005,-0.253642,-0.250185,0.178848,0.271089,0.0446812,0.0487398